// array size is 76800
const uint16_t default_background_1[] PROGMEM = {
  0x10a3, 0x10e4, 0x10e4, 0x10c4, 0x10e4, 0x10e4, 0x10e4, 0x10e4, 0x10e4, 0x10e4, 0x10e4, 0x10e4,
  0x1905, 0x1905, 0x1905, 0x1925, 0x1925, 0x1926, 0x1926, 0x1946, 0x1946, 0x1946, 0x1946, 0x1946,
  0x1946, 0x2146, 0x1946, 0x1946, 0x2166, 0x1946, 0x2166, 0x2166, 0x2166, 0x2166, 0x2166, 0x2166,
  0x2166, 0x2166, 0x2166, 0x2166, 0x2167, 0x2167, 0x2167, 0x2167, 0x2167, 0x2167, 0x2987, 0x2167,
  0x2987, 0x2987, 0x29a7, 0x29a7, 0x2987, 0x21a8, 0x29a7, 0x21a8, 0x29c8, 0x29c8, 0x29c8, 0x31e8,
  0x31e9, 0x31e9, 0x31e9, 0x31e9, 0x322a, 0x322a, 0x322a, 0x322a, 0x3a4b, 0x3a4b, 0x3a4b, 0x428b,
  0x428b, 0x428b, 0x42ac, 0x42ac, 0x42ac, 0x42ac, 0x42ac, 0x42ac, 0x42ac, 0x42ac, 0x42ac, 0x4acd,
  0x4acd, 0x4acd, 0x4acd, 0x4acd, 0x4acd, 0x4acd, 0x4acd, 0x42ac, 0x42ac, 0x42ac, 0x42ac, 0x42ac,
  0x42ac, 0x428b, 0x428b, 0x428b, 0x428b, 0x428b, 0x428b, 0x428b, 0x428b, 0x428b, 0x428b, 0x42ac,
  0x42ac, 0x42ac, 0x42ac, 0x42ac, 0x42ac, 0x4acd, 0x4acd, 0x4acd, 0x4acd, 0x4acd, 0x52ed, 0x52ed,
  0x52ed, 0x532e, 0x532e, 0x532e, 0x532e, 0x5b4e, 0x5b4e, 0x5b4e, 0x5b4e, 0x636f, 0x636f, 0x636f,
  0x636f, 0x636f, 0x636f, 0x636f, 0x636f, 0x6bb0, 0x6bb0, 0x6bb0, 0x6bb0, 0x6bb0, 0x73f0, 0x73f0,
  0x73f0, 0x73f0, 0x6c11, 0x6c11, 0x6c11, 0x6c11, 0x6c11, 0x7c31, 0x7c52, 0x7c52, 0x7c52, 0x7c52,
  0x7c52, 0x7c52, 0x7c52, 0x8493, 0x8493, 0x8493, 0x8493, 0x8493, 0x7c52, 0x7c52, 0x7c52, 0x7c52,
  0x7c52, 0x7c52, 0x7c52, 0x7c52, 0x7c31, 0x7c31, 0x6c11, 0x6c11, 0x6c11, 0x6c11, 0x6c11, 0x6c11,
  0x6c11, 0x73f0, 0x73f0, 0x6bb0, 0x6bb0, 0x636f, 0x636f, 0x636f, 0x636f, 0x5b4e, 0x5b4e, 0x532e,
  0x532e, 0x532e, 0x532e, 0x532e, 0x52ed, 0x52ed, 0x52ed, 0x52ed, 0x52ed, 0x4acd, 0x4acd, 0x42ac,
  0x42ac, 0x42ac, 0x42ac, 0x42ac, 0x428b, 0x428b, 0x428b, 0x428b, 0x428b, 0x428b, 0x428b, 0x42ac,
  0x428b, 0x42ac, 0x42ac, 0x42ac, 0x42ac, 0x42ac, 0x42ac, 0x42ac, 0x42ac, 0x42ac, 0x42ac, 0x4acd,
  0x4acd, 0x4acd, 0x4acd, 0x4acd, 0x4acd, 0x4acd, 0x4acd, 0x4acd, 0x42ac, 0x42ac, 0x42ac, 0x42ac,
  0x42ac, 0x4acd, 0x4acd, 0x42ac, 0x4acd, 0x4acd, 0x42ac, 0x4acd, 0x42ac, 0x42ac, 0x4acd, 0x42ac,
  0x428b, 0x428b, 0x3a4b, 0x3a4b, 0x3a4b, 0x3a4b, 0x322a, 0x322a, 0x322a, 0x31e9, 0x31e9, 0x31e9,
  0x29c8, 0x29c8, 0x29c8, 0x29c8, 0x29c8, 0x21a8, 0x2187, 0x29a7, 0x2987, 0x2187, 0x2187, 0x2987,
  0x2167, 0x2167, 0x2166, 0x2167, 0x2167, 0x2167, 0x2166, 0x2166, 0x2166, 0x2166, 0x2166, 0x2166,
  0x2166, 0x2166, 0x2166, 0x2166, 0x2166, 0x1946, 0x1946, 0x1946, 0x1946, 0x1946, 0x1926, 0x2145,
  0x1926, 0x1925, 0x1925, 0x1905, 0x1905, 0x1905, 0x10e4, 0x10e4, 0x10e4, 0x10e4, 0x18e4, 0x18e4,
  0x10e4, 0x10e4, 0x10c4, 0x10e4, 0x10c4, 0x10c4, 0x10e4, 0x10a3, 0x10a3, 0x10c4, 0x10c4, 0x10c4,
  0x10c4, 0x10c4, 0x10e4, 0x10e4, 0x10e4, 0x10e4, 0x10e4, 0x10e4, 0x1905, 0x1905, 0x1905, 0x1925,
  0x1926, 0x2145, 0x1926, 0x2145, 0x1946, 0x1926, 0x1926, 0x1946, 0x1946, 0x1946, 0x1946, 0x1946,
  0x2166, 0x1946, 0x2166, 0x2166, 0x2166, 0x2166, 0x2166, 0x2166, 0x2166, 0x2166, 0x1946, 0x2166,
  0x2166, 0x2167, 0x2167, 0x2167, 0x2167, 0x2167, 0x2187, 0x2187, 0x2987, 0x2167, 0x2167, 0x2987,
  0x2187, 0x29a7, 0x21a8, 0x21a8, 0x29c8, 0x29c8, 0x29c8, 0x29c8, 0x31e8, 0x31e9, 0x31e9, 0x31e9,
  0x322a, 0x322a, 0x322a, 0x322a, 0x3a4b, 0x3a4b, 0x3a4b, 0x428b, 0x428b, 0x428b, 0x42ac, 0x42ac,
  0x428b, 0x42ac, 0x428b, 0x42ac, 0x42ac, 0x42ac, 0x4acd, 0x424a, 0x2125, 0x1925, 0x2125, 0x2125,
  0x1925, 0x2125, 0x2125, 0x2125, 0x2125, 0x2125, 0x2125, 0x2125, 0x2125, 0x2125, 0x2125, 0x2125,
  0x2125, 0x2125, 0x2125, 0x2125, 0x2125, 0x2125, 0x2125, 0x2125, 0x2125, 0x2125, 0x2125, 0x1925,
  0x1925, 0x2145, 0x2145, 0x2145, 0x2145, 0x2145, 0x2145, 0x2145, 0x2145, 0x2145, 0x2146, 0x2146,
  0x2146, 0x2146, 0x2146, 0x2146, 0x2146, 0x2146, 0x2146, 0x2146, 0x2146, 0x2166, 0x2166, 0x2166,
  0x2166, 0x2166, 0x2166, 0x2166, 0x2966, 0x2966, 0x2987, 0x2987, 0x2987, 0x2987, 0x2987, 0x2987,
  0x2987, 0x2987, 0x2987, 0x2987, 0x2987, 0x2987, 0x2987, 0x2987, 0x2987, 0x2987, 0x29a7, 0x29a7,
  0x29a7, 0x29a7, 0x29a7, 0x29a7, 0x29a7, 0x29a7, 0x2987, 0x2987, 0x29a7, 0x29a7, 0x29a7, 0x2987,
  0x29a7, 0x2987, 0x2987, 0x2987, 0x2987, 0x2987, 0x2987, 0x2987, 0x2987, 0x2987, 0x2987, 0x2966,
  0x2166, 0x2166, 0x2166, 0x2166, 0x2166, 0x2146, 0x2146, 0x2146, 0x2146, 0x2146, 0x2145, 0x2145,
  0x2145, 0x2145, 0x2145, 0x2145, 0x2145, 0x2145, 0x2145, 0x2145, 0x2145, 0x2145, 0x2125, 0x1925,
  0x2125, 0x2125, 0x1925, 0x2125, 0x2125, 0x2125, 0x2125, 0x2125, 0x2125, 0x2125, 0x2125, 0x2125,
  0x2125, 0x2125, 0x1925, 0x1925, 0x2125, 0x2125, 0x2125, 0x2125, 0x2125, 0x2125, 0x2125, 0x2125,
  0x2125, 0x2125, 0x2125, 0x1905, 0x424a, 0x4acd, 0x42ac, 0x42ac, 0x4acd, 0x42ac, 0x4acd, 0x42ac,
  0x4acd, 0x4acd, 0x42ac, 0x42ac, 0x42ac, 0x42ac, 0x42ac, 0x428b, 0x428b, 0x3a4b, 0x3a4b, 0x3a4b,
  0x3a4b, 0x322a, 0x322a, 0x322a, 0x31e9, 0x31e9, 0x31e9, 0x31e8, 0x31e8, 0x29c8, 0x29c8, 0x21a8,
  0x21a8, 0x2187, 0x2187, 0x2987, 0x2167, 0x2167, 0x2167, 0x2167, 0x2167, 0x2167, 0x2167, 0x2166,
  0x2167, 0x2167, 0x2166, 0x2166, 0x2166, 0x2166, 0x2166, 0x2166, 0x1946, 0x2166, 0x1946, 0x1946,
  0x2166, 0x1946, 0x1946, 0x2146, 0x1946, 0x2146, 0x1946, 0x1946, 0x1926, 0x1925, 0x1905, 0x1905,
  0x1905, 0x1905, 0x10e4, 0x10e4, 0x10e4, 0x10e4, 0x10e4, 0x10e4, 0x10e4, 0x10e4, 0x10e4, 0x10c4,
  0x10c4, 0x18e4, 0x10c4, 0x10a3, 0x18e4, 0x2125, 0x2125, 0x2125, 0x1925, 0x2125, 0x1925, 0x2145,
  0x2145, 0x2145, 0x2145, 0x2145, 0x2145, 0x2145, 0x2146, 0x2146, 0x2166, 0x2966, 0x2966, 0x2167,
  0x2167, 0x2167, 0x2167, 0x2167, 0x2987, 0x2987, 0x2987, 0x2987, 0x2987, 0x29a7, 0x29a7, 0x3186,
  0x3186, 0x29a7, 0x29a7, 0x29a7, 0x29a7, 0x29a7, 0x29a7, 0x29a7, 0x29a7, 0x31a7, 0x31a7, 0x31a7,
  0x31a7, 0x31a7, 0x31a7, 0x31a7, 0x31e8, 0x31e8, 0x31e8, 0x31e8, 0x31e8, 0x31e8, 0x31e8, 0x31e8,
  0x31e8, 0x31e8, 0x3a09, 0x3a09, 0x3a09, 0x3a09, 0x3a09, 0x322a, 0x322a, 0x424a, 0x424a, 0x428b,
  0x3a4b, 0x3a4b, 0x428b, 0x428b, 0x428b, 0x428b, 0x428b, 0x42ac, 0x42ac, 0x428b, 0x42ac, 0x42ac,
  0x428b, 0x4acd, 0x424a, 0x0882, 0x10a3, 0x10a3, 0x10a3, 0x10c4, 0x10c4, 0x10a3, 0x10a3, 0x08a3,
  0x10a3, 0x10a3, 0x10a3, 0x10c4, 0x10a3, 0x10a3, 0x10c4, 0x10a3, 0x10c4, 0x10c4, 0x10c4, 0x10c4,
  0x10c4, 0x10c4, 0x10c4, 0x10c4, 0x10c4, 0x10c4, 0x10c4, 0x10c4, 0x10c4, 0x10e4, 0x10e4, 0x10c4,
  0x10c4, 0x10e4, 0x10c4, 0x10e4, 0x10e4, 0x10e4, 0x10e4, 0x10e4, 0x10e4, 0x10e4, 0x10e4, 0x10e4,
  0x10e4, 0x10e4, 0x10e4, 0x10e4, 0x1105, 0x1105, 0x1105, 0x1105, 0x1905, 0x1905, 0x1905, 0x1905,
  0x1905, 0x1925, 0x1925, 0x1925, 0x1925, 0x1925, 0x1925, 0x1926, 0x1926, 0x1926, 0x1926, 0x1926,
  0x1926, 0x1926, 0x1926, 0x1926, 0x1946, 0x1946, 0x1946, 0x1946, 0x1946, 0x1946, 0x1946, 0x1946,
  0x1926, 0x1926, 0x1926, 0x1926, 0x1926, 0x1926, 0x1926, 0x1926, 0x1926, 0x1926, 0x1926, 0x1925,
  0x1925, 0x1925, 0x1925, 0x1925, 0x1925, 0x1925, 0x1925, 0x1925, 0x1925, 0x1925, 0x1905, 0x1105,
  0x1105, 0x1905, 0x1105, 0x10e4, 0x10e4, 0x10e4, 0x10e4, 0x10e4, 0x10e4, 0x10e4, 0x10e4, 0x10e4,
  0x10e4, 0x10e4, 0x10e4, 0x10e4, 0x10c4, 0x10e4, 0x10c4, 0x10c4, 0x10c4, 0x10c4, 0x10c4, 0x10c4,
  0x10c4, 0x10c4, 0x10c4, 0x10c4, 0x10c4, 0x10c4, 0x10c4, 0x10c4, 0x10c4, 0x10c4, 0x10c4, 0x10c4,
  0x10c4, 0x10c4, 0x10c4, 0x10c4, 0x10c4, 0x10c4, 0x10c4, 0x10c4, 0x10c4, 0x10c4, 0x10c4, 0x10c4,
  0x08a3, 0x424a, 0x42ac, 0x42ac, 0x42ac, 0x42ac, 0x42ac, 0x42ac, 0x42ac, 0x42ac, 0x42ac, 0x42ac,
  0x42ac, 0x42ac, 0x42ac, 0x428b, 0x428b, 0x428b, 0x3a4b, 0x428b, 0x424a, 0x424a, 0x424a, 0x424a,
  0x424a, 0x3a09, 0x3a09, 0x3a09, 0x3a09, 0x3a09, 0x31e8, 0x31e8, 0x31e8, 0x31e8, 0x31e8, 0x31e8,
  0x31e8, 0x31e8, 0x31e8, 0x31a7, 0x31a7, 0x31a7, 0x31a7, 0x29a7, 0x31a7, 0x31a7, 0x31a7, 0x29a7,
  0x29a7, 0x2987, 0x29a7, 0x29a7, 0x29a7, 0x29a7, 0x29a7, 0x2987, 0x2987, 0x2987, 0x2987, 0x2987,
  0x2987, 0x2987, 0x2987, 0x2966, 0x2966, 0x2146, 0x2146, 0x2146, 0x2146, 0x2145, 0x2145, 0x2145,
  0x2145, 0x2145, 0x2145, 0x2145, 0x2125, 0x1925, 0x2125, 0x1925, 0x2125, 0x2125, 0x2125, 0x18e4,
  0x0862, 0x0862, 0x0862, 0x0882, 0x0862, 0x0882, 0x0882, 0x0882, 0x0882, 0x0882, 0x0882, 0x0882,
  0x0882, 0x0882, 0x0882, 0x0882, 0x0882, 0x0882, 0x0882, 0x0882, 0x0882, 0x0882, 0x08a3, 0x08a3,
  0x08a3, 0x08a3, 0x08a3, 0x10a3, 0x10a3, 0x10a3, 0x10a3, 0x10a3, 0x10a3, 0x08a3, 0x10a3, 0x10a3,
  0x08a3, 0x10a3, 0x10a3, 0x10a3, 0x10a3, 0x10a3, 0x10c4, 0x10a3, 0x10a3, 0x10a3, 0x10a3, 0x10a3,
  0x10c4, 0x10c4, 0x10c4, 0x10c4, 0x10c4, 0x10c4, 0x10c4, 0x10c4, 0x10c4, 0x10c4, 0x10c4, 0x10c4,
  0x10c4, 0x10c4, 0x10c4, 0x10c4, 0x10c4, 0x10e4, 0x10c4, 0x10e4, 0x10e4, 0x18e4, 0x18e4, 0x18e4,
  0x18e4, 0x18e4, 0x18e4, 0x18e4, 0x18e4, 0x18e4, 0x18e4, 0x18e4, 0x18e4, 0x18e4, 0x08a3, 0x10c4,
  0x10e4, 0x10e4, 0x10e4, 0x10e4, 0x10e4, 0x10e4, 0x10e4, 0x10e4, 0x10e4, 0x10e4, 0x10e4, 0x10e4,
  0x10e4, 0x10e4, 0x10e4, 0x10e4, 0x10e4, 0x1905, 0x10e4, 0x1105, 0x1905, 0x1105, 0x10e4, 0x10e4,
  0x1105, 0x1905, 0x10e4, 0x1105, 0x1105, 0x1105, 0x1905, 0x1105, 0x1905, 0x1905, 0x1905, 0x1905,
  0x1905, 0x1925, 0x1925, 0x1925, 0x1925, 0x1926, 0x1926, 0x1926, 0x1926, 0x1926, 0x1926, 0x1926,
  0x1946, 0x1946, 0x1946, 0x1946, 0x1946, 0x1946, 0x1946, 0x1946, 0x1946, 0x2166, 0x1967, 0x2167,
  0x2167, 0x2167, 0x2187, 0x2187, 0x2187, 0x2187, 0x2187, 0x2187, 0x2187, 0x2187, 0x2187, 0x21a8,
  0x21a8, 0x21a8, 0x21a8, 0x21a8, 0x21a8, 0x29c8, 0x21a8, 0x21a8, 0x21a8, 0x21a8, 0x21a8, 0x21a8,
  0x21a8, 0x21a8, 0x2187, 0x2187, 0x2187, 0x2187, 0x2187, 0x2187, 0x2167, 0x2167, 0x2167, 0x2167,
  0x2167, 0x2167, 0x1967, 0x2166, 0x2166, 0x2166, 0x2166, 0x2166, 0x1946, 0x1946, 0x1926, 0x1926,
  0x1926, 0x1926, 0x1926, 0x1926, 0x1925, 0x1925, 0x1925, 0x1925, 0x1925, 0x1925, 0x1925, 0x1905,
  0x1905, 0x1905, 0x1905, 0x1905, 0x1905, 0x1105, 0x1905, 0x1105, 0x1105, 0x1905, 0x1105, 0x1105,
  0x1105, 0x1105, 0x1105, 0x1905, 0x1105, 0x1105, 0x1105, 0x1105, 0x1105, 0x1105, 0x1105, 0x1105,
  0x1105, 0x1105, 0x1105, 0x1105, 0x1905, 0x1905, 0x1905, 0x1105, 0x10e4, 0x08a3, 0x18e4, 0x18e4,
  0x18e4, 0x18e4, 0x18e4, 0x18e4, 0x18e4, 0x10e4, 0x18e4, 0x18e4, 0x10e4, 0x18e4, 0x18e4, 0x18e4,
  0x18e4, 0x18e4, 0x18e4, 0x18e4, 0x18e4, 0x18e4, 0x10c4, 0x10c4, 0x10c4, 0x10c4, 0x10c4, 0x10c4,
  0x10c4, 0x10c4, 0x10c4, 0x10c4, 0x10c4, 0x10c4, 0x10c4, 0x10c4, 0x10c4, 0x10c4, 0x10c4, 0x10c4,
  0x10c4, 0x10c4, 0x10a3, 0x10a3, 0x10a3, 0x10a3, 0x10a3, 0x10a3, 0x10a3, 0x10a3, 0x10a3, 0x10a3,
  0x10a3, 0x10a3, 0x08a3, 0x08a3, 0x08a3, 0x08a3, 0x08a3, 0x08a3, 0x10a3, 0x08a3, 0x08a3, 0x08a3,
  0x08a3, 0x0882, 0x0882, 0x0882, 0x0882, 0x0882, 0x0882, 0x0882, 0x0882, 0x0882, 0x0882, 0x0882,
  0x0882, 0x0882, 0x0882, 0x0882, 0x0882, 0x0882, 0x0882, 0x0862, 0x0062, 0x0062, 0x0062, 0x0062,
  0x0062, 0x0062, 0x0062, 0x0062, 0x0062, 0x0062, 0x0062, 0x0862, 0x0862, 0x0862, 0x0862, 0x0862,
  0x0862, 0x0862, 0x0862, 0x0862, 0x0862, 0x0862, 0x0862, 0x0862, 0x0862, 0x0862, 0x0862, 0x0862,
  0x0882, 0x0882, 0x0882, 0x0882, 0x0882, 0x0882, 0x0882, 0x0882, 0x0882, 0x0882, 0x0882, 0x0882,
  0x0882, 0x0882, 0x0882, 0x0882, 0x0882, 0x0882, 0x0882, 0x08a3, 0x0882, 0x08a3, 0x0882, 0x0882,
  0x08a3, 0x08a3, 0x08a3, 0x08a3, 0x08a3, 0x08a3, 0x08a3, 0x08a3, 0x08a3, 0x08a3, 0x08a3, 0x10a3,
  0x10a3, 0x10a3, 0x10a3, 0x10a3, 0x10a3, 0x10a3, 0x10c4, 0x10c4, 0x10c4, 0x10c4, 0x10c4, 0x10c4,
  0x10c4, 0x10c4, 0x10c4, 0x10a3, 0x10c4, 0x10c4, 0x10e4, 0x1905, 0x10e4, 0x1905, 0x10e4, 0x10e4,
  0x10e4, 0x1905, 0x1905, 0x10e4, 0x10e4, 0x10e4, 0x10e4, 0x10e4, 0x1905, 0x10e4, 0x1105, 0x1905,
  0x1105, 0x1105, 0x1105, 0x1905, 0x1105, 0x1905, 0x1105, 0x1105, 0x1105, 0x1905, 0x1105, 0x1105,
  0x1105, 0x1905, 0x1905, 0x1905, 0x1905, 0x1905, 0x1925, 0x1925, 0x1925, 0x1925, 0x1925, 0x1925,
  0x1926, 0x1926, 0x1926, 0x1926, 0x1926, 0x1926, 0x1946, 0x1946, 0x1946, 0x1946, 0x1946, 0x2166,
  0x1946, 0x2166, 0x1967, 0x2166, 0x2166, 0x2167, 0x2167, 0x2167, 0x2187, 0x2187, 0x2187, 0x2187,
  0x21a8, 0x21a8, 0x2187, 0x21a8, 0x21a8, 0x21a8, 0x21a8, 0x21a8, 0x21a8, 0x21a8, 0x29c8, 0x29c8,
  0x29c8, 0x29c8, 0x21a8, 0x21a8, 0x21a8, 0x21a8, 0x21a8, 0x29c8, 0x21a8, 0x21a8, 0x21a8, 0x21a8,
  0x21a8, 0x21a8, 0x21a8, 0x21a8, 0x2187, 0x2187, 0x2187, 0x2187, 0x2187, 0x2167, 0x2167, 0x2167,
  0x2167, 0x2167, 0x2167, 0x2167, 0x2167, 0x2166, 0x1946, 0x1946, 0x1946, 0x1946, 0x1926, 0x1926,
  0x1926, 0x1926, 0x1925, 0x1925, 0x1925, 0x1925, 0x1925, 0x1925, 0x1925, 0x1925, 0x1925, 0x1905,
  0x1905, 0x1905, 0x1905, 0x1905, 0x1905, 0x1905, 0x1905, 0x1905, 0x1905, 0x1105, 0x1905, 0x1905,
  0x1905, 0x1105, 0x1105, 0x1105, 0x1105, 0x1905, 0x1105, 0x1105, 0x1105, 0x1905, 0x1905, 0x1905,
  0x1905, 0x1905, 0x1905, 0x1905, 0x1905, 0x10e4, 0x10c4, 0x10c4, 0x10c4, 0x10c4, 0x10c4, 0x10c4,
  0x10c4, 0x10c4, 0x10c4, 0x10c4, 0x10c4, 0x10c4, 0x10c4, 0x10c4, 0x10c4, 0x10a3, 0x10c4, 0x10a3,
  0x10c4, 0x10a3, 0x08a3, 0x10a3, 0x10a3, 0x08a3, 0x08a3, 0x08a3, 0x08a3, 0x08a3, 0x08a3, 0x0882,
  0x0882, 0x0882, 0x0882, 0x0882, 0x0882, 0x0882, 0x0882, 0x0882, 0x0882, 0x0882, 0x0882, 0x0882,
  0x0862, 0x0862, 0x0862, 0x0882, 0x0882, 0x0882, 0x0862, 0x0882, 0x0882, 0x0862, 0x0862, 0x0862,
  0x0862, 0x0862, 0x0862, 0x0862, 0x0862, 0x0862, 0x0862, 0x0862, 0x0862, 0x0862, 0x0862, 0x0862,
  0x0862, 0x0862, 0x0862, 0x0862, 0x0062, 0x0062, 0x0062, 0x0062, 0x0062, 0x0062, 0x0062, 0x0062,
  0x0062, 0x0062, 0x0062, 0x0062, 0x0862, 0x0862, 0x0862, 0x0862, 0x0862, 0x0862, 0x0862, 0x0862,
  0x0862, 0x0862, 0x0862, 0x0862, 0x0862, 0x0882, 0x0882, 0x0882, 0x0882, 0x0882, 0x0882, 0x0882,
  0x0882, 0x0882, 0x0882, 0x0882, 0x0882, 0x0882, 0x0882, 0x08a3, 0x08a3, 0x08a3, 0x08a3, 0x08a3,
  0x08a3, 0x08a3, 0x08a3, 0x08a3, 0x10a3, 0x10a3, 0x10a3, 0x08a3, 0x08a3, 0x08a3, 0x10a3, 0x08a3,
  0x08a3, 0x08a3, 0x10a3, 0x08a3, 0x08a3, 0x10a3, 0x10a3, 0x10a3, 0x10c4, 0x10c4, 0x10c4, 0x10c4,
  0x10c4, 0x10c4, 0x10e4, 0x10e4, 0x10e4, 0x10e4, 0x10e4, 0x10e4, 0x10e4, 0x52cb, 0x5b4e, 0x5b4e,
  0x532e, 0x5b0c, 0x52ed, 0x52ed, 0x52cb, 0x52cb, 0x4a8b, 0x424a, 0x424a, 0x3a09, 0x31e8, 0x31a7,
  0x2166, 0x1926, 0x1105, 0x1905, 0x10e4, 0x10e4, 0x1925, 0x2146, 0x2145, 0x10e4, 0x1905, 0x10e4,
  0x1905, 0x1105, 0x1925, 0x2987, 0x2966, 0x1905, 0x1925, 0x2987, 0x2146, 0x1105, 0x1105, 0x1926,
  0x2966, 0x2987, 0x2987, 0x2966, 0x2966, 0x2966, 0x2145, 0x1105, 0x1105, 0x1925, 0x2966, 0x2966,
  0x2987, 0x2987, 0x2987, 0x2987, 0x1946, 0x1925, 0x2167, 0x31a7, 0x2167, 0x1946, 0x2987, 0x29a7,
  0x1946, 0x1926, 0x1926, 0x1946, 0x1946, 0x1946, 0x2166, 0x31a7, 0x31a7, 0x29a7, 0x29a7, 0x31a7,
  0x31a7, 0x31e8, 0x29a7, 0x2167, 0x2167, 0x2187, 0x2187, 0x2187, 0x21a8, 0x21a8, 0x29a7, 0x31e8,
  0x31e8, 0x31e8, 0x31e8, 0x31e9, 0x31e8, 0x31e8, 0x29c8, 0x21a8, 0x29c8, 0x21a8, 0x31e8, 0x3a09,
  0x3a09, 0x3a09, 0x3a09, 0x3a09, 0x31e8, 0x21a8, 0x2187, 0x21a8, 0x29c8, 0x31e8, 0x31e8, 0x21a8,
  0x21a8, 0x2187, 0x2187, 0x2187, 0x2167, 0x29a7, 0x31a7, 0x2987, 0x2167, 0x2167, 0x31e8, 0x31e8,
  0x2166, 0x2166, 0x2166, 0x1946, 0x1946, 0x1946, 0x2167, 0x2987, 0x2167, 0x1926, 0x1925, 0x1925,
  0x1925, 0x1925, 0x1925, 0x2987, 0x2987, 0x2146, 0x1905, 0x1905, 0x1905, 0x1925, 0x1925, 0x1925,
  0x2987, 0x2987, 0x1926, 0x1905, 0x1905, 0x1905, 0x1925, 0x2145, 0x2167, 0x2146, 0x1905, 0x10e4,
  0x2146, 0x2966, 0x2966, 0x2966, 0x2966, 0x2966, 0x2166, 0x1926, 0x1105, 0x1905, 0x1105, 0x1105,
  0x1905, 0x1925, 0x1946, 0x2987, 0x31e8, 0x3a09, 0x424a, 0x4a8b, 0x4a8b, 0x52cb, 0x52cb, 0x52ed,
  0x52ed, 0x5b0c, 0x532e, 0x5b4e, 0x5b4e, 0x5b4e, 0x5b0c, 0x1905, 0x10e4, 0x10e4, 0x10e4, 0x10e4,
  0x10e4, 0x10e4, 0x10e4, 0x10e4, 0x10e4, 0x10e4, 0x10c4, 0x10c4, 0x10c4, 0x10c4, 0x10a3, 0x08a3,
  0x08a3, 0x08a3, 0x08a3, 0x08a3, 0x08a3, 0x08a3, 0x08a3, 0x08a3, 0x08a3, 0x08a3, 0x08a3, 0x08a3,
  0x08a3, 0x08a3, 0x08a3, 0x08a3, 0x08a3, 0x08a3, 0x08a3, 0x0882, 0x0882, 0x0882, 0x0882, 0x0882,
  0x0882, 0x0882, 0x0882, 0x0882, 0x0882, 0x0882, 0x0882, 0x0882, 0x0882, 0x0862, 0x0862, 0x0862,
  0x0862, 0x0862, 0x0862, 0x0862, 0x0862, 0x0862, 0x0862, 0x0862, 0x0862, 0x0862, 0x0862, 0x0862,
  0x0862, 0x0862, 0x0862, 0x0862, 0x0862, 0x0862, 0x0862, 0x0862, 0x0862, 0x0862, 0x0862, 0x0862,
  0x0862, 0x0882, 0x0882, 0x0882, 0x0882, 0x0882, 0x0882, 0x0882, 0x0882, 0x0882, 0x0882, 0x0882,
  0x0882, 0x08a3, 0x08a3, 0x0882, 0x08a3, 0x08a3, 0x08a3, 0x08a3, 0x08a3, 0x08a3, 0x08a3, 0x10a3,
  0x10a3, 0x08a3, 0x08a3, 0x10a3, 0x08a3, 0x10a3, 0x08a3, 0x10a3, 0x08a3, 0x08a3, 0x10a3, 0x10c4,
  0x10a3, 0x10c4, 0x10c4, 0x10c4, 0x10c4, 0x10c4, 0x10c4, 0x10e4, 0x10e4, 0x10e4, 0x10e4, 0x10e4,
  0x10e4, 0x10e4, 0x10e4, 0x10e4, 0x10e4, 0x424a, 0x73f0, 0x6bb0, 0x6bb0, 0x636f, 0x5b4e, 0x532e,
  0x52ed, 0x42ac, 0x428b, 0x424a, 0x322a, 0x3a09, 0x31e8, 0x29a7, 0x2166, 0x1925, 0x10e4, 0x10e4,
  0x1905, 0x10e4, 0x6bb0, 0x94f5, 0x94f5, 0x31e8, 0x10e4, 0x1905, 0x1105, 0x1925, 0x8493, 0x9d76,
  0x94f5, 0x1925, 0x52cb, 0x9d76, 0x7c52, 0x10e4, 0x424a, 0x94f5, 0x9d76, 0x9d76, 0x9d76, 0x9d36,
  0x9d36, 0x9d36, 0x6bb0, 0x10e4, 0x424a, 0x94f5, 0x9d36, 0x9d36, 0x9d36, 0x9d36, 0x9d36, 0x9d76,
  0x636f, 0x1925, 0x73f0, 0x9d76, 0x73f0, 0x1926, 0x7c52, 0x9d36, 0x4a8b, 0x1925, 0x1926, 0x1926,
  0x1926, 0x1946, 0x3a09, 0x9d76, 0x9d76, 0x9d36, 0x9d76, 0x9d76, 0x9d76, 0x9d76, 0x73f0, 0x1967,
  0x2167, 0x2167, 0x2167, 0x2167, 0x2167, 0x29a7, 0x8cd4, 0xadb7, 0xadb7, 0xadb7, 0xadb7, 0xadb7,
  0x9d76, 0x9d76, 0x52ed, 0x21a8, 0x29c8, 0x8cd4, 0xadb7, 0xb5f9, 0xb5f9, 0xadb7, 0xadb7, 0xadb7,
  0xadb7, 0x73f0, 0x2187, 0x21a8, 0x73f0, 0xadb7, 0xadb7, 0x532e, 0x2187, 0x2187, 0x2187, 0x2167,
  0x52cb, 0x9d36, 0x9d36, 0x636f, 0x1946, 0x52ed, 0xadb7, 0x9d76, 0x7c31, 0x1946, 0x1946, 0x1946,
  0x1946, 0x29a7, 0x94f5, 0x9d36, 0x7c52, 0x1925, 0x1925, 0x1925, 0x1925, 0x1925, 0x52cb, 0x9d76,
  0x9d76, 0x9d36, 0x2166, 0x1925, 0x1905, 0x1925, 0x1925, 0x2166, 0x9d36, 0x9d76, 0x8cd4, 0x2146,
  0x1905, 0x1905, 0x1905, 0x636f, 0x9d36, 0x7c52, 0x10e4, 0x10e4, 0x8cd4, 0x9d36, 0x9d36, 0x9d36,
  0x9d36, 0x9d36, 0x9d36, 0x9d36, 0x73f0, 0x1905, 0x1105, 0x1105, 0x1905, 0x1925, 0x1926, 0x2167,
  0x31a7, 0x3a09, 0x424a, 0x3a4b, 0x428b, 0x42ac, 0x4acd, 0x52ed, 0x532e, 0x636f, 0x636f, 0x6bb0,
  0x73f0, 0x6c11, 0x52ed, 0x10e4, 0x10e4, 0x10e4, 0x10e4, 0x10e4, 0x10e4, 0x10e4, 0x10e4, 0x10e4,
  0x10e4, 0x10e4, 0x10c4, 0x10c4, 0x10c4, 0x10a3, 0x08a3, 0x08a3, 0x08a3, 0x08a3, 0x08a3, 0x08a3,
  0x08a3, 0x08a3, 0x08a3, 0x08a3, 0x08a3, 0x08a3, 0x08a3, 0x08a3, 0x08a3, 0x08a3, 0x08a3, 0x08a3,
  0x08a3, 0x08a3, 0x08a3, 0x08a3, 0x08a3, 0x08a3, 0x08a3, 0x0882, 0x0882, 0x0882, 0x0882, 0x0882,
  0x0882, 0x0882, 0x0882, 0x0882, 0x0882, 0x0882, 0x0882, 0x0862, 0x0862, 0x0862, 0x0862, 0x0862,
  0x0862, 0x0862, 0x0862, 0x0862, 0x0862, 0x0862, 0x0862, 0x0862, 0x0862, 0x0862, 0x0862, 0x0862,
  0x0862, 0x0862, 0x0862, 0x0862, 0x0862, 0x0862, 0x0862, 0x0862, 0x0882, 0x0882, 0x0882, 0x0882,
  0x0882, 0x0882, 0x0882, 0x0882, 0x0882, 0x0882, 0x0882, 0x0882, 0x0882, 0x08a3, 0x08a3, 0x08a3,
  0x08a3, 0x08a3, 0x08a3, 0x08a3, 0x08a3, 0x08a3, 0x08a3, 0x08a3, 0x10a3, 0x08a3, 0x08a3, 0x10a3,
  0x10a3, 0x10a3, 0x10a3, 0x08a3, 0x08a3, 0x08a4, 0x08a4, 0x10a3, 0x10a3, 0x10c4, 0x10c4, 0x10a3,
  0x10c4, 0x10c4, 0x10c4, 0x10c4, 0x10c4, 0x10c4, 0x10e4, 0x10e4, 0x10e4, 0x10e4, 0x10e4, 0x10e4,
  0x10e4, 0x10c4, 0x424a, 0x4a8b, 0x4a8b, 0x424a, 0x3a09, 0x3a09, 0x31e8, 0x31a7, 0x31a7, 0x2987,
  0x2966, 0x2146, 0x2146, 0x2145, 0x1925, 0x1905, 0x1905, 0x10e4, 0x10e4, 0x10e4, 0x73f0, 0x9d76,
  0x9d76, 0x8cd4, 0x1905, 0x1105, 0x1905, 0x636f, 0xadb7, 0xadb7, 0x94f5, 0x1905, 0x52ed, 0xadb7,
  0x8493, 0x10c4, 0x8493, 0xadb7, 0x8cd4, 0x8493, 0x8493, 0x8493, 0x8493, 0x7c52, 0x5b0c, 0x10e4,
  0x7c52, 0x9d76, 0x8cd4, 0x8493, 0x8493, 0x8493, 0x8493, 0x8493, 0x5b0c, 0x1925, 0x73f0, 0xadb7,
  0x73f0, 0x1905, 0x8cd4, 0xadb7, 0x4a8b, 0x1925, 0x1925, 0x1926, 0x1926, 0x1946, 0x3a09, 0xb5f9,
  0x9d76, 0x8493, 0x8493, 0x8493, 0x8493, 0x8493, 0x5b4e, 0x2166, 0x2167, 0x2167, 0x2187, 0x2187,
  0x2167, 0x6bb0, 0xb5f9, 0x9d76, 0x94f5, 0x94f5, 0x94f5, 0x8cd4, 0x8cd4, 0x8cd4, 0x52cb, 0x2167,
  0x73f0, 0xb5f9, 0xadb7, 0x8cd4, 0x8cd4, 0x8cd4, 0x8cd4, 0x94f5, 0xb5f9, 0xb5f9, 0x3a09, 0x21a8,
  0x7c31, 0xb5f9, 0xb5f9, 0xadb7, 0x31e8, 0x2187, 0x2167, 0x31a7, 0x9d76, 0xadb7, 0xadb7, 0x6bb0,
  0x1946, 0x52ed, 0xb5f9, 0xb5f9, 0xb5f9, 0x52cb, 0x2166, 0x2166, 0x2166, 0x8493, 0xb5f9, 0xadb7,
  0x8493, 0x1905, 0x1925, 0x1925, 0x1925, 0x1946, 0x9d36, 0xadb7, 0x9d36, 0xb5f9, 0x7c52, 0x1925,
  0x1905, 0x1925, 0x1905, 0x2166, 0xadb7, 0xb5f9, 0xb5f9, 0x9d76, 0x2987, 0x1905, 0x1905, 0x636f,
  0xadb7, 0x8493, 0x10e4, 0x10e4, 0x7c52, 0x8cd4, 0x8493, 0x7c52, 0x7c52, 0x8493, 0x8493, 0x9d36,
  0xadb7, 0x5b0c, 0x1105, 0x1105, 0x1905, 0x1905, 0x1925, 0x2145, 0x2146, 0x2167, 0x2987, 0x2987,
  0x31a7, 0x31a7, 0x31e8, 0x3a09, 0x3a09, 0x424a, 0x424a, 0x4a8b, 0x4a8b, 0x4a8b, 0x1925, 0x10e4,
  0x10e4, 0x10e4, 0x10e4, 0x10e4, 0x10e4, 0x10e4, 0x10e4, 0x10c4, 0x10c4, 0x10c4, 0x10c4, 0x10c4,
  0x10c4, 0x10a3, 0x08a3, 0x10a3, 0x10a3, 0x10a3, 0x08a3, 0x08a3, 0x08a3, 0x08a3, 0x08a3, 0x08a3,
  0x08a3, 0x08a3, 0x08a3, 0x08a3, 0x08a3, 0x08a3, 0x08a3, 0x08a3, 0x08a3, 0x08a3, 0x08a3, 0x08a3,
  0x08a3, 0x0882, 0x0882, 0x0882, 0x0882, 0x0882, 0x0882, 0x0882, 0x0882, 0x0882, 0x0882, 0x0882,
  0x0882, 0x0882, 0x0862, 0x0862, 0x0862, 0x0862, 0x0862, 0x0862, 0x0862, 0x0862, 0x0862, 0x0862,
  0x0862, 0x0862, 0x0862, 0x0862, 0x0862, 0x0862, 0x0862, 0x0862, 0x0862, 0x0862, 0x0862, 0x0862,
  0x0862, 0x0862, 0x0862, 0x0862, 0x0882, 0x0882, 0x0882, 0x0882, 0x0882, 0x0882, 0x0882, 0x0882,
  0x0882, 0x0882, 0x0882, 0x0882, 0x08a3, 0x08a3, 0x08a3, 0x08a3, 0x08a3, 0x08a3, 0x08a3, 0x08a3,
  0x08a3, 0x08a3, 0x08a3, 0x08a3, 0x08a3, 0x08a3, 0x08a3, 0x10a3, 0x08a3, 0x10a3, 0x10a3, 0x08a3,
  0x08a4, 0x08a3, 0x10a3, 0x10c4, 0x10a3, 0x10c4, 0x10a3, 0x10a3, 0x10c4, 0x10c4, 0x10c4, 0x10c4,
  0x10c4, 0x10c4, 0x10e4, 0x10e4, 0x10e4, 0x10e4, 0x10e4, 0x10e4, 0x10e4, 0x10e4, 0x2125, 0x6bb0,
  0x6bb0, 0x6bb0, 0x636f, 0x5b4e, 0x5b0c, 0x52ed, 0x42ac, 0x4a8b, 0x424a, 0x3a09, 0x31e8, 0x29a7,
  0x2166, 0x1926, 0x1105, 0x1905, 0x10e4, 0x10e4, 0x7c52, 0xc69b, 0xb5f9, 0xbe3a, 0x6bb0, 0x1105,
  0x39e8, 0xbe3a, 0xbe3a, 0xc69b, 0xadb7, 0x10e4, 0x5b4e, 0xc69b, 0x94f5, 0x08a3, 0x9d36, 0xcedc,
  0x52cb, 0x2125, 0x2125, 0x1904, 0x1904, 0x10a3, 0x08a3, 0x10e4, 0x94f5, 0xc69b, 0x52ed, 0x2145,
  0x2145, 0x2145, 0x2145, 0x1905, 0x1905, 0x1925, 0x8493, 0xc69b, 0x7c52, 0x10e4, 0x9d76, 0xc69b,
  0x52cb, 0x1925, 0x1926, 0x1946, 0x1946, 0x1946, 0x424a, 0xcedc, 0xb5f9, 0x2145, 0x2125, 0x1904,
  0x1904, 0x1905, 0x1905, 0x2167, 0x2187, 0x2187, 0x2187, 0x2187, 0x2166, 0x8cd4, 0xd71d, 0x7c31,
  0x10e4, 0x10e4, 0x10e4, 0x10e4, 0x10e4, 0x10e4, 0x1946, 0x2167, 0x8cd4, 0xd71d, 0x8493, 0x10c4,
  0x10c4, 0x10e4, 0x10e4, 0x1905, 0xbe3a, 0xd71d, 0x4a8b, 0x29a7, 0x8493, 0xd71d, 0xbe3a, 0xcedc,
  0x94f5, 0x2167, 0x2167, 0x94f5, 0xc69b, 0xbe3a, 0xcedc, 0x73f0, 0x1946, 0x5b4e, 0xcedc, 0xc69b,
  0xcedc, 0xb5f9, 0x29a7, 0x2166, 0x73f0, 0xcedc, 0xc69b, 0xcedc, 0x9d36, 0x1905, 0x1926, 0x1925,
  0x1905, 0x7c31, 0xcedc, 0xadb7, 0x52cb, 0xcedc, 0xcedc, 0x4a8b, 0x1925, 0x1925, 0x1925, 0x2966,
  0xc69b, 0xc69b, 0xadb7, 0xcedc, 0xb5f9, 0x31a7, 0x10e4, 0x73f0, 0xc69b, 0x94f5, 0x10e4, 0x10e4,
  0x7c52, 0x94f5, 0x31a7, 0x08a3, 0x08a3, 0x08a3, 0x10a3, 0x7c52, 0xc69b, 0x8493, 0x10e4, 0x1105,
  0x1105, 0x1905, 0x1926, 0x2987, 0x31a7, 0x39e8, 0x424a, 0x4a8b, 0x52cb, 0x52cb, 0x52ed, 0x532e,
  0x5b4e, 0x636f, 0x6bb0, 0x6c11, 0x7c31, 0x2987, 0x10e4, 0x1905, 0x1905, 0x10e4, 0x10e4, 0x10e4,
  0x10e4, 0x10e4, 0x10e4, 0x10e4, 0x10c4, 0x10c4, 0x10c4, 0x10c4, 0x10c4, 0x10c4, 0x10a3, 0x10a3,
  0x10a3, 0x08a3, 0x08a3, 0x08a3, 0x08a3, 0x08a3, 0x08a3, 0x08a3, 0x08a3, 0x08a3, 0x08a3, 0x08a3,
  0x08a3, 0x08a3, 0x08a3, 0x08a3, 0x08a3, 0x08a3, 0x08a3, 0x08a3, 0x08a3, 0x0882, 0x0882, 0x0882,
  0x0882, 0x0882, 0x0882, 0x0882, 0x0882, 0x0882, 0x0882, 0x0882, 0x0882, 0x0882, 0x0882, 0x0882,
  0x0862, 0x0862, 0x0862, 0x0862, 0x0862, 0x0862, 0x0862, 0x0862, 0x0862, 0x0862, 0x0862, 0x0862,
  0x0862, 0x0862, 0x0862, 0x0862, 0x0862, 0x0862, 0x0862, 0x0862, 0x0862, 0x0862, 0x0862, 0x0862,
  0x0862, 0x0882, 0x0882, 0x0882, 0x0882, 0x0882, 0x0882, 0x0882, 0x0882, 0x0882, 0x0882, 0x0882,
  0x08a3, 0x08a3, 0x08a3, 0x08a3, 0x08a3, 0x08a3, 0x08a3, 0x08a3, 0x08a3, 0x08a3, 0x08a3, 0x08a3,
  0x08a3, 0x08a3, 0x08a3, 0x08a3, 0x10a3, 0x08a3, 0x08a3, 0x08a3, 0x08a3, 0x10a3, 0x08a3, 0x10a3,
  0x10c4, 0x10c4, 0x10a3, 0x10c4, 0x10c4, 0x10c4, 0x10c4, 0x10c4, 0x10c4, 0x10e4, 0x10e4, 0x10e4,
  0x10e4, 0x10e4, 0x10e4, 0x10e4, 0x10e4, 0x1105, 0x10e4, 0x424a, 0x73f0, 0x6bb0, 0x636f, 0x5b4e,
  0x532e, 0x52ed, 0x42ac, 0x4a8b, 0x424a, 0x3a09, 0x31e8, 0x29a7, 0x2166, 0x1925, 0x1105, 0x10e4,
  0x10e4, 0x10e4, 0x8493, 0xd71d, 0x8493, 0xc69b, 0xc69b, 0x3a09, 0x9d36, 0xc69b, 0x8493, 0xc69b,
  0xb5f9, 0x10e4, 0x5b4e, 0xd71d, 0x9d76, 0x10c4, 0x8cd4, 0xd71d, 0xd71d, 0xcedc, 0xcedc, 0xc69b,
  0xc69b, 0xbe3a, 0x636f, 0x10e4, 0x8493, 0xd71d, 0xd71d, 0xcedc, 0xcedc, 0xcedc, 0xcedc, 0xc69b,
  0x6bb0, 0x1925, 0x8493, 0xd71d, 0x8493, 0x10e4, 0xadb7, 0xd71d, 0x52cb, 0x1925, 0x1926, 0x1926,
  0x1946, 0x1946, 0x424a, 0xd71d, 0xd71d, 0xcedc, 0xcedc, 0xcedc, 0xc69b, 0xb5f9, 0x2987, 0x2167,
  0x2167, 0x2187, 0x2187, 0x2187, 0x2166, 0x94f5, 0xe77e, 0x8493, 0x2167, 0x2187, 0x29a7, 0x29a7,
  0x21a8, 0x29a7, 0x29c8, 0x21a8, 0x8cd4, 0xe77e, 0x8cd4, 0x2166, 0x2167, 0x2187, 0x2187, 0x2987,
  0xc69b, 0xd71d, 0x4a8b, 0x21a8, 0x8cd4, 0xe77e, 0x8cd4, 0xc69b, 0xd71d, 0x636f, 0x6bb0, 0xcedc,
  0xbe3a, 0x9d36, 0xe77e, 0x7c31, 0x1946, 0x5b4e, 0xe77e, 0xb5f9, 0xadb7, 0xd71d, 0x8cd4, 0x424a,
  0xcedc, 0xd71d, 0x7c31, 0xe77e, 0xadb7, 0x1905, 0x1926, 0x1925, 0x39e8, 0xc69b, 0xd71d, 0x5b0c,
  0x08a3, 0x9d36, 0xe77e, 0xadb7, 0x1925, 0x1925, 0x1925, 0x2987, 0xcedc, 0xcedc, 0x3a09, 0xb5f9,
  0xd71d, 0xbe3a, 0x31e8, 0x7c31, 0xd71d, 0x9d76, 0x1905, 0x1925, 0xc69b, 0xe77e, 0x52cb, 0x1905,
  0x1105, 0x1105, 0x10e4, 0x7c52, 0xe77e, 0x94f5, 0x10e4, 0x10e4, 0x1905, 0x1105, 0x1905, 0x1946,
  0x2987, 0x31e8, 0x424a, 0x428b, 0x42ac, 0x4acd, 0x52ed, 0x532e, 0x5b4e, 0x636f, 0x6bb0, 0x73f0,
  0x4a8b, 0x10e4, 0x1105, 0x10e4, 0x10e4, 0x10e4, 0x10e4, 0x10e4, 0x10e4, 0x10e4, 0x10e4, 0x10e4,
  0x10e4, 0x10c4, 0x10c4, 0x10c4, 0x10c4, 0x10c4, 0x10c4, 0x10a3, 0x10a3, 0x08a3, 0x08a3, 0x08a3,
  0x08a3, 0x08a3, 0x08a3, 0x08a3, 0x08a3, 0x08a3, 0x08a3, 0x08a3, 0x08a3, 0x08a3, 0x08a3, 0x08a3,
  0x08a3, 0x08a3, 0x08a3, 0x10a3, 0x08a3, 0x08a3, 0x08a3, 0x08a3, 0x0882, 0x0882, 0x0882, 0x0882,
  0x0882, 0x0882, 0x0882, 0x0882, 0x0882, 0x0882, 0x0862, 0x0882, 0x0862, 0x0862, 0x0862, 0x0862,
  0x0862, 0x0862, 0x0862, 0x0862, 0x0862, 0x0862, 0x0862, 0x0862, 0x0862, 0x0862, 0x0862, 0x0862,
  0x0862, 0x0862, 0x0862, 0x0862, 0x0862, 0x0862, 0x0862, 0x0882, 0x0862, 0x0882, 0x0882, 0x0882,
  0x0882, 0x0882, 0x0882, 0x0882, 0x0882, 0x0882, 0x0882, 0x0882, 0x0882, 0x0882, 0x08a3, 0x08a3,
  0x08a3, 0x08a3, 0x08a3, 0x08a3, 0x08a3, 0x08a3, 0x08a3, 0x08a3, 0x08a3, 0x08a3, 0x08a3, 0x10a3,
  0x08a3, 0x10a3, 0x10a3, 0x10a3, 0x08a3, 0x08a3, 0x08a3, 0x08a3, 0x10a3, 0x10c4, 0x10c4, 0x10c4,
  0x10c4, 0x10c4, 0x10c4, 0x10c4, 0x10c4, 0x10e4, 0x10e4, 0x10e4, 0x10e4, 0x10e4, 0x10e4, 0x1905,
  0x10e4, 0x1905, 0x1905, 0x10a3, 0x1904, 0x2987, 0x2987, 0x2987, 0x2966, 0x2166, 0x2146, 0x2145,
  0x1925, 0x1925, 0x1905, 0x10e4, 0x10e4, 0x1105, 0x1105, 0x1905, 0x10e4, 0x10e4, 0x8493, 0xcedc,
  0x73f0, 0x7c52, 0xcedc, 0xb5f9, 0xc69b, 0xadb7, 0x31a7, 0xc69b, 0xb5f9, 0x10c4, 0x5b0c, 0xd71d,
  0x9d76, 0x10e4, 0x2966, 0x7c52, 0x8cd4, 0x8cd4, 0x8cd4, 0x8cd4, 0x94f5, 0xcedc, 0xb5f9, 0x1905,
  0x2146, 0x7c31, 0x94f5, 0x94f5, 0x94f5, 0x94f5, 0x9d76, 0xd71d, 0xb5f9, 0x1905, 0x8493, 0xd71d,
  0x8493, 0x10e4, 0x9d76, 0xd71d, 0x52cb, 0x1926, 0x1946, 0x1946, 0x2166, 0x1946, 0x3a09, 0xcedc,
  0xc69b, 0x94f5, 0x94f5, 0x94f5, 0x8cd4, 0x7c52, 0x2167, 0x2167, 0x2167, 0x2187, 0x2187, 0x2167,
  0x2166, 0x8cd4, 0xe77e, 0x8493, 0x2167, 0x21a8, 0x29c8, 0x29c8, 0x29c8, 0x29c8, 0x29c8, 0x21a8,
  0x8cd4, 0xd71d, 0x8cd4, 0x21a8, 0x21a8, 0x21a8, 0x21a8, 0x29a7, 0xc69b, 0xd71d, 0x4a8b, 0x29a7,
  0x8cd4, 0xe77e, 0x8cd4, 0x5b4e, 0xd71d, 0xc69b, 0xc69b, 0xcedc, 0x5b0c, 0x9d36, 0xe77e, 0x7c31,
  0x1946, 0x5b4e, 0xd71d, 0xb5f9, 0x424a, 0xc69b, 0xcedc, 0xbe3a, 0xd71d, 0x8cd4, 0x52ed, 0xe77e,
  0xadb7, 0x1925, 0x1926, 0x1926, 0x9d36, 0xd71d, 0xbe3a, 0x7c31, 0x7c31, 0x8493, 0xcedc, 0xd71d,
  0x73f0, 0x1925, 0x1925, 0x2966, 0xcedc, 0xcedc, 0x2145, 0x3186, 0xadb7, 0xcedc, 0xb5f9, 0x8493,
  0xd71d, 0x9d76, 0x1905, 0x1925, 0xbe3a, 0xd71d, 0x4a8b, 0x1905, 0x1905, 0x1905, 0x1905, 0x7c52,
  0xe77e, 0x94f5, 0x10e4, 0x1105, 0x1105, 0x1105, 0x10e4, 0x10e4, 0x10e4, 0x1905, 0x1925, 0x2145,
  0x2146, 0x2166, 0x2167, 0x2987, 0x2987, 0x2987, 0x2966, 0x1905, 0x10a3, 0x10e4, 0x10e4, 0x10e4,
  0x10e4, 0x10e4, 0x10e4, 0x10e4, 0x10e4, 0x10e4, 0x10e4, 0x10e4, 0x10c4, 0x10c4, 0x10c4, 0x10c4,
  0x10c4, 0x10c4, 0x10a3, 0x10a3, 0x10a3, 0x08a3, 0x08a3, 0x08a3, 0x08a3, 0x08a3, 0x08a3, 0x08a3,
  0x08a3, 0x08a3, 0x08a3, 0x08a3, 0x08a3, 0x08c3, 0x08a3, 0x08a3, 0x08a3, 0x08a3, 0x08a3, 0x08a3,
  0x0882, 0x0882, 0x08a3, 0x0882, 0x0882, 0x0882, 0x0882, 0x0882, 0x0882, 0x0882, 0x0882, 0x0882,
  0x0882, 0x0882, 0x0882, 0x0882, 0x0882, 0x0862, 0x0862, 0x0862, 0x0862, 0x0862, 0x0862, 0x0862,
  0x0862, 0x0862, 0x0862, 0x0862, 0x0862, 0x0862, 0x0862, 0x0862, 0x0862, 0x0862, 0x0862, 0x0862,
  0x0862, 0x0862, 0x0862, 0x0862, 0x0862, 0x0882, 0x0882, 0x0882, 0x0882, 0x0882, 0x0882, 0x0882,
  0x0882, 0x0882, 0x0882, 0x0882, 0x08a3, 0x08a3, 0x08a3, 0x0882, 0x08a3, 0x08a3, 0x08a3, 0x08a3,
  0x08a3, 0x08a3, 0x08a3, 0x08a3, 0x08a3, 0x10a3, 0x10a3, 0x10a3, 0x10a3, 0x10a3, 0x10a3, 0x10a3,
  0x10a3, 0x10a3, 0x10a3, 0x10c4, 0x10a3, 0x10c4, 0x10c4, 0x10c4, 0x10c4, 0x10c4, 0x10c4, 0x10c4,
  0x10c4, 0x10c4, 0x10c4, 0x10e4, 0x10e4, 0x10e4, 0x10e4, 0x10e4, 0x10e4, 0x1105, 0x10e4, 0x10e4,
  0x10c4, 0x5b4e, 0x73f0, 0x6bb0, 0x636f, 0x5b4e, 0x532e, 0x52ed, 0x4a8b, 0x424a, 0x3a09, 0x31a7,
  0x2166, 0x1925, 0x1105, 0x1905, 0x10e4, 0x10e4, 0x7c52, 0xc69b, 0x73f0, 0x2125, 0x9d76, 0xc69b,
  0xbe3a, 0x52cb, 0x2966, 0xb5f9, 0x9d76, 0x10c4, 0x52ed, 0xc69b, 0x94f5, 0x10c4, 0x18e4, 0x2125,
  0x2125, 0x2125, 0x2125, 0x2145, 0x31e8, 0xb5f9, 0xadb7, 0x1925, 0x2145, 0x2966, 0x2146, 0x2146,
  0x2146, 0x2145, 0x424a, 0xb5f9, 0x9d76, 0x10e4, 0x7c31, 0xc69b, 0x7c31, 0x10e4, 0x9d36, 0xc69b,
  0x5b0c, 0x29a7, 0x31a7, 0x31a7, 0x31a7, 0x2167, 0x3a09, 0xc69b, 0x9d76, 0x2145, 0x2145, 0x2146,
  0x2166, 0x2966, 0x2167, 0x2167, 0x2167, 0x2187, 0x2187, 0x2187, 0x2166, 0x8493, 0xcedc, 0x8cd4,
  0x31e8, 0x31e8, 0x31e9, 0x3a09, 0x3a09, 0x3a09, 0x29c8, 0x2187, 0x8493, 0xc69b, 0x94f5, 0x29c8,
  0x31e8, 0x31e8, 0x29c8, 0x3a09, 0xbe3a, 0xc69b, 0x424a, 0x2187, 0x7c52, 0xc69b, 0x8cd4, 0x1946,
  0x94f5, 0xcedc, 0xd71d, 0x8cd4, 0x1925, 0x94f5, 0xcedc, 0x73f0, 0x1946, 0x5b0c, 0xc69b, 0xadb7,
  0x10e4, 0x6bb0, 0xc69b, 0xcedc, 0x9d76, 0x2145, 0x52ed, 0xcedc, 0x9d76, 0x1925, 0x1926, 0x5b0c,
  0xc69b, 0xc69b, 0xcedc, 0xcedc, 0xcedc, 0xcedc, 0xc69b, 0xc69b, 0xbe3a, 0x31a7, 0x1925, 0x2146,
  0xbe3a, 0xbe3a, 0x2145, 0x10a3, 0x2966, 0x9d36, 0xc69b, 0xc69b, 0xcedc, 0x9d36, 0x1905, 0x1905,
  0xadb7, 0xc69b, 0x4a8b, 0x2166, 0x2966, 0x2146, 0x2987, 0x9d76, 0xc69b, 0x7c31, 0x1105, 0x1905,
  0x1105, 0x1105, 0x1925, 0x2166, 0x31a7, 0x31e8, 0x424a, 0x4a8b, 0x52ed, 0x532e, 0x5b4e, 0x636f,
  0x6bb0, 0x73f0, 0x6bb0, 0x10e4, 0x10e4, 0x10e4, 0x10e4, 0x10e4, 0x10e4, 0x10e4, 0x10e4, 0x10e4,
  0x10e4, 0x10e4, 0x10e4, 0x10e4, 0x10c4, 0x10c4, 0x10c4, 0x10c4, 0x10c4, 0x10a3, 0x10a3, 0x08a3,
  0x08a3, 0x08a3, 0x08a3, 0x08a3, 0x08a3, 0x08a3, 0x08a3, 0x08a3, 0x08a3, 0x08a3, 0x08a3, 0x08a3,
  0x08a3, 0x08a3, 0x08a3, 0x08a3, 0x08a3, 0x08a3, 0x08a3, 0x08a3, 0x08a3, 0x08a3, 0x0882, 0x08a3,
  0x0882, 0x0882, 0x0882, 0x0882, 0x0882, 0x0882, 0x0882, 0x0882, 0x0882, 0x0882, 0x0882, 0x0862,
  0x0862, 0x0862, 0x0862, 0x0862, 0x0862, 0x0862, 0x0862, 0x0862, 0x0862, 0x0862, 0x0862, 0x0862,
  0x0862, 0x0862, 0x0862, 0x10c4, 0x18e4, 0x18e4, 0x18e4, 0x18e4, 0x18e4, 0x18e4, 0x10e4, 0x18e4,
  0x18e4, 0x1904, 0x1904, 0x1904, 0x1904, 0x1904, 0x1904, 0x2125, 0x2125, 0x2125, 0x2125, 0x10a3,
  0x0882, 0x08a3, 0x10a3, 0x08a3, 0x08a3, 0x10a3, 0x10a3, 0x10a3, 0x10a3, 0x10a3, 0x10a3, 0x10a3,
  0x10a3, 0x10c4, 0x10c4, 0x10c4, 0x10c4, 0x10c4, 0x10c4, 0x10c4, 0x10c4, 0x10c4, 0x10c4, 0x10c4,
  0x10c4, 0x10c4, 0x10c4, 0x10c4, 0x10c4, 0x10c4, 0x10e4, 0x10e4, 0x10e4, 0x10e4, 0x10e4, 0x10e4,
  0x10e4, 0x1905, 0x10e4, 0x1905, 0x1905, 0x1905, 0x1905, 0x1905, 0x1905, 0x2146, 0x52ed, 0x52cb,
  0x52cb, 0x4a8b, 0x424a, 0x3a09, 0x31e8, 0x31a7, 0x2987, 0x2146, 0x1926, 0x1925, 0x10e4, 0x10e4,
  0x1105, 0x10e4, 0x73f0, 0xadb7, 0x6bb0, 0x08a3, 0x424a, 0x94f5, 0x73f0, 0x10c4, 0x2966, 0x9d76,
  0x94f5, 0x10e4, 0x52cb, 0xadb7, 0x8493, 0x08a3, 0x73f0, 0xadb7, 0x9d76, 0x9d76, 0xadb7, 0xadb7,
  0xadb7, 0x9d76, 0x8493, 0x1905, 0x7c52, 0xb5f9, 0xb5f9, 0xadb7, 0xadb7, 0xadb7, 0xadb7, 0x9d36,
  0x7c31, 0x10c4, 0x73f0, 0x9d76, 0x6bb0, 0x10e4, 0x8cd4, 0xadb7, 0xb5f9, 0xbe3a, 0xbe3a, 0xbe3a,
  0xbe3a, 0x8493, 0x31e8, 0xadb7, 0xadb7, 0xadb7, 0xadb7, 0xb5f9, 0xb5f9, 0xb5f9, 0x8493, 0x1967,
  0x2167, 0x2167, 0x2167, 0x2187, 0x2167, 0x52ed, 0xb5f9, 0xb5f9, 0xb5f9, 0xbe3a, 0xbe3a, 0xbe3a,
  0xbe3a, 0xbe3a, 0x5b4e, 0x2187, 0x5b0c, 0xadb7, 0xadb7, 0xb5f9, 0xbe3a, 0xb5f9, 0xb5f9, 0xb5f9,
  0xadb7, 0x94f5, 0x2167, 0x2187, 0x73f0, 0xadb7, 0x7c52, 0x2167, 0x31a7, 0x9d36, 0x94f5, 0x2166,
  0x2166, 0x8493, 0xb5f9, 0x6bb0, 0x2166, 0x52ed, 0xb5f9, 0x94f5, 0x1925, 0x1905, 0x8493, 0x9d36,
  0x424a, 0x1105, 0x52ed, 0xb5f9, 0x8cd4, 0x1925, 0x2166, 0x9d76, 0xadb7, 0x7c31, 0x3a09, 0x3a09,
  0x3a09, 0x3a09, 0x424a, 0x9d36, 0xadb7, 0x7c31, 0x1905, 0x2145, 0x9d76, 0x9d76, 0x2145, 0x10e4,
  0x10c4, 0x2145, 0x8cd4, 0xb5f9, 0xb5f9, 0x8cd4, 0x1905, 0x1905, 0x94f5, 0xadb7, 0xadb7, 0xadb7,
  0xb5f9, 0xadb7, 0xadb7, 0xadb7, 0x9d36, 0x31a7, 0x10e4, 0x1105, 0x1105, 0x1105, 0x1905, 0x2145,
  0x2166, 0x2987, 0x29a7, 0x31e8, 0x3a09, 0x424a, 0x4a8b, 0x42ac, 0x52ed, 0x52ed, 0x2987, 0x1905,
  0x1905, 0x1905, 0x1905, 0x1905, 0x1905, 0x1905, 0x1905, 0x1905, 0x10e4, 0x10e4, 0x10e4, 0x10e4,
  0x10e4, 0x10e4, 0x10e4, 0x10e4, 0x10c4, 0x10c4, 0x10c4, 0x10c4, 0x10c4, 0x10c4, 0x10c4, 0x10c4,
  0x10a3, 0x10a3, 0x10c4, 0x10c4, 0x10a3, 0x10a3, 0x10a3, 0x10a3, 0x10a3, 0x10a3, 0x10a3, 0x10a3,
  0x10a3, 0x10a3, 0x10a3, 0x10a3, 0x10a3, 0x10a3, 0x10a3, 0x08a3, 0x0882, 0x10a3, 0x2125, 0x2125,
  0x1904, 0x2125, 0x1904, 0x1904, 0x1905, 0x1904, 0x1904, 0x1904, 0x1904, 0x1904, 0x1904, 0x18e4,
  0x18e4, 0x18e4, 0x18e4, 0x18e4, 0x18e4, 0x0862, 0x0862, 0x0862, 0x0862, 0x0862, 0x2966, 0x424a,
  0x4a8b, 0x4a8b, 0x4a8b, 0x4a8b, 0x52cb, 0x52cb, 0x52cb, 0x52cb, 0x52cb, 0x52cb, 0x52ed, 0x52ed,
  0x52ed, 0x52ed, 0x5b0c, 0x52ed, 0x5b0c, 0x5b0c, 0x5b0c, 0x52cb, 0x10a3, 0x2125, 0x39e8, 0x39e8,
  0x3a09, 0x3a09, 0x4228, 0x424a, 0x424a, 0x424a, 0x424a, 0x424a, 0x424a, 0x4a8b, 0x4a8b, 0x4a8b,
  0x4a8b, 0x4a8b, 0x4a8b, 0x4a8b, 0x4a8b, 0x4a8b, 0x4a8b, 0x52cb, 0x52cb, 0x52cb, 0x52cb, 0x52cb,
  0x52cb, 0x52cb, 0x52ed, 0x52ed, 0x5b0c, 0x5b0c, 0x5b0c, 0x5b4e, 0x5b4e, 0x5b4e, 0x5b4e, 0x5b4e,
  0x5b4e, 0x636f, 0x636f, 0x636f, 0x636f, 0x636f, 0x5b4e, 0x5b4e, 0x5b4e, 0x5b4e, 0x5b4e, 0x5b0c,
  0x532e, 0x532e, 0x52ed, 0x52ed, 0x5b0c, 0x424a, 0x1905, 0x1905, 0x1905, 0x10e4, 0x52cb, 0x7c31,
  0x52cb, 0x10c4, 0x08a3, 0x1904, 0x10c4, 0x10e4, 0x2146, 0x7c31, 0x73f0, 0x10e4, 0x39e8, 0x73f0,
  0x5b4e, 0x08a3, 0x52ed, 0x7c31, 0x6c11, 0x73f0, 0x7c31, 0x7c31, 0x7c31, 0x6bb0, 0x31e8, 0x1105,
  0x5b0c, 0x7c31, 0x6c11, 0x7c31, 0x7c31, 0x7c31, 0x73f0, 0x6bb0, 0x31a7, 0x10e4, 0x52ed, 0x73f0,
  0x52cb, 0x1105, 0x6bb0, 0x7c52, 0x7c52, 0x7c52, 0x7c52, 0x7c52, 0x7c52, 0x5b4e, 0x2987, 0x7c31,
  0x6c11, 0x7c31, 0x7c31, 0x7c31, 0x7c31, 0x7c31, 0x5b4e, 0x2166, 0x2167, 0x2187, 0x2187, 0x2187,
  0x2187, 0x1925, 0x52ed, 0x7c31, 0x7c52, 0x7c52, 0x7c52, 0x7c52, 0x7c52, 0x8493, 0x4a8b, 0x21a8,
  0x1926, 0x5b4e, 0x7c52, 0x7c52, 0x7c52, 0x7c52, 0x7c31, 0x7c31, 0x73f0, 0x424a, 0x2166, 0x2187,
  0x532e, 0x7c52, 0x636f, 0x2187, 0x2166, 0x2146, 0x1925, 0x1946, 0x2166, 0x636f, 0x8493, 0x52ed,
  0x2167, 0x424a, 0x8493, 0x73f0, 0x1926, 0x1925, 0x10e4, 0x1905, 0x10e4, 0x1926, 0x424a, 0x7c52,
  0x6bb0, 0x1926, 0x4a8b, 0x8cd4, 0x7c52, 0x2146, 0x10e4, 0x10e4, 0x10e4, 0x10e4, 0x10a3, 0x4a8b,
  0x7c52, 0x7c52, 0x29a7, 0x1925, 0x7c31, 0x7c31, 0x1925, 0x1905, 0x1105, 0x10e4, 0x2125, 0x73f0,
  0x8493, 0x6bb0, 0x1905, 0x1105, 0x73f0, 0x7c31, 0x7c31, 0x7c31, 0x7c31, 0x6c11, 0x6c11, 0x636f,
  0x31a7, 0x10c4, 0x1105, 0x1905, 0x1105, 0x1105, 0x3a09, 0x52ed, 0x5b0c, 0x5b0c, 0x5b0c, 0x5b0c,
  0x5b0c, 0x5b4e, 0x5b4e, 0x5b4e, 0x5b4e, 0x636f, 0x636f, 0x636f, 0x6bb0, 0x6bb0, 0x6bb0, 0x636f,
  0x636f, 0x636f, 0x636f, 0x5b4e, 0x5b4e, 0x5b4e, 0x532e, 0x5b0c, 0x5b0c, 0x5b0c, 0x52ed, 0x52ed,
  0x52cb, 0x52cb, 0x52cb, 0x52cb, 0x52cb, 0x52cb, 0x4a8b, 0x4a8b, 0x4a8b, 0x4a8b, 0x4a8b, 0x4a8b,
  0x4a8b, 0x424a, 0x424a, 0x424a, 0x424a, 0x424a, 0x424a, 0x424a, 0x424a, 0x424a, 0x424a, 0x424a,
  0x424a, 0x3a09, 0x3a09, 0x2125, 0x18e4, 0x5b0c, 0x5b0c, 0x52ed, 0x52ed, 0x52ed, 0x52ed, 0x52cb,
  0x52cb, 0x52cb, 0x52ed, 0x5b0c, 0x52cb, 0x52ed, 0x52cb, 0x52cb, 0x52cb, 0x52cb, 0x52cb, 0x52cb,
  0x52cb, 0x31a7, 0x0862, 0x0862, 0x0862, 0x2145, 0x2145, 0x10e4, 0x1905, 0x1905, 0x1905, 0x1905,
  0x1905, 0x1905, 0x1925, 0x1925, 0x2145, 0x2145, 0x1926, 0x1946, 0x1946, 0x2166, 0x2166, 0x2166,
  0x2166, 0x2166, 0x2166, 0x31e8, 0x4a8b, 0x10a3, 0x0062, 0x0862, 0x0862, 0x0862, 0x0862, 0x0862,
  0x0862, 0x0882, 0x0882, 0x0882, 0x0882, 0x0882, 0x0882, 0x0862, 0x0882, 0x0882, 0x0882, 0x0882,
  0x0882, 0x0882, 0x0882, 0x0882, 0x0882, 0x0882, 0x0882, 0x0882, 0x0883, 0x0882, 0x0882, 0x0882,
  0x0882, 0x08a3, 0x08a3, 0x0882, 0x08a3, 0x08a3, 0x08a3, 0x08a3, 0x08a3, 0x08a3, 0x08a3, 0x08a3,
  0x10a3, 0x10a3, 0x08a3, 0x08a3, 0x10a3, 0x10a3, 0x10a3, 0x10c4, 0x10a3, 0x10c4, 0x10c4, 0x10c4,
  0x10c4, 0x10e4, 0x1905, 0x1905, 0x1905, 0x10e4, 0x08a3, 0x0882, 0x08a3, 0x10e4, 0x10e4, 0x10c4,
  0x10e4, 0x10e4, 0x10e4, 0x08a3, 0x08a3, 0x10c4, 0x08a3, 0x0882, 0x08a3, 0x10c4, 0x08a3, 0x0882,
  0x0882, 0x0883, 0x08a3, 0x0883, 0x08a3, 0x08a3, 0x10e4, 0x1105, 0x10c4, 0x0883, 0x0883, 0x0883,
  0x0882, 0x0883, 0x0882, 0x08a3, 0x10e4, 0x1105, 0x10c4, 0x0883, 0x10e4, 0x1905, 0x10c4, 0x08a3,
  0x10c4, 0x10c4, 0x10c4, 0x10c4, 0x10c4, 0x1105, 0x1925, 0x08a3, 0x08a3, 0x08a3, 0x08a3, 0x08a3,
  0x08a4, 0x10c4, 0x1905, 0x2166, 0x2167, 0x2187, 0x2187, 0x2187, 0x2187, 0x2167, 0x1905, 0x10e4,
  0x10e4, 0x10e4, 0x10e4, 0x10e4, 0x10e4, 0x10e4, 0x2167, 0x21a8, 0x2187, 0x1925, 0x1105, 0x1105,
  0x10e4, 0x10c4, 0x10c4, 0x10c4, 0x10e4, 0x1926, 0x2187, 0x2187, 0x1925, 0x10e4, 0x1926, 0x2187,
  0x2187, 0x2167, 0x2166, 0x2167, 0x2166, 0x1105, 0x10e4, 0x1926, 0x2167, 0x1925, 0x08a4, 0x10e4,
  0x1946, 0x1946, 0x1925, 0x1925, 0x1926, 0x1926, 0x1105, 0x08a4, 0x10e4, 0x1926, 0x1905, 0x08a3,
  0x10c4, 0x1105, 0x1925, 0x1925, 0x1925, 0x1925, 0x1905, 0x10c4, 0x0082, 0x08a3, 0x10e4, 0x10e4,
  0x0883, 0x0883, 0x10e4, 0x1905, 0x1905, 0x1905, 0x10e4, 0x08a3, 0x08a3, 0x10c4, 0x1905, 0x1105,
  0x08a3, 0x0882, 0x08a3, 0x08a3, 0x0882, 0x0882, 0x0882, 0x0882, 0x10c4, 0x10e4, 0x1105, 0x1105,
  0x1905, 0x1105, 0x10e4, 0x10c4, 0x10c4, 0x10c4, 0x10c4, 0x10c4, 0x10c4, 0x10c4, 0x10c4, 0x10c4,
  0x10c4, 0x10c4, 0x10c4, 0x10c4, 0x10c4, 0x10c4, 0x10a3, 0x08a3, 0x08a3, 0x08a3, 0x08a3, 0x08a3,
  0x08a3, 0x08a3, 0x08a3, 0x0882, 0x0882, 0x0882, 0x0882, 0x0882, 0x0882, 0x0882, 0x0882, 0x0882,
  0x0882, 0x0882, 0x0862, 0x0862, 0x0882, 0x0882, 0x0882, 0x0862, 0x0882, 0x0882, 0x0862, 0x0862,
  0x0862, 0x0862, 0x0882, 0x0862, 0x0862, 0x0862, 0x0862, 0x0862, 0x0862, 0x0862, 0x0862, 0x18e4,
  0x52cb, 0x31e8, 0x2167, 0x2166, 0x2166, 0x2146, 0x1946, 0x1946, 0x1946, 0x1926, 0x1925, 0x1925,
  0x1925, 0x1925, 0x1905, 0x1905, 0x10e4, 0x1905, 0x10e4, 0x10e4, 0x10e4, 0x2145, 0x2146, 0x0862,
  0x2125, 0x1925, 0x10e4, 0x10e4, 0x10e4, 0x1905, 0x1905, 0x1105, 0x1905, 0x1905, 0x1925, 0x1925,
  0x1926, 0x1946, 0x2146, 0x2146, 0x2166, 0x2166, 0x2166, 0x2167, 0x2166, 0x2166, 0x2166, 0x1946,
  0x31e8, 0x52cb, 0x10c4, 0x0862, 0x0882, 0x0882, 0x0882, 0x0882, 0x0882, 0x0882, 0x0882, 0x0882,
  0x08a3, 0x0882, 0x08a3, 0x08a3, 0x08a3, 0x08a3, 0x08a3, 0x08a3, 0x08a3, 0x08a3, 0x08a3, 0x08a3,
  0x08a3, 0x08a3, 0x10a3, 0x08a3, 0x08a3, 0x08a3, 0x10a3, 0x10a3, 0x10a3, 0x10a3, 0x10a3, 0x10a3,
  0x10a3, 0x10c4, 0x10c4, 0x10c4, 0x10c4, 0x10c4, 0x10c4, 0x10e4, 0x10e4, 0x10e4, 0x10e4, 0x10e4,
  0x10e4, 0x10e4, 0x10e4, 0x10e4, 0x10e4, 0x10e4, 0x10e4, 0x10e4, 0x10e4, 0x1905, 0x1105, 0x1905,
  0x10e4, 0x10e4, 0x10e4, 0x10c4, 0x10e4, 0x10e4, 0x10e4, 0x10e4, 0x10e4, 0x10e4, 0x10e4, 0x10e4,
  0x10e4, 0x10e4, 0x10e4, 0x10e4, 0x10e4, 0x10e4, 0x10e4, 0x10e4, 0x10e4, 0x10e4, 0x10e4, 0x10e4,
  0x10e4, 0x1105, 0x1105, 0x1905, 0x1105, 0x10e4, 0x1105, 0x1105, 0x1105, 0x1105, 0x1905, 0x1905,
  0x1925, 0x1905, 0x1925, 0x1905, 0x1925, 0x1925, 0x1925, 0x1925, 0x1926, 0x1926, 0x1926, 0x1926,
  0x1926, 0x1946, 0x1946, 0x1926, 0x1926, 0x1926, 0x1926, 0x1946, 0x1946, 0x1946, 0x2166, 0x2167,
  0x2167, 0x2187, 0x2187, 0x2187, 0x2187, 0x2187, 0x21a8, 0x2187, 0x2187, 0x2187, 0x2187, 0x2187,
  0x2187, 0x2187, 0x21a8, 0x21a8, 0x21a8, 0x29c8, 0x21a8, 0x2187, 0x2187, 0x2187, 0x2187, 0x2187,
  0x2187, 0x2187, 0x2187, 0x21a8, 0x2187, 0x2167, 0x2167, 0x2187, 0x2187, 0x2187, 0x2187, 0x2187,
  0x2167, 0x2167, 0x2166, 0x2167, 0x2167, 0x1967, 0x1946, 0x1946, 0x1946, 0x1946, 0x1926, 0x1946,
  0x1946, 0x1946, 0x1926, 0x1925, 0x1925, 0x1926, 0x1925, 0x1905, 0x1925, 0x1925, 0x1925, 0x1925,
  0x1925, 0x1925, 0x1925, 0x1905, 0x1105, 0x1105, 0x1905, 0x1905, 0x1105, 0x1105, 0x1905, 0x1925,
  0x1905, 0x1905, 0x1905, 0x1105, 0x10e4, 0x1105, 0x1905, 0x1905, 0x1105, 0x10e4, 0x10e4, 0x10e4,
  0x10e4, 0x10e4, 0x10e4, 0x10e4, 0x10e4, 0x1105, 0x10e4, 0x10e4, 0x1105, 0x1105, 0x1105, 0x10e4,
  0x10e4, 0x10e4, 0x10e4, 0x10e4, 0x10e4, 0x10e4, 0x10e4, 0x10e4, 0x10e4, 0x10e4, 0x10e4, 0x10e4,
  0x10e4, 0x10e4, 0x10e4, 0x10c4, 0x10c4, 0x10c4, 0x10c4, 0x10c4, 0x10c4, 0x10c4, 0x10a3, 0x10a3,
  0x08a3, 0x08a3, 0x10a3, 0x08a3, 0x08a3, 0x08a3, 0x08a3, 0x08a3, 0x08a3, 0x08a3, 0x08a3, 0x08a3,
  0x08a3, 0x08a3, 0x08a3, 0x08a3, 0x08a3, 0x08a3, 0x0882, 0x08a3, 0x08a3, 0x0882, 0x0882, 0x0882,
  0x0882, 0x0882, 0x0882, 0x0882, 0x0882, 0x0882, 0x18e4, 0x52cb, 0x29a7, 0x2166, 0x2166, 0x2166,
  0x1946, 0x1946, 0x1946, 0x1946, 0x2145, 0x2145, 0x1925, 0x1925, 0x1905, 0x1905, 0x1905, 0x1905,
  0x1905, 0x10e4, 0x1905, 0x10e4, 0x10e4, 0x10e4, 0x1926, 0x1925, 0x10c4, 0x10e4, 0x10e4, 0x10e4,
  0x10e4, 0x10e4, 0x1905, 0x10e4, 0x1905, 0x1925, 0x1925, 0x1905, 0x1925, 0x1926, 0x2145, 0x1946,
  0x2146, 0x2166, 0x2166, 0x2166, 0x2166, 0x2146, 0x2166, 0x1946, 0x2146, 0x31e8, 0x52cb, 0x31a7,
  0x39c7, 0x39e8, 0x39e8, 0x39e8, 0x39e8, 0x39e8, 0x39e8, 0x39e8, 0x39e8, 0x39e8, 0x39e8, 0x39e8,
  0x3a09, 0x3a09, 0x3a09, 0x3a09, 0x3a09, 0x3a09, 0x3a09, 0x3a09, 0x3a09, 0x3a09, 0x3a09, 0x3a09,
  0x3a09, 0x3a09, 0x424a, 0x424a, 0x424a, 0x424a, 0x424a, 0x424a, 0x4a8b, 0x4a8b, 0x4a8b, 0x4a8b,
  0x4a8b, 0x4a8b, 0x4a8b, 0x4a8b, 0x4a8b, 0x4a8b, 0x4a8b, 0x4a8b, 0x4a8b, 0x52cb, 0x52cb, 0x4a8b,
  0x52cb, 0x52cb, 0x52cb, 0x52cb, 0x52cb, 0x4a8b, 0x1905, 0x10e4, 0x10e4, 0x10e4, 0x10e4, 0x10e4,
  0x10e4, 0x10e4, 0x10e4, 0x10e4, 0x10e4, 0x10e4, 0x10e4, 0x10e4, 0x10e4, 0x10e4, 0x10e4, 0x10e4,
  0x10e4, 0x1105, 0x1105, 0x1105, 0x10e4, 0x1905, 0x1105, 0x1105, 0x1905, 0x1105, 0x1905, 0x1905,
  0x1905, 0x1905, 0x1905, 0x1905, 0x1905, 0x1905, 0x1905, 0x1905, 0x1905, 0x1905, 0x1905, 0x1925,
  0x1925, 0x1925, 0x1925, 0x1926, 0x1926, 0x1946, 0x1946, 0x1946, 0x1946, 0x1946, 0x1946, 0x1946,
  0x1946, 0x1967, 0x1946, 0x1967, 0x2166, 0x2167, 0x2167, 0x2167, 0x2167, 0x2187, 0x2187, 0x2187,
  0x2187, 0x2187, 0x2187, 0x2187, 0x2187, 0x2187, 0x2187, 0x2187, 0x2187, 0x21a8, 0x21a8, 0x21a8,
  0x21a8, 0x21a8, 0x21a8, 0x21a8, 0x21a8, 0x21a8, 0x21a8, 0x21a8, 0x2187, 0x2187, 0x2187, 0x2187,
  0x2187, 0x2187, 0x2187, 0x2187, 0x2187, 0x2167, 0x2167, 0x2167, 0x2167, 0x2167, 0x2167, 0x2167,
  0x2167, 0x1967, 0x1967, 0x1946, 0x1946, 0x1946, 0x1946, 0x1946, 0x1946, 0x1946, 0x1926, 0x1926,
  0x1926, 0x1925, 0x1925, 0x1925, 0x1925, 0x1926, 0x1925, 0x1925, 0x1925, 0x1925, 0x1905, 0x1905,
  0x1905, 0x1905, 0x1905, 0x1905, 0x1905, 0x1905, 0x1905, 0x1905, 0x1905, 0x1905, 0x1105, 0x1905,
  0x1905, 0x1905, 0x1905, 0x1905, 0x1905, 0x1905, 0x1905, 0x1105, 0x1105, 0x1105, 0x1905, 0x1905,
  0x1105, 0x1105, 0x1105, 0x10e4, 0x10e4, 0x10e4, 0x424a, 0x4a8b, 0x4a8b, 0x4a8b, 0x4a8b, 0x4a8b,
  0x4a8b, 0x4a8b, 0x4a8b, 0x4a8b, 0x4a8b, 0x4a8b, 0x4a8b, 0x4a8b, 0x4a8b, 0x4a8b, 0x4a8b, 0x4a8b,
  0x4a8b, 0x4a8b, 0x4a8b, 0x4a8b, 0x4a8b, 0x424a, 0x424a, 0x424a, 0x424a, 0x424a, 0x424a, 0x424a,
  0x424a, 0x424a, 0x3a09, 0x3a09, 0x3a09, 0x3a09, 0x3a09, 0x3a09, 0x3a09, 0x3a09, 0x3a09, 0x3a09,
  0x3a09, 0x3a09, 0x39e8, 0x39e8, 0x39e8, 0x39e8, 0x39e8, 0x39e8, 0x39e8, 0x39e8, 0x39e8, 0x39e8,
  0x39c7, 0x31e8, 0x52cb, 0x29a7, 0x2166, 0x2166, 0x2167, 0x2167, 0x2166, 0x2166, 0x2146, 0x2146,
  0x2145, 0x2145, 0x1925, 0x1925, 0x1925, 0x1905, 0x1905, 0x1905, 0x1905, 0x1905, 0x10e4, 0x10e4,
  0x10e4, 0x10e4, 0x10e4, 0x10e4, 0x10c4, 0x10e4, 0x10e4, 0x10e4, 0x10e4, 0x10e4, 0x10e4, 0x1105,
  0x1905, 0x1905, 0x1925, 0x1925, 0x2145, 0x2145, 0x2146, 0x2146, 0x2146, 0x2146, 0x2166, 0x2166,
  0x2166, 0x2166, 0x2166, 0x2166, 0x2166, 0x2166, 0x29a7, 0x4a8b, 0x4a8b, 0x4a8b, 0x4a8b, 0x4a8b,
  0x4a8b, 0x4a8b, 0x4a8b, 0x4a8b, 0x4a8b, 0x4a8b, 0x4a8b, 0x52cb, 0x52cb, 0x52cb, 0x52cb, 0x52cb,
  0x52cb, 0x52cb, 0x52cb, 0x52ed, 0x52ed, 0x52ed, 0x52ed, 0x52ed, 0x52ed, 0x532e, 0x532e, 0x532e,
  0x532e, 0x532e, 0x5b4e, 0x5b4e, 0x636f, 0x636f, 0x636f, 0x636f, 0x6bb0, 0x6bb0, 0x6bb0, 0x73f0,
  0x73f0, 0x73f0, 0x73f0, 0x6c11, 0x6c11, 0x6c11, 0x6c11, 0x6c11, 0x6c11, 0x7c31, 0x6c11, 0x6c11,
  0x6c11, 0x7c31, 0x5b4e, 0x10e4, 0x10e4, 0x10e4, 0x10e4, 0x10e4, 0x10e4, 0x10e4, 0x10e4, 0x10e4,
  0x10e4, 0x10e4, 0x10e4, 0x10e4, 0x10e4, 0x10e4, 0x10e4, 0x10e4, 0x10e4, 0x10e4, 0x10e4, 0x10e4,
  0x10e4, 0x10e4, 0x10e4, 0x10e4, 0x10e4, 0x10e4, 0x10e4, 0x10e4, 0x10e4, 0x1105, 0x10e4, 0x1105,
  0x1105, 0x1105, 0x1105, 0x1105, 0x1105, 0x1105, 0x1905, 0x1905, 0x1905, 0x1905, 0x1925, 0x1925,
  0x1925, 0x1925, 0x1925, 0x1925, 0x1925, 0x1926, 0x1926, 0x1926, 0x1926, 0x1926, 0x1946, 0x1946,
  0x1946, 0x1946, 0x1967, 0x1967, 0x1946, 0x1967, 0x2166, 0x1967, 0x1967, 0x2167, 0x2167, 0x2167,
  0x2167, 0x2167, 0x2167, 0x2187, 0x2187, 0x2187, 0x2187, 0x2187, 0x2187, 0x2187, 0x2187, 0x2187,
  0x2187, 0x2187, 0x2187, 0x2187, 0x2187, 0x2187, 0x2167, 0x2167, 0x2167, 0x1967, 0x2166, 0x1967,
  0x1946, 0x1967, 0x1967, 0x1967, 0x1967, 0x2166, 0x1967, 0x1946, 0x1946, 0x1946, 0x1946, 0x1946,
  0x1926, 0x1926, 0x1926, 0x1926, 0x1926, 0x1926, 0x1925, 0x1925, 0x1925, 0x1905, 0x1905, 0x1905,
  0x1905, 0x1905, 0x1905, 0x1905, 0x1905, 0x1905, 0x1905, 0x1105, 0x1105, 0x1105, 0x1105, 0x1105,
  0x1105, 0x1105, 0x1105, 0x1105, 0x1105, 0x10e4, 0x1105, 0x1105, 0x1105, 0x1105, 0x1105, 0x10e4,
  0x1105, 0x10e4, 0x10e4, 0x10e4, 0x10e4, 0x10e4, 0x10e4, 0x10e4, 0x1105, 0x10e4, 0x10e4, 0x10e4,
  0x10e4, 0x5b4e, 0x7c31, 0x6c11, 0x6c11, 0x6c11, 0x6c11, 0x6c11, 0x6c11, 0x6c11, 0x6c11, 0x6c11,
  0x6c11, 0x73f0, 0x73f0, 0x73f0, 0x73f0, 0x73f0, 0x73f0, 0x6bb0, 0x6bb0, 0x6bb0, 0x6bb0, 0x636f,
  0x636f, 0x636f, 0x5b4e, 0x5b4e, 0x5b4e, 0x5b4e, 0x532e, 0x532e, 0x532e, 0x532e, 0x52ed, 0x52ed,
  0x52ed, 0x52ed, 0x52cb, 0x52cb, 0x52cb, 0x52cb, 0x52cb, 0x52cb, 0x52cb, 0x52cb, 0x52cb, 0x4a8b,
  0x4a8b, 0x4a8b, 0x4a8b, 0x4a8b, 0x4a8b, 0x4a8b, 0x4a8b, 0x4a8b, 0x4a8b, 0x4a8b, 0x29a7, 0x2166,
  0x2167, 0x2166, 0x2166, 0x2166, 0x2166, 0x2146, 0x2146, 0x1946, 0x2146, 0x2145, 0x1925, 0x1925,
  0x1925, 0x1905, 0x1905, 0x1905, 0x1905, 0x1905, 0x10e4, 0x10e4, 0x10e4, 0x10e4, 0x10e4, 0x10c4,
  0x10c4, 0x10e4, 0x10e4, 0x10e4, 0x10e4, 0x1905, 0x1905, 0x1905, 0x1905, 0x1905, 0x1925, 0x1925,
  0x1925, 0x2145, 0x2146, 0x1946, 0x2146, 0x2166, 0x2166, 0x2146, 0x2166, 0x2166, 0x2166, 0x2166,
  0x2166, 0x2166, 0x2166, 0x2167, 0x2166, 0x2167, 0x2167, 0x2987, 0x2987, 0x2987, 0x2987, 0x2987,
  0x2987, 0x2987, 0x29a7, 0x2187, 0x2987, 0x29a7, 0x29a7, 0x29a7, 0x29a7, 0x29c8, 0x29a7, 0x29c8,
  0x29c8, 0x29c8, 0x29c8, 0x29c8, 0x29c8, 0x29c8, 0x31e8, 0x31e8, 0x31e9, 0x31e9, 0x31e9, 0x322a,
  0x322a, 0x322a, 0x322a, 0x3a4b, 0x3a4b, 0x428b, 0x428b, 0x428b, 0x428b, 0x428b, 0x42ac, 0x42ac,
  0x42ac, 0x42ac, 0x4acd, 0x4acd, 0x4acd, 0x4acd, 0x52ed, 0x52ed, 0x4acd, 0x4acd, 0x636f, 0x6bb0,
  0x5b4e, 0x5b4e, 0x5b4e, 0x5b4e, 0x5b4e, 0x5b0c, 0x5b4e, 0x5b4e, 0x5b4e, 0x5b0c, 0x5b0c, 0x5b0c,
  0x5b0c, 0x5b0c, 0x5b0c, 0x5b0c, 0x5b0c, 0x5b0c, 0x5b0c, 0x5b4e, 0x5b4e, 0x5b4e, 0x5b4e, 0x5b4e,
  0x5b4e, 0x5b4e, 0x5b4e, 0x5b4e, 0x5b4e, 0x5b4e, 0x5b4e, 0x5b4e, 0x5b4e, 0x5b4e, 0x636f, 0x6bb0,
  0x6bb0, 0x6bb0, 0x6bb0, 0x6bb0, 0x6bb0, 0x6bb0, 0x6bb0, 0x6bb0, 0x6bb0, 0x6bb0, 0x73f0, 0x73f0,
  0x73f0, 0x73f0, 0x73f0, 0x73f0, 0x7c31, 0x7c31, 0x7c31, 0x7c31, 0x7c31, 0x7c31, 0x7c31, 0x7c31,
  0x7c31, 0x7c31, 0x7c52, 0x7c52, 0x7c52, 0x7c52, 0x7c52, 0x7c52, 0x7c52, 0x7c52, 0x7c52, 0x7c52,
  0x7c52, 0x7c52, 0x7c52, 0x7c52, 0x7c52, 0x7c52, 0x7c52, 0x7c52, 0x7c52, 0x7c52, 0x7c52, 0x7c52,
  0x7c52, 0x7c52, 0x7c52, 0x7c52, 0x7c52, 0x7c31, 0x7c31, 0x7c52, 0x7c31, 0x7c31, 0x7c31, 0x7c31,
  0x7c31, 0x7c31, 0x7c31, 0x7c31, 0x7c31, 0x7c31, 0x73f0, 0x73f0, 0x73f0, 0x73f0, 0x73f0, 0x6bb0,
  0x6bb0, 0x6bb0, 0x6bb0, 0x6bb0, 0x6bb0, 0x6bb0, 0x6bb0, 0x636f, 0x636f, 0x636f, 0x636f, 0x636f,
  0x5b4e, 0x5b4e, 0x5b4e, 0x5b4e, 0x5b4e, 0x5b4e, 0x5b4e, 0x5b4e, 0x5b0c, 0x5b4e, 0x5b0c, 0x5b0c,
  0x5b4e, 0x5b4e, 0x5b4e, 0x5b4e, 0x5b4e, 0x5b0c, 0x5b4e, 0x5b4e, 0x5b0c, 0x5b0c, 0x5b4e, 0x5b4e,
  0x5b4e, 0x5b4e, 0x5b4e, 0x5b4e, 0x5b4e, 0x5b4e, 0x5b4e, 0x5b4e, 0x636f, 0x636f, 0x42ac, 0x4acd,
  0x52ed, 0x4acd, 0x4acd, 0x4acd, 0x4acd, 0x4acd, 0x4acd, 0x4acd, 0x4acd, 0x42ac, 0x42ac, 0x42ac,
  0x42ac, 0x428b, 0x428b, 0x428b, 0x428b, 0x3a4b, 0x3a4b, 0x3a4b, 0x3a4b, 0x322a, 0x322a, 0x31e9,
  0x31e9, 0x31e9, 0x31e9, 0x31e9, 0x29c8, 0x29c8, 0x31e8, 0x29c8, 0x29c8, 0x29c8, 0x29a7, 0x29a7,
  0x29a7, 0x29a7, 0x2987, 0x2987, 0x2987, 0x2987, 0x2987, 0x2987, 0x2167, 0x2167, 0x2167, 0x2167,
  0x2167, 0x2167, 0x2167, 0x2167, 0x2167, 0x2166, 0x2166, 0x2166, 0x2167, 0x2167, 0x2166, 0x2166,
  0x1946, 0x1946, 0x2145, 0x1946, 0x1946, 0x2146, 0x1925, 0x1925, 0x1925, 0x1925, 0x1925, 0x1905,
  0x1905, 0x10e4, 0x10e4, 0x10e4, 0x10e4, 0x10e4, 0x10e4, 0x10a3, 0x10c4, 0x10e4, 0x10e4, 0x10e4,
  0x10e4, 0x10e4, 0x1905, 0x1905, 0x1905, 0x1905, 0x1925, 0x1925, 0x1925, 0x2145, 0x2145, 0x2146,
  0x2146, 0x2146, 0x2166, 0x2166, 0x2166, 0x2166, 0x2166, 0x2166, 0x2166, 0x2166, 0x2166, 0x2167,
  0x2167, 0x2167, 0x2167, 0x2167, 0x2167, 0x2167, 0x2987, 0x2167, 0x2167, 0x2987, 0x2987, 0x2187,
  0x2187, 0x29a7, 0x2987, 0x29a7, 0x29a7, 0x29a7, 0x29a7, 0x29a7, 0x2187, 0x29a7, 0x29a7, 0x29a7,
  0x29a7, 0x29c8, 0x29c8, 0x31e8, 0x31e8, 0x31e9, 0x31e9, 0x31e9, 0x322a, 0x322a, 0x322a, 0x322a,
  0x3a4b, 0x3a4b, 0x3a4b, 0x428b, 0x428b, 0x428b, 0x42ac, 0x42ac, 0x42ac, 0x4acd, 0x4acd, 0x4acd,
  0x4acd, 0x4acd, 0x4acd, 0x4acd, 0x4acd, 0x4acd, 0x42ac, 0x52ed, 0x532e, 0x532e, 0x52ed, 0x52ed,
  0x52ed, 0x52ed, 0x52ed, 0x52ed, 0x52ed, 0x52ed, 0x52ed, 0x52ed, 0x52ed, 0x52ed, 0x52ed, 0x52ed,
  0x52ed, 0x4acd, 0x4acd, 0x4acd, 0x4acd, 0x4acd, 0x4acd, 0x4acd, 0x4acd, 0x4acd, 0x52ed, 0x52ed,
  0x52ed, 0x52ed, 0x52ed, 0x52ed, 0x52ed, 0x532e, 0x532e, 0x532e, 0x5b4e, 0x5b4e, 0x5b4e, 0x5b4e,
  0x636f, 0x636f, 0x636f, 0x636f, 0x636f, 0x6bb0, 0x6bb0, 0x6bb0, 0x6bb0, 0x6bb0, 0x73f0, 0x73f0,
  0x73f0, 0x73f0, 0x6c11, 0x6c11, 0x6c11, 0x7c31, 0x7c31, 0x7c31, 0x7c31, 0x7c31, 0x7c31, 0x7c52,
  0x7c52, 0x7c52, 0x7c52, 0x8493, 0x8493, 0x8493, 0x8493, 0x8493, 0x8493, 0x8cd4, 0x8cd4, 0x8cd4,
  0x8cd4, 0x8cd4, 0x8cd4, 0x8cd4, 0x8cd4, 0x8cd4, 0x8cd4, 0x8493, 0x8493, 0x8493, 0x8493, 0x8493,
  0x8493, 0x8493, 0x8493, 0x8493, 0x7c52, 0x7c52, 0x7c52, 0x7c52, 0x7c31, 0x7c31, 0x7c31, 0x7c31,
  0x6c11, 0x73f0, 0x73f0, 0x73f0, 0x6bb0, 0x6bb0, 0x6bb0, 0x6bb0, 0x636f, 0x636f, 0x636f, 0x636f,
  0x5b4e, 0x5b4e, 0x532e, 0x532e, 0x532e, 0x532e, 0x532e, 0x52ed, 0x52ed, 0x52ed, 0x52ed, 0x52ed,
  0x52ed, 0x52ed, 0x52ed, 0x52ed, 0x52ed, 0x52ed, 0x52ed, 0x4acd, 0x52ed, 0x52ed, 0x52ed, 0x52ed,
  0x52ed, 0x52ed, 0x52ed, 0x52ed, 0x52ed, 0x532e, 0x532e, 0x532e, 0x532e, 0x532e, 0x532e, 0x532e,
  0x532e, 0x532e, 0x532e, 0x532e, 0x52ed, 0x42ac, 0x42ac, 0x4acd, 0x4acd, 0x4acd, 0x4acd, 0x4acd,
  0x4acd, 0x4acd, 0x4acd, 0x4acd, 0x4acd, 0x4acd, 0x42ac, 0x42ac, 0x42ac, 0x428b, 0x428b, 0x428b,
  0x3a4b, 0x3a4b, 0x3a4b, 0x322a, 0x322a, 0x322a, 0x31e9, 0x31e9, 0x31e9, 0x31e9, 0x31e9, 0x29c8,
  0x29c8, 0x29c8, 0x29c8, 0x29a7, 0x29a7, 0x29a7, 0x29a7, 0x29a7, 0x2987, 0x29a7, 0x2187, 0x2187,
  0x2167, 0x2987, 0x2987, 0x2167, 0x2167, 0x2167, 0x2167, 0x2166, 0x2167, 0x2167, 0x2167, 0x2166,
  0x2167, 0x2167, 0x2166, 0x2166, 0x2166, 0x2166, 0x2166, 0x2146, 0x1946, 0x1946, 0x1946, 0x1946,
  0x1946, 0x1926, 0x1925, 0x1925, 0x1905, 0x1905, 0x1905, 0x1905, 0x10e4, 0x10e4, 0x10e4, 0x10e4,
  0x10e4, 0x10e4, 0x10e4, 0x10c4, 0x10c4, 0x10e4, 0x1905, 0x1925, 0x2145, 0x2145, 0x2145, 0x2146,
  0x2146, 0x2146, 0x2146, 0x2146, 0x2166, 0x2966, 0x2966, 0x2966, 0x2966, 0x2966, 0x2966, 0x2966,
  0x2987, 0x2987, 0x2987, 0x2987, 0x2987, 0x2987, 0x29a7, 0x31a7, 0x29a7, 0x2987, 0x31a7, 0x29a7,
  0x31a7, 0x31a7, 0x31a7, 0x31a7, 0x31a7, 0x31a7, 0x31a7, 0x31a7, 0x31a7, 0x31a7, 0x31e8, 0x31e8,
  0x31e8, 0x31e8, 0x31e8, 0x31e8, 0x31e8, 0x31e8, 0x31e8, 0x31e8, 0x31e8, 0x3a09, 0x3a09, 0x3a09,
  0x3a09, 0x3a09, 0x3a09, 0x3a09, 0x424a, 0x424a, 0x424a, 0x3a4b, 0x424a, 0x3a4b, 0x3a4b, 0x3a4b,
  0x428b, 0x428b, 0x42ac, 0x42ac, 0x42ac, 0x42ac, 0x42ac, 0x42ac, 0x42ac, 0x42ac, 0x42ac, 0x42ac,
  0x42ac, 0x42ac, 0x4acd, 0x4acd, 0x42ac, 0x4acd, 0x4acd, 0x42ac, 0x42ac, 0x42ac, 0x42ac, 0x42ac,
  0x42ac, 0x42ac, 0x42ac, 0x42ac, 0x4a8b, 0x42ac, 0x42ac, 0x42ac, 0x42ac, 0x42ac, 0x4a8b, 0x4a8b,
  0x42ac, 0x42ac, 0x42ac, 0x42ac, 0x4acd, 0x4acd, 0x4acd, 0x4acd, 0x4acd, 0x52ed, 0x4acd, 0x52ed,
  0x52ed, 0x52ed, 0x52ed, 0x532e, 0x532e, 0x532e, 0x532e, 0x5b4e, 0x5b4e, 0x5b4e, 0x5b4e, 0x5b4e,
  0x5b4e, 0x636f, 0x636f, 0x636f, 0x636f, 0x6bb0, 0x636f, 0x6bb0, 0x6bb0, 0x6bb0, 0x6bb0, 0x6bb0,
  0x6bb0, 0x73f0, 0x73f0, 0x73f0, 0x6c11, 0x6c11, 0x6c11, 0x6c11, 0x6c11, 0x7c31, 0x7c31, 0x7c31,
  0x7c31, 0x7c31, 0x7c52, 0x7c52, 0x7c52, 0x7c52, 0x7c52, 0x7c52, 0x7c52, 0x7c52, 0x8493, 0x7c52,
  0x7c52, 0x7c52, 0x7c52, 0x7c52, 0x7c52, 0x7c52, 0x7c52, 0x7c52, 0x7c31, 0x7c31, 0x7c31, 0x7c31,
  0x6c11, 0x6c11, 0x6c11, 0x6c11, 0x73f0, 0x73f0, 0x73f0, 0x73f0, 0x73f0, 0x6bb0, 0x6bb0, 0x6bb0,
  0x6bb0, 0x6bb0, 0x6bb0, 0x636f, 0x636f, 0x636f, 0x636f, 0x636f, 0x5b4e, 0x5b4e, 0x5b4e, 0x532e,
  0x532e, 0x532e, 0x532e, 0x532e, 0x532e, 0x52ed, 0x52ed, 0x52ed, 0x52ed, 0x52ed, 0x52ed, 0x52ed,
  0x52ed, 0x52ed, 0x52ed, 0x4acd, 0x52cb, 0x4acd, 0x4acd, 0x52cb, 0x42ac, 0x42ac, 0x52cb, 0x52cb,
  0x4acd, 0x42ac, 0x42ac, 0x42ac, 0x42ac, 0x42ac, 0x42ac, 0x42ac, 0x4acd, 0x4acd, 0x4acd, 0x4acd,
  0x42ac, 0x42ac, 0x42ac, 0x42ac, 0x42ac, 0x42ac, 0x42ac, 0x42ac, 0x42ac, 0x42ac, 0x4acd, 0x42ac,
  0x42ac, 0x42ac, 0x42ac, 0x428b, 0x428b, 0x428b, 0x3a4b, 0x3a4b, 0x3a4b, 0x424a, 0x424a, 0x424a,
  0x424a, 0x424a, 0x3a09, 0x3a09, 0x3a09, 0x3a09, 0x3a09, 0x3a09, 0x3a09, 0x3a09, 0x31e8, 0x31e8,
  0x31e8, 0x31e8, 0x31e8, 0x31e8, 0x31e8, 0x31e8, 0x31e8, 0x31e8, 0x31a7, 0x31a7, 0x31a7, 0x29a7,
  0x29a7, 0x31a7, 0x29a7, 0x29a7, 0x31a7, 0x29a7, 0x31a7, 0x29a7, 0x31a7, 0x31a7, 0x31a7, 0x29a7,
  0x29a7, 0x2987, 0x2987, 0x2987, 0x2987, 0x2987, 0x2966, 0x2966, 0x2966, 0x2966, 0x2966, 0x2966,
  0x2146, 0x2146, 0x2145, 0x2145, 0x2145, 0x2145, 0x2145, 0x2145, 0x2145, 0x10e4, 0x10e4, 0x10c4,
  0x0862, 0x0862, 0x0882, 0x0062, 0x0041, 0x0041, 0x0041, 0x0041, 0x0062, 0x0062, 0x0062, 0x0062,
  0x0062, 0x0062, 0x0862, 0x0862, 0x0062, 0x0082, 0x0082, 0x0862, 0x0082, 0x0862, 0x0862, 0x0862,
  0x0883, 0x0883, 0x08a3, 0x08a3, 0x08a3, 0x08a3, 0x08a3, 0x10c4, 0x10a3, 0x10c4, 0x10c4, 0x08a4,
  0x10c4, 0x10c4, 0x10c4, 0x10c4, 0x10e4, 0x10e4, 0x10e4, 0x10e4, 0x10e4, 0x1105, 0x1105, 0x1105,
  0x1105, 0x1925, 0x1925, 0x1925, 0x1925, 0x1925, 0x1925, 0x1925, 0x1925, 0x1925, 0x1925, 0x1926,
  0x1926, 0x1925, 0x1925, 0x1926, 0x1946, 0x1946, 0x1946, 0x1946, 0x1946, 0x1946, 0x1946, 0x1946,
  0x2166, 0x2166, 0x2166, 0x2167, 0x2187, 0x2187, 0x21a8, 0x31e8, 0x31a7, 0x29a7, 0x2987, 0x29a7,
  0x29a7, 0x29a7, 0x29a7, 0x29a7, 0x31a7, 0x31a7, 0x31a7, 0x31a7, 0x31a7, 0x31a7, 0x31e8, 0x31e8,
  0x31a7, 0x31e8, 0x31e8, 0x322a, 0x3a09, 0x31a7, 0x31e8, 0x31e8, 0x31a7, 0x31a7, 0x31e8, 0x39e8,
  0x3a09, 0x3a09, 0x3a09, 0x3a09, 0x3a09, 0x3a09, 0x3a09, 0x3a09, 0x424a, 0x424a, 0x424a, 0x424a,
  0x424a, 0x424a, 0x424a, 0x424a, 0x4a8b, 0x4a8b, 0x424a, 0x4a8b, 0x4a8b, 0x424a, 0x424a, 0x424a,
  0x4a8b, 0x4a8b, 0x424a, 0x424a, 0x4a8b, 0x4a8b, 0x4a8b, 0x52cb, 0x52cb, 0x52cb, 0x52cb, 0x52cb,
  0x52cb, 0x52cb, 0x52cb, 0x52cb, 0x52cb, 0x52cb, 0x52ed, 0x5b0c, 0x5b0c, 0x5b0c, 0x5b0c, 0x5b0c,
  0x5b4e, 0x6bb0, 0x6b4d, 0x636f, 0x636f, 0x5b4e, 0x5b0c, 0x5b0c, 0x5b0c, 0x5b4e, 0x5b4e, 0x5b4e,
  0x5b0c, 0x5b0c, 0x52ed, 0x52cb, 0x52cb, 0x52cb, 0x52cb, 0x52cb, 0x52cb, 0x52cb, 0x52cb, 0x52cb,
  0x52cb, 0x4a8b, 0x4a8b, 0x4a8b, 0x4a8b, 0x4a8b, 0x4a8b, 0x4a8b, 0x424a, 0x424a, 0x424a, 0x424a,
  0x424a, 0x424a, 0x424a, 0x424a, 0x424a, 0x3a09, 0x3a09, 0x3a09, 0x3a09, 0x3a09, 0x3a09, 0x3a09,
  0x3a09, 0x3a09, 0x3a09, 0x3a09, 0x31e8, 0x31e8, 0x31e8, 0x31e8, 0x31e8, 0x31e8, 0x31e9, 0x3a09,
  0x3a09, 0x3a09, 0x3a09, 0x31e8, 0x31a7, 0x29a7, 0x29a7, 0x31a7, 0x31a7, 0x29a7, 0x2987, 0x2987,
  0x2987, 0x2167, 0x2167, 0x2167, 0x2166, 0x2167, 0x2167, 0x2167, 0x2167, 0x29a7, 0x31e8, 0x31e8,
  0x2167, 0x2167, 0x2166, 0x2166, 0x2166, 0x2166, 0x2166, 0x1946, 0x1946, 0x1946, 0x1946, 0x1946,
  0x1946, 0x1946, 0x1946, 0x1926, 0x1926, 0x1926, 0x1925, 0x1925, 0x1925, 0x1925, 0x1926, 0x1926,
  0x1925, 0x1925, 0x1926, 0x1926, 0x1925, 0x1925, 0x1925, 0x1925, 0x1905, 0x1905, 0x1905, 0x1905,
  0x1905, 0x1925, 0x1925, 0x1925, 0x1905, 0x1925, 0x1925, 0x1925, 0x1105, 0x10e4, 0x10e4, 0x10e4,
  0x10c4, 0x10c4, 0x10c4, 0x10c4, 0x10c4, 0x08a3, 0x08a3, 0x08a3, 0x08a3, 0x08a3, 0x0883, 0x0883,
  0x0883, 0x0082, 0x0082, 0x0862, 0x0082, 0x0082, 0x0082, 0x0062, 0x0062, 0x0062, 0x0062, 0x0062,
  0x0062, 0x0062, 0x0062, 0x0062, 0x0862, 0x0883, 0x0862, 0x0882, 0x0041, 0x0000, 0x0021, 0x0021,
  0x0021, 0x0000, 0x0021, 0x0021, 0x0021, 0x0021, 0x0021, 0x0021, 0x0021, 0x0021, 0x0021, 0x0021,
  0x0021, 0x0021, 0x0021, 0x0021, 0x0021, 0x0021, 0x0021, 0x0021, 0x0021, 0x0021, 0x0021, 0x0021,
  0x0021, 0x0021, 0x0021, 0x0021, 0x0021, 0x0021, 0x0021, 0x0021, 0x0021, 0x0021, 0x0021, 0x0021,
  0x0021, 0x0021, 0x0021, 0x0021, 0x0021, 0x0021, 0x0021, 0x0041, 0x0041, 0x0041, 0x0042, 0x0041,
  0x0041, 0x0041, 0x0041, 0x0041, 0x0041, 0x0041, 0x0041, 0x0041, 0x0041, 0x0041, 0x0041, 0x0041,
  0x0062, 0x0062, 0x0062, 0x0062, 0x0062, 0x0062, 0x0062, 0x0062, 0x0062, 0x0062, 0x0062, 0x0062,
  0x0062, 0x0062, 0x0062, 0x0062, 0x0062, 0x0862, 0x0082, 0x0862, 0x0862, 0x0862, 0x0082, 0x0862,
  0x0882, 0x0882, 0x0882, 0x0882, 0x0882, 0x0883, 0x0882, 0x0883, 0x0883, 0x0883, 0x0883, 0x08a3,
  0x08a3, 0x0882, 0x0882, 0x0882, 0x0882, 0x0882, 0x0882, 0x0882, 0x08a3, 0x10a3, 0x10a3, 0x10a3,
  0x10a3, 0x10a3, 0x08a3, 0x10a3, 0x10a3, 0x10c4, 0x10c4, 0x10c4, 0x10c4, 0x10a3, 0x10a3, 0x10c4,
  0x10c4, 0x10c4, 0x10c4, 0x10c4, 0x10c4, 0x10a3, 0x10a3, 0x10c4, 0x10c4, 0x10c4, 0x10c4, 0x10c4,
  0x10c4, 0x18e4, 0x18e4, 0x18e4, 0x18e4, 0x18e4, 0x18e4, 0x18e4, 0x18e4, 0x18e4, 0x18e4, 0x18e4,
  0x18e4, 0x18e4, 0x1904, 0x2125, 0x2125, 0x1904, 0x1904, 0x2125, 0x2125, 0x2145, 0x2125, 0x2125,
  0x2145, 0x2125, 0x2125, 0x2125, 0x2125, 0x2125, 0x2125, 0x2125, 0x2125, 0x1904, 0x1904, 0x1904,
  0x18e4, 0x18e4, 0x18e4, 0x18e4, 0x18e4, 0x18e4, 0x18e4, 0x18e4, 0x18e4, 0x18e4, 0x18e4, 0x10c4,
  0x10c4, 0x18e4, 0x10c4, 0x10c4, 0x10a3, 0x10c4, 0x10c4, 0x10a3, 0x10a3, 0x10a3, 0x10a3, 0x10c4,
  0x10a3, 0x10a3, 0x08a3, 0x08a3, 0x08a3, 0x08a3, 0x0882, 0x08a3, 0x08a3, 0x08a3, 0x0882, 0x0882,
  0x0882, 0x08a3, 0x08a3, 0x08a3, 0x0882, 0x0882, 0x08a3, 0x08a3, 0x08a3, 0x0882, 0x0882, 0x0882,
  0x0882, 0x0862, 0x0862, 0x0882, 0x0882, 0x0862, 0x0862, 0x0862, 0x0862, 0x0062, 0x0062, 0x0062,
  0x0062, 0x0062, 0x0062, 0x0062, 0x0062, 0x0082, 0x0882, 0x0862, 0x0062, 0x0062, 0x0062, 0x0062,
  0x0062, 0x0062, 0x0062, 0x0062, 0x0062, 0x0062, 0x0062, 0x0062, 0x0062, 0x0062, 0x0062, 0x0062,
  0x0062, 0x0062, 0x0041, 0x0041, 0x0041, 0x0041, 0x0041, 0x0062, 0x0062, 0x0042, 0x0062, 0x0062,
  0x0062, 0x0041, 0x0041, 0x0021, 0x0021, 0x0041, 0x0041, 0x0021, 0x0041, 0x0041, 0x0041, 0x0041,
  0x0021, 0x0021, 0x0041, 0x0041, 0x0021, 0x0021, 0x0021, 0x0021, 0x0021, 0x0021, 0x0021, 0x0021,
  0x0021, 0x0021, 0x0021, 0x0021, 0x0021, 0x0021, 0x0021, 0x0021, 0x0021, 0x0021, 0x0021, 0x0021,
  0x0021, 0x0021, 0x0021, 0x0021, 0x0021, 0x0021, 0x0000, 0x0021, 0x0021, 0x0000, 0x0000, 0x0021,
  0x0021, 0x0021, 0x0021, 0x0882, 0x0041, 0x0021, 0x0021, 0x0021, 0x0000, 0x0021, 0x0021, 0x0021,
  0x0021, 0x0021, 0x0021, 0x0021, 0x0021, 0x0021, 0x0021, 0x0021, 0x0021, 0x0021, 0x0021, 0x0021,
  0x0021, 0x0021, 0x0021, 0x0021, 0x0021, 0x0021, 0x0021, 0x0000, 0x0021, 0x0021, 0x0021, 0x0021,
  0x0021, 0x0021, 0x0021, 0x0021, 0x0021, 0x0021, 0x0021, 0x0021, 0x0021, 0x0021, 0x0021, 0x0021,
  0x0021, 0x0021, 0x0021, 0x0021, 0x0021, 0x0021, 0x0021, 0x0021, 0x0000, 0x0021, 0x0021, 0x0021,
  0x0021, 0x0021, 0x0021, 0x0021, 0x0021, 0x0021, 0x0021, 0x0000, 0x0021, 0x0000, 0x0021, 0x0000,
  0x0000, 0x0021, 0x0021, 0x0000, 0x0021, 0x0021, 0x0021, 0x0021, 0x0021, 0x0021, 0x0021, 0x0000,
  0x0001, 0x0021, 0x0021, 0x0000, 0x0001, 0x0000, 0x0000, 0x0000, 0x0000, 0x0000, 0x0021, 0x0021,
  0x0001, 0x0000, 0x0021, 0x0001, 0x0001, 0x0000, 0x0000, 0x0000, 0x0000, 0x0021, 0x0021, 0x0021,
  0x0021, 0x0000, 0x0021, 0x0000, 0x0001, 0x0001, 0x0021, 0x0021, 0x0021, 0x0021, 0x0021, 0x0001,
  0x0021, 0x0021, 0x0000, 0x0000, 0x0001, 0x0000, 0x0000, 0x0000, 0x0000, 0x0001, 0x0001, 0x0000,
  0x0021, 0x0000, 0x0021, 0x0000, 0x0000, 0x0021, 0x0001, 0x0001, 0x0021, 0x0021, 0x0021, 0x0021,
  0x0021, 0x0001, 0x0000, 0x0000, 0x0000, 0x0000, 0x0000, 0x0000, 0x0000, 0x0001, 0x0000, 0x0000,
  0x0021, 0x0021, 0x0021, 0x0021, 0x0021, 0x0021, 0x0021, 0x0021, 0x0021, 0x0021, 0x0021, 0x0021,
  0x0021, 0x0021, 0x0021, 0x0021, 0x0021, 0x0021, 0x0021, 0x0021, 0x0021, 0x0021, 0x0021, 0x0000,
  0x0000, 0x0021, 0x0001, 0x0001, 0x0000, 0x0000, 0x0000, 0x0000, 0x0021, 0x0021, 0x0021, 0x0021,
  0x0000, 0x0021, 0x0021, 0x0001, 0x0001, 0x0021, 0x0021, 0x0021, 0x0021, 0x0021, 0x0021, 0x0021,
  0x0021, 0x0021, 0x0000, 0x0021, 0x0000, 0x0000, 0x0000, 0x0000, 0x0021, 0x0021, 0x0000, 0x0000,
  0x0000, 0x0000, 0x0000, 0x0021, 0x0021, 0x0021, 0x0000, 0x0000, 0x0000, 0x0000, 0x0001, 0x0000,
  0x0000, 0x0000, 0x0021, 0x0021, 0x0021, 0x0021, 0x0021, 0x0021, 0x0021, 0x0000, 0x0000, 0x0001,
  0x0000, 0x0000, 0x0001, 0x0000, 0x0021, 0x0021, 0x0021, 0x0021, 0x0021, 0x0021, 0x0021, 0x0021,
  0x0021, 0x0021, 0x0021, 0x0021, 0x0021, 0x0021, 0x0021, 0x0021, 0x0021, 0x0021, 0x0021, 0x0021,
  0x0021, 0x0021, 0x0021, 0x0021, 0x0021, 0x0021, 0x0021, 0x0021, 0x0021, 0x0021, 0x0021, 0x0021,
  0x0021, 0x0021, 0x0021, 0x0021, 0x0021, 0x0021, 0x0021, 0x0021, 0x0021, 0x0021, 0x0021, 0x0021,
  0x0021, 0x0021, 0x0021, 0x0021, 0x0021, 0x0021, 0x0001, 0x0021, 0x0021, 0x0021, 0x0021, 0x0021,
  0x0021, 0x0021, 0x0021, 0x0021, 0x0021, 0x0000, 0x0021, 0x0000, 0x0021, 0x0021, 0x0000, 0x0021,
  0x0021, 0x0021, 0x0021, 0x0021, 0x0021, 0x0021, 0x0021, 0x0021, 0x0021, 0x0000, 0x0001, 0x0882,
  0x0041, 0x0000, 0x0021, 0x0021, 0x0021, 0x0021, 0x0021, 0x0021, 0x0021, 0x0021, 0x0021, 0x0021,
  0x0021, 0x0021, 0x0021, 0x0021, 0x0021, 0x0021, 0x0021, 0x0021, 0x0021, 0x0021, 0x0021, 0x0021,
  0x0021, 0x0021, 0x0021, 0x0021, 0x0021, 0x0021, 0x0021, 0x0021, 0x0021, 0x0021, 0x0021, 0x0021,
  0x0021, 0x0021, 0x0000, 0x0021, 0x0021, 0x0021, 0x0021, 0x0021, 0x0021, 0x0000, 0x0021, 0x0021,
  0x0021, 0x0000, 0x0000, 0x0000, 0x0000, 0x0021, 0x0021, 0x0021, 0x0021, 0x0021, 0x0021, 0x0021,
  0x0021, 0x0021, 0x0021, 0x0021, 0x0021, 0x0021, 0x0021, 0x0021, 0x0000, 0x0021, 0x0021, 0x0021,
  0x0021, 0x0021, 0x0021, 0x0021, 0x0000, 0x0000, 0x0000, 0x0000, 0x0001, 0x0021, 0x0021, 0x0000,
  0x0000, 0x0000, 0x0000, 0x0000, 0x0000, 0x0000, 0x0001, 0x0000, 0x0000, 0x0000, 0x0000, 0x0021,
  0x0000, 0x0001, 0x0000, 0x0000, 0x0000, 0x0000, 0x0001, 0x0000, 0x0000, 0x0000, 0x0000, 0x0000,
  0x0000, 0x0000, 0x0000, 0x0021, 0x0000, 0x0000, 0x0021, 0x0021, 0x0021, 0x0021, 0x0000, 0x0000,
  0x0000, 0x0000, 0x0000, 0x0000, 0x0000, 0x0000, 0x0001, 0x0000, 0x0000, 0x0000, 0x0000, 0x0000,
  0x0001, 0x0021, 0x0001, 0x0001, 0x0021, 0x0021, 0x0021, 0x0021, 0x0001, 0x0021, 0x0000, 0x0001,
  0x0000, 0x0000, 0x0000, 0x0000, 0x0000, 0x0001, 0x0000, 0x0000, 0x0001, 0x0021, 0x0021, 0x0021,
  0x0021, 0x0021, 0x0021, 0x0021, 0x0021, 0x0021, 0x0021, 0x0021, 0x0021, 0x0021, 0x0001, 0x0021,
  0x0021, 0x0021, 0x0021, 0x0021, 0x0021, 0x0000, 0x0021, 0x0021, 0x0001, 0x0021, 0x0000, 0x0000,
  0x0021, 0x0021, 0x0021, 0x0001, 0x0000, 0x0000, 0x0000, 0x0021, 0x0000, 0x0000, 0x0021, 0x0000,
  0x0000, 0x0000, 0x0000, 0x0000, 0x0021, 0x0001, 0x0001, 0x0000, 0x0000, 0x0000, 0x0000, 0x0021,
  0x0021, 0x0021, 0x0000, 0x0000, 0x0000, 0x0000, 0x0000, 0x0000, 0x0000, 0x0000, 0x0000, 0x0000,
  0x0021, 0x0021, 0x0021, 0x0000, 0x0000, 0x0021, 0x0000, 0x0000, 0x0000, 0x0000, 0x0021, 0x0021,
  0x0000, 0x0000, 0x0021, 0x0021, 0x0021, 0x0000, 0x0000, 0x0000, 0x0021, 0x0021, 0x0000, 0x0000,
  0x0000, 0x0000, 0x0021, 0x0021, 0x0021, 0x0021, 0x0021, 0x0021, 0x0021, 0x0021, 0x0021, 0x0021,
  0x0021, 0x0021, 0x0021, 0x0021, 0x0021, 0x0021, 0x0021, 0x0021, 0x0021, 0x0021, 0x0021, 0x0021,
  0x0021, 0x0021, 0x0000, 0x0001, 0x0021, 0x0021, 0x0021, 0x0021, 0x0021, 0x0021, 0x0021, 0x0021,
  0x0021, 0x0021, 0x0021, 0x0021, 0x0021, 0x0021, 0x0021, 0x0021, 0x0021, 0x0001, 0x0021, 0x0021,
  0x0021, 0x0021, 0x0000, 0x0021, 0x0021, 0x0021, 0x0021, 0x0021, 0x0021, 0x0021, 0x0021, 0x0021,
  0x0021, 0x0021, 0x0021, 0x0021, 0x0021, 0x0021, 0x0021, 0x0021, 0x0000, 0x0000, 0x0000, 0x0021,
  0x0021, 0x0021, 0x0021, 0x0021, 0x0000, 0x0021, 0x0021, 0x0882, 0x0062, 0x0000, 0x0000, 0x0021,
  0x0021, 0x0021, 0x0021, 0x0021, 0x0021, 0x0021, 0x0021, 0x0021, 0x0021, 0x0021, 0x0021, 0x0021,
  0x0021, 0x0021, 0x0021, 0x0021, 0x0021, 0x0021, 0x0021, 0x0021, 0x0021, 0x0021, 0x0021, 0x0021,
  0x0021, 0x0021, 0x0021, 0x0021, 0x0021, 0x0021, 0x0021, 0x0021, 0x0021, 0x0021, 0x0021, 0x0021,
  0x0021, 0x0021, 0x0021, 0x0021, 0x0021, 0x0021, 0x0001, 0x0021, 0x0021, 0x0000, 0x0021, 0x0021,
  0x0000, 0x0021, 0x0021, 0x0021, 0x0021, 0x0021, 0x0021, 0x0021, 0x0021, 0x0021, 0x0021, 0x0021,
  0x0021, 0x0021, 0x0021, 0x0000, 0x0021, 0x0021, 0x0021, 0x0021, 0x0000, 0x0021, 0x0000, 0x0021,
  0x0000, 0x0021, 0x0000, 0x0000, 0x0021, 0x0001, 0x0000, 0x0000, 0x0001, 0x0000, 0x0000, 0x0000,
  0x0000, 0x0001, 0x0001, 0x0000, 0x0000, 0x0000, 0x0001, 0x0021, 0x0001, 0x0000, 0x0021, 0x0000,
  0x0000, 0x0021, 0x0001, 0x0000, 0x0000, 0x0000, 0x0000, 0x0000, 0x0000, 0x0000, 0x0000, 0x0021,
  0x0021, 0x0021, 0x0021, 0x0021, 0x0000, 0x0000, 0x0000, 0x0000, 0x0001, 0x0000, 0x0000, 0x0000,
  0x0000, 0x0000, 0x0000, 0x0001, 0x0021, 0x0000, 0x0000, 0x0000, 0x0001, 0x0021, 0x0021, 0x0021,
  0x0021, 0x0000, 0x0021, 0x0000, 0x0000, 0x0000, 0x0001, 0x0001, 0x0000, 0x0000, 0x0000, 0x0000,
  0x0000, 0x0001, 0x0000, 0x0001, 0x0021, 0x0021, 0x0021, 0x0021, 0x0021, 0x0021, 0x0021, 0x0021,
  0x0021, 0x0021, 0x0021, 0x0021, 0x0021, 0x0021, 0x0021, 0x0021, 0x0021, 0x0021, 0x0021, 0x0021,
  0x0021, 0x0000, 0x0021, 0x0021, 0x0021, 0x0000, 0x0000, 0x0000, 0x0000, 0x0000, 0x0021, 0x0001,
  0x0000, 0x0000, 0x0000, 0x0000, 0x0021, 0x0000, 0x0021, 0x0000, 0x0001, 0x0001, 0x0000, 0x0000,
  0x0021, 0x0021, 0x0000, 0x0000, 0x0000, 0x0000, 0x0000, 0x0021, 0x0000, 0x0000, 0x0021, 0x0021,
  0x0000, 0x0000, 0x0000, 0x0000, 0x0021, 0x0000, 0x0000, 0x0000, 0x0000, 0x0021, 0x0021, 0x0000,
  0x0000, 0x0000, 0x0000, 0x0000, 0x0000, 0x0000, 0x0021, 0x0021, 0x0000, 0x0021, 0x0021, 0x0021,
  0x0021, 0x0000, 0x0001, 0x0021, 0x0001, 0x0001, 0x0000, 0x0001, 0x0000, 0x0000, 0x0021, 0x0021,
  0x0021, 0x0021, 0x0021, 0x0021, 0x0021, 0x0021, 0x0021, 0x0021, 0x0021, 0x0021, 0x0021, 0x0021,
  0x0021, 0x0021, 0x0021, 0x0021, 0x0021, 0x0021, 0x0021, 0x0021, 0x0021, 0x0021, 0x0021, 0x0000,
  0x0000, 0x0001, 0x0021, 0x0021, 0x0021, 0x0021, 0x0021, 0x0021, 0x0021, 0x0021, 0x0021, 0x0000,
  0x0021, 0x0021, 0x0021, 0x0021, 0x0021, 0x0021, 0x0021, 0x0021, 0x0021, 0x0021, 0x0000, 0x0021,
  0x0021, 0x0021, 0x0021, 0x0021, 0x0021, 0x0021, 0x0021, 0x0021, 0x0021, 0x0021, 0x0021, 0x0021,
  0x0021, 0x0021, 0x0021, 0x0021, 0x0021, 0x0021, 0x0021, 0x0021, 0x0021, 0x0021, 0x0021, 0x0021,
  0x0021, 0x0021, 0x0021, 0x0882, 0x0062, 0x0021, 0x0021, 0x0021, 0x0021, 0x0021, 0x0021, 0x0021,
  0x0021, 0x0021, 0x0021, 0x0021, 0x0021, 0x0021, 0x0021, 0x0000, 0x0021, 0x0021, 0x0021, 0x0000,
  0x0021, 0x0021, 0x0021, 0x0021, 0x0021, 0x0021, 0x0021, 0x0001, 0x0021, 0x0021, 0x0021, 0x0021,
  0x0021, 0x0021, 0x0021, 0x0000, 0x0021, 0x0021, 0x0021, 0x0021, 0x0021, 0x0021, 0x0021, 0x0000,
  0x0021, 0x0021, 0x0000, 0x0021, 0x0000, 0x0021, 0x0021, 0x0000, 0x0000, 0x0021, 0x0021, 0x0021,
  0x0021, 0x0021, 0x0000, 0x0021, 0x0021, 0x0021, 0x0021, 0x0000, 0x0021, 0x0021, 0x0000, 0x0021,
  0x0021, 0x0021, 0x0021, 0x0021, 0x0000, 0x0021, 0x0021, 0x0001, 0x0001, 0x0001, 0x0000, 0x0001,
  0x0001, 0x0000, 0x0000, 0x0001, 0x0021, 0x0000, 0x0021, 0x0000, 0x0001, 0x0000, 0x0000, 0x0000,
  0x0000, 0x0021, 0x0000, 0x0000, 0x0001, 0x0000, 0x0021, 0x0000, 0x0000, 0x0000, 0x0021, 0x0000,
  0x0021, 0x0000, 0x0000, 0x0000, 0x0021, 0x0000, 0x0000, 0x0000, 0x0021, 0x0021, 0x0001, 0x0001,
  0x0001, 0x0000, 0x0000, 0x0000, 0x0021, 0x0021, 0x0000, 0x0021, 0x0021, 0x0000, 0x0021, 0x0021,
  0x0021, 0x0000, 0x0000, 0x0021, 0x0000, 0x0021, 0x0001, 0x0000, 0x0000, 0x0001, 0x0000, 0x0000,
  0x0000, 0x0000, 0x0000, 0x0001, 0x0001, 0x0021, 0x0001, 0x0001, 0x0021, 0x0001, 0x0000, 0x0000,
  0x0021, 0x0021, 0x0021, 0x0021, 0x0021, 0x0021, 0x0021, 0x0021, 0x0021, 0x0021, 0x0021, 0x0021,
  0x0021, 0x0021, 0x0021, 0x0021, 0x0021, 0x0021, 0x0021, 0x0021, 0x0000, 0x0001, 0x0000, 0x0001,
  0x0001, 0x0021, 0x0000, 0x0000, 0x0000, 0x0000, 0x0021, 0x0000, 0x0000, 0x0021, 0x0000, 0x0000,
  0x0021, 0x0000, 0x0000, 0x0021, 0x0000, 0x0000, 0x0000, 0x0021, 0x0001, 0x0000, 0x0000, 0x0000,
  0x0000, 0x0000, 0x0000, 0x0021, 0x0000, 0x0021, 0x0021, 0x0021, 0x0021, 0x0021, 0x0000, 0x0000,
  0x0021, 0x0021, 0x0000, 0x0021, 0x0021, 0x0021, 0x0021, 0x0021, 0x0000, 0x0000, 0x0000, 0x0000,
  0x0000, 0x0001, 0x0000, 0x0000, 0x0000, 0x0021, 0x0021, 0x0021, 0x0021, 0x0000, 0x0000, 0x0000,
  0x0000, 0x0000, 0x0000, 0x0021, 0x0021, 0x0021, 0x0021, 0x0021, 0x0000, 0x0021, 0x0021, 0x0021,
  0x0021, 0x0021, 0x0021, 0x0021, 0x0021, 0x0021, 0x0021, 0x0021, 0x0021, 0x0021, 0x0021, 0x0021,
  0x0021, 0x0021, 0x0021, 0x0021, 0x0021, 0x0000, 0x0021, 0x0021, 0x0021, 0x0021, 0x0021, 0x0021,
  0x0021, 0x0021, 0x0021, 0x0021, 0x0021, 0x0001, 0x0021, 0x0021, 0x0021, 0x0021, 0x0021, 0x0001,
  0x0021, 0x0021, 0x0021, 0x0021, 0x0021, 0x0021, 0x0021, 0x0021, 0x0021, 0x0021, 0x0021, 0x0021,
  0x0021, 0x0021, 0x0021, 0x0021, 0x0021, 0x0021, 0x0021, 0x0021, 0x0021, 0x0021, 0x0021, 0x0021,
  0x0021, 0x0021, 0x0021, 0x0021, 0x0021, 0x0000, 0x0021, 0x0021, 0x0021, 0x0021, 0x0021, 0x0882,
  0x0062, 0x0021, 0x0021, 0x0021, 0x0021, 0x0021, 0x0021, 0x0021, 0x0021, 0x0021, 0x0021, 0x0021,
  0x0021, 0x0021, 0x0000, 0x0000, 0x0021, 0x0021, 0x0021, 0x0021, 0x0021, 0x0021, 0x0021, 0x0021,
  0x0021, 0x0021, 0x0021, 0x0021, 0x0021, 0x0021, 0x0021, 0x0021, 0x0000, 0x0021, 0x0021, 0x0000,
  0x0021, 0x0021, 0x0021, 0x0000, 0x0021, 0x0021, 0x0021, 0x0000, 0x0021, 0x0000, 0x0021, 0x0021,
  0x0021, 0x0021, 0x0021, 0x0021, 0x0021, 0x0021, 0x0021, 0x0021, 0x0021, 0x0021, 0x0021, 0x0021,
  0x0021, 0x0021, 0x0021, 0x0000, 0x0000, 0x0021, 0x0021, 0x0021, 0x0021, 0x0000, 0x0021, 0x0021,
  0x0021, 0x0021, 0x0021, 0x0000, 0x0001, 0x0021, 0x0021, 0x0021, 0x0021, 0x0000, 0x0000, 0x0021,
  0x0000, 0x0000, 0x0000, 0x0001, 0x0001, 0x0000, 0x0021, 0x0000, 0x0000, 0x0000, 0x0000, 0x0000,
  0x0000, 0x0001, 0x0000, 0x0000, 0x0000, 0x0021, 0x0021, 0x0021, 0x0000, 0x0000, 0x0000, 0x0000,
  0x0021, 0x0021, 0x0000, 0x0000, 0x0021, 0x0000, 0x0001, 0x0000, 0x0000, 0x0000, 0x0001, 0x0000,
  0x0000, 0x0001, 0x0000, 0x0000, 0x0000, 0x0000, 0x0000, 0x0000, 0x0000, 0x0000, 0x0000, 0x0021,
  0x0021, 0x0001, 0x0000, 0x0000, 0x0000, 0x0001, 0x0000, 0x0000, 0x0000, 0x0000, 0x0000, 0x0001,
  0x0021, 0x0021, 0x0000, 0x0001, 0x0021, 0x0001, 0x0000, 0x0000, 0x0021, 0x0021, 0x0021, 0x0021,
  0x0021, 0x0021, 0x0021, 0x0000, 0x0021, 0x0021, 0x0021, 0x0021, 0x0021, 0x0021, 0x0021, 0x0021,
  0x0021, 0x0021, 0x0021, 0x0021, 0x0000, 0x0000, 0x0000, 0x0000, 0x0001, 0x0001, 0x0001, 0x0000,
  0x0000, 0x0000, 0x0000, 0x0001, 0x0021, 0x0001, 0x0000, 0x0000, 0x0000, 0x0000, 0x0021, 0x0021,
  0x0001, 0x0000, 0x0000, 0x0000, 0x0000, 0x0000, 0x0000, 0x0000, 0x0000, 0x0000, 0x0000, 0x0021,
  0x0021, 0x0021, 0x0021, 0x0021, 0x0021, 0x0021, 0x0021, 0x0021, 0x0021, 0x0021, 0x0021, 0x0021,
  0x0001, 0x0000, 0x0000, 0x0021, 0x0021, 0x0021, 0x0000, 0x0021, 0x0001, 0x0000, 0x0000, 0x0000,
  0x0021, 0x0000, 0x0000, 0x0021, 0x0021, 0x0021, 0x0001, 0x0000, 0x0000, 0x0000, 0x0000, 0x0021,
  0x0021, 0x0021, 0x0021, 0x0021, 0x0021, 0x0001, 0x0021, 0x0021, 0x0021, 0x0021, 0x0021, 0x0021,
  0x0021, 0x0021, 0x0021, 0x0021, 0x0021, 0x0021, 0x0021, 0x0021, 0x0021, 0x0000, 0x0021, 0x0021,
  0x0021, 0x0021, 0x0000, 0x0021, 0x0021, 0x0021, 0x0021, 0x0021, 0x0001, 0x0021, 0x0021, 0x0021,
  0x0021, 0x0021, 0x0021, 0x0021, 0x0021, 0x0021, 0x0021, 0x0021, 0x0021, 0x0021, 0x0021, 0x0000,
  0x0021, 0x0021, 0x0021, 0x0021, 0x0021, 0x0021, 0x0021, 0x0021, 0x0021, 0x0021, 0x0021, 0x0021,
  0x0021, 0x0021, 0x0021, 0x0000, 0x0021, 0x0021, 0x0021, 0x0021, 0x0021, 0x0021, 0x0021, 0x0021,
  0x0021, 0x0000, 0x0021, 0x0021, 0x0021, 0x0000, 0x0021, 0x0882, 0x0062, 0x0021, 0x0021, 0x0021,
  0x0021, 0x0021, 0x0021, 0x0021, 0x0021, 0x0021, 0x0021, 0x0021, 0x0021, 0x0021, 0x0000, 0x0000,
  0x0021, 0x0021, 0x0021, 0x0021, 0x0021, 0x0021, 0x0021, 0x0021, 0x0021, 0x0021, 0x0021, 0x0021,
  0x0882, 0x0862, 0x0021, 0x0021, 0x0021, 0x0021, 0x0021, 0x0021, 0x0021, 0x0021, 0x0021, 0x0000,
  0x0021, 0x0021, 0x0021, 0x0021, 0x0021, 0x0021, 0x0000, 0x0021, 0x0021, 0x0021, 0x0021, 0x0021,
  0x0021, 0x0021, 0x0021, 0x0021, 0x0021, 0x0021, 0x0021, 0x0021, 0x0021, 0x0021, 0x0021, 0x0021,
  0x0000, 0x0021, 0x0021, 0x0021, 0x0021, 0x0021, 0x0021, 0x0021, 0x0001, 0x0000, 0x0021, 0x0021,
  0x0001, 0x0001, 0x0000, 0x0021, 0x0021, 0x0000, 0x0000, 0x0000, 0x0000, 0x0000, 0x0000, 0x0000,
  0x0001, 0x0021, 0x0000, 0x0001, 0x0000, 0x0001, 0x0001, 0x0000, 0x0001, 0x0000, 0x0000, 0x0000,
  0x0000, 0x0000, 0x0000, 0x0000, 0x0000, 0x0000, 0x0000, 0x0000, 0x0000, 0x0000, 0x0000, 0x0021,
  0x0000, 0x0001, 0x0000, 0x0000, 0x0021, 0x0000, 0x0000, 0x0021, 0x0000, 0x0000, 0x0000, 0x0000,
  0x0001, 0x0000, 0x0000, 0x0000, 0x0021, 0x0021, 0x0021, 0x0021, 0x0021, 0x0021, 0x0021, 0x0001,
  0x0000, 0x0021, 0x0001, 0x0001, 0x0021, 0x0000, 0x0000, 0x0021, 0x0001, 0x0000, 0x0021, 0x0021,
  0x0021, 0x0001, 0x0000, 0x0000, 0x0021, 0x0021, 0x0021, 0x0021, 0x0021, 0x0021, 0x0021, 0x0021,
  0x0021, 0x0021, 0x0021, 0x0021, 0x0021, 0x0021, 0x0021, 0x0021, 0x0021, 0x0021, 0x0021, 0x0021,
  0x0021, 0x0000, 0x0000, 0x0021, 0x0021, 0x0021, 0x0021, 0x0001, 0x0000, 0x0000, 0x0001, 0x0001,
  0x0001, 0x0000, 0x0021, 0x0021, 0x0021, 0x0000, 0x0021, 0x0021, 0x0000, 0x0000, 0x0000, 0x0000,
  0x0021, 0x0000, 0x0000, 0x0000, 0x0000, 0x0000, 0x0000, 0x0021, 0x0021, 0x0021, 0x0021, 0x0021,
  0x0000, 0x0000, 0x0021, 0x0021, 0x0021, 0x0021, 0x0021, 0x08a3, 0x0021, 0x0000, 0x0000, 0x0000,
  0x0000, 0x0000, 0x0000, 0x0021, 0x0000, 0x0000, 0x0000, 0x0000, 0x0000, 0x0000, 0x0000, 0x0000,
  0x0000, 0x0000, 0x0021, 0x0021, 0x0021, 0x0000, 0x0000, 0x0021, 0x0021, 0x0021, 0x0021, 0x0001,
  0x0021, 0x0021, 0x0021, 0x0021, 0x0021, 0x0021, 0x0021, 0x0021, 0x0882, 0x0021, 0x0021, 0x0021,
  0x0021, 0x0021, 0x0021, 0x0021, 0x0021, 0x0021, 0x0021, 0x0021, 0x0021, 0x0021, 0x0021, 0x0021,
  0x0021, 0x0000, 0x0021, 0x0021, 0x0021, 0x0000, 0x0021, 0x0021, 0x0000, 0x0021, 0x0021, 0x0021,
  0x0021, 0x0021, 0x0021, 0x0021, 0x0021, 0x0021, 0x0021, 0x0021, 0x0021, 0x0021, 0x0021, 0x0021,
  0x0021, 0x0021, 0x0021, 0x0021, 0x0021, 0x0021, 0x0000, 0x0021, 0x0021, 0x0021, 0x0021, 0x0000,
  0x0021, 0x0021, 0x0021, 0x0021, 0x0021, 0x0021, 0x0021, 0x0021, 0x0021, 0x0000, 0x0021, 0x0021,
  0x0021, 0x0000, 0x0021, 0x0882, 0x0062, 0x0021, 0x0021, 0x0021, 0x0000, 0x0021, 0x0021, 0x0021,
  0x0021, 0x0021, 0x0021, 0x0000, 0x0000, 0x0021, 0x0000, 0x0000, 0x0021, 0x0021, 0x0021, 0x0021,
  0x0021, 0x0021, 0x0000, 0x0000, 0x0021, 0x0021, 0x0021, 0x0021, 0x0862, 0x0862, 0x0021, 0x0021,
  0x0021, 0x0021, 0x0021, 0x0021, 0x0021, 0x0021, 0x0021, 0x0021, 0x0021, 0x0021, 0x0021, 0x0021,
  0x0021, 0x0021, 0x0021, 0x0021, 0x0021, 0x0001, 0x0021, 0x0021, 0x0021, 0x0021, 0x0021, 0x0021,
  0x0021, 0x0021, 0x0021, 0x0021, 0x0021, 0x0021, 0x0021, 0x0021, 0x0001, 0x0001, 0x0001, 0x0001,
  0x0021, 0x0021, 0x0021, 0x0000, 0x0021, 0x0000, 0x0001, 0x0021, 0x0021, 0x0000, 0x0000, 0x0021,
  0x0021, 0x0000, 0x0000, 0x0000, 0x0000, 0x0000, 0x0000, 0x0000, 0x0001, 0x0001, 0x0001, 0x0000,
  0x0001, 0x0001, 0x0021, 0x0000, 0x0000, 0x0000, 0x0000, 0x0000, 0x0001, 0x0001, 0x0000, 0x0000,
  0x0000, 0x0000, 0x0000, 0x0000, 0x0000, 0x0021, 0x0000, 0x0000, 0x0021, 0x0021, 0x0000, 0x0021,
  0x0021, 0x0000, 0x0000, 0x0000, 0x0000, 0x0000, 0x0000, 0x0001, 0x0001, 0x0000, 0x0021, 0x0021,
  0x0000, 0x0000, 0x0021, 0x0021, 0x0000, 0x0000, 0x0021, 0x0021, 0x0021, 0x0021, 0x0001, 0x0001,
  0x0021, 0x0001, 0x0000, 0x0001, 0x0001, 0x0000, 0x0000, 0x0001, 0x0021, 0x0001, 0x0000, 0x0021,
  0x0021, 0x0021, 0x0021, 0x0021, 0x0021, 0x0021, 0x0021, 0x0021, 0x0021, 0x0001, 0x0021, 0x0021,
  0x0021, 0x0021, 0x0021, 0x0021, 0x0021, 0x0021, 0x0021, 0x0021, 0x0000, 0x0000, 0x0021, 0x0000,
  0x0001, 0x0021, 0x0000, 0x0000, 0x0021, 0x0000, 0x0001, 0x0000, 0x0000, 0x0000, 0x0021, 0x0021,
  0x0000, 0x0000, 0x0021, 0x0021, 0x0000, 0x0000, 0x0000, 0x0000, 0x0021, 0x0000, 0x0021, 0x0000,
  0x0000, 0x0000, 0x0000, 0x0021, 0x0000, 0x0021, 0x0021, 0x0001, 0x0000, 0x0021, 0x0021, 0x0021,
  0x0000, 0x0021, 0x0021, 0x0021, 0x0021, 0x0000, 0x0021, 0x0021, 0x0000, 0x0000, 0x0000, 0x0000,
  0x0000, 0x0000, 0x0000, 0x0000, 0x0000, 0x0000, 0x0000, 0x0000, 0x0000, 0x0000, 0x0021, 0x0021,
  0x0021, 0x0021, 0x0000, 0x0021, 0x0021, 0x0021, 0x0021, 0x0021, 0x0021, 0x0021, 0x0021, 0x0021,
  0x0021, 0x0021, 0x0021, 0x0021, 0x0021, 0x0021, 0x0021, 0x0021, 0x0021, 0x0021, 0x0021, 0x0021,
  0x0021, 0x0000, 0x0000, 0x0000, 0x0021, 0x0000, 0x0021, 0x0021, 0x0021, 0x0021, 0x0021, 0x0021,
  0x0021, 0x0021, 0x0021, 0x0021, 0x0021, 0x0021, 0x0021, 0x0021, 0x0021, 0x0021, 0x0021, 0x0021,
  0x0021, 0x0021, 0x0021, 0x0021, 0x0001, 0x0021, 0x0021, 0x0021, 0x0021, 0x0021, 0x0021, 0x0021,
  0x0021, 0x0021, 0x0021, 0x0021, 0x0021, 0x0021, 0x0021, 0x0000, 0x0021, 0x0021, 0x0021, 0x0021,
  0x0021, 0x0021, 0x0021, 0x0021, 0x0021, 0x0021, 0x0000, 0x0021, 0x0021, 0x0000, 0x0021, 0x0882,
  0x0062, 0x0021, 0x0021, 0x0021, 0x0021, 0x0021, 0x0021, 0x0021, 0x0021, 0x0021, 0x0021, 0x0000,
  0x0021, 0x0021, 0x0021, 0x0021, 0x0021, 0x0021, 0x0021, 0x0021, 0x0021, 0x0021, 0x0021, 0x0021,
  0x0021, 0x0021, 0x0021, 0x0021, 0x0021, 0x0021, 0x0021, 0x0021, 0x0021, 0x0000, 0x0021, 0x0021,
  0x0021, 0x0021, 0x0021, 0x0021, 0x0021, 0x0021, 0x0021, 0x0021, 0x0021, 0x0021, 0x0021, 0x0021,
  0x0021, 0x0021, 0x0021, 0x0021, 0x0021, 0x0021, 0x0021, 0x0021, 0x0021, 0x0021, 0x0021, 0x0021,
  0x0021, 0x0021, 0x0021, 0x0021, 0x0021, 0x0021, 0x0021, 0x0021, 0x0021, 0x0021, 0x0021, 0x0021,
  0x0021, 0x0021, 0x0021, 0x0021, 0x0021, 0x0021, 0x0021, 0x0021, 0x0021, 0x0021, 0x0021, 0x0000,
  0x0021, 0x0021, 0x0001, 0x0000, 0x0000, 0x0000, 0x0000, 0x0000, 0x0000, 0x0001, 0x0001, 0x0021,
  0x0000, 0x0000, 0x0000, 0x0000, 0x0000, 0x0000, 0x0000, 0x0000, 0x0021, 0x0000, 0x0000, 0x0000,
  0x0021, 0x0000, 0x0021, 0x0021, 0x0021, 0x0021, 0x0001, 0x0000, 0x0001, 0x0001, 0x0001, 0x0021,
  0x0021, 0x0000, 0x0001, 0x0000, 0x0000, 0x0000, 0x0000, 0x0000, 0x0000, 0x0021, 0x0000, 0x0021,
  0x0000, 0x0021, 0x0021, 0x0021, 0x0021, 0x0021, 0x0041, 0x0021, 0x0001, 0x0021, 0x0001, 0x0021,
  0x0001, 0x0000, 0x0021, 0x0021, 0x0021, 0x0001, 0x0021, 0x0021, 0x0021, 0x0021, 0x0021, 0x0021,
  0x0021, 0x0021, 0x0021, 0x0021, 0x0021, 0x0021, 0x0021, 0x0021, 0x0021, 0x0021, 0x0021, 0x0021,
  0x0021, 0x0021, 0x0021, 0x0021, 0x0021, 0x0021, 0x0021, 0x0000, 0x0000, 0x0021, 0x0000, 0x0021,
  0x0001, 0x0021, 0x0001, 0x0000, 0x0021, 0x0021, 0x0021, 0x0021, 0x0021, 0x0021, 0x0021, 0x0000,
  0x0000, 0x0000, 0x0000, 0x0000, 0x0000, 0x0000, 0x0021, 0x0000, 0x0000, 0x0021, 0x0000, 0x0021,
  0x0021, 0x0021, 0x0021, 0x0021, 0x0021, 0x0021, 0x0021, 0x0021, 0x0021, 0x0021, 0x0021, 0x0021,
  0x0021, 0x0021, 0x0021, 0x0021, 0x0000, 0x0000, 0x0021, 0x0000, 0x0021, 0x0021, 0x0000, 0x0000,
  0x0000, 0x0000, 0x0000, 0x0000, 0x0000, 0x0000, 0x0000, 0x0021, 0x0021, 0x0021, 0x0021, 0x0021,
  0x0021, 0x0021, 0x0000, 0x0021, 0x0021, 0x0021, 0x0021, 0x0021, 0x0021, 0x0021, 0x0021, 0x0021,
  0x0021, 0x0021, 0x0021, 0x0021, 0x0001, 0x0021, 0x0021, 0x0021, 0x0021, 0x0021, 0x0001, 0x0021,
  0x0021, 0x0000, 0x0021, 0x0021, 0x0021, 0x0021, 0x0001, 0x0021, 0x0021, 0x0021, 0x0021, 0x0021,
  0x0021, 0x0000, 0x0021, 0x0021, 0x0021, 0x0021, 0x0021, 0x0021, 0x0021, 0x0021, 0x0021, 0x0021,
  0x0021, 0x0021, 0x0021, 0x0021, 0x0021, 0x0021, 0x0021, 0x0021, 0x0021, 0x0021, 0x0021, 0x0021,
  0x0000, 0x0021, 0x0021, 0x0000, 0x0000, 0x0021, 0x0021, 0x0021, 0x0000, 0x0021, 0x0021, 0x0021,
  0x0021, 0x0021, 0x0021, 0x0021, 0x0021, 0x0000, 0x0021, 0x0882, 0x0862, 0x0021, 0x0021, 0x0021,
  0x0021, 0x0021, 0x0021, 0x0021, 0x0021, 0x0021, 0x0021, 0x0021, 0x0021, 0x0021, 0x0021, 0x0021,
  0x0021, 0x0021, 0x0021, 0x0021, 0x0021, 0x0021, 0x0021, 0x0021, 0x0021, 0x0021, 0x0021, 0x0021,
  0x0021, 0x0021, 0x0021, 0x0021, 0x0021, 0x0021, 0x0021, 0x0021, 0x0021, 0x0021, 0x0021, 0x0021,
  0x0021, 0x0021, 0x0021, 0x0021, 0x0000, 0x0021, 0x0021, 0x0021, 0x0021, 0x0021, 0x0021, 0x0021,
  0x0021, 0x0021, 0x0021, 0x0021, 0x0021, 0x0021, 0x0021, 0x0021, 0x0021, 0x0021, 0x0021, 0x0021,
  0x0021, 0x0021, 0x0021, 0x0021, 0x0001, 0x0000, 0x0000, 0x0021, 0x0021, 0x0021, 0x0021, 0x0021,
  0x0021, 0x0021, 0x0021, 0x0021, 0x0021, 0x0021, 0x0021, 0x0021, 0x0021, 0x0021, 0x0021, 0x0021,
  0x0001, 0x0001, 0x0000, 0x0021, 0x0021, 0x0001, 0x0021, 0x0001, 0x0000, 0x0000, 0x0000, 0x0000,
  0x0000, 0x0001, 0x0021, 0x0021, 0x0000, 0x0000, 0x0021, 0x0021, 0x0000, 0x0000, 0x0000, 0x0021,
  0x0021, 0x0021, 0x0021, 0x0001, 0x0000, 0x0021, 0x0000, 0x0000, 0x0001, 0x0000, 0x0021, 0x0021,
  0x0021, 0x0021, 0x0001, 0x0000, 0x0021, 0x0021, 0x0000, 0x0000, 0x0000, 0x0021, 0x0021, 0x0021,
  0x0021, 0x0021, 0x08a3, 0x0041, 0x0021, 0x0000, 0x0000, 0x0021, 0x0000, 0x0001, 0x0000, 0x0021,
  0x0021, 0x0021, 0x0021, 0x0021, 0x0021, 0x0021, 0x0021, 0x0021, 0x0021, 0x0021, 0x0021, 0x0021,
  0x0021, 0x0021, 0x0021, 0x0021, 0x0021, 0x0021, 0x0021, 0x0021, 0x0021, 0x0021, 0x0021, 0x0021,
  0x0000, 0x0021, 0x0021, 0x0021, 0x0021, 0x0021, 0x0000, 0x0000, 0x0000, 0x0001, 0x0001, 0x0001,
  0x0000, 0x0021, 0x0021, 0x0000, 0x0021, 0x0021, 0x0021, 0x0000, 0x0000, 0x0021, 0x0000, 0x0021,
  0x0021, 0x0000, 0x0000, 0x0000, 0x0021, 0x0021, 0x0021, 0x0021, 0x0021, 0x0021, 0x0021, 0x0021,
  0x0021, 0x0021, 0x0021, 0x0021, 0x0021, 0x0021, 0x0021, 0x0021, 0x0021, 0x0021, 0x0021, 0x0021,
  0x0021, 0x0021, 0x0021, 0x0000, 0x0021, 0x0001, 0x0000, 0x0000, 0x0000, 0x0000, 0x0000, 0x0000,
  0x0000, 0x0000, 0x0000, 0x0000, 0x0000, 0x0000, 0x0000, 0x0021, 0x0021, 0x0021, 0x0021, 0x0021,
  0x0021, 0x0021, 0x0021, 0x0021, 0x0021, 0x0021, 0x0021, 0x0021, 0x0021, 0x0021, 0x0021, 0x0021,
  0x0021, 0x0021, 0x0021, 0x0021, 0x0021, 0x0021, 0x0021, 0x0021, 0x0021, 0x0001, 0x0000, 0x0021,
  0x0021, 0x0021, 0x0021, 0x0021, 0x0021, 0x0021, 0x0021, 0x0021, 0x0000, 0x0021, 0x0021, 0x0862,
  0x0041, 0x0021, 0x0021, 0x0001, 0x0021, 0x0021, 0x0021, 0x0001, 0x0021, 0x0021, 0x0021, 0x0021,
  0x0021, 0x0021, 0x0021, 0x0021, 0x0021, 0x0021, 0x0021, 0x0021, 0x0021, 0x0021, 0x0021, 0x0021,
  0x0041, 0x0021, 0x0021, 0x0021, 0x0000, 0x0000, 0x0021, 0x0000, 0x0021, 0x0021, 0x0021, 0x0021,
  0x0021, 0x0000, 0x0021, 0x0882, 0x0862, 0x0021, 0x0021, 0x0021, 0x0021, 0x0021, 0x0021, 0x0021,
  0x0021, 0x0021, 0x0021, 0x0021, 0x0021, 0x0021, 0x0021, 0x0021, 0x0021, 0x0021, 0x0021, 0x0021,
  0x0021, 0x0021, 0x0021, 0x0021, 0x0021, 0x0021, 0x0021, 0x0021, 0x0021, 0x0021, 0x0021, 0x0021,
  0x0021, 0x0021, 0x0021, 0x0021, 0x0021, 0x0021, 0x0021, 0x0021, 0x0001, 0x0021, 0x0021, 0x0021,
  0x0021, 0x0021, 0x0021, 0x0021, 0x0021, 0x0021, 0x0021, 0x0021, 0x0021, 0x0021, 0x0021, 0x0021,
  0x0021, 0x0021, 0x0021, 0x0021, 0x0021, 0x0021, 0x0021, 0x0021, 0x0021, 0x0021, 0x0021, 0x0021,
  0x0021, 0x0021, 0x0021, 0x0021, 0x0021, 0x0021, 0x0021, 0x0021, 0x0021, 0x0021, 0x0021, 0x0021,
  0x0021, 0x0021, 0x0021, 0x0021, 0x0021, 0x0021, 0x0021, 0x0021, 0x0021, 0x0021, 0x0000, 0x0000,
  0x0021, 0x0000, 0x0021, 0x0000, 0x0001, 0x0021, 0x0000, 0x0000, 0x0000, 0x0000, 0x0001, 0x0000,
  0x0000, 0x0000, 0x0021, 0x0000, 0x0000, 0x0021, 0x0000, 0x0021, 0x0021, 0x0000, 0x0021, 0x0021,
  0x0021, 0x0000, 0x0000, 0x0000, 0x0001, 0x0000, 0x0000, 0x0021, 0x0001, 0x0021, 0x0021, 0x0021,
  0x0021, 0x0001, 0x0000, 0x0021, 0x0000, 0x0021, 0x0021, 0x0021, 0x0021, 0x0021, 0x0021, 0x0021,
  0x0001, 0x0001, 0x0000, 0x0021, 0x0021, 0x0021, 0x0021, 0x0021, 0x0021, 0x0021, 0x0021, 0x0021,
  0x0021, 0x0021, 0x0021, 0x0021, 0x0021, 0x0021, 0x0021, 0x0021, 0x0021, 0x0021, 0x0021, 0x0021,
  0x0021, 0x0021, 0x0021, 0x0021, 0x0021, 0x0021, 0x0021, 0x0021, 0x0021, 0x0021, 0x0001, 0x0021,
  0x0021, 0x0000, 0x0021, 0x0000, 0x0000, 0x0000, 0x0000, 0x0001, 0x0021, 0x0000, 0x0021, 0x0021,
  0x0021, 0x0021, 0x0021, 0x0021, 0x0021, 0x0021, 0x0021, 0x0021, 0x0021, 0x0021, 0x0021, 0x0021,
  0x0021, 0x0021, 0x0021, 0x0021, 0x0021, 0x0021, 0x0021, 0x0021, 0x0021, 0x0021, 0x0021, 0x0021,
  0x0021, 0x0021, 0x0021, 0x0021, 0x0021, 0x0021, 0x0021, 0x0021, 0x0021, 0x0021, 0x0021, 0x0021,
  0x0021, 0x0021, 0x0000, 0x0021, 0x0000, 0x0001, 0x0000, 0x0001, 0x0000, 0x0000, 0x0021, 0x0000,
  0x0000, 0x0021, 0x0001, 0x0021, 0x0021, 0x0021, 0x0021, 0x0021, 0x0021, 0x0021, 0x0021, 0x0021,
  0x0021, 0x0021, 0x0021, 0x0021, 0x0021, 0x0021, 0x0021, 0x0021, 0x0021, 0x0021, 0x0021, 0x0021,
  0x0021, 0x0021, 0x0021, 0x0021, 0x0021, 0x0021, 0x0021, 0x0021, 0x0021, 0x0021, 0x0021, 0x0021,
  0x0021, 0x0021, 0x0000, 0x0021, 0x0021, 0x0021, 0x0021, 0x0862, 0x0041, 0x0021, 0x0021, 0x0000,
  0x0021, 0x0021, 0x0021, 0x0021, 0x0021, 0x0021, 0x0021, 0x0021, 0x0021, 0x0021, 0x0021, 0x0021,
  0x0021, 0x0021, 0x0021, 0x0021, 0x0021, 0x0021, 0x0021, 0x0021, 0x0021, 0x0021, 0x0021, 0x0021,
  0x0021, 0x0021, 0x0021, 0x0021, 0x0021, 0x0021, 0x0021, 0x0021, 0x0000, 0x0000, 0x0021, 0x0882,
  0x0862, 0x0021, 0x0021, 0x0021, 0x0021, 0x0021, 0x0021, 0x0021, 0x0021, 0x0021, 0x0021, 0x0021,
  0x0021, 0x0021, 0x0021, 0x0021, 0x0021, 0x0021, 0x0001, 0x0021, 0x0021, 0x0021, 0x0021, 0x0001,
  0x0021, 0x0021, 0x0021, 0x0021, 0x0021, 0x0021, 0x0021, 0x0001, 0x0021, 0x0021, 0x0021, 0x0021,
  0x0021, 0x0021, 0x0021, 0x0021, 0x0021, 0x0021, 0x0021, 0x0021, 0x0001, 0x0021, 0x0021, 0x0021,
  0x0021, 0x0021, 0x0021, 0x0021, 0x0021, 0x0021, 0x0021, 0x0021, 0x0021, 0x0021, 0x0021, 0x0021,
  0x0021, 0x0021, 0x0021, 0x0021, 0x0021, 0x0021, 0x0021, 0x0021, 0x0021, 0x0021, 0x0021, 0x0021,
  0x0021, 0x0021, 0x0021, 0x0021, 0x0021, 0x0021, 0x0021, 0x0021, 0x0021, 0x0021, 0x0021, 0x0021,
  0x0021, 0x0021, 0x0021, 0x0021, 0x0021, 0x0021, 0x0000, 0x0000, 0x0000, 0x0000, 0x0021, 0x0021,
  0x0000, 0x0000, 0x0000, 0x0000, 0x0000, 0x0021, 0x0021, 0x0000, 0x0000, 0x0000, 0x0001, 0x0000,
  0x0000, 0x0000, 0x0000, 0x0000, 0x0021, 0x0021, 0x0021, 0x0000, 0x0000, 0x0000, 0x0000, 0x0000,
  0x0000, 0x0000, 0x0001, 0x0021, 0x0021, 0x0021, 0x0021, 0x0021, 0x0021, 0x0021, 0x0021, 0x0021,
  0x0000, 0x0021, 0x0021, 0x0021, 0x0021, 0x0021, 0x0021, 0x0021, 0x0021, 0x0000, 0x0000, 0x0021,
  0x0021, 0x0021, 0x0021, 0x0021, 0x0021, 0x0021, 0x0021, 0x0021, 0x0021, 0x0021, 0x0021, 0x0021,
  0x0021, 0x0021, 0x0021, 0x0021, 0x0021, 0x0021, 0x0021, 0x0021, 0x0021, 0x0021, 0x0021, 0x0021,
  0x0021, 0x0021, 0x0021, 0x0021, 0x0021, 0x0021, 0x0021, 0x0021, 0x0000, 0x0000, 0x0021, 0x0021,
  0x0021, 0x0021, 0x0021, 0x0021, 0x0021, 0x0001, 0x0021, 0x0021, 0x0021, 0x0001, 0x0021, 0x0021,
  0x0021, 0x0021, 0x0021, 0x0021, 0x0021, 0x0021, 0x0021, 0x0021, 0x0021, 0x0021, 0x0021, 0x0021,
  0x0021, 0x0021, 0x0021, 0x0021, 0x0021, 0x0021, 0x0021, 0x0021, 0x0021, 0x0021, 0x0021, 0x0021,
  0x0021, 0x0021, 0x0021, 0x0021, 0x0021, 0x0021, 0x0021, 0x0021, 0x0001, 0x0000, 0x0000, 0x0000,
  0x0021, 0x0021, 0x0021, 0x0000, 0x0000, 0x0021, 0x0021, 0x0001, 0x0021, 0x0021, 0x0000, 0x0021,
  0x0021, 0x0021, 0x0021, 0x0021, 0x0021, 0x0021, 0x0021, 0x0021, 0x0021, 0x0021, 0x0021, 0x0021,
  0x0021, 0x0021, 0x0021, 0x0021, 0x0021, 0x0021, 0x0021, 0x0021, 0x0021, 0x0021, 0x0021, 0x0021,
  0x0021, 0x0021, 0x0021, 0x0021, 0x0021, 0x0021, 0x0021, 0x0021, 0x0021, 0x0021, 0x0021, 0x0021,
  0x0021, 0x0021, 0x0021, 0x0021, 0x0021, 0x0021, 0x0021, 0x0021, 0x0000, 0x0021, 0x0021, 0x0021,
  0x0021, 0x0021, 0x0021, 0x0021, 0x0021, 0x0021, 0x0021, 0x0021, 0x0021, 0x0021, 0x0021, 0x0021,
  0x0021, 0x0021, 0x0021, 0x0021, 0x0000, 0x0021, 0x0021, 0x0021, 0x0021, 0x0000, 0x0021, 0x0021,
  0x0000, 0x0021, 0x0021, 0x0021, 0x0021, 0x0000, 0x0021, 0x0883, 0x0862, 0x0021, 0x0021, 0x0021,
  0x0021, 0x0021, 0x0021, 0x0021, 0x0021, 0x0021, 0x0021, 0x0021, 0x0021, 0x0021, 0x0001, 0x0021,
  0x0021, 0x0021, 0x0021, 0x0021, 0x0021, 0x0021, 0x0021, 0x0021, 0x0021, 0x0001, 0x0021, 0x0021,
  0x0021, 0x0021, 0x0021, 0x0021, 0x0021, 0x0021, 0x0021, 0x0021, 0x0021, 0x0021, 0x0000, 0x0001,
  0x0021, 0x0021, 0x0021, 0x0021, 0x0021, 0x0021, 0x0021, 0x0021, 0x0021, 0x0021, 0x0021, 0x0021,
  0x0021, 0x0021, 0x0021, 0x0021, 0x0021, 0x0021, 0x0021, 0x0021, 0x0021, 0x0021, 0x0021, 0x0021,
  0x0021, 0x0021, 0x0001, 0x0021, 0x0021, 0x0021, 0x0021, 0x0021, 0x0021, 0x0021, 0x0021, 0x0021,
  0x0021, 0x0021, 0x0021, 0x0021, 0x0021, 0x0021, 0x0021, 0x0021, 0x0021, 0x0021, 0x0021, 0x0021,
  0x0021, 0x0021, 0x0000, 0x0021, 0x0021, 0x0021, 0x0021, 0x0000, 0x0000, 0x0000, 0x0000, 0x0000,
  0x0001, 0x0021, 0x0000, 0x0000, 0x0021, 0x0021, 0x0001, 0x0021, 0x0021, 0x0021, 0x0000, 0x0000,
  0x0021, 0x0000, 0x0001, 0x0021, 0x0000, 0x0000, 0x0021, 0x0000, 0x0021, 0x0000, 0x0021, 0x0021,
  0x0021, 0x0021, 0x0021, 0x0021, 0x0021, 0x0021, 0x0021, 0x0021, 0x0000, 0x0021, 0x0021, 0x0021,
  0x0021, 0x0021, 0x0000, 0x0000, 0x0000, 0x0000, 0x0000, 0x0021, 0x0021, 0x0021, 0x0021, 0x0021,
  0x0021, 0x0021, 0x0021, 0x0021, 0x0021, 0x0021, 0x0021, 0x0021, 0x0021, 0x0021, 0x0021, 0x0021,
  0x0021, 0x0021, 0x0021, 0x0021, 0x0021, 0x0021, 0x0021, 0x0021, 0x0021, 0x0021, 0x0021, 0x0021,
  0x0021, 0x0021, 0x0021, 0x0021, 0x0021, 0x0021, 0x0001, 0x0001, 0x0001, 0x0021, 0x0021, 0x0021,
  0x0021, 0x0882, 0x0041, 0x0021, 0x0000, 0x0021, 0x0021, 0x0021, 0x0021, 0x0021, 0x0021, 0x0021,
  0x0021, 0x0021, 0x0000, 0x0000, 0x0021, 0x0021, 0x0021, 0x0021, 0x0021, 0x0021, 0x0021, 0x0021,
  0x0021, 0x0021, 0x0021, 0x0021, 0x0021, 0x0021, 0x0021, 0x0021, 0x0021, 0x0021, 0x0021, 0x0021,
  0x0021, 0x0021, 0x0021, 0x0021, 0x0021, 0x0021, 0x0021, 0x0000, 0x0021, 0x0021, 0x0021, 0x0000,
  0x0000, 0x0021, 0x0000, 0x0000, 0x0021, 0x0021, 0x0000, 0x0021, 0x0021, 0x0021, 0x0021, 0x0021,
  0x0021, 0x0021, 0x0021, 0x0021, 0x0021, 0x0021, 0x0021, 0x0021, 0x0021, 0x0021, 0x0021, 0x0021,
  0x0021, 0x0021, 0x0021, 0x0021, 0x0021, 0x0021, 0x0021, 0x0021, 0x0021, 0x0021, 0x0021, 0x0021,
  0x0021, 0x0021, 0x0021, 0x0021, 0x0021, 0x0021, 0x0021, 0x0021, 0x0021, 0x0021, 0x0021, 0x0021,
  0x0021, 0x0021, 0x0021, 0x0021, 0x0021, 0x0021, 0x0021, 0x0021, 0x0021, 0x0021, 0x0021, 0x0021,
  0x0021, 0x0021, 0x0021, 0x0021, 0x0021, 0x0021, 0x0021, 0x0021, 0x0000, 0x0000, 0x0021, 0x0021,
  0x0000, 0x0021, 0x0021, 0x0021, 0x0021, 0x0000, 0x0021, 0x0000, 0x0021, 0x0021, 0x0021, 0x0021,
  0x0021, 0x0021, 0x0021, 0x0882, 0x0862, 0x0021, 0x0021, 0x0021, 0x0021, 0x0000, 0x0021, 0x0021,
  0x0021, 0x0021, 0x0021, 0x0021, 0x0021, 0x0021, 0x0000, 0x0021, 0x0021, 0x0021, 0x0021, 0x0021,
  0x0021, 0x0021, 0x0021, 0x0021, 0x0021, 0x0021, 0x0021, 0x0021, 0x0021, 0x0021, 0x0021, 0x0021,
  0x0021, 0x0021, 0x0021, 0x0021, 0x0021, 0x0021, 0x0021, 0x0021, 0x0021, 0x0021, 0x0021, 0x0021,
  0x0021, 0x0021, 0x0021, 0x0021, 0x0021, 0x0041, 0x0021, 0x0021, 0x0021, 0x0021, 0x0021, 0x0021,
  0x0021, 0x0021, 0x0021, 0x0021, 0x0021, 0x0021, 0x0021, 0x0021, 0x0021, 0x0021, 0x0000, 0x0021,
  0x0021, 0x0021, 0x0021, 0x0021, 0x0021, 0x0021, 0x0021, 0x0021, 0x0021, 0x0021, 0x0021, 0x0021,
  0x0021, 0x0021, 0x0021, 0x0021, 0x0021, 0x0021, 0x0021, 0x0021, 0x0021, 0x0021, 0x0000, 0x0000,
  0x0000, 0x0021, 0x0000, 0x0021, 0x0021, 0x0000, 0x0021, 0x0000, 0x0001, 0x0000, 0x0000, 0x0000,
  0x0021, 0x0001, 0x0021, 0x0021, 0x0021, 0x0021, 0x0021, 0x0021, 0x0021, 0x0021, 0x0021, 0x0021,
  0x0021, 0x0021, 0x0021, 0x0001, 0x0000, 0x0001, 0x0001, 0x0021, 0x0021, 0x0021, 0x0021, 0x0021,
  0x0021, 0x0021, 0x0021, 0x0021, 0x0021, 0x0021, 0x0021, 0x0021, 0x0021, 0x0021, 0x0021, 0x0000,
  0x0021, 0x0021, 0x0021, 0x0021, 0x0021, 0x0021, 0x0021, 0x0021, 0x0021, 0x0021, 0x0021, 0x0021,
  0x0021, 0x0021, 0x0021, 0x0021, 0x0021, 0x0021, 0x0021, 0x0021, 0x0021, 0x0021, 0x0021, 0x0021,
  0x0021, 0x0021, 0x0021, 0x0021, 0x0021, 0x0021, 0x0021, 0x0021, 0x0021, 0x0021, 0x0021, 0x0021,
  0x0021, 0x0021, 0x0021, 0x0021, 0x0021, 0x0021, 0x0021, 0x0021, 0x0021, 0x18e4, 0x0882, 0x0021,
  0x0021, 0x0001, 0x0021, 0x0021, 0x0021, 0x0021, 0x0021, 0x0021, 0x0021, 0x0021, 0x0021, 0x0021,
  0x0021, 0x0021, 0x0021, 0x0021, 0x0021, 0x0021, 0x0021, 0x0021, 0x0021, 0x0021, 0x0021, 0x0021,
  0x0021, 0x0021, 0x0021, 0x0021, 0x0021, 0x0021, 0x0021, 0x0021, 0x0021, 0x0021, 0x0021, 0x0021,
  0x0021, 0x0000, 0x0000, 0x0000, 0x0000, 0x0000, 0x0000, 0x0021, 0x0021, 0x0021, 0x0021, 0x0021,
  0x0021, 0x0021, 0x0021, 0x0021, 0x0021, 0x0021, 0x0021, 0x0021, 0x0021, 0x0021, 0x0021, 0x0021,
  0x0021, 0x0021, 0x0021, 0x0021, 0x0021, 0x0021, 0x0021, 0x0021, 0x0021, 0x0021, 0x0041, 0x0021,
  0x0021, 0x0021, 0x0021, 0x0021, 0x0021, 0x0021, 0x0021, 0x0021, 0x0021, 0x0021, 0x0021, 0x0021,
  0x0021, 0x0021, 0x0021, 0x0021, 0x0021, 0x0021, 0x0021, 0x0021, 0x0021, 0x0021, 0x0021, 0x0021,
  0x0021, 0x0021, 0x0021, 0x0021, 0x0021, 0x0021, 0x0021, 0x0021, 0x0021, 0x0021, 0x0021, 0x0021,
  0x0021, 0x0021, 0x0021, 0x0021, 0x0000, 0x0021, 0x0021, 0x0021, 0x0021, 0x0021, 0x0021, 0x0021,
  0x0021, 0x0021, 0x0021, 0x0021, 0x0021, 0x0021, 0x0021, 0x0021, 0x0021, 0x0021, 0x0021, 0x0883,
  0x0862, 0x0021, 0x0021, 0x0021, 0x0021, 0x0021, 0x0021, 0x0021, 0x0021, 0x0021, 0x0021, 0x0021,
  0x0021, 0x0021, 0x0021, 0x0021, 0x0021, 0x0000, 0x0021, 0x0021, 0x0021, 0x0021, 0x0021, 0x0021,
  0x0021, 0x0021, 0x0021, 0x0021, 0x0021, 0x0021, 0x0021, 0x0021, 0x0021, 0x0021, 0x0021, 0x0021,
  0x0021, 0x0021, 0x0021, 0x0021, 0x0021, 0x0021, 0x0021, 0x0021, 0x0021, 0x0021, 0x0021, 0x0021,
  0x0021, 0x0062, 0x0021, 0x0021, 0x0021, 0x0021, 0x0021, 0x0021, 0x0021, 0x0021, 0x0021, 0x0021,
  0x0021, 0x0021, 0x0021, 0x0021, 0x0021, 0x0021, 0x0021, 0x0021, 0x0021, 0x0021, 0x0021, 0x0021,
  0x0021, 0x0021, 0x0021, 0x0021, 0x0021, 0x0021, 0x0021, 0x0021, 0x0021, 0x0021, 0x0021, 0x0021,
  0x0021, 0x0021, 0x0021, 0x0021, 0x0021, 0x0021, 0x0000, 0x0000, 0x0000, 0x0000, 0x0021, 0x0021,
  0x0001, 0x0000, 0x0000, 0x0000, 0x0000, 0x0001, 0x0000, 0x0000, 0x0021, 0x0001, 0x0001, 0x0021,
  0x0021, 0x0021, 0x0000, 0x0021, 0x0021, 0x0021, 0x0021, 0x0021, 0x0021, 0x0021, 0x0000, 0x0000,
  0x0001, 0x0001, 0x0021, 0x0021, 0x0021, 0x0021, 0x0021, 0x0021, 0x0021, 0x0021, 0x0021, 0x0021,
  0x0021, 0x0021, 0x0021, 0x0021, 0x0021, 0x0021, 0x0021, 0x0021, 0x0021, 0x0021, 0x0021, 0x0021,
  0x0021, 0x0021, 0x0021, 0x0021, 0x0021, 0x0021, 0x0021, 0x0021, 0x0021, 0x0021, 0x0021, 0x0021,
  0x0021, 0x0021, 0x0021, 0x0021, 0x0021, 0x0021, 0x0021, 0x0021, 0x0021, 0x0021, 0x0021, 0x0021,
  0x0021, 0x0021, 0x0021, 0x0021, 0x0021, 0x0021, 0x0021, 0x0021, 0x0021, 0x0021, 0x0000, 0x0021,
  0x0021, 0x0021, 0x0021, 0x0021, 0x0021, 0x0021, 0x0021, 0x0021, 0x0021, 0x0021, 0x0021, 0x0021,
  0x0021, 0x0021, 0x0021, 0x0021, 0x0021, 0x0021, 0x0021, 0x0000, 0x0021, 0x0021, 0x0021, 0x0021,
  0x0021, 0x0021, 0x0021, 0x0021, 0x0021, 0x0021, 0x0021, 0x0021, 0x0021, 0x0021, 0x0021, 0x0021,
  0x0021, 0x0021, 0x0021, 0x0021, 0x0021, 0x0021, 0x0021, 0x0021, 0x0021, 0x0021, 0x0000, 0x0000,
  0x0021, 0x0021, 0x0000, 0x0000, 0x0021, 0x0021, 0x0021, 0x0021, 0x0021, 0x0021, 0x0021, 0x0021,
  0x0021, 0x0021, 0x0021, 0x0021, 0x0021, 0x0021, 0x0021, 0x0021, 0x0021, 0x0021, 0x0021, 0x0021,
  0x0021, 0x0021, 0x0021, 0x0021, 0x0021, 0x0021, 0x0021, 0x0021, 0x0021, 0x0021, 0x0021, 0x0021,
  0x0021, 0x0021, 0x0021, 0x0021, 0x0021, 0x0021, 0x0021, 0x0021, 0x0021, 0x0021, 0x0021, 0x0021,
  0x0021, 0x0021, 0x0021, 0x0021, 0x0021, 0x0021, 0x0021, 0x0021, 0x0021, 0x0021, 0x0021, 0x0021,
  0x0021, 0x0021, 0x0021, 0x0021, 0x0021, 0x0021, 0x0021, 0x0021, 0x0021, 0x0021, 0x0021, 0x0000,
  0x0021, 0x0021, 0x0021, 0x0021, 0x0021, 0x0021, 0x0021, 0x0021, 0x0021, 0x0021, 0x0021, 0x0021,
  0x0021, 0x0021, 0x0021, 0x0021, 0x0021, 0x0000, 0x0021, 0x0882, 0x0862, 0x0021, 0x0021, 0x0021,
  0x0021, 0x0021, 0x0021, 0x0021, 0x0021, 0x0021, 0x0021, 0x0021, 0x0021, 0x0021, 0x0021, 0x0021,
  0x0000, 0x0021, 0x0021, 0x0021, 0x0021, 0x0021, 0x0021, 0x0021, 0x0021, 0x0021, 0x0021, 0x0021,
  0x0021, 0x0021, 0x0021, 0x0021, 0x0021, 0x0021, 0x0021, 0x0021, 0x0021, 0x0021, 0x0021, 0x0021,
  0x0021, 0x0021, 0x0021, 0x0021, 0x0021, 0x0021, 0x0021, 0x0021, 0x0021, 0x0021, 0x0021, 0x0021,
  0x0021, 0x0021, 0x0021, 0x0021, 0x0021, 0x0021, 0x0021, 0x0021, 0x0021, 0x0021, 0x0021, 0x0021,
  0x0021, 0x0021, 0x0021, 0x0021, 0x0021, 0x0021, 0x0021, 0x0021, 0x0021, 0x0021, 0x0021, 0x0021,
  0x0021, 0x0021, 0x0021, 0x0021, 0x0021, 0x0021, 0x0021, 0x0021, 0x0021, 0x0021, 0x0021, 0x0021,
  0x0021, 0x0021, 0x0021, 0x0021, 0x0000, 0x0000, 0x0000, 0x0021, 0x0000, 0x0000, 0x0000, 0x0000,
  0x0021, 0x0021, 0x0000, 0x0000, 0x0021, 0x0000, 0x0000, 0x0021, 0x0021, 0x0021, 0x0021, 0x0021,
  0x0021, 0x0021, 0x0021, 0x0021, 0x0021, 0x0000, 0x0021, 0x0021, 0x0021, 0x0021, 0x0021, 0x0021,
  0x0021, 0x0021, 0x0021, 0x0021, 0x0021, 0x0021, 0x0021, 0x0021, 0x0021, 0x0021, 0x0021, 0x0021,
  0x0021, 0x0021, 0x0021, 0x0021, 0x0021, 0x0021, 0x0021, 0x0021, 0x0021, 0x0021, 0x0021, 0x0021,
  0x0021, 0x0021, 0x0021, 0x0021, 0x0021, 0x0021, 0x0021, 0x0021, 0x0021, 0x0021, 0x0021, 0x0021,
  0x0021, 0x0021, 0x0021, 0x0021, 0x0021, 0x0021, 0x0021, 0x0021, 0x0021, 0x0021, 0x0021, 0x0021,
  0x0021, 0x0021, 0x0021, 0x0021, 0x0021, 0x0021, 0x0000, 0x0021, 0x0021, 0x0021, 0x0021, 0x0021,
  0x0021, 0x0021, 0x0021, 0x0021, 0x0021, 0x0021, 0x0021, 0x0021, 0x0021, 0x0021, 0x0021, 0x0021,
  0x0021, 0x0021, 0x0021, 0x0021, 0x0021, 0x0021, 0x0021, 0x0021, 0x0021, 0x0021, 0x0021, 0x0021,
  0x0021, 0x0021, 0x0021, 0x0021, 0x0021, 0x0021, 0x0021, 0x0021, 0x0021, 0x0021, 0x0021, 0x0021,
  0x0021, 0x0021, 0x0021, 0x0021, 0x0021, 0x0021, 0x0021, 0x0021, 0x0000, 0x0021, 0x0021, 0x0021,
  0x0021, 0x0021, 0x0021, 0x0021, 0x0021, 0x0021, 0x0021, 0x0021, 0x0021, 0x0021, 0x0021, 0x0021,
  0x0021, 0x0021, 0x0021, 0x0021, 0x0021, 0x0021, 0x0021, 0x0021, 0x0021, 0x0021, 0x0021, 0x0021,
  0x0021, 0x0062, 0x0021, 0x0021, 0x0021, 0x0021, 0x0021, 0x0021, 0x0021, 0x0021, 0x0021, 0x0021,
  0x0021, 0x0021, 0x0021, 0x0021, 0x0021, 0x0021, 0x0021, 0x0021, 0x0021, 0x0021, 0x0021, 0x0021,
  0x0021, 0x0021, 0x0021, 0x0021, 0x0021, 0x0021, 0x0021, 0x0021, 0x0021, 0x0021, 0x0021, 0x0021,
  0x0021, 0x0021, 0x0021, 0x0021, 0x0021, 0x0021, 0x0021, 0x0021, 0x0021, 0x0021, 0x0021, 0x0021,
  0x0000, 0x0021, 0x0021, 0x0021, 0x0021, 0x0021, 0x0021, 0x0021, 0x0021, 0x0021, 0x0021, 0x0021,
  0x0021, 0x0021, 0x0021, 0x08a3, 0x0883, 0x0021, 0x0021, 0x0001, 0x0021, 0x0021, 0x0021, 0x0021,
  0x0021, 0x0021, 0x0021, 0x0021, 0x0021, 0x0021, 0x0021, 0x0021, 0x0021, 0x0001, 0x0021, 0x0021,
  0x0021, 0x0021, 0x0021, 0x0000, 0x0021, 0x0021, 0x0021, 0x0021, 0x0021, 0x0021, 0x0021, 0x0021,
  0x0021, 0x0021, 0x0021, 0x0021, 0x0021, 0x0021, 0x0021, 0x0021, 0x0021, 0x0021, 0x0021, 0x0021,
  0x0021, 0x0021, 0x0021, 0x0021, 0x0021, 0x0021, 0x0021, 0x0021, 0x0021, 0x0021, 0x0021, 0x0021,
  0x0021, 0x0021, 0x0021, 0x0021, 0x0021, 0x0021, 0x0021, 0x0021, 0x0021, 0x0021, 0x0021, 0x0021,
  0x0021, 0x0021, 0x0021, 0x0021, 0x0021, 0x0021, 0x0021, 0x0021, 0x0021, 0x0021, 0x0021, 0x0021,
  0x0021, 0x0021, 0x0021, 0x0021, 0x0021, 0x0021, 0x0021, 0x0021, 0x0021, 0x0021, 0x0021, 0x0000,
  0x0021, 0x0021, 0x0021, 0x0000, 0x0021, 0x0000, 0x0000, 0x0000, 0x0000, 0x0021, 0x0001, 0x0021,
  0x0021, 0x0021, 0x0000, 0x0021, 0x0021, 0x0021, 0x0021, 0x0021, 0x0021, 0x0021, 0x0021, 0x0021,
  0x0021, 0x0021, 0x0021, 0x0021, 0x0021, 0x0021, 0x0021, 0x0021, 0x0021, 0x0000, 0x0021, 0x0000,
  0x0021, 0x0021, 0x0021, 0x0021, 0x0021, 0x0021, 0x0021, 0x0021, 0x0021, 0x0021, 0x0021, 0x0021,
  0x0021, 0x0021, 0x0021, 0x0021, 0x0021, 0x0021, 0x0021, 0x0021, 0x0021, 0x0021, 0x0021, 0x0021,
  0x0021, 0x0021, 0x0021, 0x0021, 0x0021, 0x0021, 0x0021, 0x0021, 0x0021, 0x0021, 0x0021, 0x0021,
  0x0021, 0x0021, 0x0021, 0x0021, 0x0021, 0x0021, 0x0021, 0x0021, 0x0021, 0x0021, 0x0021, 0x0021,
  0x0021, 0x0021, 0x0021, 0x0021, 0x0021, 0x0021, 0x0021, 0x0021, 0x0021, 0x0021, 0x0021, 0x0021,
  0x0021, 0x0021, 0x0021, 0x0021, 0x0021, 0x0021, 0x0021, 0x0021, 0x0021, 0x0021, 0x0021, 0x0021,
  0x0021, 0x0021, 0x0021, 0x0021, 0x0021, 0x0021, 0x0021, 0x0021, 0x0021, 0x0021, 0x0021, 0x0021,
  0x0021, 0x0021, 0x0021, 0x0021, 0x0021, 0x0021, 0x0021, 0x0021, 0x0021, 0x0021, 0x0021, 0x0021,
  0x0021, 0x0021, 0x0021, 0x0021, 0x0021, 0x0021, 0x0021, 0x0021, 0x0021, 0x0021, 0x0021, 0x0021,
  0x0021, 0x0021, 0x0021, 0x0021, 0x0021, 0x0021, 0x0021, 0x0021, 0x0021, 0x0021, 0x0021, 0x0021,
  0x0021, 0x0021, 0x0021, 0x0021, 0x0021, 0x0021, 0x0021, 0x0021, 0x0021, 0x0021, 0x0021, 0x0021,
  0x0021, 0x0021, 0x0021, 0x0021, 0x0021, 0x0021, 0x0021, 0x0021, 0x0021, 0x0021, 0x0021, 0x0021,
  0x0021, 0x0021, 0x0021, 0x0021, 0x0021, 0x0021, 0x0021, 0x0021, 0x0021, 0x0021, 0x0021, 0x0021,
  0x0021, 0x0021, 0x0021, 0x0021, 0x0021, 0x0021, 0x0021, 0x0000, 0x0021, 0x0021, 0x0000, 0x0021,
  0x0021, 0x0021, 0x0021, 0x0021, 0x0021, 0x0021, 0x0021, 0x0021, 0x0021, 0x0021, 0x0021, 0x0021,
  0x0001, 0x0021, 0x0021, 0x0021, 0x0021, 0x0021, 0x0021, 0x0021, 0x0021, 0x0000, 0x0021, 0x0882,
  0x0882, 0x0021, 0x0021, 0x0021, 0x0021, 0x0021, 0x0021, 0x0021, 0x0021, 0x0021, 0x0021, 0x0021,
  0x0021, 0x0021, 0x0021, 0x0021, 0x0021, 0x0021, 0x0021, 0x0021, 0x0021, 0x0021, 0x0021, 0x0021,
  0x0021, 0x0021, 0x0021, 0x0021, 0x0021, 0x0021, 0x0021, 0x0021, 0x0021, 0x0021, 0x0021, 0x0021,
  0x0021, 0x0021, 0x0021, 0x0021, 0x0021, 0x0021, 0x0021, 0x0021, 0x0021, 0x0021, 0x0021, 0x0021,
  0x0021, 0x0021, 0x0021, 0x0021, 0x0021, 0x0021, 0x0021, 0x0021, 0x0021, 0x0021, 0x0021, 0x0021,
  0x0021, 0x0021, 0x0021, 0x0021, 0x0021, 0x0021, 0x0021, 0x0021, 0x0021, 0x0021, 0x0021, 0x0021,
  0x0021, 0x0021, 0x0021, 0x0021, 0x0021, 0x0021, 0x0021, 0x0021, 0x0021, 0x0021, 0x0021, 0x0021,
  0x0021, 0x0021, 0x0021, 0x0021, 0x0021, 0x0021, 0x0021, 0x0021, 0x0021, 0x0021, 0x0021, 0x0000,
  0x0021, 0x0021, 0x0000, 0x0000, 0x0000, 0x0001, 0x0021, 0x0021, 0x0021, 0x0021, 0x0021, 0x0021,
  0x0021, 0x0021, 0x0021, 0x0021, 0x0021, 0x0021, 0x0021, 0x0021, 0x0021, 0x0021, 0x0021, 0x0021,
  0x0021, 0x0021, 0x0021, 0x0021, 0x0021, 0x0021, 0x0021, 0x0021, 0x0021, 0x0021, 0x0021, 0x0021,
  0x0021, 0x0021, 0x0021, 0x0021, 0x0021, 0x0021, 0x0021, 0x0021, 0x0021, 0x0021, 0x0021, 0x0021,
  0x0021, 0x0021, 0x0021, 0x0021, 0x0021, 0x0021, 0x0021, 0x0021, 0x0021, 0x0021, 0x0021, 0x0021,
  0x0021, 0x0021, 0x0021, 0x0021, 0x0021, 0x0021, 0x0021, 0x0021, 0x0021, 0x0021, 0x0021, 0x0021,
  0x0021, 0x0021, 0x0021, 0x0021, 0x0021, 0x0021, 0x0021, 0x0021, 0x0021, 0x0021, 0x0021, 0x0021,
  0x0021, 0x0021, 0x0021, 0x0021, 0x0021, 0x0021, 0x0000, 0x0000, 0x0021, 0x0021, 0x0021, 0x0021,
  0x0021, 0x0021, 0x0021, 0x0021, 0x0021, 0x0021, 0x0021, 0x0021, 0x0021, 0x0021, 0x0021, 0x0021,
  0x0021, 0x0021, 0x0021, 0x0021, 0x0021, 0x0021, 0x0021, 0x0021, 0x0021, 0x0021, 0x0021, 0x0021,
  0x0021, 0x0021, 0x0021, 0x0021, 0x0021, 0x0021, 0x0021, 0x0021, 0x0021, 0x0021, 0x0021, 0x0021,
  0x0021, 0x0021, 0x0021, 0x0021, 0x0021, 0x0021, 0x0021, 0x0021, 0x0021, 0x0021, 0x0021, 0x0021,
  0x0021, 0x0021, 0x0021, 0x0021, 0x0021, 0x0021, 0x0021, 0x0021, 0x0021, 0x0021, 0x0021, 0x0021,
  0x0021, 0x0021, 0x0021, 0x0021, 0x0021, 0x0021, 0x0021, 0x0021, 0x0021, 0x0021, 0x0021, 0x0021,
  0x0021, 0x0021, 0x0021, 0x0021, 0x0021, 0x0021, 0x0021, 0x0021, 0x0021, 0x0021, 0x0021, 0x0021,
  0x0021, 0x0021, 0x0021, 0x0021, 0x0021, 0x0021, 0x0021, 0x0021, 0x0021, 0x0021, 0x0021, 0x0021,
  0x0021, 0x0021, 0x0021, 0x0021, 0x0021, 0x0021, 0x0021, 0x0021, 0x0021, 0x0021, 0x0021, 0x0021,
  0x0021, 0x0021, 0x0021, 0x0021, 0x0021, 0x0021, 0x0021, 0x0021, 0x0000, 0x0021, 0x0021, 0x0021,
  0x0021, 0x0021, 0x0021, 0x0021, 0x0021, 0x0000, 0x0021, 0x0882, 0x0882, 0x0021, 0x0021, 0x0021,
  0x0021, 0x0021, 0x0021, 0x0021, 0x0021, 0x0021, 0x0021, 0x0021, 0x0021, 0x0021, 0x0021, 0x0021,
  0x0021, 0x0021, 0x0021, 0x0000, 0x0021, 0x0001, 0x0021, 0x0021, 0x0021, 0x0021, 0x0021, 0x0021,
  0x0021, 0x0021, 0x0021, 0x0021, 0x0021, 0x0021, 0x0021, 0x0021, 0x0021, 0x0021, 0x0021, 0x0021,
  0x0021, 0x0021, 0x0021, 0x0021, 0x0021, 0x0021, 0x0021, 0x0021, 0x0021, 0x0021, 0x0021, 0x0021,
  0x0021, 0x0021, 0x0021, 0x0021, 0x0021, 0x0021, 0x0021, 0x0021, 0x0021, 0x0021, 0x0021, 0x0021,
  0x0021, 0x0021, 0x0021, 0x0021, 0x0021, 0x0021, 0x0021, 0x0021, 0x0021, 0x0021, 0x0021, 0x0021,
  0x0021, 0x0021, 0x0021, 0x0021, 0x0021, 0x0021, 0x0021, 0x0021, 0x0021, 0x0021, 0x0021, 0x0021,
  0x0021, 0x0021, 0x0021, 0x0021, 0x0001, 0x0021, 0x0021, 0x0000, 0x0021, 0x0021, 0x0000, 0x0000,
  0x0000, 0x0000, 0x0000, 0x0021, 0x0021, 0x0021, 0x0021, 0x0021, 0x0021, 0x0021, 0x0021, 0x0021,
  0x0021, 0x0021, 0x0021, 0x0021, 0x0021, 0x0021, 0x0021, 0x0021, 0x0021, 0x0021, 0x0021, 0x0021,
  0x0021, 0x0021, 0x0021, 0x0021, 0x0021, 0x0021, 0x0021, 0x0021, 0x0021, 0x0021, 0x0021, 0x0021,
  0x0021, 0x0021, 0x0021, 0x0021, 0x0021, 0x0021, 0x0021, 0x0021, 0x0021, 0x0021, 0x0021, 0x0021,
  0x0021, 0x0021, 0x0021, 0x0021, 0x0021, 0x0021, 0x0021, 0x0021, 0x0021, 0x0021, 0x0021, 0x0021,
  0x0021, 0x0021, 0x0021, 0x0021, 0x0021, 0x0021, 0x0021, 0x0021, 0x0021, 0x0021, 0x0021, 0x0021,
  0x0021, 0x0021, 0x0021, 0x0021, 0x0021, 0x0021, 0x0021, 0x0021, 0x0021, 0x0021, 0x0021, 0x0021,
  0x0021, 0x0021, 0x0021, 0x0000, 0x0021, 0x0021, 0x0021, 0x0021, 0x0021, 0x0021, 0x0021, 0x0021,
  0x0021, 0x0021, 0x0021, 0x0021, 0x0021, 0x0021, 0x0021, 0x0021, 0x0021, 0x0021, 0x0021, 0x0021,
  0x0021, 0x0021, 0x0021, 0x0021, 0x0021, 0x0021, 0x0021, 0x0021, 0x0021, 0x0021, 0x0021, 0x0021,
  0x0021, 0x0021, 0x0021, 0x0021, 0x0021, 0x0021, 0x0021, 0x0021, 0x0000, 0x0000, 0x0021, 0x0021,
  0x0021, 0x0021, 0x0021, 0x0021, 0x0021, 0x0021, 0x0021, 0x0021, 0x0021, 0x0021, 0x0021, 0x0021,
  0x0021, 0x0021, 0x0021, 0x0021, 0x0021, 0x0021, 0x0021, 0x0021, 0x0021, 0x0021, 0x0021, 0x0021,
  0x0021, 0x0021, 0x0021, 0x0021, 0x0021, 0x0021, 0x0021, 0x0021, 0x0021, 0x0021, 0x0021, 0x0021,
  0x0021, 0x0021, 0x0021, 0x0021, 0x0021, 0x0021, 0x0021, 0x0021, 0x0021, 0x0021, 0x0021, 0x0021,
  0x0021, 0x0021, 0x0021, 0x0021, 0x0021, 0x0021, 0x0021, 0x0021, 0x0021, 0x0021, 0x0021, 0x0021,
  0x0021, 0x0021, 0x0021, 0x0021, 0x0021, 0x0021, 0x0021, 0x0021, 0x0021, 0x0021, 0x0021, 0x0021,
  0x0000, 0x0021, 0x0021, 0x0021, 0x0021, 0x0021, 0x0021, 0x0021, 0x0021, 0x0021, 0x0021, 0x0021,
  0x0021, 0x0021, 0x0021, 0x08a3, 0x0883, 0x0021, 0x0021, 0x0021, 0x0021, 0x0021, 0x0000, 0x0021,
  0x0021, 0x0021, 0x0021, 0x0021, 0x0021, 0x0021, 0x0021, 0x0021, 0x0021, 0x0021, 0x0021, 0x0021,
  0x0021, 0x0021, 0x0021, 0x0021, 0x0021, 0x0021, 0x0021, 0x0021, 0x0021, 0x0021, 0x0021, 0x0021,
  0x0021, 0x0021, 0x0021, 0x0021, 0x0021, 0x0021, 0x0021, 0x0021, 0x0021, 0x0021, 0x0021, 0x0021,
  0x0021, 0x0021, 0x0021, 0x0021, 0x0021, 0x0021, 0x0021, 0x0021, 0x0021, 0x0021, 0x0021, 0x0021,
  0x0021, 0x0021, 0x0021, 0x0021, 0x0021, 0x0021, 0x0021, 0x0021, 0x0021, 0x0021, 0x0021, 0x0021,
  0x0021, 0x0021, 0x0021, 0x0021, 0x0021, 0x0021, 0x0021, 0x0021, 0x0021, 0x0041, 0x0021, 0x0021,
  0x0021, 0x0021, 0x0021, 0x0021, 0x0021, 0x0021, 0x0021, 0x0021, 0x0021, 0x0021, 0x0021, 0x0000,
  0x0021, 0x0001, 0x0000, 0x0000, 0x0021, 0x0001, 0x0000, 0x0000, 0x0000, 0x0000, 0x0000, 0x0021,
  0x0021, 0x0021, 0x0021, 0x0021, 0x0021, 0x0021, 0x0021, 0x0021, 0x0021, 0x0021, 0x0021, 0x0021,
  0x0021, 0x0021, 0x0021, 0x0021, 0x0021, 0x0021, 0x0021, 0x0021, 0x0021, 0x0021, 0x0021, 0x0021,
  0x0021, 0x0021, 0x0021, 0x0021, 0x0021, 0x0021, 0x0021, 0x0021, 0x0021, 0x0021, 0x0021, 0x0021,
  0x0021, 0x0021, 0x0021, 0x0021, 0x0021, 0x0021, 0x0021, 0x0021, 0x0021, 0x0021, 0x0021, 0x0021,
  0x0021, 0x0021, 0x0021, 0x0021, 0x0021, 0x0021, 0x0021, 0x0021, 0x0021, 0x0021, 0x0021, 0x0021,
  0x0021, 0x0021, 0x0021, 0x0021, 0x0021, 0x0021, 0x0021, 0x0021, 0x0021, 0x0021, 0x0021, 0x0021,
  0x0021, 0x0021, 0x0021, 0x0021, 0x0021, 0x0021, 0x0021, 0x0021, 0x0021, 0x0021, 0x0021, 0x0021,
  0x0021, 0x0021, 0x0021, 0x0021, 0x0021, 0x0021, 0x0021, 0x0021, 0x0021, 0x0021, 0x0021, 0x0021,
  0x0021, 0x0021, 0x0021, 0x0021, 0x0021, 0x0021, 0x0021, 0x0021, 0x0021, 0x0021, 0x0021, 0x0021,
  0x0021, 0x0021, 0x0021, 0x0021, 0x0021, 0x0021, 0x0021, 0x0021, 0x0021, 0x0021, 0x0021, 0x0021,
  0x0021, 0x0021, 0x0021, 0x0021, 0x0021, 0x0021, 0x0021, 0x0021, 0x0021, 0x0021, 0x0021, 0x0021,
  0x0021, 0x0021, 0x0021, 0x0021, 0x0021, 0x0021, 0x0021, 0x0021, 0x0021, 0x0021, 0x0021, 0x0021,
  0x0021, 0x0021, 0x0021, 0x0021, 0x0021, 0x0021, 0x0021, 0x0021, 0x0021, 0x0021, 0x0021, 0x0021,
  0x0021, 0x0021, 0x0021, 0x0021, 0x0021, 0x0021, 0x0021, 0x0021, 0x0021, 0x0021, 0x0021, 0x0021,
  0x0021, 0x0021, 0x0021, 0x0021, 0x0021, 0x0021, 0x0021, 0x0021, 0x0021, 0x0021, 0x0021, 0x0021,
  0x0021, 0x0021, 0x0021, 0x0021, 0x0021, 0x0021, 0x0021, 0x0021, 0x0021, 0x0021, 0x0021, 0x0021,
  0x0021, 0x0021, 0x0021, 0x0021, 0x0000, 0x0021, 0x0021, 0x0021, 0x0021, 0x0021, 0x0000, 0x0021,
  0x0021, 0x0021, 0x0021, 0x0021, 0x0021, 0x0021, 0x0021, 0x0021, 0x0021, 0x0021, 0x0021, 0x08a3,
  0x0883, 0x0021, 0x0021, 0x0021, 0x0021, 0x0021, 0x0021, 0x0021, 0x0021, 0x0021, 0x0000, 0x0021,
  0x0021, 0x0021, 0x0021, 0x0021, 0x0000, 0x0000, 0x0000, 0x0021, 0x0021, 0x0021, 0x0021, 0x0021,
  0x0021, 0x0021, 0x0021, 0x0021, 0x0021, 0x0021, 0x0021, 0x0882, 0x08a3, 0x0021, 0x0021, 0x0021,
  0x0021, 0x0021, 0x0021, 0x0021, 0x0021, 0x0021, 0x0021, 0x0021, 0x0021, 0x0021, 0x0021, 0x0021,
  0x0021, 0x0021, 0x0021, 0x0021, 0x0021, 0x0021, 0x0021, 0x0021, 0x0021, 0x0021, 0x0021, 0x0021,
  0x0021, 0x0021, 0x0021, 0x0021, 0x0021, 0x0021, 0x0021, 0x0021, 0x0021, 0x0021, 0x0021, 0x0021,
  0x0021, 0x0021, 0x0021, 0x0021, 0x0021, 0x0021, 0x0021, 0x0021, 0x0021, 0x0021, 0x0021, 0x0021,
  0x0021, 0x0021, 0x0021, 0x0021, 0x0021, 0x0021, 0x0021, 0x0000, 0x0000, 0x0021, 0x0021, 0x0021,
  0x0021, 0x0000, 0x0000, 0x0000, 0x0000, 0x0021, 0x0000, 0x0000, 0x0021, 0x0021, 0x0021, 0x0021,
  0x0021, 0x0021, 0x0021, 0x0021, 0x0021, 0x0021, 0x0021, 0x0021, 0x0021, 0x0021, 0x0021, 0x0021,
  0x0021, 0x0021, 0x0021, 0x0021, 0x0021, 0x0021, 0x0021, 0x0021, 0x0021, 0x0021, 0x0021, 0x0021,
  0x0021, 0x0021, 0x0021, 0x0021, 0x0021, 0x0021, 0x0021, 0x0021, 0x0021, 0x0021, 0x0021, 0x0021,
  0x0021, 0x0021, 0x0021, 0x0021, 0x0021, 0x0021, 0x0021, 0x0021, 0x0021, 0x0021, 0x0021, 0x0021,
  0x0021, 0x0021, 0x0021, 0x0021, 0x0021, 0x0021, 0x0021, 0x0021, 0x0021, 0x0021, 0x0021, 0x0021,
  0x0021, 0x0021, 0x0021, 0x0021, 0x0021, 0x0021, 0x0021, 0x0021, 0x0021, 0x0021, 0x0021, 0x0021,
  0x0021, 0x0021, 0x0021, 0x0021, 0x0021, 0x0021, 0x0021, 0x0021, 0x0041, 0x08a3, 0x0021, 0x0021,
  0x0021, 0x0021, 0x0021, 0x0021, 0x0021, 0x0021, 0x0021, 0x0021, 0x0021, 0x0021, 0x0021, 0x0021,
  0x0021, 0x0021, 0x0021, 0x0021, 0x0021, 0x0021, 0x0021, 0x0021, 0x0021, 0x0021, 0x0021, 0x0021,
  0x0021, 0x0021, 0x0021, 0x0021, 0x0021, 0x0021, 0x0021, 0x0021, 0x0021, 0x0021, 0x0021, 0x0021,
  0x0021, 0x0021, 0x0021, 0x0021, 0x0021, 0x0021, 0x0021, 0x0021, 0x0021, 0x0021, 0x0021, 0x0021,
  0x0021, 0x0021, 0x0021, 0x0021, 0x0021, 0x0021, 0x0021, 0x0021, 0x0021, 0x0021, 0x0021, 0x0021,
  0x0021, 0x0021, 0x0021, 0x0021, 0x0021, 0x0021, 0x0021, 0x0021, 0x0021, 0x0021, 0x0021, 0x0021,
  0x0021, 0x0021, 0x0021, 0x0021, 0x0021, 0x0021, 0x0021, 0x0021, 0x0021, 0x0021, 0x0021, 0x0021,
  0x0021, 0x0021, 0x0021, 0x0021, 0x0021, 0x0021, 0x0021, 0x0021, 0x0021, 0x0000, 0x0021, 0x0021,
  0x0021, 0x0021, 0x0021, 0x0021, 0x0021, 0x0021, 0x0021, 0x0021, 0x0021, 0x0021, 0x0021, 0x0021,
  0x0001, 0x0021, 0x0021, 0x0021, 0x0001, 0x0021, 0x0000, 0x0021, 0x0021, 0x0021, 0x0021, 0x0021,
  0x0021, 0x0021, 0x0021, 0x0021, 0x0021, 0x0021, 0x0021, 0x08a3, 0x0883, 0x0021, 0x0021, 0x0021,
  0x0021, 0x0021, 0x0021, 0x0021, 0x0021, 0x0021, 0x0001, 0x0021, 0x0021, 0x0021, 0x0021, 0x0021,
  0x0001, 0x0001, 0x0021, 0x0021, 0x0021, 0x0021, 0x0021, 0x0021, 0x0021, 0x0021, 0x0001, 0x0021,
  0x0021, 0x0021, 0x0021, 0x0062, 0x0862, 0x0021, 0x0021, 0x0021, 0x0021, 0x0021, 0x0021, 0x0021,
  0x0021, 0x0021, 0x0021, 0x0021, 0x0041, 0x0021, 0x0021, 0x0021, 0x0021, 0x0021, 0x0021, 0x0021,
  0x0021, 0x0021, 0x0021, 0x0021, 0x0021, 0x0021, 0x0021, 0x0021, 0x0021, 0x0021, 0x0021, 0x0021,
  0x0021, 0x0021, 0x0021, 0x0021, 0x0021, 0x0021, 0x0021, 0x0021, 0x0021, 0x0021, 0x0021, 0x0021,
  0x0021, 0x0021, 0x0021, 0x0021, 0x0021, 0x0021, 0x0021, 0x0021, 0x0021, 0x0021, 0x0021, 0x0021,
  0x0021, 0x0021, 0x0021, 0x0021, 0x0001, 0x0021, 0x0021, 0x0021, 0x0021, 0x0000, 0x0000, 0x0000,
  0x0000, 0x0021, 0x0000, 0x0000, 0x0021, 0x0021, 0x0021, 0x0021, 0x0021, 0x0021, 0x0021, 0x0021,
  0x0021, 0x0021, 0x0021, 0x0021, 0x0021, 0x0021, 0x0021, 0x0021, 0x0021, 0x0021, 0x0021, 0x0021,
  0x0021, 0x0021, 0x0021, 0x0021, 0x0021, 0x0021, 0x0021, 0x0021, 0x0021, 0x0021, 0x0021, 0x0021,
  0x0021, 0x0021, 0x0021, 0x0021, 0x0021, 0x0021, 0x0021, 0x0021, 0x0021, 0x0021, 0x0021, 0x0021,
  0x0021, 0x0021, 0x0021, 0x0021, 0x0021, 0x0021, 0x0021, 0x0021, 0x0021, 0x0021, 0x0021, 0x0021,
  0x0021, 0x0021, 0x0021, 0x0021, 0x0021, 0x0021, 0x0021, 0x0021, 0x0021, 0x0021, 0x0021, 0x0021,
  0x0021, 0x0021, 0x0021, 0x0021, 0x0021, 0x0021, 0x0021, 0x0021, 0x0021, 0x0021, 0x0021, 0x0021,
  0x0021, 0x0021, 0x0021, 0x0021, 0x0021, 0x0021, 0x0021, 0x0021, 0x0021, 0x0021, 0x0021, 0x0021,
  0x0021, 0x0021, 0x0021, 0x0021, 0x0021, 0x0021, 0x0021, 0x0021, 0x0021, 0x0021, 0x0021, 0x0021,
  0x0021, 0x0021, 0x0021, 0x0021, 0x0021, 0x0021, 0x0021, 0x0021, 0x0021, 0x0021, 0x0021, 0x0021,
  0x0021, 0x0021, 0x0021, 0x0021, 0x0021, 0x0021, 0x0021, 0x0021, 0x0021, 0x0021, 0x0021, 0x0021,
  0x0021, 0x0021, 0x0021, 0x0021, 0x0021, 0x0021, 0x0021, 0x0021, 0x0021, 0x0022, 0x0021, 0x0021,
  0x0021, 0x0021, 0x0021, 0x0021, 0x0021, 0x0021, 0x0021, 0x0021, 0x0021, 0x0021, 0x0021, 0x0021,
  0x0021, 0x0021, 0x0021, 0x0021, 0x0021, 0x0062, 0x0041, 0x0021, 0x0021, 0x0021, 0x0021, 0x0021,
  0x0021, 0x0021, 0x0021, 0x0021, 0x0021, 0x0021, 0x0021, 0x0021, 0x0021, 0x0021, 0x0021, 0x0021,
  0x0021, 0x0021, 0x0021, 0x0021, 0x0021, 0x0021, 0x0021, 0x0021, 0x0021, 0x0021, 0x0021, 0x0021,
  0x0001, 0x0001, 0x0001, 0x0021, 0x0021, 0x0021, 0x0021, 0x0021, 0x0021, 0x0021, 0x0021, 0x0021,
  0x0021, 0x0001, 0x0021, 0x0021, 0x0021, 0x0021, 0x0021, 0x0001, 0x0021, 0x0000, 0x0000, 0x0000,
  0x0021, 0x0021, 0x0021, 0x08a3, 0x0883, 0x0021, 0x0021, 0x0021, 0x0021, 0x0021, 0x0021, 0x0001,
  0x0021, 0x0021, 0x0000, 0x0021, 0x0021, 0x0021, 0x0021, 0x0021, 0x0021, 0x0001, 0x0021, 0x0021,
  0x0021, 0x0021, 0x0021, 0x0021, 0x0021, 0x0000, 0x0021, 0x0021, 0x0021, 0x0021, 0x0021, 0x0021,
  0x0021, 0x0021, 0x0021, 0x0021, 0x0021, 0x0021, 0x0021, 0x0021, 0x0021, 0x0021, 0x0021, 0x0862,
  0x10c4, 0x0021, 0x0021, 0x0021, 0x0021, 0x0021, 0x0021, 0x0021, 0x0021, 0x0021, 0x0021, 0x0021,
  0x0021, 0x0021, 0x0021, 0x0021, 0x0021, 0x0021, 0x0021, 0x0021, 0x0021, 0x0021, 0x0021, 0x0021,
  0x0021, 0x0021, 0x0021, 0x0021, 0x0021, 0x0021, 0x0021, 0x0021, 0x0021, 0x0021, 0x0021, 0x0021,
  0x0021, 0x0021, 0x0021, 0x0021, 0x0021, 0x0021, 0x0021, 0x0021, 0x0021, 0x0021, 0x0021, 0x0021,
  0x0021, 0x0021, 0x0021, 0x0021, 0x0021, 0x0000, 0x0000, 0x0021, 0x0021, 0x0021, 0x0021, 0x0021,
  0x0021, 0x0021, 0x0021, 0x0021, 0x0021, 0x0021, 0x0021, 0x0021, 0x0021, 0x0021, 0x0021, 0x0021,
  0x0021, 0x0021, 0x0021, 0x0021, 0x0021, 0x0021, 0x0021, 0x0021, 0x0021, 0x0021, 0x0021, 0x0021,
  0x0021, 0x0021, 0x0021, 0x0021, 0x0021, 0x0021, 0x0021, 0x0021, 0x0021, 0x0021, 0x0021, 0x0021,
  0x0021, 0x0021, 0x0021, 0x0021, 0x0021, 0x0021, 0x0021, 0x0021, 0x0021, 0x0021, 0x0021, 0x0021,
  0x0021, 0x0021, 0x0021, 0x0021, 0x0021, 0x0021, 0x0021, 0x0021, 0x0021, 0x0021, 0x0021, 0x0021,
  0x0021, 0x0021, 0x0021, 0x0021, 0x0021, 0x0021, 0x0021, 0x0021, 0x0021, 0x0021, 0x0021, 0x0021,
  0x0021, 0x0021, 0x0021, 0x0021, 0x0021, 0x0021, 0x0021, 0x0021, 0x0021, 0x0021, 0x0021, 0x0021,
  0x0021, 0x0021, 0x0021, 0x0021, 0x0021, 0x0021, 0x0021, 0x0021, 0x0021, 0x0021, 0x0021, 0x0021,
  0x0021, 0x0021, 0x0021, 0x0021, 0x0021, 0x0021, 0x0021, 0x0021, 0x0021, 0x0021, 0x0021, 0x0021,
  0x0021, 0x0021, 0x0021, 0x0021, 0x0021, 0x0021, 0x0021, 0x0021, 0x0021, 0x0021, 0x0021, 0x0021,
  0x0021, 0x0021, 0x0021, 0x0021, 0x0021, 0x0021, 0x0021, 0x0021, 0x0021, 0x0021, 0x0021, 0x0021,
  0x0021, 0x0021, 0x0021, 0x0021, 0x0021, 0x0022, 0x0021, 0x0021, 0x0021, 0x0021, 0x0021, 0x0021,
  0x0021, 0x0021, 0x0021, 0x0022, 0x0022, 0x0021, 0x0021, 0x0021, 0x0021, 0x0021, 0x0021, 0x0021,
  0x0021, 0x0041, 0x0021, 0x0021, 0x0021, 0x0021, 0x0021, 0x0021, 0x0021, 0x0021, 0x0021, 0x0021,
  0x0021, 0x0021, 0x0021, 0x0021, 0x0021, 0x0021, 0x0021, 0x0021, 0x0021, 0x0021, 0x0021, 0x0021,
  0x0000, 0x0021, 0x0021, 0x0021, 0x0021, 0x0021, 0x0021, 0x0000, 0x0021, 0x0021, 0x0021, 0x0021,
  0x0021, 0x0021, 0x0021, 0x0021, 0x0021, 0x0021, 0x0021, 0x0021, 0x0021, 0x0021, 0x0000, 0x0021,
  0x0021, 0x0021, 0x0021, 0x0001, 0x0021, 0x0021, 0x0021, 0x0021, 0x0021, 0x0021, 0x0021, 0x08a3,
  0x0882, 0x0021, 0x0021, 0x0021, 0x0000, 0x0021, 0x0021, 0x0001, 0x0021, 0x0021, 0x0021, 0x0021,
  0x0021, 0x0021, 0x0021, 0x0021, 0x0021, 0x0001, 0x0021, 0x0021, 0x0021, 0x0021, 0x0001, 0x0001,
  0x0021, 0x0000, 0x0021, 0x0021, 0x0000, 0x0021, 0x0021, 0x0021, 0x0021, 0x0021, 0x0021, 0x0021,
  0x0021, 0x0021, 0x0021, 0x0021, 0x0021, 0x0021, 0x0021, 0x0021, 0x0021, 0x0021, 0x0021, 0x0021,
  0x0021, 0x0021, 0x0021, 0x0021, 0x0021, 0x0021, 0x0021, 0x0021, 0x0021, 0x0021, 0x0021, 0x0021,
  0x0021, 0x0021, 0x0021, 0x0021, 0x0021, 0x0021, 0x0021, 0x0021, 0x0021, 0x0021, 0x0021, 0x0021,
  0x0021, 0x0021, 0x0021, 0x0021, 0x0021, 0x0021, 0x0021, 0x0021, 0x0021, 0x0021, 0x0021, 0x0021,
  0x0021, 0x0021, 0x0021, 0x0021, 0x0021, 0x0021, 0x0021, 0x0021, 0x0001, 0x0021, 0x0021, 0x0021,
  0x0021, 0x0021, 0x0021, 0x0021, 0x0021, 0x0021, 0x0021, 0x0021, 0x0021, 0x0021, 0x0021, 0x0021,
  0x0021, 0x0021, 0x0021, 0x0021, 0x0021, 0x0021, 0x10a3, 0x10a3, 0x0021, 0x0021, 0x0021, 0x0021,
  0x0021, 0x0021, 0x0021, 0x0021, 0x0021, 0x0021, 0x0021, 0x0021, 0x0021, 0x0021, 0x0021, 0x0021,
  0x0021, 0x0021, 0x0021, 0x0021, 0x0021, 0x0021, 0x0021, 0x0021, 0x0021, 0x0021, 0x0021, 0x0021,
  0x0021, 0x0021, 0x0021, 0x0021, 0x0021, 0x0021, 0x0021, 0x0021, 0x0021, 0x0021, 0x0021, 0x0021,
  0x0021, 0x0021, 0x0021, 0x0021, 0x0021, 0x0021, 0x0021, 0x0021, 0x0022, 0x0021, 0x0021, 0x0021,
  0x0021, 0x0021, 0x0021, 0x0021, 0x0021, 0x0021, 0x0021, 0x0021, 0x0021, 0x0021, 0x0021, 0x0021,
  0x0021, 0x0021, 0x0021, 0x0021, 0x0021, 0x0021, 0x0021, 0x0021, 0x0021, 0x0021, 0x0021, 0x0021,
  0x0021, 0x0021, 0x0021, 0x0021, 0x0021, 0x0021, 0x0021, 0x0021, 0x0021, 0x0021, 0x0021, 0x0021,
  0x0021, 0x0021, 0x0021, 0x0021, 0x0021, 0x0021, 0x0021, 0x0021, 0x0021, 0x0021, 0x0021, 0x0021,
  0x0021, 0x0021, 0x0021, 0x0021, 0x0021, 0x0021, 0x0021, 0x0021, 0x0021, 0x0021, 0x0021, 0x0021,
  0x0021, 0x0021, 0x0021, 0x0021, 0x0021, 0x0021, 0x0021, 0x0021, 0x0021, 0x0021, 0x0021, 0x0021,
  0x0021, 0x0021, 0x0021, 0x0021, 0x0021, 0x0021, 0x0021, 0x0021, 0x0021, 0x0021, 0x0021, 0x0021,
  0x0022, 0x0021, 0x0021, 0x0021, 0x0021, 0x0021, 0x0021, 0x0021, 0x0021, 0x0021, 0x0021, 0x0021,
  0x0021, 0x0021, 0x0021, 0x0021, 0x0021, 0x0021, 0x0021, 0x0021, 0x0021, 0x0021, 0x0021, 0x0021,
  0x0000, 0x0021, 0x0021, 0x0021, 0x0021, 0x0021, 0x0021, 0x0021, 0x0021, 0x0021, 0x0021, 0x0021,
  0x0021, 0x0021, 0x0021, 0x0021, 0x0021, 0x0021, 0x0021, 0x0021, 0x0021, 0x0021, 0x0021, 0x0021,
  0x0021, 0x0021, 0x0021, 0x0021, 0x0021, 0x0021, 0x0021, 0x0021, 0x0021, 0x0000, 0x0021, 0x0021,
  0x0021, 0x0021, 0x0021, 0x0021, 0x0021, 0x0021, 0x0021, 0x08a3, 0x08a3, 0x0021, 0x0021, 0x0021,
  0x0021, 0x0021, 0x0021, 0x0021, 0x0021, 0x0001, 0x0021, 0x0021, 0x0021, 0x0000, 0x0001, 0x0021,
  0x0021, 0x0021, 0x0021, 0x0021, 0x0000, 0x0021, 0x0021, 0x0000, 0x0021, 0x0021, 0x0021, 0x0021,
  0x0021, 0x0021, 0x0021, 0x0021, 0x0021, 0x0021, 0x0021, 0x0021, 0x0021, 0x0021, 0x0021, 0x0021,
  0x0021, 0x0021, 0x0021, 0x0001, 0x0021, 0x0021, 0x0021, 0x0021, 0x0021, 0x0021, 0x0021, 0x0021,
  0x0021, 0x0021, 0x0021, 0x0021, 0x0021, 0x0021, 0x0021, 0x0021, 0x0021, 0x0021, 0x0021, 0x0021,
  0x0021, 0x0021, 0x0021, 0x0021, 0x0021, 0x0021, 0x0021, 0x0021, 0x0021, 0x0021, 0x0021, 0x0021,
  0x0021, 0x0021, 0x0021, 0x0021, 0x0021, 0x0021, 0x0021, 0x0021, 0x0021, 0x0021, 0x0021, 0x0021,
  0x0021, 0x0021, 0x0021, 0x0021, 0x0001, 0x0021, 0x0021, 0x0021, 0x0041, 0x0021, 0x0021, 0x0021,
  0x0021, 0x0021, 0x0021, 0x0021, 0x0021, 0x0021, 0x0021, 0x0021, 0x0021, 0x0021, 0x0021, 0x0021,
  0x0021, 0x0021, 0x08a3, 0x10a3, 0x0021, 0x0021, 0x0021, 0x0021, 0x0021, 0x0021, 0x0021, 0x0021,
  0x0021, 0x0021, 0x0021, 0x0021, 0x0021, 0x0021, 0x0021, 0x0021, 0x0021, 0x0021, 0x0021, 0x0021,
  0x0021, 0x0021, 0x0021, 0x0021, 0x0021, 0x0021, 0x0021, 0x0021, 0x0021, 0x0021, 0x0021, 0x0021,
  0x0021, 0x0021, 0x0021, 0x0021, 0x0021, 0x0021, 0x0021, 0x0021, 0x0021, 0x0021, 0x0021, 0x0021,
  0x0021, 0x0021, 0x0021, 0x0021, 0x0021, 0x0021, 0x0021, 0x0021, 0x0021, 0x0021, 0x0021, 0x0021,
  0x0021, 0x0021, 0x0021, 0x0021, 0x0021, 0x0021, 0x0021, 0x0021, 0x0021, 0x0021, 0x0021, 0x0021,
  0x0021, 0x0021, 0x0021, 0x0021, 0x0021, 0x0021, 0x0021, 0x0021, 0x0021, 0x0021, 0x0021, 0x0021,
  0x0021, 0x0021, 0x0021, 0x0021, 0x0021, 0x0021, 0x0021, 0x0021, 0x0021, 0x0021, 0x0021, 0x0021,
  0x0021, 0x0021, 0x0021, 0x0021, 0x0021, 0x0021, 0x0021, 0x0021, 0x0021, 0x0021, 0x0021, 0x0021,
  0x0021, 0x0021, 0x0021, 0x0021, 0x0021, 0x0021, 0x0021, 0x0021, 0x0021, 0x0021, 0x0021, 0x0021,
  0x0021, 0x0021, 0x0021, 0x0021, 0x0021, 0x0021, 0x0021, 0x0021, 0x0021, 0x0021, 0x0021, 0x0021,
  0x0021, 0x0021, 0x0021, 0x0021, 0x0021, 0x0021, 0x0021, 0x0021, 0x0021, 0x0021, 0x0021, 0x0021,
  0x0021, 0x0021, 0x0021, 0x0021, 0x0021, 0x0021, 0x0021, 0x0021, 0x0021, 0x0021, 0x0021, 0x0021,
  0x0021, 0x0021, 0x0021, 0x0021, 0x0021, 0x0021, 0x0021, 0x0021, 0x0021, 0x0021, 0x0021, 0x0021,
  0x0021, 0x0021, 0x0000, 0x0021, 0x0021, 0x0021, 0x0021, 0x0021, 0x0021, 0x0021, 0x0021, 0x0021,
  0x0021, 0x0021, 0x0021, 0x0021, 0x0021, 0x0021, 0x0021, 0x0021, 0x0021, 0x0021, 0x0021, 0x0021,
  0x0021, 0x0021, 0x0021, 0x0021, 0x0021, 0x0000, 0x0021, 0x0021, 0x0021, 0x0021, 0x0021, 0x0021,
  0x0021, 0x0021, 0x0021, 0x08a3, 0x08a3, 0x0021, 0x0021, 0x0021, 0x0021, 0x0021, 0x0021, 0x0021,
  0x0021, 0x0001, 0x0001, 0x0000, 0x0021, 0x0021, 0x0021, 0x0021, 0x0021, 0x0021, 0x0021, 0x0021,
  0x0001, 0x0001, 0x0021, 0x0000, 0x0021, 0x0021, 0x0021, 0x0021, 0x0021, 0x0021, 0x0021, 0x0021,
  0x0021, 0x0021, 0x0021, 0x0021, 0x0021, 0x0000, 0x0001, 0x0021, 0x0021, 0x0021, 0x0021, 0x0001,
  0x0021, 0x0021, 0x0021, 0x0021, 0x0021, 0x0021, 0x0021, 0x0021, 0x0021, 0x0021, 0x0021, 0x0021,
  0x0021, 0x0021, 0x0021, 0x0021, 0x0021, 0x0021, 0x0021, 0x0021, 0x0021, 0x0021, 0x0021, 0x0021,
  0x0021, 0x0021, 0x0021, 0x0021, 0x0021, 0x0021, 0x0021, 0x0021, 0x0021, 0x0021, 0x0021, 0x0021,
  0x0021, 0x0021, 0x0021, 0x0021, 0x0021, 0x0021, 0x0021, 0x0021, 0x0021, 0x0021, 0x0021, 0x0021,
  0x0021, 0x0021, 0x0021, 0x0041, 0x10c4, 0x0021, 0x0021, 0x0021, 0x0021, 0x0021, 0x0021, 0x0021,
  0x0021, 0x0021, 0x0021, 0x0021, 0x0021, 0x0021, 0x0021, 0x0021, 0x0021, 0x0021, 0x0021, 0x0021,
  0x0021, 0x0021, 0x0021, 0x0021, 0x0021, 0x0021, 0x0021, 0x0021, 0x0021, 0x0021, 0x0021, 0x0021,
  0x0021, 0x0021, 0x0021, 0x0021, 0x0021, 0x0021, 0x0021, 0x0021, 0x0021, 0x0021, 0x0021, 0x0021,
  0x0021, 0x0021, 0x0021, 0x0021, 0x0021, 0x0021, 0x0021, 0x0021, 0x0021, 0x0021, 0x0021, 0x0021,
  0x0021, 0x0021, 0x0021, 0x0021, 0x0021, 0x0021, 0x0021, 0x0021, 0x0021, 0x0021, 0x0021, 0x0021,
  0x0021, 0x0062, 0x0882, 0x0021, 0x0021, 0x0021, 0x0021, 0x0021, 0x0021, 0x0021, 0x0021, 0x0021,
  0x0021, 0x0021, 0x0021, 0x0021, 0x0021, 0x0021, 0x0021, 0x0021, 0x0021, 0x0021, 0x0021, 0x0021,
  0x0021, 0x0021, 0x0021, 0x0021, 0x0021, 0x0021, 0x0021, 0x0021, 0x0021, 0x0021, 0x0021, 0x0021,
  0x0021, 0x0021, 0x0021, 0x0021, 0x0021, 0x0021, 0x0021, 0x0021, 0x0021, 0x0021, 0x0021, 0x0021,
  0x0021, 0x0021, 0x0021, 0x0021, 0x0021, 0x0021, 0x0021, 0x0021, 0x0021, 0x0021, 0x0021, 0x0021,
  0x0021, 0x0021, 0x0021, 0x0021, 0x0021, 0x0021, 0x0021, 0x0021, 0x0021, 0x0021, 0x0021, 0x0021,
  0x0021, 0x0021, 0x0021, 0x0021, 0x0021, 0x0021, 0x0021, 0x0021, 0x0021, 0x0021, 0x0021, 0x0021,
  0x0021, 0x0021, 0x0021, 0x0021, 0x0021, 0x0021, 0x0021, 0x0021, 0x0021, 0x0021, 0x0021, 0x0021,
  0x0021, 0x0021, 0x0021, 0x0021, 0x0021, 0x0021, 0x0021, 0x0021, 0x0021, 0x0021, 0x0021, 0x0021,
  0x0021, 0x0021, 0x0021, 0x0021, 0x0021, 0x0021, 0x0021, 0x0021, 0x0021, 0x0021, 0x0021, 0x0021,
  0x0021, 0x0021, 0x0021, 0x0021, 0x0021, 0x0021, 0x0021, 0x0021, 0x0021, 0x0021, 0x0021, 0x0021,
  0x0021, 0x0021, 0x0021, 0x0000, 0x0000, 0x0021, 0x0021, 0x0021, 0x0021, 0x0021, 0x0021, 0x0021,
  0x0021, 0x0021, 0x0021, 0x0021, 0x0021, 0x0021, 0x0021, 0x0021, 0x0021, 0x0021, 0x0021, 0x08a3,
  0x08a3, 0x0021, 0x0021, 0x0000, 0x0021, 0x0000, 0x0001, 0x0021, 0x0000, 0x0001, 0x0000, 0x0000,
  0x0000, 0x0001, 0x0021, 0x0001, 0x0000, 0x0000, 0x0000, 0x0000, 0x0001, 0x0000, 0x0000, 0x0021,
  0x0021, 0x0021, 0x0021, 0x0021, 0x0000, 0x0000, 0x0000, 0x0021, 0x0001, 0x0021, 0x0000, 0x0000,
  0x0000, 0x0021, 0x0001, 0x0001, 0x0000, 0x0021, 0x0000, 0x0001, 0x0001, 0x0001, 0x0021, 0x0021,
  0x0021, 0x0021, 0x0021, 0x0021, 0x0021, 0x0021, 0x0021, 0x0021, 0x0021, 0x0021, 0x0021, 0x0021,
  0x0021, 0x0021, 0x0021, 0x0021, 0x0021, 0x0021, 0x0021, 0x0021, 0x0021, 0x0021, 0x0021, 0x0021,
  0x0021, 0x0021, 0x0021, 0x0021, 0x0021, 0x0021, 0x0021, 0x0021, 0x0021, 0x0021, 0x0021, 0x0021,
  0x0021, 0x0021, 0x0021, 0x0021, 0x0021, 0x0021, 0x0021, 0x0021, 0x0021, 0x0021, 0x0021, 0x0021,
  0x0021, 0x0021, 0x0021, 0x0021, 0x0021, 0x0021, 0x0021, 0x0021, 0x0021, 0x0021, 0x0021, 0x0021,
  0x0021, 0x0021, 0x0021, 0x0021, 0x0021, 0x0021, 0x0021, 0x0021, 0x0021, 0x0021, 0x0021, 0x0021,
  0x0021, 0x0021, 0x0021, 0x0021, 0x0021, 0x0021, 0x0021, 0x0021, 0x0021, 0x0021, 0x0021, 0x0021,
  0x0021, 0x0021, 0x0021, 0x0021, 0x0021, 0x0021, 0x0021, 0x0021, 0x0021, 0x0021, 0x0021, 0x0021,
  0x0021, 0x0021, 0x0021, 0x0021, 0x0021, 0x0021, 0x0021, 0x0021, 0x0021, 0x0021, 0x0021, 0x0021,
  0x0021, 0x0022, 0x0021, 0x0021, 0x0021, 0x0021, 0x0021, 0x0021, 0x0021, 0x0041, 0x0041, 0x0021,
  0x0021, 0x0021, 0x0021, 0x0021, 0x0021, 0x0021, 0x0021, 0x0021, 0x0021, 0x0021, 0x0021, 0x0021,
  0x0021, 0x0021, 0x0021, 0x0021, 0x0021, 0x0021, 0x0021, 0x0021, 0x0021, 0x0021, 0x0021, 0x0021,
  0x0021, 0x0021, 0x0021, 0x0021, 0x0021, 0x0021, 0x0021, 0x0021, 0x0021, 0x0021, 0x0021, 0x0021,
  0x0021, 0x0021, 0x0021, 0x0021, 0x0021, 0x0021, 0x0021, 0x0021, 0x0021, 0x0021, 0x0021, 0x0021,
  0x0021, 0x0021, 0x0021, 0x0021, 0x0021, 0x0021, 0x0021, 0x0021, 0x0021, 0x0021, 0x0021, 0x0021,
  0x0021, 0x0021, 0x0021, 0x0021, 0x0021, 0x0021, 0x0021, 0x0021, 0x0021, 0x0021, 0x0021, 0x0021,
  0x0021, 0x0021, 0x0021, 0x0021, 0x0021, 0x0021, 0x0021, 0x0021, 0x0021, 0x0021, 0x0021, 0x0021,
  0x0021, 0x0021, 0x0021, 0x0021, 0x0021, 0x0021, 0x0021, 0x0021, 0x0021, 0x0021, 0x0021, 0x0021,
  0x0021, 0x0021, 0x0021, 0x0021, 0x0021, 0x0021, 0x0021, 0x0000, 0x0021, 0x0021, 0x0001, 0x0000,
  0x0021, 0x0021, 0x0021, 0x0021, 0x0021, 0x0000, 0x0021, 0x0021, 0x0021, 0x0021, 0x0000, 0x0000,
  0x0021, 0x0021, 0x0021, 0x0021, 0x0021, 0x0000, 0x0000, 0x0001, 0x0001, 0x0000, 0x0021, 0x0000,
  0x0000, 0x0000, 0x0000, 0x0000, 0x0000, 0x0000, 0x0021, 0x0021, 0x0000, 0x0000, 0x0000, 0x0000,
  0x0021, 0x0021, 0x0021, 0x0021, 0x0021, 0x0021, 0x0021, 0x08a3, 0x08a3, 0x0021, 0x0021, 0x0000,
  0x0000, 0x0000, 0x0001, 0x0021, 0x0001, 0x0001, 0x0001, 0x0000, 0x0000, 0x0021, 0x0000, 0x0000,
  0x0000, 0x0021, 0x0021, 0x0021, 0x0021, 0x0000, 0x0000, 0x0021, 0x0021, 0x0021, 0x0021, 0x0000,
  0x0001, 0x0001, 0x0001, 0x0000, 0x0021, 0x0001, 0x0000, 0x0001, 0x0000, 0x0000, 0x0001, 0x0000,
  0x0000, 0x0021, 0x0021, 0x0021, 0x0021, 0x0021, 0x0021, 0x0021, 0x0021, 0x0021, 0x0021, 0x0001,
  0x0021, 0x0021, 0x0021, 0x0021, 0x0021, 0x0021, 0x0021, 0x0021, 0x0021, 0x0021, 0x0021, 0x0021,
  0x0021, 0x0021, 0x0021, 0x0021, 0x0021, 0x0021, 0x0021, 0x0021, 0x0021, 0x0021, 0x0021, 0x0021,
  0x0021, 0x0022, 0x0022, 0x0021, 0x0021, 0x0021, 0x0021, 0x0021, 0x0021, 0x0021, 0x0021, 0x0021,
  0x0021, 0x0021, 0x0021, 0x0021, 0x0021, 0x0021, 0x0021, 0x0021, 0x0021, 0x0021, 0x0021, 0x0021,
  0x0021, 0x0021, 0x0021, 0x0021, 0x0021, 0x0021, 0x0021, 0x0021, 0x0021, 0x0021, 0x0021, 0x0021,
  0x0021, 0x0021, 0x0021, 0x0021, 0x0021, 0x0021, 0x0021, 0x0021, 0x0021, 0x0021, 0x0021, 0x0021,
  0x0021, 0x0021, 0x0021, 0x0021, 0x0021, 0x0021, 0x0021, 0x0021, 0x0021, 0x0021, 0x0021, 0x0021,
  0x0021, 0x0021, 0x0021, 0x0021, 0x0021, 0x0021, 0x0021, 0x0021, 0x0021, 0x0021, 0x0021, 0x0021,
  0x0021, 0x0021, 0x0021, 0x0021, 0x0021, 0x0021, 0x0021, 0x0021, 0x0021, 0x0021, 0x0021, 0x0021,
  0x0021, 0x0021, 0x0021, 0x0021, 0x0021, 0x0021, 0x0021, 0x0021, 0x0021, 0x0021, 0x0021, 0x0021,
  0x0021, 0x0021, 0x0021, 0x0021, 0x0021, 0x0021, 0x0021, 0x0041, 0x0021, 0x0021, 0x0021, 0x0021,
  0x0021, 0x0021, 0x0021, 0x0021, 0x0021, 0x0021, 0x0021, 0x0021, 0x0021, 0x0021, 0x0021, 0x0021,
  0x0021, 0x0021, 0x0021, 0x0021, 0x0021, 0x0021, 0x0021, 0x0021, 0x0021, 0x0041, 0x0021, 0x0021,
  0x0021, 0x0021, 0x0021, 0x0021, 0x0021, 0x0021, 0x0021, 0x0021, 0x0021, 0x0021, 0x0021, 0x0021,
  0x0021, 0x0021, 0x0021, 0x0021, 0x0021, 0x0021, 0x0021, 0x0021, 0x0021, 0x0021, 0x0021, 0x0021,
  0x0021, 0x0021, 0x0021, 0x0021, 0x0021, 0x0021, 0x0021, 0x0021, 0x0021, 0x0021, 0x0021, 0x0021,
  0x0021, 0x0021, 0x0021, 0x0021, 0x0021, 0x0021, 0x0021, 0x0021, 0x0021, 0x0021, 0x0021, 0x0021,
  0x0021, 0x0021, 0x0021, 0x0021, 0x0021, 0x0021, 0x0021, 0x0021, 0x0021, 0x0021, 0x0021, 0x0021,
  0x0021, 0x0021, 0x0021, 0x0021, 0x0021, 0x0021, 0x0021, 0x0000, 0x0021, 0x0021, 0x0021, 0x0021,
  0x0021, 0x0021, 0x0021, 0x0021, 0x0021, 0x0021, 0x0021, 0x0021, 0x0021, 0x0000, 0x0021, 0x0021,
  0x0021, 0x0021, 0x0021, 0x0001, 0x0000, 0x0000, 0x0000, 0x0000, 0x0021, 0x0021, 0x0000, 0x0000,
  0x0000, 0x0000, 0x0000, 0x0021, 0x0000, 0x0000, 0x0021, 0x0021, 0x0021, 0x0021, 0x0021, 0x0021,
  0x0021, 0x0021, 0x0021, 0x08a3, 0x08a3, 0x0021, 0x0021, 0x0000, 0x0000, 0x0000, 0x0000, 0x0000,
  0x0001, 0x0001, 0x0001, 0x0000, 0x0000, 0x0000, 0x0000, 0x0000, 0x0001, 0x0000, 0x0021, 0x0021,
  0x0021, 0x0000, 0x0000, 0x0000, 0x0021, 0x0021, 0x0021, 0x0021, 0x0021, 0x0001, 0x0021, 0x0000,
  0x0021, 0x0021, 0x0000, 0x0000, 0x0000, 0x0001, 0x0000, 0x0001, 0x0000, 0x0021, 0x0000, 0x0021,
  0x0021, 0x0021, 0x0021, 0x0021, 0x0021, 0x0021, 0x0021, 0x0000, 0x0021, 0x0021, 0x0021, 0x0021,
  0x0021, 0x0021, 0x0021, 0x0021, 0x0021, 0x0021, 0x0021, 0x0021, 0x0021, 0x0021, 0x0021, 0x0021,
  0x0021, 0x0021, 0x0021, 0x0021, 0x0021, 0x0021, 0x0021, 0x0021, 0x0021, 0x0021, 0x0021, 0x0021,
  0x0021, 0x0022, 0x0021, 0x0021, 0x0021, 0x0021, 0x0021, 0x0021, 0x0021, 0x0021, 0x0021, 0x0021,
  0x0021, 0x0021, 0x0021, 0x0021, 0x0021, 0x0021, 0x0021, 0x0021, 0x0021, 0x0021, 0x0021, 0x0021,
  0x0021, 0x0021, 0x0021, 0x0021, 0x0021, 0x0021, 0x0021, 0x0021, 0x0021, 0x0021, 0x0021, 0x0021,
  0x0021, 0x0021, 0x0021, 0x0021, 0x0021, 0x0021, 0x0021, 0x0021, 0x0021, 0x0021, 0x0021, 0x0021,
  0x0021, 0x0021, 0x0021, 0x0021, 0x0021, 0x0021, 0x0021, 0x0021, 0x0021, 0x0021, 0x0021, 0x0021,
  0x0021, 0x0021, 0x0021, 0x0021, 0x0021, 0x0021, 0x0021, 0x0021, 0x0021, 0x0021, 0x0021, 0x0021,
  0x0021, 0x0021, 0x0021, 0x0021, 0x0021, 0x0021, 0x0021, 0x0021, 0x0021, 0x0021, 0x0021, 0x0021,
  0x0021, 0x0021, 0x0021, 0x0021, 0x0021, 0x0021, 0x0021, 0x0021, 0x0021, 0x0021, 0x0021, 0x0021,
  0x0021, 0x0021, 0x0021, 0x0041, 0x0021, 0x0021, 0x0021, 0x0021, 0x0021, 0x0021, 0x0021, 0x0021,
  0x0021, 0x0021, 0x0021, 0x0021, 0x0021, 0x0021, 0x0021, 0x0021, 0x0021, 0x0021, 0x0021, 0x0021,
  0x0021, 0x0021, 0x0021, 0x0021, 0x0021, 0x0021, 0x0021, 0x0021, 0x0021, 0x0021, 0x0021, 0x0021,
  0x0021, 0x0021, 0x0021, 0x0021, 0x0021, 0x0021, 0x0021, 0x0021, 0x0021, 0x0021, 0x0021, 0x0021,
  0x0021, 0x0021, 0x0021, 0x0021, 0x0021, 0x0021, 0x0021, 0x0021, 0x0021, 0x0021, 0x0021, 0x0021,
  0x0021, 0x0021, 0x0021, 0x0021, 0x0021, 0x0021, 0x0021, 0x0021, 0x0021, 0x0021, 0x0021, 0x0021,
  0x0021, 0x0021, 0x0021, 0x0021, 0x0021, 0x0021, 0x0021, 0x0021, 0x0021, 0x0021, 0x0021, 0x0021,
  0x0021, 0x0021, 0x0021, 0x0021, 0x0021, 0x0021, 0x0021, 0x0021, 0x0021, 0x0021, 0x0021, 0x0021,
  0x0021, 0x0021, 0x0021, 0x0021, 0x0021, 0x0000, 0x0021, 0x0021, 0x0021, 0x0021, 0x0021, 0x0021,
  0x0000, 0x0021, 0x0000, 0x0000, 0x0021, 0x0021, 0x0021, 0x0021, 0x0021, 0x0021, 0x0021, 0x0021,
  0x0000, 0x0021, 0x0000, 0x0000, 0x0000, 0x0000, 0x0000, 0x0000, 0x0000, 0x0001, 0x0001, 0x0000,
  0x0000, 0x0021, 0x0000, 0x0000, 0x0021, 0x0021, 0x0021, 0x0021, 0x0021, 0x0021, 0x0021, 0x08a3,
  0x08a3, 0x0021, 0x0021, 0x0000, 0x0000, 0x0021, 0x0000, 0x0000, 0x0001, 0x0001, 0x0000, 0x0000,
  0x0000, 0x0000, 0x0000, 0x0000, 0x0000, 0x0021, 0x0021, 0x0021, 0x0021, 0x0021, 0x0021, 0x0021,
  0x0021, 0x0021, 0x0021, 0x0021, 0x0001, 0x0021, 0x0021, 0x0021, 0x0021, 0x0021, 0x0001, 0x0000,
  0x0000, 0x0001, 0x0001, 0x0000, 0x0000, 0x0021, 0x0021, 0x0021, 0x0021, 0x0021, 0x0021, 0x0021,
  0x0021, 0x0021, 0x0021, 0x0021, 0x0021, 0x0021, 0x0021, 0x0021, 0x0021, 0x0021, 0x0021, 0x0021,
  0x0021, 0x0021, 0x0021, 0x0021, 0x0021, 0x0021, 0x0021, 0x0021, 0x0021, 0x0021, 0x0021, 0x0021,
  0x0021, 0x0021, 0x0021, 0x0021, 0x0021, 0x0021, 0x0021, 0x0022, 0x0021, 0x0021, 0x0022, 0x0021,
  0x0021, 0x0021, 0x0021, 0x0021, 0x0021, 0x0021, 0x0021, 0x0021, 0x0021, 0x0021, 0x0021, 0x0021,
  0x0021, 0x0021, 0x0021, 0x0021, 0x0021, 0x0021, 0x0021, 0x0021, 0x0021, 0x0021, 0x0021, 0x0021,
  0x0021, 0x0021, 0x0021, 0x0021, 0x0021, 0x0021, 0x0021, 0x0021, 0x0021, 0x0021, 0x0021, 0x0021,
  0x0021, 0x0021, 0x0021, 0x0021, 0x0021, 0x0021, 0x0021, 0x0021, 0x0021, 0x0021, 0x0021, 0x0021,
  0x0021, 0x0021, 0x0021, 0x0021, 0x0021, 0x0021, 0x0021, 0x0021, 0x0021, 0x0021, 0x0021, 0x0021,
  0x0021, 0x0021, 0x0021, 0x0021, 0x0021, 0x0021, 0x0021, 0x0021, 0x0021, 0x0021, 0x0021, 0x0021,
  0x0021, 0x0021, 0x0021, 0x0021, 0x0021, 0x0021, 0x0021, 0x0021, 0x0021, 0x0021, 0x0021, 0x0021,
  0x0021, 0x0021, 0x0021, 0x0021, 0x0021, 0x0021, 0x0021, 0x0021, 0x0021, 0x0021, 0x0021, 0x0021,
  0x0021, 0x0021, 0x0021, 0x0021, 0x0021, 0x0021, 0x0021, 0x0021, 0x0021, 0x0021, 0x0021, 0x0021,
  0x0021, 0x0021, 0x0021, 0x0021, 0x0021, 0x0021, 0x0021, 0x0021, 0x0021, 0x0021, 0x0021, 0x0021,
  0x0021, 0x0021, 0x0021, 0x0021, 0x0021, 0x0021, 0x0021, 0x0021, 0x0021, 0x0021, 0x0021, 0x0021,
  0x0021, 0x0021, 0x0021, 0x0021, 0x0021, 0x0021, 0x0021, 0x0021, 0x0021, 0x0021, 0x0021, 0x0021,
  0x0021, 0x0021, 0x0021, 0x0021, 0x0021, 0x0021, 0x0021, 0x0021, 0x0021, 0x0021, 0x0021, 0x0021,
  0x0021, 0x0021, 0x0021, 0x0021, 0x0021, 0x0021, 0x0021, 0x0021, 0x0021, 0x0021, 0x0021, 0x0021,
  0x0021, 0x0021, 0x0021, 0x0021, 0x0021, 0x0021, 0x0021, 0x0021, 0x0021, 0x0021, 0x0021, 0x0021,
  0x0021, 0x0021, 0x0021, 0x0021, 0x0021, 0x0001, 0x0021, 0x0021, 0x0021, 0x0021, 0x0021, 0x0021,
  0x0021, 0x0021, 0x0021, 0x0021, 0x0021, 0x0021, 0x0021, 0x0021, 0x0021, 0x0021, 0x0021, 0x0000,
  0x0021, 0x0021, 0x0000, 0x0021, 0x0000, 0x0021, 0x0021, 0x0021, 0x0021, 0x0021, 0x0000, 0x0000,
  0x0001, 0x0021, 0x0021, 0x0000, 0x0000, 0x0001, 0x0000, 0x0000, 0x0000, 0x0000, 0x0000, 0x0000,
  0x0021, 0x0021, 0x0021, 0x0021, 0x0021, 0x0021, 0x0021, 0x08a3, 0x08a3, 0x0021, 0x0021, 0x0000,
  0x0000, 0x0021, 0x0021, 0x0000, 0x0000, 0x0000, 0x0000, 0x0021, 0x0021, 0x0000, 0x0000, 0x0001,
  0x0001, 0x0000, 0x0021, 0x0021, 0x0021, 0x0021, 0x0021, 0x0021, 0x0021, 0x0021, 0x0021, 0x0021,
  0x0021, 0x0021, 0x0021, 0x0021, 0x0021, 0x0021, 0x0021, 0x0021, 0x0021, 0x0001, 0x0000, 0x0021,
  0x0021, 0x0021, 0x0021, 0x0021, 0x0021, 0x0021, 0x0021, 0x0021, 0x0021, 0x0021, 0x0021, 0x0021,
  0x0021, 0x0021, 0x0021, 0x0021, 0x0021, 0x0021, 0x0021, 0x0021, 0x0021, 0x0021, 0x0021, 0x0021,
  0x0021, 0x0021, 0x0021, 0x0021, 0x0021, 0x0021, 0x0021, 0x0021, 0x0021, 0x0021, 0x0021, 0x0021,
  0x0021, 0x0022, 0x0021, 0x0022, 0x0021, 0x0021, 0x0021, 0x0021, 0x0021, 0x0021, 0x0021, 0x0021,
  0x0021, 0x0021, 0x0021, 0x0021, 0x0021, 0x0021, 0x0021, 0x0021, 0x0021, 0x0021, 0x0021, 0x0021,
  0x0021, 0x0021, 0x0021, 0x0021, 0x0021, 0x0021, 0x0021, 0x0021, 0x0021, 0x0021, 0x0021, 0x0021,
  0x0021, 0x0021, 0x0021, 0x0021, 0x0021, 0x0021, 0x0021, 0x0021, 0x0021, 0x0021, 0x0021, 0x0021,
  0x0021, 0x0022, 0x0021, 0x0021, 0x0021, 0x0021, 0x0021, 0x0021, 0x0021, 0x0021, 0x0021, 0x0021,
  0x0021, 0x0021, 0x0021, 0x0021, 0x0021, 0x0021, 0x0021, 0x0021, 0x0021, 0x0021, 0x0021, 0x0021,
  0x0021, 0x0021, 0x0021, 0x0021, 0x0021, 0x0021, 0x0021, 0x0021, 0x0021, 0x0021, 0x0021, 0x0021,
  0x0021, 0x0021, 0x0021, 0x0021, 0x0021, 0x0021, 0x0021, 0x0021, 0x0021, 0x0021, 0x0021, 0x0021,
  0x0021, 0x0021, 0x0021, 0x0021, 0x0021, 0x0021, 0x0021, 0x0021, 0x0021, 0x0021, 0x0021, 0x0021,
  0x0021, 0x0021, 0x0021, 0x0021, 0x0021, 0x0021, 0x0021, 0x0021, 0x0021, 0x0021, 0x0021, 0x0021,
  0x0021, 0x0021, 0x0021, 0x0021, 0x0021, 0x0021, 0x0021, 0x0021, 0x0021, 0x0021, 0x0021, 0x0021,
  0x0021, 0x0021, 0x0021, 0x0021, 0x0021, 0x0021, 0x0021, 0x0021, 0x0021, 0x0021, 0x0021, 0x0021,
  0x0021, 0x0021, 0x0021, 0x0021, 0x0021, 0x0021, 0x0021, 0x0021, 0x0021, 0x0021, 0x0021, 0x0021,
  0x0021, 0x0021, 0x0021, 0x0021, 0x0021, 0x0021, 0x0021, 0x0021, 0x0021, 0x0021, 0x0021, 0x0021,
  0x0021, 0x0021, 0x0021, 0x0021, 0x0021, 0x0021, 0x0021, 0x0021, 0x0021, 0x0021, 0x0021, 0x0021,
  0x0021, 0x0021, 0x0021, 0x0021, 0x0021, 0x0021, 0x0021, 0x0021, 0x0021, 0x0021, 0x0021, 0x0021,
  0x0021, 0x0021, 0x0021, 0x0021, 0x0021, 0x0021, 0x0021, 0x0021, 0x0021, 0x0021, 0x0021, 0x0021,
  0x0021, 0x0021, 0x0021, 0x0021, 0x0021, 0x0021, 0x0021, 0x0021, 0x0021, 0x0021, 0x0000, 0x0021,
  0x0021, 0x0021, 0x0000, 0x0021, 0x0021, 0x0000, 0x0000, 0x0000, 0x0021, 0x0000, 0x0000, 0x0021,
  0x0021, 0x0021, 0x0000, 0x0001, 0x0000, 0x0000, 0x0001, 0x0000, 0x0021, 0x0021, 0x0021, 0x0021,
  0x0021, 0x0021, 0x0021, 0x10c4, 0x08a3, 0x0021, 0x0021, 0x0001, 0x0000, 0x0000, 0x0021, 0x0000,
  0x0000, 0x0021, 0x0021, 0x0000, 0x0000, 0x0000, 0x0000, 0x0000, 0x0000, 0x0000, 0x0021, 0x0021,
  0x0021, 0x0021, 0x0021, 0x0021, 0x0021, 0x0021, 0x0021, 0x0021, 0x0021, 0x0021, 0x0021, 0x0001,
  0x0001, 0x0021, 0x0021, 0x0021, 0x0001, 0x0001, 0x0000, 0x0021, 0x0001, 0x0021, 0x0021, 0x0021,
  0x0021, 0x0021, 0x0021, 0x0021, 0x0021, 0x0021, 0x0021, 0x0021, 0x0021, 0x0021, 0x0021, 0x0021,
  0x0021, 0x0021, 0x0021, 0x0021, 0x0021, 0x0021, 0x0021, 0x0021, 0x0021, 0x0021, 0x0021, 0x0021,
  0x0021, 0x0021, 0x0021, 0x0021, 0x0021, 0x0021, 0x0021, 0x0021, 0x0021, 0x0021, 0x0021, 0x0021,
  0x0021, 0x0022, 0x0022, 0x0021, 0x0021, 0x0021, 0x0021, 0x0021, 0x0021, 0x0021, 0x0021, 0x0021,
  0x10a3, 0x0021, 0x0021, 0x0021, 0x0021, 0x0021, 0x0021, 0x0021, 0x0021, 0x0021, 0x0021, 0x0021,
  0x0021, 0x0021, 0x0021, 0x0021, 0x0021, 0x0021, 0x0021, 0x0021, 0x0021, 0x0021, 0x0021, 0x0021,
  0x0021, 0x0021, 0x0021, 0x0021, 0x0021, 0x0021, 0x0021, 0x0022, 0x0022, 0x0021, 0x0021, 0x0021,
  0x0021, 0x0021, 0x0021, 0x0021, 0x0021, 0x0021, 0x0021, 0x0021, 0x0021, 0x0021, 0x0021, 0x0021,
  0x0021, 0x0021, 0x0021, 0x0022, 0x0021, 0x0021, 0x0021, 0x0021, 0x0021, 0x0021, 0x0021, 0x0021,
  0x0021, 0x0021, 0x0021, 0x0021, 0x0021, 0x0021, 0x0021, 0x0021, 0x0021, 0x0021, 0x0021, 0x0021,
  0x0021, 0x0021, 0x0021, 0x0021, 0x0021, 0x0021, 0x0021, 0x0021, 0x0021, 0x0021, 0x0021, 0x0021,
  0x0021, 0x0021, 0x0021, 0x0021, 0x0021, 0x0021, 0x0021, 0x0021, 0x0021, 0x0021, 0x0021, 0x0021,
  0x0021, 0x0021, 0x0021, 0x0021, 0x0021, 0x0021, 0x0021, 0x0021, 0x0021, 0x0021, 0x0021, 0x0021,
  0x0021, 0x0021, 0x0021, 0x0021, 0x0041, 0x0021, 0x0021, 0x0021, 0x0022, 0x0021, 0x0022, 0x0021,
  0x0021, 0x0022, 0x0021, 0x0021, 0x0021, 0x0021, 0x0022, 0x0021, 0x0021, 0x0021, 0x0021, 0x0021,
  0x0021, 0x0021, 0x0021, 0x0021, 0x0021, 0x0021, 0x0021, 0x0021, 0x0021, 0x0021, 0x0021, 0x0021,
  0x0021, 0x0021, 0x0021, 0x0021, 0x0021, 0x0021, 0x0021, 0x0021, 0x0021, 0x0021, 0x0021, 0x0021,
  0x0021, 0x0021, 0x0021, 0x0021, 0x0021, 0x0021, 0x0021, 0x0021, 0x0021, 0x0021, 0x0021, 0x0021,
  0x0021, 0x0021, 0x0021, 0x0021, 0x0021, 0x0021, 0x0021, 0x0021, 0x0021, 0x0021, 0x0021, 0x0021,
  0x0021, 0x0021, 0x0021, 0x0021, 0x0021, 0x0021, 0x0021, 0x0021, 0x0021, 0x0021, 0x0021, 0x0021,
  0x0021, 0x0021, 0x0000, 0x0000, 0x0000, 0x0021, 0x0021, 0x0021, 0x0021, 0x0021, 0x0000, 0x0021,
  0x0000, 0x0000, 0x0021, 0x0000, 0x0021, 0x0021, 0x0021, 0x0021, 0x0021, 0x0021, 0x0000, 0x0021,
  0x0021, 0x0021, 0x0021, 0x0021, 0x0021, 0x0021, 0x0000, 0x0021, 0x0021, 0x0021, 0x0022, 0x10a3,
  0x08a3, 0x0021, 0x0001, 0x0000, 0x0000, 0x0000, 0x0000, 0x0021, 0x0000, 0x0001, 0x0001, 0x0001,
  0x0001, 0x0000, 0x0000, 0x0000, 0x0000, 0x0021, 0x0021, 0x0021, 0x0021, 0x0021, 0x0021, 0x0021,
  0x0021, 0x0021, 0x0021, 0x0021, 0x0021, 0x0021, 0x0001, 0x0001, 0x0000, 0x0021, 0x0021, 0x0021,
  0x0000, 0x0001, 0x0001, 0x0000, 0x0001, 0x0021, 0x0021, 0x0021, 0x0021, 0x0021, 0x0021, 0x0021,
  0x0021, 0x0021, 0x0021, 0x0021, 0x0021, 0x0021, 0x0021, 0x0021, 0x0021, 0x0021, 0x0021, 0x0021,
  0x0021, 0x0021, 0x0021, 0x0021, 0x0021, 0x0021, 0x0021, 0x0021, 0x0021, 0x0021, 0x0021, 0x0021,
  0x0021, 0x0022, 0x0021, 0x0021, 0x0021, 0x0022, 0x0022, 0x0021, 0x0022, 0x0022, 0x0021, 0x0021,
  0x0022, 0x0021, 0x0021, 0x0021, 0x0021, 0x0021, 0x0021, 0x0021, 0x0062, 0x0021, 0x0021, 0x0021,
  0x0021, 0x0021, 0x0021, 0x0021, 0x0021, 0x0021, 0x0021, 0x0021, 0x0021, 0x0021, 0x0021, 0x0021,
  0x0021, 0x0021, 0x0021, 0x0021, 0x0021, 0x0021, 0x0021, 0x0021, 0x0021, 0x0021, 0x0021, 0x0021,
  0x0021, 0x0021, 0x0021, 0x0021, 0x0021, 0x0021, 0x0021, 0x0021, 0x0021, 0x0021, 0x0021, 0x0022,
  0x0021, 0x0021, 0x0021, 0x0021, 0x0021, 0x0021, 0x0021, 0x0021, 0x0021, 0x0021, 0x0021, 0x0022,
  0x0021, 0x0021, 0x0022, 0x0021, 0x0021, 0x0021, 0x0021, 0x0022, 0x0021, 0x0021, 0x0021, 0x0021,
  0x0021, 0x0021, 0x0021, 0x0021, 0x0021, 0x0021, 0x0021, 0x0021, 0x0021, 0x0021, 0x0021, 0x0021,
  0x0021, 0x0021, 0x0021, 0x0021, 0x0021, 0x0021, 0x0021, 0x0021, 0x0021, 0x0021, 0x0021, 0x0021,
  0x0021, 0x0021, 0x0021, 0x0021, 0x0021, 0x0021, 0x0021, 0x0021, 0x0021, 0x0021, 0x0021, 0x0021,
  0x0021, 0x0021, 0x0021, 0x0021, 0x0021, 0x0021, 0x0021, 0x0021, 0x0021, 0x0021, 0x0021, 0x0021,
  0x0021, 0x0021, 0x0022, 0x0022, 0x0022, 0x0022, 0x0022, 0x0022, 0x0022, 0x0021, 0x0022, 0x0021,
  0x0021, 0x0021, 0x0022, 0x0021, 0x0021, 0x0021, 0x0021, 0x0021, 0x0021, 0x0021, 0x0021, 0x0021,
  0x0021, 0x0021, 0x0021, 0x0021, 0x0021, 0x0021, 0x0021, 0x0021, 0x0021, 0x0021, 0x0021, 0x0021,
  0x0021, 0x0021, 0x0021, 0x0021, 0x0021, 0x0021, 0x0021, 0x0021, 0x0021, 0x0021, 0x0021, 0x0021,
  0x0021, 0x0021, 0x0021, 0x0021, 0x0021, 0x0021, 0x0021, 0x0021, 0x0021, 0x0021, 0x0021, 0x0021,
  0x0021, 0x0021, 0x0021, 0x0021, 0x0021, 0x0021, 0x0021, 0x0021, 0x0021, 0x0021, 0x0021, 0x0021,
  0x0021, 0x0021, 0x0021, 0x0021, 0x0021, 0x0021, 0x0021, 0x0021, 0x0021, 0x0021, 0x0000, 0x0021,
  0x0021, 0x0021, 0x0021, 0x0021, 0x0021, 0x0021, 0x0021, 0x0021, 0x0000, 0x0000, 0x0000, 0x0021,
  0x0021, 0x0000, 0x0021, 0x0021, 0x0021, 0x0000, 0x0000, 0x0000, 0x0001, 0x0021, 0x0001, 0x0001,
  0x0021, 0x0021, 0x0000, 0x0021, 0x0021, 0x0021, 0x0022, 0x10c4, 0x08a3, 0x0021, 0x0021, 0x0000,
  0x0000, 0x0000, 0x0000, 0x0000, 0x0021, 0x0021, 0x0021, 0x0021, 0x0021, 0x0021, 0x0021, 0x0001,
  0x0021, 0x0000, 0x0021, 0x0000, 0x0021, 0x0021, 0x0021, 0x0021, 0x0021, 0x0021, 0x0021, 0x0021,
  0x0021, 0x0021, 0x0021, 0x0021, 0x0021, 0x0001, 0x0021, 0x0862, 0x0882, 0x0001, 0x0001, 0x0001,
  0x0021, 0x0021, 0x0021, 0x0021, 0x0021, 0x0021, 0x0021, 0x0021, 0x0021, 0x0021, 0x0021, 0x0021,
  0x0021, 0x0021, 0x0021, 0x0021, 0x0021, 0x0021, 0x0021, 0x0021, 0x0021, 0x0021, 0x0021, 0x0021,
  0x0021, 0x0021, 0x0021, 0x0021, 0x0021, 0x0021, 0x0021, 0x0021, 0x0021, 0x0022, 0x0021, 0x0022,
  0x0022, 0x0021, 0x0021, 0x0022, 0x0022, 0x0021, 0x0021, 0x0021, 0x0021, 0x0021, 0x0021, 0x0022,
  0x0021, 0x0021, 0x0021, 0x0021, 0x0021, 0x0021, 0x0021, 0x0021, 0x0021, 0x0021, 0x0021, 0x0021,
  0x0021, 0x0021, 0x0021, 0x0021, 0x0021, 0x0021, 0x0021, 0x0021, 0x0021, 0x0021, 0x0021, 0x0021,
  0x0021, 0x0021, 0x0021, 0x0021, 0x0021, 0x0021, 0x0021, 0x0021, 0x0021, 0x0022, 0x0021, 0x0021,
  0x0022, 0x0021, 0x0021, 0x0021, 0x0021, 0x0021, 0x0021, 0x0022, 0x0021, 0x0021, 0x0021, 0x0021,
  0x0021, 0x0021, 0x0021, 0x0021, 0x0021, 0x0021, 0x0021, 0x0022, 0x0021, 0x0022, 0x0022, 0x0022,
  0x0021, 0x0021, 0x0021, 0x0021, 0x0021, 0x0021, 0x0021, 0x0021, 0x0021, 0x0021, 0x0021, 0x0021,
  0x0021, 0x0021, 0x0021, 0x0022, 0x0021, 0x0021, 0x0021, 0x0021, 0x0021, 0x0021, 0x0021, 0x0021,
  0x0021, 0x0021, 0x0021, 0x0021, 0x0021, 0x0021, 0x0021, 0x0021, 0x0021, 0x0021, 0x0021, 0x0021,
  0x0021, 0x0021, 0x0021, 0x0021, 0x0021, 0x0021, 0x0021, 0x0021, 0x0021, 0x0021, 0x0021, 0x0021,
  0x0021, 0x0021, 0x0021, 0x0021, 0x0021, 0x0021, 0x0021, 0x0021, 0x0021, 0x0021, 0x0022, 0x0022,
  0x0022, 0x0022, 0x0022, 0x0022, 0x0022, 0x0022, 0x0022, 0x0022, 0x0022, 0x0022, 0x0021, 0x0021,
  0x0021, 0x0021, 0x0021, 0x0021, 0x0021, 0x0021, 0x0021, 0x0021, 0x0021, 0x0021, 0x0021, 0x0021,
  0x0021, 0x0021, 0x0021, 0x0021, 0x0021, 0x0021, 0x0021, 0x0021, 0x0041, 0x0021, 0x0021, 0x0021,
  0x0021, 0x0021, 0x0021, 0x0021, 0x0021, 0x0021, 0x0021, 0x0021, 0x0021, 0x0021, 0x0021, 0x0021,
  0x0021, 0x0021, 0x0021, 0x0021, 0x0021, 0x0021, 0x0021, 0x0021, 0x0021, 0x0021, 0x0021, 0x0021,
  0x0021, 0x0021, 0x0021, 0x0021, 0x0021, 0x0021, 0x0021, 0x0021, 0x0021, 0x0021, 0x0021, 0x0021,
  0x0021, 0x0021, 0x0021, 0x0021, 0x0021, 0x0001, 0x0021, 0x0021, 0x0021, 0x0021, 0x0021, 0x0021,
  0x0021, 0x0021, 0x0021, 0x0021, 0x0000, 0x0000, 0x0021, 0x0021, 0x0021, 0x0000, 0x0021, 0x0001,
  0x0000, 0x0021, 0x0000, 0x0000, 0x0021, 0x0000, 0x0000, 0x0000, 0x0021, 0x0000, 0x0000, 0x0000,
  0x0021, 0x0021, 0x0021, 0x10c4, 0x10a3, 0x0021, 0x0021, 0x0001, 0x0000, 0x0021, 0x0000, 0x0000,
  0x0021, 0x0021, 0x0021, 0x0021, 0x0021, 0x0021, 0x0021, 0x0021, 0x0021, 0x0021, 0x0021, 0x0001,
  0x0001, 0x0000, 0x0021, 0x0021, 0x0021, 0x0021, 0x0021, 0x0021, 0x0021, 0x0021, 0x0021, 0x0001,
  0x0000, 0x0021, 0x0021, 0x0062, 0x0862, 0x0021, 0x0021, 0x0021, 0x0021, 0x0021, 0x0021, 0x0021,
  0x0021, 0x0021, 0x0021, 0x0021, 0x0021, 0x0021, 0x0021, 0x0021, 0x0021, 0x0021, 0x0021, 0x0021,
  0x0021, 0x0021, 0x0021, 0x0021, 0x0021, 0x0021, 0x0021, 0x0021, 0x0021, 0x0021, 0x0021, 0x0021,
  0x0021, 0x0021, 0x0021, 0x0022, 0x0022, 0x0022, 0x0022, 0x0022, 0x0022, 0x0022, 0x0022, 0x0022,
  0x0022, 0x0022, 0x0021, 0x0022, 0x0022, 0x0021, 0x0021, 0x0022, 0x0022, 0x0021, 0x0021, 0x0021,
  0x0021, 0x0021, 0x0021, 0x0021, 0x0021, 0x0021, 0x0021, 0x0021, 0x0021, 0x0021, 0x0021, 0x0021,
  0x0021, 0x0021, 0x0021, 0x0021, 0x0021, 0x0021, 0x0021, 0x0021, 0x0021, 0x0021, 0x0021, 0x0021,
  0x0021, 0x0021, 0x0021, 0x0021, 0x0022, 0x0022, 0x0022, 0x0021, 0x0022, 0x0021, 0x0022, 0x0022,
  0x0022, 0x0021, 0x0021, 0x0882, 0x0041, 0x0021, 0x0021, 0x0021, 0x0021, 0x0021, 0x0021, 0x0021,
  0x0022, 0x0022, 0x0022, 0x0021, 0x0021, 0x0021, 0x0022, 0x0021, 0x0021, 0x0022, 0x0021, 0x0021,
  0x0021, 0x0021, 0x0021, 0x0021, 0x0021, 0x0021, 0x0022, 0x0022, 0x0022, 0x0021, 0x0022, 0x0022,
  0x0022, 0x0022, 0x0022, 0x0021, 0x0021, 0x0021, 0x0021, 0x0021, 0x0021, 0x0021, 0x0021, 0x0021,
  0x0021, 0x0021, 0x0021, 0x0021, 0x0021, 0x0021, 0x0021, 0x0021, 0x0021, 0x0021, 0x0021, 0x0021,
  0x0021, 0x0021, 0x0021, 0x0021, 0x0021, 0x0021, 0x0021, 0x0021, 0x0021, 0x0021, 0x0021, 0x0021,
  0x0021, 0x0021, 0x0021, 0x0041, 0x0021, 0x0022, 0x0022, 0x0022, 0x0022, 0x0042, 0x0022, 0x0022,
  0x0022, 0x0022, 0x0022, 0x0022, 0x0022, 0x0022, 0x0021, 0x0021, 0x0021, 0x0021, 0x0021, 0x0021,
  0x0021, 0x0021, 0x0021, 0x0021, 0x0021, 0x0021, 0x0021, 0x0021, 0x0021, 0x0021, 0x0021, 0x0021,
  0x0021, 0x0021, 0x0021, 0x0021, 0x0021, 0x0021, 0x0021, 0x0021, 0x0021, 0x0021, 0x0021, 0x0021,
  0x0021, 0x0021, 0x0021, 0x0021, 0x0021, 0x0021, 0x0021, 0x0021, 0x0021, 0x0021, 0x0021, 0x0021,
  0x0021, 0x0021, 0x0021, 0x0021, 0x0021, 0x0021, 0x0021, 0x0021, 0x0021, 0x0021, 0x0021, 0x0021,
  0x0021, 0x0021, 0x0021, 0x0021, 0x0021, 0x0021, 0x0021, 0x0021, 0x0021, 0x0021, 0x0021, 0x0021,
  0x0021, 0x0021, 0x0021, 0x0021, 0x0021, 0x0021, 0x0021, 0x0021, 0x0021, 0x0021, 0x0021, 0x0021,
  0x0021, 0x0021, 0x0021, 0x0021, 0x0021, 0x0021, 0x0021, 0x0021, 0x0001, 0x0000, 0x0000, 0x0000,
  0x0000, 0x0000, 0x0000, 0x0000, 0x0000, 0x0021, 0x0000, 0x0021, 0x0021, 0x0021, 0x0022, 0x10c4,
  0x10c4, 0x0021, 0x0021, 0x0021, 0x0001, 0x0021, 0x0021, 0x0021, 0x0021, 0x0021, 0x0021, 0x0021,
  0x0021, 0x0021, 0x0021, 0x0021, 0x0021, 0x0021, 0x0021, 0x0021, 0x0001, 0x0000, 0x0021, 0x0021,
  0x0021, 0x0021, 0x0021, 0x0021, 0x0021, 0x0021, 0x0021, 0x0021, 0x0000, 0x0021, 0x0021, 0x0021,
  0x0021, 0x0021, 0x0021, 0x0021, 0x0021, 0x0021, 0x0021, 0x0021, 0x0021, 0x0021, 0x0021, 0x0021,
  0x0021, 0x0021, 0x0021, 0x0021, 0x0021, 0x0021, 0x0021, 0x0021, 0x0021, 0x0021, 0x0021, 0x0021,
  0x0021, 0x0021, 0x0021, 0x0021, 0x0021, 0x0021, 0x0021, 0x0021, 0x0021, 0x0021, 0x0021, 0x0022,
  0x0022, 0x0022, 0x0021, 0x0022, 0x0022, 0x0022, 0x0022, 0x0022, 0x0021, 0x0022, 0x0022, 0x0022,
  0x0022, 0x0022, 0x0022, 0x0021, 0x0021, 0x0021, 0x0021, 0x0021, 0x0021, 0x0021, 0x0021, 0x0021,
  0x0021, 0x0021, 0x0021, 0x0021, 0x0021, 0x0021, 0x0021, 0x0021, 0x0021, 0x0021, 0x0021, 0x0021,
  0x0021, 0x0021, 0x0021, 0x0021, 0x0021, 0x0021, 0x0021, 0x0021, 0x0862, 0x0021, 0x0021, 0x0021,
  0x0021, 0x0022, 0x0021, 0x0022, 0x0021, 0x0022, 0x0022, 0x0022, 0x0021, 0x0021, 0x0021, 0x1904,
  0x0882, 0x0021, 0x0021, 0x0021, 0x0021, 0x0021, 0x0022, 0x0022, 0x0022, 0x0022, 0x0022, 0x0021,
  0x0021, 0x0021, 0x0022, 0x0021, 0x0021, 0x0021, 0x0022, 0x0021, 0x0021, 0x0021, 0x0021, 0x0021,
  0x0021, 0x0021, 0x0021, 0x0022, 0x0042, 0x0022, 0x0022, 0x0022, 0x0022, 0x0021, 0x0021, 0x0021,
  0x0021, 0x0021, 0x0021, 0x0021, 0x0021, 0x0022, 0x0021, 0x0021, 0x0021, 0x0022, 0x0022, 0x0021,
  0x0021, 0x0021, 0x0021, 0x0021, 0x0021, 0x0021, 0x0021, 0x0022, 0x0022, 0x0021, 0x0021, 0x0021,
  0x0021, 0x0021, 0x0021, 0x0021, 0x0021, 0x0021, 0x0021, 0x0021, 0x0021, 0x0021, 0x0021, 0x0021,
  0x0021, 0x0021, 0x0022, 0x0042, 0x0042, 0x0022, 0x0022, 0x0042, 0x0022, 0x0022, 0x0042, 0x0042,
  0x0042, 0x0022, 0x0022, 0x0022, 0x0022, 0x0021, 0x0021, 0x0021, 0x0021, 0x0021, 0x0021, 0x0021,
  0x0021, 0x0021, 0x0021, 0x0021, 0x0021, 0x0021, 0x0021, 0x0021, 0x0021, 0x0021, 0x0021, 0x0021,
  0x0021, 0x0021, 0x0021, 0x0021, 0x0021, 0x0021, 0x0021, 0x0021, 0x0021, 0x0021, 0x0021, 0x0021,
  0x0021, 0x0021, 0x0021, 0x0021, 0x0021, 0x0021, 0x0021, 0x0021, 0x0021, 0x0021, 0x0021, 0x0021,
  0x0021, 0x0021, 0x0021, 0x0021, 0x0021, 0x0021, 0x0021, 0x0021, 0x0021, 0x0021, 0x0021, 0x0021,
  0x0021, 0x0021, 0x0021, 0x0021, 0x0021, 0x0021, 0x0021, 0x0021, 0x0021, 0x0021, 0x0021, 0x0021,
  0x0021, 0x0021, 0x0021, 0x0021, 0x0021, 0x0021, 0x0021, 0x0021, 0x0000, 0x0000, 0x0001, 0x0001,
  0x0021, 0x0021, 0x0021, 0x0021, 0x0021, 0x0021, 0x0021, 0x0000, 0x0001, 0x0021, 0x0021, 0x0000,
  0x0000, 0x0000, 0x0001, 0x0000, 0x0021, 0x0021, 0x0022, 0x10c4, 0x08a4, 0x0021, 0x0021, 0x0021,
  0x0021, 0x0021, 0x0021, 0x0021, 0x0021, 0x0021, 0x0021, 0x0021, 0x0021, 0x0021, 0x0021, 0x0021,
  0x0021, 0x0021, 0x0021, 0x0021, 0x0021, 0x0021, 0x0021, 0x0021, 0x0021, 0x0021, 0x0021, 0x0021,
  0x0021, 0x0021, 0x0021, 0x0001, 0x0021, 0x0021, 0x0021, 0x0021, 0x0021, 0x0021, 0x0021, 0x0021,
  0x0021, 0x0021, 0x0021, 0x0021, 0x0021, 0x0021, 0x0021, 0x0021, 0x0021, 0x0021, 0x0021, 0x0021,
  0x0021, 0x0021, 0x0021, 0x0021, 0x0021, 0x0021, 0x0021, 0x0021, 0x0021, 0x0021, 0x0021, 0x0021,
  0x0021, 0x0021, 0x0021, 0x0021, 0x0021, 0x0021, 0x0021, 0x0022, 0x0022, 0x0022, 0x0021, 0x0022,
  0x0022, 0x0022, 0x0022, 0x0022, 0x0021, 0x0022, 0x0042, 0x0042, 0x0042, 0x0042, 0x0022, 0x0021,
  0x0021, 0x0021, 0x0021, 0x0021, 0x0021, 0x0021, 0x0021, 0x0021, 0x0021, 0x0021, 0x0021, 0x0021,
  0x0021, 0x0021, 0x0021, 0x0021, 0x0021, 0x0041, 0x0021, 0x0021, 0x0021, 0x0021, 0x0021, 0x0021,
  0x0021, 0x0021, 0x0021, 0x0021, 0x0021, 0x0021, 0x0021, 0x0022, 0x0021, 0x0022, 0x0022, 0x0022,
  0x0022, 0x0021, 0x0021, 0x0021, 0x0021, 0x0021, 0x0021, 0x0021, 0x0021, 0x0021, 0x0021, 0x0021,
  0x0021, 0x0021, 0x0021, 0x0022, 0x0022, 0x0022, 0x0021, 0x0021, 0x0021, 0x0021, 0x0022, 0x0021,
  0x0021, 0x0022, 0x0022, 0x0022, 0x0022, 0x0022, 0x0021, 0x0022, 0x0021, 0x0021, 0x0022, 0x0021,
  0x0022, 0x0022, 0x0022, 0x0022, 0x0021, 0x0021, 0x0021, 0x0021, 0x0021, 0x0021, 0x0021, 0x0021,
  0x0021, 0x0021, 0x0021, 0x0021, 0x0021, 0x0021, 0x0022, 0x0021, 0x0021, 0x0021, 0x0021, 0x0021,
  0x0021, 0x0021, 0x0021, 0x0021, 0x0021, 0x0021, 0x0021, 0x0021, 0x0021, 0x0021, 0x0021, 0x0021,
  0x0021, 0x0021, 0x0021, 0x0021, 0x0021, 0x0021, 0x0021, 0x0021, 0x0021, 0x0021, 0x0021, 0x0022,
  0x0022, 0x0022, 0x0022, 0x0022, 0x0042, 0x0022, 0x0042, 0x0042, 0x0042, 0x0022, 0x0022, 0x0022,
  0x0022, 0x0021, 0x0021, 0x0021, 0x0021, 0x0021, 0x0021, 0x0021, 0x0021, 0x0021, 0x0021, 0x0021,
  0x0021, 0x0021, 0x0021, 0x0021, 0x0021, 0x0021, 0x0021, 0x0021, 0x0021, 0x0021, 0x0021, 0x0021,
  0x0021, 0x0021, 0x0021, 0x0021, 0x0021, 0x0021, 0x0021, 0x0021, 0x0021, 0x0021, 0x0021, 0x0021,
  0x0021, 0x0021, 0x0021, 0x0021, 0x0021, 0x0021, 0x0021, 0x0021, 0x0021, 0x0021, 0x0021, 0x0021,
  0x0021, 0x0021, 0x0021, 0x0021, 0x0021, 0x0021, 0x0021, 0x0021, 0x0021, 0x0021, 0x0021, 0x0021,
  0x0021, 0x0021, 0x0021, 0x0021, 0x0021, 0x0021, 0x0021, 0x0021, 0x0021, 0x0021, 0x0021, 0x0021,
  0x0021, 0x0021, 0x0021, 0x0021, 0x0021, 0x0021, 0x0021, 0x0000, 0x0021, 0x0021, 0x0021, 0x0021,
  0x0021, 0x0021, 0x0021, 0x0021, 0x0000, 0x0000, 0x0000, 0x0021, 0x0001, 0x0021, 0x0021, 0x0021,
  0x0021, 0x0021, 0x0021, 0x10c4, 0x10c4, 0x0021, 0x0021, 0x0021, 0x0021, 0x0021, 0x0021, 0x0021,
  0x0021, 0x0021, 0x0021, 0x0021, 0x0021, 0x0021, 0x0021, 0x0021, 0x0021, 0x0021, 0x0021, 0x0021,
  0x0021, 0x0021, 0x0021, 0x0021, 0x0021, 0x0021, 0x0021, 0x0021, 0x0021, 0x0021, 0x0021, 0x0021,
  0x0021, 0x0021, 0x0021, 0x0021, 0x0021, 0x0021, 0x0021, 0x0021, 0x0021, 0x0021, 0x0021, 0x0021,
  0x0021, 0x0021, 0x0021, 0x0021, 0x0021, 0x0021, 0x0021, 0x0021, 0x0021, 0x0021, 0x0021, 0x0021,
  0x0021, 0x0021, 0x0021, 0x0021, 0x0021, 0x0021, 0x0021, 0x18e4, 0x0862, 0x0021, 0x0021, 0x0021,
  0x0021, 0x0021, 0x0021, 0x0021, 0x0022, 0x0022, 0x0022, 0x0022, 0x0022, 0x0022, 0x0022, 0x0022,
  0x0022, 0x0022, 0x0022, 0x0022, 0x0042, 0x0042, 0x0022, 0x0021, 0x0021, 0x0021, 0x0021, 0x0021,
  0x0021, 0x0021, 0x0021, 0x0021, 0x0021, 0x0021, 0x0021, 0x0021, 0x0021, 0x0021, 0x0021, 0x0021,
  0x0021, 0x0021, 0x0021, 0x0021, 0x0021, 0x0021, 0x0021, 0x0021, 0x0021, 0x0021, 0x0021, 0x0021,
  0x0021, 0x0021, 0x0021, 0x0022, 0x0021, 0x0021, 0x0022, 0x0022, 0x0022, 0x0022, 0x0021, 0x0021,
  0x0021, 0x0021, 0x0021, 0x0021, 0x0021, 0x0021, 0x0021, 0x0021, 0x0021, 0x0021, 0x0022, 0x0022,
  0x0022, 0x0022, 0x0021, 0x0021, 0x0021, 0x0022, 0x0022, 0x0022, 0x0022, 0x0022, 0x0022, 0x0022,
  0x0022, 0x0022, 0x0021, 0x0022, 0x0021, 0x0022, 0x0022, 0x0022, 0x0021, 0x0022, 0x0022, 0x0021,
  0x0022, 0x0021, 0x0021, 0x0021, 0x0022, 0x0021, 0x0021, 0x0021, 0x0022, 0x0021, 0x0021, 0x0021,
  0x0021, 0x0021, 0x0021, 0x0021, 0x0021, 0x0021, 0x0021, 0x0021, 0x0021, 0x0021, 0x0021, 0x0021,
  0x0021, 0x0021, 0x0021, 0x0021, 0x0021, 0x0021, 0x0021, 0x0021, 0x0021, 0x0021, 0x0021, 0x0021,
  0x0022, 0x0022, 0x0021, 0x0021, 0x0021, 0x0021, 0x0022, 0x0022, 0x0022, 0x0022, 0x0022, 0x0022,
  0x0042, 0x0022, 0x0022, 0x0042, 0x0022, 0x0022, 0x0022, 0x0022, 0x0022, 0x0021, 0x0021, 0x0021,
  0x0021, 0x0021, 0x0021, 0x0021, 0x0021, 0x0021, 0x0021, 0x0021, 0x0021, 0x0021, 0x0021, 0x0021,
  0x0021, 0x0021, 0x0021, 0x0021, 0x0021, 0x0021, 0x0021, 0x0021, 0x0021, 0x0021, 0x0021, 0x0021,
  0x0021, 0x0021, 0x0021, 0x0021, 0x0021, 0x0021, 0x0021, 0x0021, 0x0021, 0x0021, 0x0021, 0x0021,
  0x0021, 0x0021, 0x0021, 0x0021, 0x0021, 0x0021, 0x0021, 0x0021, 0x0021, 0x0021, 0x0021, 0x0021,
  0x0021, 0x0021, 0x0021, 0x0021, 0x0021, 0x0021, 0x0021, 0x0021, 0x0021, 0x0021, 0x0021, 0x0021,
  0x0021, 0x0021, 0x0021, 0x0021, 0x0021, 0x0021, 0x0021, 0x0021, 0x0021, 0x0021, 0x0021, 0x0021,
  0x0021, 0x0021, 0x0000, 0x0021, 0x0021, 0x0001, 0x0021, 0x0021, 0x0021, 0x0021, 0x0021, 0x0021,
  0x0021, 0x0021, 0x0021, 0x0021, 0x0021, 0x0021, 0x0021, 0x0021, 0x0021, 0x0021, 0x0021, 0x10c4,
  0x10c4, 0x0021, 0x0021, 0x0021, 0x0021, 0x0021, 0x0021, 0x0021, 0x0021, 0x0021, 0x0021, 0x0021,
  0x0021, 0x0021, 0x0021, 0x0021, 0x0021, 0x0021, 0x0021, 0x0021, 0x0021, 0x0021, 0x0021, 0x0021,
  0x0021, 0x0021, 0x0021, 0x0021, 0x0021, 0x0000, 0x0001, 0x0021, 0x0062, 0x0021, 0x0021, 0x0021,
  0x0021, 0x0021, 0x0021, 0x0021, 0x0021, 0x0021, 0x0021, 0x0021, 0x0021, 0x0021, 0x0021, 0x0021,
  0x0021, 0x0021, 0x0021, 0x0021, 0x0021, 0x0021, 0x0021, 0x0021, 0x0021, 0x0021, 0x0021, 0x0021,
  0x0021, 0x0021, 0x0021, 0x0041, 0x0021, 0x0021, 0x0021, 0x0021, 0x0021, 0x0021, 0x0021, 0x0021,
  0x0021, 0x0022, 0x0022, 0x0021, 0x0042, 0x0042, 0x0022, 0x0022, 0x0022, 0x0022, 0x0042, 0x0022,
  0x0042, 0x0022, 0x0042, 0x0022, 0x0022, 0x0022, 0x0021, 0x0022, 0x0021, 0x0021, 0x0021, 0x0021,
  0x0021, 0x0021, 0x0021, 0x0021, 0x0022, 0x0021, 0x0021, 0x0021, 0x0021, 0x0021, 0x0021, 0x0041,
  0x0021, 0x0021, 0x0021, 0x0021, 0x0021, 0x0022, 0x0022, 0x0021, 0x0021, 0x0021, 0x0021, 0x0022,
  0x0022, 0x0021, 0x0022, 0x0021, 0x0022, 0x0022, 0x0021, 0x0021, 0x0021, 0x0021, 0x0021, 0x0021,
  0x0021, 0x0021, 0x0021, 0x0021, 0x0021, 0x0021, 0x0022, 0x0022, 0x0021, 0x0022, 0x0021, 0x0021,
  0x0021, 0x0022, 0x0022, 0x0022, 0x0021, 0x0022, 0x0022, 0x0022, 0x0022, 0x0022, 0x0022, 0x0021,
  0x0021, 0x0022, 0x0022, 0x0022, 0x0022, 0x0022, 0x0021, 0x0022, 0x0021, 0x0021, 0x0021, 0x0022,
  0x0022, 0x0022, 0x0022, 0x0022, 0x0021, 0x0021, 0x0021, 0x0021, 0x0022, 0x0021, 0x0021, 0x0021,
  0x0021, 0x0021, 0x0021, 0x0021, 0x0021, 0x0021, 0x0022, 0x0021, 0x0021, 0x0021, 0x0021, 0x0021,
  0x0021, 0x0021, 0x0021, 0x0021, 0x0021, 0x0021, 0x0021, 0x0021, 0x0021, 0x0022, 0x0021, 0x0021,
  0x0021, 0x0021, 0x0022, 0x0022, 0x0022, 0x0022, 0x0022, 0x0022, 0x0042, 0x0042, 0x0042, 0x0042,
  0x0042, 0x0022, 0x0042, 0x0022, 0x0022, 0x0021, 0x0021, 0x0021, 0x0021, 0x0021, 0x0021, 0x0021,
  0x0021, 0x0021, 0x0021, 0x0021, 0x0021, 0x0021, 0x0021, 0x0021, 0x0021, 0x0021, 0x0021, 0x0021,
  0x0021, 0x0021, 0x0021, 0x0021, 0x0021, 0x0021, 0x0021, 0x0021, 0x0021, 0x0021, 0x0021, 0x0021,
  0x0021, 0x0021, 0x0021, 0x0021, 0x0021, 0x0021, 0x0021, 0x0021, 0x0021, 0x0021, 0x0041, 0x0021,
  0x0021, 0x0021, 0x0021, 0x0021, 0x0021, 0x0021, 0x0021, 0x0021, 0x0021, 0x0021, 0x0021, 0x0021,
  0x0021, 0x0021, 0x0021, 0x0021, 0x0021, 0x0021, 0x0021, 0x0021, 0x0021, 0x0021, 0x0021, 0x0021,
  0x0021, 0x0021, 0x0021, 0x0021, 0x0021, 0x0021, 0x0021, 0x0021, 0x0021, 0x0021, 0x0000, 0x0000,
  0x0000, 0x0021, 0x0021, 0x0021, 0x0021, 0x0021, 0x0021, 0x0021, 0x0021, 0x0021, 0x0021, 0x0021,
  0x0021, 0x0021, 0x0021, 0x0021, 0x0021, 0x0021, 0x0041, 0x10c4, 0x10c4, 0x0021, 0x0021, 0x0021,
  0x0021, 0x0021, 0x0021, 0x0021, 0x0021, 0x0021, 0x0021, 0x0021, 0x0021, 0x0021, 0x0021, 0x0021,
  0x0021, 0x0021, 0x0021, 0x0021, 0x0021, 0x0021, 0x0021, 0x0021, 0x0021, 0x0021, 0x0021, 0x0021,
  0x0021, 0x0021, 0x0021, 0x0021, 0x0862, 0x0021, 0x0021, 0x0021, 0x0021, 0x0021, 0x0021, 0x0021,
  0x0021, 0x0021, 0x0021, 0x0021, 0x0021, 0x0021, 0x0021, 0x0021, 0x0021, 0x0021, 0x0021, 0x0021,
  0x0021, 0x0021, 0x0021, 0x0021, 0x0021, 0x0021, 0x0021, 0x0021, 0x0021, 0x0021, 0x0021, 0x0021,
  0x0021, 0x0021, 0x0021, 0x0021, 0x0021, 0x0021, 0x0021, 0x0041, 0x0021, 0x0021, 0x0022, 0x0022,
  0x0042, 0x0042, 0x0042, 0x0022, 0x0042, 0x0022, 0x0022, 0x0022, 0x0022, 0x0022, 0x0022, 0x0022,
  0x0022, 0x0022, 0x0022, 0x0021, 0x0021, 0x0021, 0x0021, 0x0021, 0x0021, 0x0021, 0x0021, 0x0021,
  0x0021, 0x0022, 0x0021, 0x0021, 0x0021, 0x0021, 0x0021, 0x0021, 0x0021, 0x0022, 0x0021, 0x0021,
  0x0022, 0x0022, 0x0022, 0x0021, 0x0021, 0x0021, 0x0021, 0x0021, 0x0021, 0x0021, 0x0021, 0x0021,
  0x0022, 0x0021, 0x0021, 0x0021, 0x0021, 0x0021, 0x0021, 0x0021, 0x0022, 0x0022, 0x0021, 0x0042,
  0x0022, 0x0022, 0x0022, 0x0022, 0x0021, 0x0021, 0x0021, 0x0021, 0x0021, 0x0021, 0x0021, 0x0022,
  0x0022, 0x0022, 0x0022, 0x0022, 0x0021, 0x0021, 0x0021, 0x0021, 0x0022, 0x0022, 0x0022, 0x0022,
  0x0042, 0x0042, 0x0022, 0x0021, 0x0021, 0x0022, 0x0022, 0x0022, 0x0021, 0x0022, 0x0022, 0x0021,
  0x0022, 0x0021, 0x0021, 0x0021, 0x0021, 0x0021, 0x0021, 0x0021, 0x0021, 0x0021, 0x0021, 0x0022,
  0x0022, 0x0022, 0x0022, 0x0022, 0x0021, 0x0022, 0x0021, 0x0021, 0x0021, 0x0022, 0x0021, 0x0021,
  0x0021, 0x0021, 0x0021, 0x0021, 0x0021, 0x0021, 0x0021, 0x0021, 0x0021, 0x0022, 0x0042, 0x0042,
  0x0042, 0x0022, 0x0022, 0x0022, 0x0042, 0x0042, 0x0042, 0x0042, 0x0042, 0x0042, 0x0042, 0x0022,
  0x0022, 0x0022, 0x0021, 0x0021, 0x0021, 0x0021, 0x0021, 0x0021, 0x0021, 0x0021, 0x0021, 0x0021,
  0x0021, 0x0021, 0x0021, 0x0021, 0x0021, 0x0021, 0x0021, 0x0021, 0x0021, 0x0021, 0x0021, 0x0021,
  0x0021, 0x0021, 0x0021, 0x0021, 0x0021, 0x0021, 0x0021, 0x0021, 0x0021, 0x0021, 0x0021, 0x0021,
  0x0021, 0x0021, 0x0021, 0x0021, 0x0021, 0x0041, 0x0882, 0x0021, 0x0021, 0x0021, 0x0021, 0x0021,
  0x0021, 0x0021, 0x0021, 0x0021, 0x0021, 0x0021, 0x0021, 0x0021, 0x0021, 0x0021, 0x0021, 0x0021,
  0x0021, 0x0021, 0x0021, 0x0021, 0x0021, 0x0021, 0x0021, 0x0021, 0x0021, 0x0021, 0x0021, 0x0021,
  0x0021, 0x0021, 0x0021, 0x0021, 0x0021, 0x0021, 0x0000, 0x0000, 0x0000, 0x0000, 0x0021, 0x0021,
  0x0021, 0x0021, 0x0000, 0x0000, 0x0000, 0x0001, 0x0001, 0x0000, 0x0021, 0x0021, 0x0021, 0x0021,
  0x0021, 0x0021, 0x0041, 0x10c4, 0x10c4, 0x0021, 0x0021, 0x0021, 0x0021, 0x0021, 0x0062, 0x0021,
  0x0021, 0x0021, 0x0021, 0x0021, 0x0021, 0x0021, 0x0021, 0x0021, 0x0021, 0x0021, 0x0021, 0x0021,
  0x0021, 0x0021, 0x0021, 0x0021, 0x0021, 0x0021, 0x0021, 0x0021, 0x0021, 0x0021, 0x0021, 0x0021,
  0x0021, 0x0021, 0x0021, 0x0021, 0x0021, 0x0021, 0x0021, 0x0021, 0x0021, 0x0021, 0x0021, 0x0021,
  0x0021, 0x0021, 0x0021, 0x0021, 0x0021, 0x0021, 0x0021, 0x0021, 0x0021, 0x0021, 0x0021, 0x0021,
  0x0021, 0x0021, 0x0021, 0x0021, 0x0021, 0x0021, 0x0021, 0x0021, 0x0021, 0x0021, 0x0021, 0x0021,
  0x0021, 0x0021, 0x0021, 0x0022, 0x0022, 0x0022, 0x0022, 0x0022, 0x0022, 0x0022, 0x0042, 0x0022,
  0x0042, 0x0042, 0x0042, 0x0022, 0x0021, 0x0022, 0x0022, 0x0022, 0x0042, 0x0022, 0x0022, 0x0021,
  0x0021, 0x0021, 0x0021, 0x0021, 0x0021, 0x0021, 0x0021, 0x0021, 0x0021, 0x0022, 0x0022, 0x0021,
  0x0021, 0x0021, 0x0021, 0x0021, 0x0021, 0x0022, 0x0022, 0x0022, 0x0022, 0x0022, 0x0022, 0x0022,
  0x0022, 0x0021, 0x0021, 0x0021, 0x0021, 0x0021, 0x0021, 0x0021, 0x0022, 0x0021, 0x0021, 0x0021,
  0x0021, 0x0021, 0x0021, 0x0021, 0x0021, 0x0021, 0x0021, 0x0021, 0x0021, 0x0022, 0x0042, 0x0022,
  0x0022, 0x0021, 0x0021, 0x0021, 0x0021, 0x0021, 0x0021, 0x0021, 0x0022, 0x0022, 0x0021, 0x0021,
  0x0021, 0x0021, 0x0022, 0x0021, 0x0021, 0x0022, 0x0042, 0x0042, 0x0042, 0x0042, 0x0022, 0x0021,
  0x0022, 0x0021, 0x0021, 0x0022, 0x0021, 0x0021, 0x0021, 0x0021, 0x0022, 0x0021, 0x0021, 0x0021,
  0x0021, 0x0021, 0x0021, 0x0021, 0x0021, 0x0022, 0x0021, 0x0021, 0x0022, 0x0021, 0x0021, 0x0021,
  0x0021, 0x0022, 0x0021, 0x0021, 0x0021, 0x0021, 0x0022, 0x0021, 0x0021, 0x0021, 0x0021, 0x0021,
  0x0021, 0x0021, 0x0022, 0x0022, 0x0021, 0x0022, 0x0042, 0x0042, 0x0042, 0x0042, 0x0042, 0x0042,
  0x0042, 0x0042, 0x0042, 0x0042, 0x0042, 0x0042, 0x0042, 0x0042, 0x0042, 0x0022, 0x0021, 0x0021,
  0x0021, 0x0021, 0x0021, 0x0021, 0x0021, 0x0862, 0x0021, 0x0021, 0x0021, 0x0021, 0x0021, 0x0021,
  0x0021, 0x0021, 0x0021, 0x0021, 0x0021, 0x0021, 0x0021, 0x0021, 0x0021, 0x0021, 0x0021, 0x0021,
  0x0021, 0x0021, 0x0021, 0x0021, 0x0021, 0x0021, 0x0021, 0x0021, 0x0021, 0x0021, 0x0021, 0x0021,
  0x0021, 0x0021, 0x0021, 0x0021, 0x0021, 0x0021, 0x0021, 0x0021, 0x0021, 0x0021, 0x0021, 0x0021,
  0x0021, 0x0021, 0x0021, 0x0021, 0x0021, 0x0021, 0x0021, 0x0021, 0x0021, 0x0021, 0x0021, 0x0021,
  0x0021, 0x0021, 0x0021, 0x0021, 0x0021, 0x0862, 0x0021, 0x0021, 0x0021, 0x0021, 0x0021, 0x0021,
  0x0021, 0x0021, 0x0021, 0x0001, 0x0000, 0x0000, 0x0001, 0x0001, 0x0000, 0x0000, 0x0021, 0x0021,
  0x0000, 0x0000, 0x0021, 0x0000, 0x0021, 0x0021, 0x0021, 0x0021, 0x0021, 0x0021, 0x0041, 0x10c4,
  0x10c4, 0x0021, 0x0021, 0x0021, 0x0021, 0x0021, 0x0021, 0x0001, 0x0021, 0x0021, 0x0021, 0x0021,
  0x0021, 0x0021, 0x0021, 0x0021, 0x0021, 0x0021, 0x0021, 0x0021, 0x0021, 0x0021, 0x0021, 0x0021,
  0x0021, 0x0021, 0x0021, 0x0021, 0x0021, 0x0021, 0x0021, 0x0021, 0x0021, 0x0021, 0x0021, 0x0021,
  0x0021, 0x0021, 0x0021, 0x0021, 0x0021, 0x0021, 0x0021, 0x0021, 0x0021, 0x0021, 0x0021, 0x0021,
  0x0021, 0x0021, 0x0021, 0x0021, 0x0021, 0x0021, 0x0021, 0x0021, 0x0021, 0x0021, 0x0021, 0x0021,
  0x0021, 0x0021, 0x0021, 0x0021, 0x0021, 0x0021, 0x0021, 0x0021, 0x0021, 0x0021, 0x0022, 0x0022,
  0x0022, 0x0042, 0x0022, 0x0022, 0x0022, 0x0022, 0x0042, 0x0042, 0x0042, 0x0042, 0x0042, 0x0042,
  0x0021, 0x0022, 0x0022, 0x0022, 0x0022, 0x0022, 0x0022, 0x0022, 0x0021, 0x0021, 0x0021, 0x0021,
  0x0021, 0x0021, 0x0021, 0x0021, 0x0022, 0x0022, 0x0021, 0x0021, 0x0021, 0x0021, 0x0021, 0x0021,
  0x0021, 0x0022, 0x0022, 0x0022, 0x0022, 0x0021, 0x0022, 0x0022, 0x0021, 0x0021, 0x0022, 0x0021,
  0x0022, 0x0021, 0x0021, 0x0021, 0x0022, 0x0021, 0x0021, 0x0021, 0x0022, 0x0022, 0x0021, 0x0021,
  0x0022, 0x0022, 0x0022, 0x0022, 0x0021, 0x0021, 0x0022, 0x0022, 0x0022, 0x0022, 0x0021, 0x0021,
  0x0021, 0x0021, 0x0041, 0x0021, 0x0021, 0x0021, 0x0021, 0x0021, 0x0022, 0x0022, 0x0022, 0x0022,
  0x0022, 0x0022, 0x0042, 0x0042, 0x0042, 0x0022, 0x0022, 0x0021, 0x0021, 0x0021, 0x0021, 0x0022,
  0x0022, 0x0021, 0x0021, 0x0021, 0x0022, 0x0021, 0x0021, 0x0022, 0x0022, 0x0021, 0x0021, 0x0021,
  0x0021, 0x0021, 0x0021, 0x0021, 0x0021, 0x0021, 0x0021, 0x0021, 0x0021, 0x0021, 0x0021, 0x0021,
  0x0021, 0x0021, 0x0022, 0x0021, 0x0021, 0x0022, 0x0022, 0x0022, 0x0021, 0x0021, 0x0021, 0x0021,
  0x0021, 0x0022, 0x0042, 0x0042, 0x0042, 0x0042, 0x0042, 0x0042, 0x0042, 0x0042, 0x0042, 0x0042,
  0x0042, 0x0022, 0x0042, 0x0042, 0x0042, 0x0022, 0x0022, 0x0022, 0x0021, 0x0021, 0x0021, 0x0021,
  0x0021, 0x0862, 0x0021, 0x0021, 0x0021, 0x0021, 0x0021, 0x0021, 0x0021, 0x0021, 0x0021, 0x0021,
  0x0021, 0x0021, 0x0021, 0x0021, 0x0021, 0x0021, 0x0021, 0x0021, 0x0021, 0x0021, 0x0021, 0x0021,
  0x0021, 0x0021, 0x0021, 0x0021, 0x0021, 0x0021, 0x0021, 0x0021, 0x0021, 0x0021, 0x0021, 0x0021,
  0x0021, 0x0021, 0x0021, 0x0021, 0x0021, 0x0021, 0x0021, 0x0021, 0x0021, 0x0021, 0x0021, 0x0021,
  0x0021, 0x0021, 0x0021, 0x0021, 0x0021, 0x0021, 0x0021, 0x0021, 0x0021, 0x0021, 0x0021, 0x0021,
  0x0021, 0x0021, 0x0021, 0x0021, 0x0021, 0x0021, 0x0021, 0x0021, 0x0021, 0x0021, 0x0021, 0x0021,
  0x0001, 0x0000, 0x0000, 0x0021, 0x0000, 0x0001, 0x0000, 0x0000, 0x0000, 0x0001, 0x0021, 0x0021,
  0x0021, 0x0021, 0x0021, 0x0021, 0x0021, 0x0021, 0x0041, 0x10c4, 0x10c4, 0x0021, 0x0021, 0x0021,
  0x0021, 0x0021, 0x0021, 0x0021, 0x0021, 0x0021, 0x0021, 0x0021, 0x0021, 0x0021, 0x0021, 0x0021,
  0x0021, 0x0021, 0x0021, 0x0021, 0x0021, 0x0021, 0x0021, 0x0021, 0x0021, 0x0021, 0x0021, 0x0021,
  0x0021, 0x0021, 0x0021, 0x0021, 0x0021, 0x0021, 0x0021, 0x0021, 0x0021, 0x0021, 0x0021, 0x0021,
  0x0021, 0x0021, 0x0021, 0x0021, 0x0021, 0x0021, 0x0021, 0x0021, 0x0021, 0x0021, 0x0021, 0x0021,
  0x0021, 0x0021, 0x0021, 0x0021, 0x0021, 0x0021, 0x0021, 0x0021, 0x0021, 0x0021, 0x0021, 0x0021,
  0x0021, 0x0021, 0x0021, 0x0021, 0x0021, 0x0021, 0x0022, 0x0022, 0x0042, 0x0042, 0x0022, 0x0022,
  0x0022, 0x0042, 0x0042, 0x0042, 0x0042, 0x0042, 0x0042, 0x0022, 0x0042, 0x0042, 0x0022, 0x0022,
  0x0022, 0x0022, 0x0022, 0x0022, 0x0022, 0x0021, 0x0021, 0x0021, 0x0021, 0x0021, 0x0021, 0x0021,
  0x0021, 0x0021, 0x0021, 0x0021, 0x0021, 0x0021, 0x0021, 0x0021, 0x0021, 0x0022, 0x0022, 0x0022,
  0x0022, 0x0021, 0x0021, 0x0021, 0x0021, 0x0021, 0x0022, 0x0022, 0x0022, 0x0021, 0x0022, 0x0021,
  0x0021, 0x0021, 0x0022, 0x0022, 0x0082, 0x0021, 0x0021, 0x0021, 0x0022, 0x0022, 0x0042, 0x0022,
  0x0021, 0x0021, 0x0021, 0x0021, 0x0022, 0x0022, 0x0022, 0x0022, 0x0022, 0x0041, 0x18e4, 0x0062,
  0x0021, 0x0021, 0x0021, 0x0021, 0x0021, 0x0022, 0x0022, 0x0022, 0x0022, 0x0022, 0x0042, 0x0042,
  0x0022, 0x0022, 0x0022, 0x0022, 0x0021, 0x0021, 0x0022, 0x0022, 0x0022, 0x0022, 0x0022, 0x0022,
  0x0022, 0x0021, 0x0021, 0x0021, 0x0021, 0x0021, 0x0021, 0x0021, 0x0022, 0x0021, 0x0022, 0x0021,
  0x0021, 0x0021, 0x0021, 0x0021, 0x0021, 0x0021, 0x0022, 0x0021, 0x0022, 0x0022, 0x0021, 0x0021,
  0x0021, 0x0021, 0x0022, 0x0022, 0x0022, 0x0021, 0x0021, 0x0021, 0x0022, 0x0022, 0x0042, 0x0042,
  0x0042, 0x0042, 0x0042, 0x0042, 0x0042, 0x0042, 0x0042, 0x0042, 0x0042, 0x0042, 0x0042, 0x0042,
  0x0022, 0x0022, 0x0022, 0x0022, 0x0021, 0x0021, 0x0021, 0x0021, 0x0021, 0x0021, 0x0021, 0x0021,
  0x0021, 0x0021, 0x0021, 0x0021, 0x0021, 0x0021, 0x0021, 0x0021, 0x0021, 0x0021, 0x0021, 0x0021,
  0x0021, 0x0021, 0x0021, 0x0021, 0x0021, 0x0021, 0x0021, 0x0021, 0x0021, 0x0021, 0x0021, 0x0021,
  0x0021, 0x0021, 0x0021, 0x0021, 0x0021, 0x0021, 0x0021, 0x0021, 0x0021, 0x0021, 0x0021, 0x0021,
  0x0021, 0x0021, 0x0021, 0x0021, 0x0021, 0x0021, 0x0021, 0x0021, 0x0021, 0x0021, 0x0021, 0x0021,
  0x0021, 0x0021, 0x0021, 0x0021, 0x0021, 0x0021, 0x0021, 0x0021, 0x0021, 0x0021, 0x0021, 0x0021,
  0x0021, 0x0021, 0x0021, 0x0021, 0x0021, 0x0021, 0x0021, 0x0021, 0x0021, 0x0001, 0x0021, 0x0001,
  0x0021, 0x0000, 0x0000, 0x0000, 0x0000, 0x0021, 0x0021, 0x0021, 0x0021, 0x0021, 0x0021, 0x0021,
  0x0021, 0x0021, 0x0042, 0x10c4, 0x10e4, 0x0021, 0x0021, 0x0021, 0x0021, 0x0021, 0x0021, 0x0021,
  0x0021, 0x0021, 0x0021, 0x0021, 0x0021, 0x0021, 0x0021, 0x0021, 0x0021, 0x0021, 0x0021, 0x0021,
  0x0021, 0x0021, 0x0021, 0x0021, 0x0021, 0x0021, 0x0021, 0x0021, 0x0021, 0x0021, 0x0021, 0x0021,
  0x0021, 0x0021, 0x0021, 0x0021, 0x0021, 0x0021, 0x0021, 0x0021, 0x0021, 0x0021, 0x0021, 0x0021,
  0x0021, 0x0021, 0x0021, 0x0021, 0x0021, 0x0021, 0x0021, 0x0021, 0x0021, 0x0021, 0x0021, 0x0021,
  0x0021, 0x0021, 0x0021, 0x0021, 0x0021, 0x0021, 0x0021, 0x0021, 0x0021, 0x0021, 0x0021, 0x0021,
  0x0021, 0x0021, 0x0022, 0x0022, 0x0022, 0x0022, 0x0042, 0x0042, 0x0042, 0x0042, 0x0042, 0x0042,
  0x0042, 0x0042, 0x0022, 0x0042, 0x0042, 0x0022, 0x0042, 0x0042, 0x0042, 0x0022, 0x0022, 0x0021,
  0x0021, 0x0021, 0x0021, 0x0021, 0x0022, 0x0022, 0x0021, 0x0021, 0x0021, 0x0021, 0x0021, 0x0021,
  0x0021, 0x0021, 0x0021, 0x0021, 0x0022, 0x0022, 0x0022, 0x0022, 0x0021, 0x0021, 0x0022, 0x0021,
  0x0021, 0x0022, 0x0021, 0x0021, 0x0021, 0x0022, 0x0021, 0x0021, 0x0021, 0x0021, 0x0021, 0x0022,
  0x0021, 0x0021, 0x0022, 0x0022, 0x0021, 0x0021, 0x0022, 0x0022, 0x0021, 0x0022, 0x0021, 0x0021,
  0x0021, 0x0022, 0x0022, 0x0022, 0x0021, 0x0021, 0x0042, 0x0022, 0x0021, 0x0021, 0x0021, 0x0021,
  0x0021, 0x0022, 0x0022, 0x0022, 0x0022, 0x0022, 0x0042, 0x0022, 0x0022, 0x0022, 0x0022, 0x0022,
  0x0022, 0x0022, 0x0022, 0x0021, 0x0021, 0x0022, 0x0042, 0x0022, 0x0022, 0x0021, 0x0021, 0x0021,
  0x0021, 0x0022, 0x0022, 0x0022, 0x0021, 0x0021, 0x0021, 0x0021, 0x0021, 0x0021, 0x0021, 0x0021,
  0x0021, 0x0021, 0x0022, 0x0022, 0x0021, 0x0021, 0x0021, 0x0021, 0x0021, 0x0022, 0x0022, 0x0021,
  0x0021, 0x0022, 0x0021, 0x0022, 0x0022, 0x0042, 0x0042, 0x0042, 0x0042, 0x0042, 0x0042, 0x0042,
  0x0042, 0x0042, 0x0042, 0x0042, 0x0042, 0x0042, 0x0042, 0x0042, 0x0022, 0x0022, 0x0022, 0x0022,
  0x0021, 0x0022, 0x0022, 0x0022, 0x0022, 0x0021, 0x0021, 0x0021, 0x0021, 0x0021, 0x0021, 0x0021,
  0x0021, 0x0021, 0x0021, 0x0021, 0x0021, 0x0021, 0x0021, 0x0021, 0x0021, 0x0021, 0x0021, 0x0021,
  0x0021, 0x0021, 0x0021, 0x0021, 0x0021, 0x0021, 0x0021, 0x0021, 0x0021, 0x0021, 0x0021, 0x0021,
  0x0021, 0x0021, 0x0021, 0x0021, 0x0021, 0x0021, 0x0021, 0x0021, 0x0021, 0x0021, 0x0021, 0x0021,
  0x0021, 0x0021, 0x0021, 0x0021, 0x0021, 0x0021, 0x0021, 0x0021, 0x0021, 0x0021, 0x0021, 0x0021,
  0x0021, 0x0021, 0x0021, 0x0021, 0x0021, 0x0021, 0x0021, 0x0021, 0x0021, 0x0021, 0x0021, 0x0021,
  0x0021, 0x0021, 0x0021, 0x0021, 0x0021, 0x0021, 0x0021, 0x0021, 0x0021, 0x0021, 0x0021, 0x0021,
  0x0021, 0x0001, 0x0021, 0x0000, 0x0000, 0x0000, 0x0000, 0x0021, 0x0021, 0x0021, 0x0042, 0x10c4,
  0x10c4, 0x0021, 0x0021, 0x0021, 0x0021, 0x0021, 0x0021, 0x0021, 0x0021, 0x0021, 0x0021, 0x0021,
  0x0021, 0x0021, 0x0021, 0x0021, 0x0021, 0x0021, 0x0021, 0x0021, 0x0021, 0x0021, 0x0021, 0x0021,
  0x0021, 0x0021, 0x0021, 0x0021, 0x0021, 0x0021, 0x0021, 0x0021, 0x0021, 0x0021, 0x0021, 0x0021,
  0x0021, 0x0021, 0x0021, 0x0021, 0x0021, 0x0021, 0x0021, 0x0021, 0x0021, 0x0021, 0x0021, 0x0021,
  0x0021, 0x0021, 0x0021, 0x0021, 0x0021, 0x0021, 0x0021, 0x0021, 0x0021, 0x0021, 0x0021, 0x0021,
  0x0021, 0x0021, 0x0021, 0x0021, 0x0021, 0x0021, 0x0021, 0x0021, 0x0021, 0x0022, 0x0022, 0x0022,
  0x0022, 0x0022, 0x0042, 0x0042, 0x0042, 0x0042, 0x0042, 0x0042, 0x0042, 0x0042, 0x0022, 0x0022,
  0x0022, 0x0022, 0x0042, 0x0022, 0x0022, 0x0022, 0x0021, 0x0021, 0x0021, 0x0021, 0x0022, 0x0021,
  0x0022, 0x0021, 0x0021, 0x0021, 0x0022, 0x0021, 0x0021, 0x0021, 0x0021, 0x0021, 0x0041, 0x2125,
  0x0862, 0x0022, 0x0021, 0x0021, 0x0021, 0x0021, 0x0021, 0x0021, 0x0021, 0x0021, 0x0021, 0x0021,
  0x0022, 0x0022, 0x0021, 0x0021, 0x0021, 0x0021, 0x0021, 0x0022, 0x0021, 0x0021, 0x0021, 0x0022,
  0x0021, 0x0022, 0x0021, 0x0021, 0x0022, 0x0022, 0x0021, 0x0021, 0x0022, 0x0022, 0x0022, 0x0022,
  0x0022, 0x0021, 0x0021, 0x0021, 0x0021, 0x0021, 0x0021, 0x0021, 0x0021, 0x0021, 0x0021, 0x0021,
  0x0022, 0x0022, 0x0022, 0x0022, 0x0022, 0x0022, 0x0021, 0x0021, 0x0021, 0x0021, 0x0022, 0x0022,
  0x0021, 0x0022, 0x0022, 0x0021, 0x0021, 0x0021, 0x0021, 0x0021, 0x0021, 0x0022, 0x0022, 0x0022,
  0x0021, 0x0021, 0x0021, 0x0021, 0x0021, 0x0021, 0x0021, 0x0021, 0x0021, 0x0021, 0x0022, 0x0022,
  0x0021, 0x0021, 0x0021, 0x0022, 0x0022, 0x0022, 0x0022, 0x0021, 0x0022, 0x0022, 0x0022, 0x0022,
  0x0042, 0x0042, 0x0022, 0x0042, 0x0042, 0x0042, 0x0042, 0x0042, 0x0042, 0x0042, 0x0042, 0x0042,
  0x0042, 0x0042, 0x0022, 0x0042, 0x0022, 0x0022, 0x0021, 0x0022, 0x0021, 0x0021, 0x0022, 0x0022,
  0x0021, 0x0021, 0x0021, 0x0021, 0x0021, 0x0021, 0x0021, 0x0041, 0x0021, 0x0021, 0x0021, 0x0022,
  0x0022, 0x0021, 0x0022, 0x0021, 0x0021, 0x0021, 0x0021, 0x0021, 0x0021, 0x0021, 0x0021, 0x0021,
  0x0021, 0x0021, 0x0021, 0x0021, 0x0021, 0x0021, 0x0021, 0x0021, 0x0021, 0x0021, 0x0021, 0x0021,
  0x0021, 0x0021, 0x0021, 0x0021, 0x0021, 0x0021, 0x0021, 0x0021, 0x0021, 0x0021, 0x0021, 0x0021,
  0x0021, 0x0021, 0x0021, 0x0021, 0x0021, 0x0021, 0x0021, 0x0021, 0x0021, 0x0021, 0x0021, 0x0021,
  0x0021, 0x0021, 0x0021, 0x0021, 0x0021, 0x0021, 0x0021, 0x0021, 0x0021, 0x0021, 0x0021, 0x0021,
  0x0021, 0x0021, 0x0021, 0x0021, 0x0021, 0x0021, 0x0021, 0x0021, 0x0021, 0x0021, 0x0000, 0x0000,
  0x0000, 0x0021, 0x0021, 0x0021, 0x0021, 0x0021, 0x0042, 0x10c4, 0x10c4, 0x0021, 0x0021, 0x0021,
  0x0021, 0x0021, 0x0021, 0x0021, 0x0021, 0x0021, 0x0021, 0x0001, 0x0021, 0x0021, 0x0021, 0x0021,
  0x0021, 0x0021, 0x0021, 0x0021, 0x0021, 0x0021, 0x0021, 0x0021, 0x0021, 0x0021, 0x0021, 0x0021,
  0x0021, 0x0021, 0x0021, 0x0021, 0x0021, 0x0021, 0x0021, 0x0021, 0x0021, 0x0021, 0x0021, 0x0021,
  0x0021, 0x0021, 0x0021, 0x0021, 0x0021, 0x0021, 0x0021, 0x0021, 0x0021, 0x0021, 0x0021, 0x0021,
  0x0021, 0x0021, 0x0021, 0x0021, 0x0021, 0x0021, 0x0021, 0x0021, 0x0021, 0x0021, 0x0021, 0x0022,
  0x0021, 0x0021, 0x0021, 0x0022, 0x0022, 0x0022, 0x0021, 0x0022, 0x0042, 0x0042, 0x0042, 0x0042,
  0x0042, 0x0042, 0x0042, 0x0042, 0x0042, 0x0042, 0x0042, 0x0042, 0x0022, 0x0022, 0x0022, 0x0022,
  0x0022, 0x0021, 0x0021, 0x0021, 0x0021, 0x0021, 0x0021, 0x0021, 0x0022, 0x0022, 0x0021, 0x0022,
  0x0021, 0x0021, 0x0021, 0x0021, 0x0021, 0x0021, 0x0021, 0x0062, 0x0021, 0x0022, 0x0021, 0x0021,
  0x0021, 0x0021, 0x0022, 0x0022, 0x0022, 0x0022, 0x0021, 0x0022, 0x0021, 0x0021, 0x0021, 0x0021,
  0x0021, 0x0021, 0x0021, 0x0022, 0x0022, 0x0022, 0x0022, 0x0022, 0x0021, 0x0021, 0x0021, 0x0021,
  0x0022, 0x0021, 0x0021, 0x0021, 0x0021, 0x0022, 0x0022, 0x0022, 0x0022, 0x0021, 0x0021, 0x0021,
  0x0022, 0x0022, 0x0022, 0x0022, 0x0022, 0x0021, 0x0021, 0x0021, 0x0021, 0x0021, 0x0021, 0x0021,
  0x0022, 0x0022, 0x0022, 0x0021, 0x0022, 0x0022, 0x0022, 0x0022, 0x0022, 0x0022, 0x0021, 0x0021,
  0x0021, 0x0022, 0x0021, 0x0021, 0x0021, 0x0021, 0x0021, 0x0021, 0x0022, 0x0021, 0x0021, 0x0021,
  0x0021, 0x0021, 0x0021, 0x0021, 0x0021, 0x0021, 0x0021, 0x0021, 0x0021, 0x0021, 0x0021, 0x0022,
  0x0022, 0x0022, 0x0022, 0x0021, 0x0021, 0x0022, 0x0022, 0x0042, 0x0042, 0x0042, 0x0042, 0x0022,
  0x0042, 0x0042, 0x0042, 0x0042, 0x0042, 0x0042, 0x0042, 0x0042, 0x0042, 0x0042, 0x0042, 0x0042,
  0x0042, 0x0022, 0x0022, 0x0022, 0x0022, 0x0022, 0x0022, 0x0022, 0x0022, 0x0022, 0x0021, 0x0021,
  0x0021, 0x0021, 0x0021, 0x0862, 0x0021, 0x0021, 0x0021, 0x0021, 0x0021, 0x0021, 0x0022, 0x0022,
  0x0022, 0x0022, 0x0021, 0x0021, 0x0021, 0x0021, 0x0021, 0x0021, 0x0021, 0x0021, 0x0021, 0x0021,
  0x0021, 0x0021, 0x0021, 0x0021, 0x0021, 0x0021, 0x0021, 0x0021, 0x0021, 0x0021, 0x0021, 0x0021,
  0x0021, 0x0021, 0x0021, 0x0021, 0x0021, 0x0021, 0x0021, 0x0021, 0x0021, 0x0021, 0x0021, 0x0021,
  0x0021, 0x0021, 0x0021, 0x0021, 0x0021, 0x0021, 0x0021, 0x0021, 0x0021, 0x0021, 0x0021, 0x0021,
  0x0021, 0x0021, 0x0021, 0x0021, 0x0021, 0x0021, 0x0021, 0x0021, 0x0021, 0x0021, 0x0021, 0x0021,
  0x0021, 0x0021, 0x0021, 0x0021, 0x0021, 0x0021, 0x0021, 0x0000, 0x0021, 0x0021, 0x0021, 0x0021,
  0x0021, 0x0021, 0x0042, 0x10c4, 0x10e4, 0x0021, 0x0021, 0x0021, 0x0021, 0x0021, 0x0021, 0x0021,
  0x0021, 0x0021, 0x0021, 0x0021, 0x0021, 0x0021, 0x0021, 0x0021, 0x0021, 0x0021, 0x0021, 0x0021,
  0x0882, 0x0862, 0x0021, 0x0021, 0x0021, 0x0021, 0x0021, 0x0021, 0x0021, 0x0021, 0x0021, 0x0021,
  0x0021, 0x0021, 0x0021, 0x0021, 0x0021, 0x0021, 0x0021, 0x0021, 0x0021, 0x0021, 0x0021, 0x0021,
  0x0021, 0x0021, 0x0021, 0x0021, 0x0021, 0x0021, 0x0021, 0x0021, 0x0021, 0x0021, 0x0021, 0x0021,
  0x0021, 0x0021, 0x0021, 0x0021, 0x0022, 0x0022, 0x0021, 0x0021, 0x0021, 0x0022, 0x0022, 0x0022,
  0x0022, 0x0021, 0x0062, 0x0042, 0x0042, 0x0042, 0x0042, 0x0042, 0x0042, 0x0042, 0x0042, 0x0042,
  0x0042, 0x0042, 0x0042, 0x0022, 0x0022, 0x0022, 0x0022, 0x0022, 0x0022, 0x0022, 0x0021, 0x0021,
  0x0021, 0x0021, 0x0021, 0x0021, 0x0021, 0x0021, 0x0022, 0x0021, 0x0022, 0x0022, 0x0021, 0x0021,
  0x0022, 0x0021, 0x0021, 0x0021, 0x0021, 0x0021, 0x0021, 0x0021, 0x0021, 0x0022, 0x0022, 0x0022,
  0x0021, 0x0021, 0x0021, 0x0021, 0x0021, 0x0021, 0x0021, 0x0022, 0x0022, 0x0021, 0x0022, 0x0022,
  0x0022, 0x0022, 0x0022, 0x0022, 0x0021, 0x0021, 0x0021, 0x0021, 0x0021, 0x0022, 0x0022, 0x0021,
  0x0021, 0x0022, 0x0021, 0x0022, 0x0022, 0x0022, 0x0022, 0x0022, 0x0042, 0x0022, 0x0022, 0x0042,
  0x0021, 0x0022, 0x0021, 0x0022, 0x0021, 0x0021, 0x0021, 0x0022, 0x0022, 0x0022, 0x0022, 0x0022,
  0x0022, 0x0022, 0x0022, 0x0022, 0x0021, 0x0021, 0x0021, 0x0021, 0x0022, 0x0022, 0x0022, 0x0022,
  0x0021, 0x0021, 0x0021, 0x0021, 0x0021, 0x0021, 0x0022, 0x0021, 0x0022, 0x0022, 0x0021, 0x0022,
  0x0022, 0x0021, 0x0021, 0x0021, 0x0021, 0x0021, 0x0022, 0x0022, 0x0022, 0x0022, 0x0021, 0x0022,
  0x0022, 0x0022, 0x0022, 0x0022, 0x0022, 0x0042, 0x0042, 0x0042, 0x0042, 0x0042, 0x0042, 0x0042,
  0x0042, 0x0042, 0x0042, 0x0042, 0x0042, 0x0042, 0x0042, 0x0042, 0x0042, 0x0022, 0x0022, 0x0022,
  0x0022, 0x0022, 0x0022, 0x0022, 0x0021, 0x0022, 0x0021, 0x0021, 0x0021, 0x0021, 0x0021, 0x0021,
  0x0021, 0x0021, 0x0021, 0x0022, 0x0022, 0x0021, 0x0021, 0x0021, 0x0022, 0x0022, 0x0022, 0x0021,
  0x0021, 0x0021, 0x0021, 0x0021, 0x0021, 0x0021, 0x0021, 0x0021, 0x0021, 0x0021, 0x0021, 0x0021,
  0x0021, 0x0021, 0x0021, 0x0021, 0x0021, 0x0021, 0x0021, 0x0021, 0x0021, 0x0021, 0x0021, 0x0021,
  0x0021, 0x0021, 0x0021, 0x0021, 0x0021, 0x0021, 0x0021, 0x0021, 0x0021, 0x0021, 0x0021, 0x0021,
  0x0021, 0x0021, 0x0021, 0x0021, 0x0021, 0x0021, 0x0021, 0x0021, 0x0021, 0x0021, 0x0021, 0x0021,
  0x0021, 0x0021, 0x0021, 0x0021, 0x0021, 0x0021, 0x0021, 0x0021, 0x0021, 0x0021, 0x0021, 0x0021,
  0x0021, 0x0021, 0x0021, 0x0021, 0x0021, 0x0021, 0x0021, 0x0021, 0x0021, 0x0021, 0x0042, 0x10e4,
  0x10e4, 0x0021, 0x0021, 0x0021, 0x0021, 0x0021, 0x0021, 0x0021, 0x0021, 0x0021, 0x0021, 0x0021,
  0x0021, 0x0021, 0x0021, 0x0021, 0x0021, 0x0021, 0x0021, 0x0021, 0x0041, 0x0041, 0x0021, 0x0021,
  0x0021, 0x0021, 0x0021, 0x0021, 0x0021, 0x0021, 0x0021, 0x0021, 0x0021, 0x0021, 0x0021, 0x0021,
  0x0021, 0x0021, 0x0021, 0x0021, 0x0021, 0x0021, 0x0021, 0x0021, 0x0021, 0x0021, 0x0021, 0x0021,
  0x0021, 0x0021, 0x0021, 0x0021, 0x0021, 0x0021, 0x0021, 0x0021, 0x0021, 0x0021, 0x0021, 0x0021,
  0x0022, 0x0022, 0x0021, 0x0021, 0x0021, 0x0021, 0x0021, 0x0022, 0x0022, 0x0022, 0x0042, 0x0042,
  0x0042, 0x0042, 0x0042, 0x0042, 0x0042, 0x0042, 0x0042, 0x0042, 0x0042, 0x0042, 0x0042, 0x0042,
  0x0042, 0x0022, 0x0022, 0x0022, 0x0022, 0x0021, 0x0022, 0x0062, 0x0022, 0x0022, 0x0021, 0x0021,
  0x0021, 0x0021, 0x0021, 0x0021, 0x0021, 0x0021, 0x0021, 0x0021, 0x0021, 0x0021, 0x0021, 0x0021,
  0x0021, 0x0021, 0x0021, 0x0021, 0x0021, 0x0022, 0x0022, 0x0022, 0x0022, 0x0021, 0x0021, 0x0021,
  0x0021, 0x0021, 0x0021, 0x0022, 0x0022, 0x0022, 0x0022, 0x0022, 0x0022, 0x0022, 0x0021, 0x0021,
  0x0021, 0x0021, 0x0021, 0x0021, 0x0021, 0x0022, 0x0022, 0x0022, 0x0022, 0x0021, 0x0022, 0x0022,
  0x0021, 0x0022, 0x0022, 0x0042, 0x0042, 0x0022, 0x0022, 0x0022, 0x0022, 0x0022, 0x0021, 0x0022,
  0x0022, 0x0021, 0x0021, 0x0021, 0x0021, 0x0022, 0x0022, 0x0022, 0x0022, 0x0022, 0x0021, 0x0022,
  0x0022, 0x0022, 0x0022, 0x0022, 0x0022, 0x0022, 0x0021, 0x0022, 0x0021, 0x0021, 0x0021, 0x0021,
  0x0021, 0x0021, 0x0021, 0x0021, 0x0022, 0x0021, 0x0022, 0x0022, 0x0022, 0x0021, 0x0021, 0x0022,
  0x0022, 0x0022, 0x0022, 0x0042, 0x0022, 0x0022, 0x0022, 0x0022, 0x0022, 0x0022, 0x0022, 0x0022,
  0x0042, 0x0042, 0x0042, 0x0042, 0x0042, 0x0042, 0x0042, 0x0042, 0x0042, 0x0042, 0x0042, 0x0042,
  0x0042, 0x0042, 0x0042, 0x0042, 0x0042, 0x0042, 0x0022, 0x0022, 0x0022, 0x0022, 0x0022, 0x0022,
  0x0022, 0x0021, 0x0021, 0x0022, 0x0021, 0x0021, 0x0021, 0x0021, 0x0021, 0x0021, 0x0021, 0x0021,
  0x0021, 0x0021, 0x0021, 0x0022, 0x0022, 0x0022, 0x0022, 0x0021, 0x0021, 0x0021, 0x0021, 0x0021,
  0x0021, 0x0021, 0x0021, 0x0021, 0x0021, 0x0021, 0x0021, 0x0021, 0x0021, 0x0021, 0x0021, 0x0021,
  0x0021, 0x0021, 0x0021, 0x0021, 0x0021, 0x0021, 0x0021, 0x0021, 0x0021, 0x0021, 0x0021, 0x0021,
  0x0021, 0x0021, 0x0021, 0x0021, 0x0021, 0x0021, 0x0021, 0x0021, 0x0021, 0x0021, 0x0021, 0x0021,
  0x0021, 0x0021, 0x0021, 0x0021, 0x0021, 0x0021, 0x0021, 0x0021, 0x0021, 0x0021, 0x0021, 0x0021,
  0x0021, 0x0021, 0x0021, 0x0021, 0x0021, 0x0000, 0x0001, 0x0021, 0x0021, 0x0021, 0x0021, 0x0021,
  0x0021, 0x0021, 0x0021, 0x0021, 0x0021, 0x0021, 0x0062, 0x10e4, 0x10e4, 0x0021, 0x0021, 0x0021,
  0x0021, 0x0021, 0x0021, 0x0021, 0x0021, 0x0021, 0x0021, 0x0021, 0x0021, 0x0021, 0x0021, 0x0021,
  0x0021, 0x0021, 0x0021, 0x0021, 0x0021, 0x0021, 0x0021, 0x0021, 0x0021, 0x0021, 0x0021, 0x0021,
  0x0021, 0x0021, 0x0021, 0x0021, 0x0021, 0x0021, 0x0021, 0x0021, 0x0021, 0x0021, 0x0021, 0x0021,
  0x0021, 0x0021, 0x0021, 0x0021, 0x0021, 0x0021, 0x0021, 0x0021, 0x0021, 0x0021, 0x0021, 0x0021,
  0x0021, 0x0021, 0x0021, 0x0021, 0x0021, 0x0021, 0x0021, 0x0021, 0x0022, 0x0022, 0x0021, 0x0021,
  0x0022, 0x0022, 0x0022, 0x0022, 0x0042, 0x0042, 0x0022, 0x0022, 0x0042, 0x0042, 0x0042, 0x0042,
  0x0042, 0x0042, 0x0042, 0x0042, 0x0042, 0x0042, 0x0042, 0x0042, 0x0042, 0x0042, 0x0042, 0x0042,
  0x0042, 0x0022, 0x0022, 0x0021, 0x0021, 0x0022, 0x0021, 0x0021, 0x0021, 0x0022, 0x0021, 0x0021,
  0x0021, 0x0022, 0x0022, 0x0022, 0x0021, 0x0021, 0x0021, 0x0021, 0x0021, 0x0022, 0x0021, 0x0021,
  0x0021, 0x0022, 0x0022, 0x0022, 0x0021, 0x0021, 0x0021, 0x0022, 0x0021, 0x0021, 0x0022, 0x0022,
  0x0021, 0x0022, 0x0022, 0x0022, 0x0021, 0x0022, 0x0021, 0x0021, 0x0022, 0x0022, 0x0022, 0x0022,
  0x0021, 0x0022, 0x0022, 0x0022, 0x0022, 0x0021, 0x0021, 0x0022, 0x0022, 0x0022, 0x0022, 0x0022,
  0x0022, 0x0022, 0x0021, 0x0022, 0x0022, 0x0021, 0x0021, 0x0022, 0x0021, 0x0022, 0x0022, 0x0021,
  0x0022, 0x0022, 0x0022, 0x0022, 0x0022, 0x0021, 0x0022, 0x0042, 0x0021, 0x0022, 0x0022, 0x0022,
  0x0022, 0x0021, 0x0022, 0x0021, 0x0021, 0x0021, 0x0021, 0x0021, 0x0021, 0x0022, 0x0022, 0x0021,
  0x0022, 0x0022, 0x0022, 0x0022, 0x0022, 0x0021, 0x0022, 0x0022, 0x0022, 0x0022, 0x0022, 0x0022,
  0x0022, 0x0022, 0x0022, 0x0022, 0x0022, 0x0042, 0x0022, 0x0022, 0x0042, 0x0042, 0x0042, 0x0042,
  0x0042, 0x0042, 0x0042, 0x0042, 0x0042, 0x0042, 0x0042, 0x0042, 0x0042, 0x0042, 0x0042, 0x0042,
  0x0042, 0x0042, 0x0022, 0x0022, 0x0022, 0x0022, 0x0022, 0x0022, 0x0022, 0x0022, 0x0021, 0x0021,
  0x0021, 0x0021, 0x0021, 0x0021, 0x0021, 0x0022, 0x0021, 0x0021, 0x0021, 0x0021, 0x0021, 0x0022,
  0x0021, 0x0021, 0x0021, 0x0041, 0x0062, 0x0021, 0x0021, 0x0021, 0x0021, 0x0021, 0x0021, 0x0021,
  0x0021, 0x0021, 0x0021, 0x0021, 0x0021, 0x0021, 0x0021, 0x0021, 0x0021, 0x0021, 0x0021, 0x0021,
  0x0021, 0x0021, 0x0021, 0x0021, 0x0021, 0x0021, 0x0021, 0x0021, 0x0021, 0x0021, 0x0021, 0x0021,
  0x0021, 0x0021, 0x0021, 0x0021, 0x0021, 0x0021, 0x0021, 0x0021, 0x0021, 0x0021, 0x0021, 0x0021,
  0x0021, 0x0021, 0x0021, 0x0021, 0x0021, 0x0021, 0x0021, 0x0021, 0x0021, 0x0021, 0x0021, 0x0021,
  0x0021, 0x0021, 0x0021, 0x0021, 0x0021, 0x0021, 0x0021, 0x0021, 0x0021, 0x0021, 0x0021, 0x0021,
  0x0021, 0x0021, 0x0042, 0x10e4, 0x10e4, 0x0021, 0x0021, 0x0021, 0x0021, 0x0021, 0x0021, 0x0021,
  0x0021, 0x0021, 0x0021, 0x0021, 0x0041, 0x10a3, 0x0021, 0x0021, 0x0021, 0x0021, 0x0021, 0x0021,
  0x0021, 0x0021, 0x0021, 0x0021, 0x0021, 0x0021, 0x0021, 0x0021, 0x0021, 0x0021, 0x0021, 0x0021,
  0x0021, 0x0021, 0x0021, 0x0021, 0x0021, 0x0021, 0x0021, 0x0021, 0x0021, 0x0021, 0x0021, 0x0021,
  0x0021, 0x0021, 0x0021, 0x0021, 0x0021, 0x0021, 0x0021, 0x0021, 0x0021, 0x0041, 0x0021, 0x0021,
  0x0021, 0x0021, 0x0021, 0x0021, 0x0021, 0x0021, 0x0022, 0x0022, 0x0022, 0x0022, 0x0022, 0x0022,
  0x0022, 0x0022, 0x0022, 0x10a3, 0x0042, 0x0042, 0x0042, 0x0042, 0x0042, 0x0042, 0x0042, 0x0042,
  0x0042, 0x0042, 0x0042, 0x0042, 0x0042, 0x0042, 0x0042, 0x0042, 0x0042, 0x0022, 0x0022, 0x0021,
  0x0021, 0x0021, 0x0021, 0x0021, 0x0021, 0x0022, 0x0022, 0x0021, 0x0022, 0x0022, 0x0022, 0x0022,
  0x0021, 0x0021, 0x0021, 0x0021, 0x0021, 0x0021, 0x0021, 0x0021, 0x0021, 0x0022, 0x0022, 0x0022,
  0x0021, 0x0021, 0x0021, 0x0021, 0x0022, 0x0021, 0x0021, 0x0022, 0x0021, 0x0021, 0x0022, 0x0022,
  0x0022, 0x0022, 0x0021, 0x0021, 0x0022, 0x0022, 0x0022, 0x0022, 0x0021, 0x0021, 0x0021, 0x0021,
  0x0021, 0x0021, 0x0021, 0x0022, 0x0022, 0x0022, 0x0022, 0x0022, 0x0022, 0x0022, 0x0022, 0x0022,
  0x0021, 0x0021, 0x0021, 0x0022, 0x0022, 0x0022, 0x0022, 0x0022, 0x0022, 0x0022, 0x0042, 0x0022,
  0x0022, 0x0022, 0x0021, 0x0021, 0x0021, 0x0021, 0x0022, 0x0022, 0x0022, 0x0022, 0x0022, 0x0022,
  0x0022, 0x0021, 0x0021, 0x0021, 0x0021, 0x0022, 0x0022, 0x0021, 0x0022, 0x0022, 0x0022, 0x0022,
  0x0022, 0x0022, 0x0022, 0x0022, 0x0022, 0x0022, 0x0022, 0x0022, 0x0022, 0x0022, 0x0022, 0x0042,
  0x0042, 0x0022, 0x0042, 0x0062, 0x0022, 0x0042, 0x0042, 0x0042, 0x0042, 0x0042, 0x0042, 0x0042,
  0x0042, 0x0042, 0x0042, 0x0042, 0x0042, 0x0042, 0x0042, 0x0042, 0x0042, 0x0042, 0x0042, 0x0042,
  0x0022, 0x0022, 0x0022, 0x0021, 0x0022, 0x0022, 0x0021, 0x0021, 0x0021, 0x0021, 0x0021, 0x0021,
  0x0021, 0x0022, 0x0021, 0x0021, 0x0021, 0x0021, 0x0021, 0x0021, 0x0021, 0x0021, 0x0021, 0x0041,
  0x0062, 0x0021, 0x0021, 0x0021, 0x0021, 0x0021, 0x0021, 0x0021, 0x0021, 0x0022, 0x0021, 0x0021,
  0x0021, 0x0021, 0x0021, 0x0021, 0x0021, 0x0021, 0x0021, 0x0021, 0x0021, 0x0021, 0x0021, 0x0021,
  0x0021, 0x0021, 0x0021, 0x0021, 0x0021, 0x0021, 0x0021, 0x0021, 0x0021, 0x0021, 0x0021, 0x0021,
  0x0021, 0x0021, 0x0021, 0x0021, 0x0021, 0x0021, 0x0021, 0x0021, 0x0021, 0x0021, 0x0021, 0x0021,
  0x0021, 0x0021, 0x0021, 0x0021, 0x0021, 0x0021, 0x0021, 0x0021, 0x0021, 0x0021, 0x0021, 0x0021,
  0x0021, 0x0021, 0x0021, 0x0021, 0x0021, 0x0021, 0x0021, 0x0021, 0x0021, 0x0021, 0x0062, 0x10e4,
  0x10e4, 0x0021, 0x0021, 0x0021, 0x0021, 0x0021, 0x0021, 0x0021, 0x0021, 0x0021, 0x0021, 0x0021,
  0x0041, 0x0882, 0x0021, 0x0021, 0x0021, 0x0021, 0x0021, 0x0021, 0x0021, 0x0021, 0x0021, 0x0021,
  0x0021, 0x0021, 0x0021, 0x0021, 0x0021, 0x0021, 0x0021, 0x0021, 0x0021, 0x0021, 0x0021, 0x0021,
  0x0021, 0x0021, 0x0021, 0x0021, 0x0021, 0x0021, 0x0021, 0x0021, 0x0021, 0x0021, 0x0021, 0x0021,
  0x0021, 0x0021, 0x0021, 0x0021, 0x0041, 0x10a3, 0x0041, 0x0021, 0x0021, 0x0021, 0x0021, 0x0021,
  0x0022, 0x0021, 0x0022, 0x0022, 0x0022, 0x0022, 0x0022, 0x0022, 0x0042, 0x0022, 0x0022, 0x0042,
  0x0042, 0x0042, 0x0042, 0x0042, 0x0042, 0x0042, 0x0042, 0x0042, 0x0042, 0x0042, 0x0042, 0x0042,
  0x0042, 0x0042, 0x0042, 0x0042, 0x0042, 0x0022, 0x0021, 0x0021, 0x0021, 0x0022, 0x0022, 0x0021,
  0x0021, 0x0022, 0x0022, 0x0022, 0x0022, 0x0022, 0x0022, 0x0022, 0x0022, 0x0021, 0x0021, 0x0021,
  0x0021, 0x0021, 0x0021, 0x0021, 0x0021, 0x0022, 0x0022, 0x0022, 0x0022, 0x0022, 0x0022, 0x0022,
  0x0021, 0x0021, 0x0022, 0x0022, 0x0022, 0x0022, 0x0022, 0x0042, 0x0042, 0x0022, 0x0022, 0x0021,
  0x0022, 0x0042, 0x0022, 0x0022, 0x0022, 0x0021, 0x0021, 0x0021, 0x0022, 0x0022, 0x0022, 0x0022,
  0x0022, 0x0022, 0x0022, 0x0022, 0x0022, 0x0022, 0x0022, 0x0022, 0x0022, 0x0022, 0x0022, 0x0022,
  0x0022, 0x0022, 0x0022, 0x0042, 0x0022, 0x0022, 0x0022, 0x0022, 0x0022, 0x0022, 0x0022, 0x0022,
  0x0021, 0x0021, 0x0022, 0x0022, 0x0042, 0x0042, 0x0022, 0x0022, 0x0022, 0x0022, 0x0022, 0x0021,
  0x0021, 0x0022, 0x0022, 0x0022, 0x0022, 0x0022, 0x0042, 0x0042, 0x0022, 0x0022, 0x0022, 0x0022,
  0x0022, 0x0022, 0x0022, 0x0022, 0x0022, 0x0022, 0x0022, 0x0042, 0x0042, 0x0042, 0x0022, 0x0062,
  0x0042, 0x0042, 0x0042, 0x0042, 0x0042, 0x0042, 0x0042, 0x0042, 0x0042, 0x0042, 0x0042, 0x0042,
  0x0042, 0x0042, 0x0042, 0x0042, 0x0042, 0x0022, 0x0022, 0x0042, 0x0022, 0x0022, 0x0022, 0x0021,
  0x0022, 0x0022, 0x0022, 0x0021, 0x0021, 0x0021, 0x0022, 0x0022, 0x0021, 0x0022, 0x0021, 0x0021,
  0x0021, 0x0021, 0x0021, 0x0022, 0x0021, 0x0021, 0x0021, 0x0021, 0x0021, 0x0021, 0x0021, 0x0021,
  0x0021, 0x0021, 0x0021, 0x0021, 0x0021, 0x0021, 0x0021, 0x0021, 0x0021, 0x0021, 0x0021, 0x0021,
  0x0021, 0x0021, 0x0021, 0x0021, 0x0022, 0x0021, 0x0021, 0x0021, 0x0021, 0x0021, 0x0021, 0x0021,
  0x0021, 0x0021, 0x0021, 0x0021, 0x0021, 0x0021, 0x0021, 0x0021, 0x0021, 0x0021, 0x0021, 0x0021,
  0x0021, 0x0021, 0x0021, 0x0021, 0x0021, 0x0021, 0x0021, 0x0021, 0x0021, 0x0021, 0x0021, 0x0021,
  0x0021, 0x0021, 0x0021, 0x0021, 0x0021, 0x0021, 0x0021, 0x0021, 0x0021, 0x0021, 0x0021, 0x0021,
  0x0021, 0x0021, 0x0021, 0x0021, 0x0021, 0x0021, 0x0062, 0x10e4, 0x10e4, 0x0021, 0x0021, 0x0021,
  0x0021, 0x0021, 0x0021, 0x0021, 0x0021, 0x0021, 0x0021, 0x0021, 0x0021, 0x0021, 0x0021, 0x0021,
  0x0021, 0x0021, 0x0021, 0x0021, 0x0021, 0x0021, 0x0021, 0x0021, 0x0021, 0x0021, 0x0021, 0x0021,
  0x0021, 0x0021, 0x0021, 0x0021, 0x0021, 0x0021, 0x0021, 0x0021, 0x0021, 0x0862, 0x08a3, 0x0021,
  0x0021, 0x0021, 0x0021, 0x0021, 0x0021, 0x0021, 0x0021, 0x0021, 0x0021, 0x0021, 0x0021, 0x0021,
  0x0021, 0x0021, 0x0021, 0x0021, 0x0021, 0x0021, 0x0021, 0x0021, 0x0021, 0x0021, 0x0021, 0x0022,
  0x0022, 0x0022, 0x0022, 0x0022, 0x0022, 0x0042, 0x0042, 0x0042, 0x0042, 0x0042, 0x0042, 0x0042,
  0x0042, 0x0042, 0x0042, 0x0042, 0x0042, 0x0042, 0x0042, 0x0042, 0x0042, 0x0042, 0x0042, 0x0042,
  0x0042, 0x0022, 0x0022, 0x0022, 0x0021, 0x0022, 0x0022, 0x0022, 0x0022, 0x0022, 0x0022, 0x0022,
  0x0022, 0x0022, 0x0022, 0x0022, 0x0022, 0x0021, 0x0021, 0x0021, 0x0021, 0x0021, 0x0022, 0x0021,
  0x0022, 0x0022, 0x08a3, 0x10c4, 0x0022, 0x0022, 0x0022, 0x0042, 0x0022, 0x0022, 0x0022, 0x0022,
  0x0022, 0x0022, 0x0042, 0x0042, 0x0042, 0x0022, 0x0022, 0x0022, 0x0022, 0x0022, 0x0022, 0x0022,
  0x0022, 0x0021, 0x0021, 0x0021, 0x0022, 0x0022, 0x0022, 0x0042, 0x0042, 0x0042, 0x0022, 0x0022,
  0x0022, 0x0022, 0x0022, 0x0022, 0x0022, 0x0022, 0x0022, 0x0022, 0x0022, 0x0022, 0x0022, 0x0022,
  0x0021, 0x0022, 0x0022, 0x0022, 0x0022, 0x0022, 0x0022, 0x0022, 0x0022, 0x0022, 0x0022, 0x0022,
  0x0042, 0x0042, 0x0022, 0x0022, 0x0022, 0x0022, 0x0022, 0x0022, 0x0022, 0x0022, 0x0022, 0x0042,
  0x0042, 0x0042, 0x0042, 0x0042, 0x0042, 0x0022, 0x0022, 0x0042, 0x0042, 0x0021, 0x0021, 0x0022,
  0x0022, 0x0042, 0x0042, 0x0042, 0x0042, 0x0042, 0x0042, 0x0042, 0x0042, 0x0042, 0x0042, 0x0042,
  0x0042, 0x0042, 0x0042, 0x0042, 0x0042, 0x0042, 0x0042, 0x0042, 0x0042, 0x0042, 0x0042, 0x0042,
  0x0042, 0x0022, 0x0042, 0x0022, 0x0022, 0x0022, 0x0022, 0x0022, 0x0021, 0x0022, 0x0022, 0x0021,
  0x0021, 0x0021, 0x0022, 0x0021, 0x0022, 0x0022, 0x0021, 0x0022, 0x0022, 0x0021, 0x0022, 0x0021,
  0x0021, 0x0021, 0x0021, 0x0021, 0x0021, 0x0021, 0x0021, 0x0021, 0x0021, 0x0021, 0x0021, 0x0021,
  0x0021, 0x0021, 0x0021, 0x0021, 0x0022, 0x0022, 0x0021, 0x0021, 0x0021, 0x0021, 0x0022, 0x0022,
  0x0022, 0x0021, 0x0021, 0x0021, 0x0021, 0x0021, 0x0021, 0x0021, 0x0021, 0x0021, 0x0021, 0x0021,
  0x0021, 0x0021, 0x0021, 0x0021, 0x0021, 0x0021, 0x0021, 0x0021, 0x0021, 0x0021, 0x0021, 0x0021,
  0x0021, 0x0021, 0x0021, 0x0021, 0x0021, 0x0021, 0x0021, 0x0021, 0x0021, 0x0021, 0x0021, 0x0021,
  0x0021, 0x0021, 0x0021, 0x0021, 0x0021, 0x0021, 0x0021, 0x0021, 0x0021, 0x0021, 0x0021, 0x0021,
  0x0021, 0x0021, 0x0062, 0x10e4, 0x10e4, 0x0021, 0x0021, 0x0021, 0x0021, 0x0021, 0x0021, 0x0021,
  0x0021, 0x0021, 0x0021, 0x0021, 0x0021, 0x0021, 0x0021, 0x0021, 0x0021, 0x0021, 0x0021, 0x0021,
  0x0021, 0x0021, 0x0021, 0x0021, 0x0021, 0x0021, 0x0021, 0x0021, 0x0021, 0x0021, 0x0021, 0x0021,
  0x0021, 0x0021, 0x0021, 0x0021, 0x0021, 0x0041, 0x0062, 0x0021, 0x0021, 0x0021, 0x0021, 0x0021,
  0x0021, 0x0021, 0x0021, 0x0021, 0x0021, 0x0021, 0x0021, 0x0021, 0x0021, 0x0021, 0x0021, 0x0021,
  0x0021, 0x0021, 0x0021, 0x0021, 0x0021, 0x0021, 0x0022, 0x0022, 0x0021, 0x0022, 0x0022, 0x0022,
  0x0022, 0x0042, 0x0022, 0x0022, 0x0022, 0x0042, 0x0042, 0x0042, 0x0042, 0x0042, 0x0042, 0x0042,
  0x0042, 0x0042, 0x0042, 0x0042, 0x0042, 0x0042, 0x0042, 0x0022, 0x0042, 0x0042, 0x0042, 0x0042,
  0x0022, 0x0022, 0x0022, 0x0022, 0x0022, 0x0022, 0x0022, 0x0022, 0x0022, 0x0042, 0x0042, 0x0042,
  0x0022, 0x0021, 0x0021, 0x0021, 0x0021, 0x0022, 0x0022, 0x0022, 0x0022, 0x0022, 0x18e4, 0x2145,
  0x0042, 0x0022, 0x0042, 0x0042, 0x0042, 0x0042, 0x0042, 0x0022, 0x0022, 0x0042, 0x0042, 0x0042,
  0x0042, 0x0042, 0x0042, 0x0042, 0x0042, 0x0022, 0x0022, 0x0022, 0x0022, 0x0022, 0x0042, 0x0022,
  0x0022, 0x0042, 0x0042, 0x0042, 0x0042, 0x0042, 0x0022, 0x0022, 0x0022, 0x0022, 0x0022, 0x0022,
  0x0022, 0x0022, 0x0022, 0x0022, 0x0022, 0x0022, 0x0022, 0x0022, 0x0022, 0x0022, 0x0022, 0x0022,
  0x0022, 0x0022, 0x0042, 0x0042, 0x0042, 0x0022, 0x0022, 0x0042, 0x0042, 0x0042, 0x0082, 0x1904,
  0x0021, 0x0022, 0x0022, 0x0022, 0x0022, 0x0021, 0x0022, 0x0022, 0x0042, 0x0042, 0x0042, 0x0042,
  0x0042, 0x0042, 0x0042, 0x0022, 0x0022, 0x0022, 0x0022, 0x0022, 0x0022, 0x0022, 0x0022, 0x0042,
  0x0042, 0x0042, 0x0042, 0x0042, 0x0042, 0x0042, 0x0042, 0x0042, 0x0042, 0x0042, 0x0042, 0x0042,
  0x0042, 0x0042, 0x0042, 0x0042, 0x0042, 0x0042, 0x0042, 0x0042, 0x0042, 0x0042, 0x0042, 0x0042,
  0x0022, 0x0022, 0x0022, 0x0022, 0x0022, 0x0022, 0x0021, 0x0021, 0x0022, 0x0022, 0x0022, 0x0022,
  0x0022, 0x0022, 0x0022, 0x0022, 0x0021, 0x0021, 0x0021, 0x0022, 0x0022, 0x0021, 0x0021, 0x0022,
  0x0021, 0x0021, 0x0021, 0x0021, 0x0021, 0x0021, 0x0021, 0x0021, 0x0021, 0x0021, 0x0021, 0x0022,
  0x0022, 0x0021, 0x0021, 0x0062, 0x0021, 0x0021, 0x0021, 0x0021, 0x0022, 0x0022, 0x0021, 0x0022,
  0x0021, 0x0021, 0x0021, 0x0021, 0x0021, 0x0021, 0x0021, 0x0021, 0x0021, 0x0021, 0x0021, 0x0021,
  0x0021, 0x0021, 0x0021, 0x0021, 0x0021, 0x0021, 0x0021, 0x0021, 0x0021, 0x0021, 0x0021, 0x0021,
  0x0021, 0x0021, 0x0021, 0x0021, 0x0021, 0x0021, 0x0021, 0x0021, 0x0021, 0x0021, 0x0021, 0x0001,
  0x0021, 0x0021, 0x0021, 0x0021, 0x0021, 0x0021, 0x0021, 0x0021, 0x0021, 0x0021, 0x0062, 0x10e4,
  0x10e4, 0x0021, 0x0021, 0x0021, 0x0021, 0x0021, 0x0021, 0x0021, 0x0021, 0x0021, 0x0021, 0x0021,
  0x0021, 0x0021, 0x0021, 0x0021, 0x0021, 0x0021, 0x0021, 0x0021, 0x0021, 0x0021, 0x0021, 0x0021,
  0x0021, 0x0021, 0x0021, 0x0021, 0x0021, 0x0021, 0x0021, 0x0021, 0x0021, 0x0021, 0x0021, 0x0021,
  0x0021, 0x0021, 0x0021, 0x0021, 0x0021, 0x0021, 0x0021, 0x0021, 0x0021, 0x0021, 0x0021, 0x0021,
  0x0021, 0x0021, 0x0021, 0x0022, 0x0021, 0x0021, 0x0022, 0x0021, 0x0021, 0x0021, 0x0021, 0x0021,
  0x0021, 0x0021, 0x0022, 0x0021, 0x0021, 0x0022, 0x0042, 0x0022, 0x0022, 0x0042, 0x0042, 0x0022,
  0x0042, 0x0042, 0x0042, 0x0042, 0x0042, 0x0042, 0x0042, 0x0042, 0x0042, 0x0042, 0x0042, 0x0022,
  0x0022, 0x0042, 0x0042, 0x0042, 0x0042, 0x0042, 0x0042, 0x0042, 0x0022, 0x0042, 0x0022, 0x0022,
  0x0022, 0x0022, 0x0022, 0x0022, 0x0022, 0x0022, 0x0022, 0x0022, 0x0021, 0x0022, 0x0022, 0x0022,
  0x0021, 0x0022, 0x0022, 0x0042, 0x0022, 0x0022, 0x0022, 0x0022, 0x0042, 0x0042, 0x0042, 0x0042,
  0x0042, 0x0042, 0x0042, 0x0042, 0x0042, 0x0042, 0x0042, 0x0042, 0x0042, 0x0042, 0x0042, 0x0042,
  0x0042, 0x0042, 0x0042, 0x0022, 0x0022, 0x0022, 0x0042, 0x0022, 0x0022, 0x0022, 0x0042, 0x0042,
  0x0022, 0x0022, 0x0022, 0x0021, 0x0021, 0x0022, 0x0042, 0x0042, 0x0022, 0x0042, 0x0022, 0x0022,
  0x0022, 0x0022, 0x0022, 0x0022, 0x0022, 0x0022, 0x0022, 0x0042, 0x0022, 0x0022, 0x0022, 0x0042,
  0x0042, 0x0042, 0x0042, 0x0042, 0x0022, 0x0022, 0x0022, 0x0883, 0x0022, 0x0022, 0x0022, 0x0022,
  0x0022, 0x0022, 0x0022, 0x0022, 0x0022, 0x0062, 0x0022, 0x0022, 0x0042, 0x0042, 0x0022, 0x0022,
  0x0022, 0x0022, 0x0022, 0x0022, 0x0021, 0x0022, 0x0042, 0x0042, 0x0042, 0x0042, 0x0042, 0x0042,
  0x0042, 0x0042, 0x0042, 0x0042, 0x0042, 0x0042, 0x0042, 0x0042, 0x0042, 0x0042, 0x0042, 0x0042,
  0x0042, 0x0042, 0x0042, 0x0042, 0x0042, 0x0042, 0x0042, 0x0042, 0x0042, 0x0042, 0x0042, 0x0022,
  0x0042, 0x0022, 0x0021, 0x0022, 0x0022, 0x0022, 0x0022, 0x0022, 0x0022, 0x0022, 0x0021, 0x0022,
  0x0022, 0x0022, 0x0022, 0x0021, 0x0022, 0x0022, 0x0022, 0x0022, 0x0022, 0x0022, 0x0022, 0x0022,
  0x0021, 0x0021, 0x0021, 0x0021, 0x0021, 0x0021, 0x0021, 0x0021, 0x0021, 0x0021, 0x0882, 0x18e4,
  0x0022, 0x0021, 0x0021, 0x0021, 0x0021, 0x0021, 0x0021, 0x0021, 0x0021, 0x0021, 0x0021, 0x0021,
  0x0021, 0x0021, 0x0021, 0x0021, 0x0021, 0x0021, 0x0021, 0x0021, 0x0021, 0x0021, 0x0021, 0x0021,
  0x0021, 0x0021, 0x0021, 0x0021, 0x0021, 0x0021, 0x0021, 0x0021, 0x0021, 0x0021, 0x0021, 0x0021,
  0x0021, 0x0021, 0x0021, 0x0021, 0x0021, 0x0021, 0x0021, 0x0021, 0x0021, 0x0021, 0x0021, 0x0021,
  0x0021, 0x0021, 0x0021, 0x0021, 0x0021, 0x0021, 0x0062, 0x10e4, 0x1105, 0x0022, 0x0021, 0x0021,
  0x0021, 0x0021, 0x0021, 0x0021, 0x0021, 0x0021, 0x0021, 0x0021, 0x0021, 0x0021, 0x0021, 0x0021,
  0x0021, 0x0021, 0x0021, 0x0021, 0x0021, 0x0021, 0x0021, 0x0021, 0x0021, 0x0021, 0x0021, 0x0021,
  0x0022, 0x0022, 0x0021, 0x0021, 0x0021, 0x0022, 0x0021, 0x0021, 0x0021, 0x0021, 0x0021, 0x0021,
  0x0021, 0x0021, 0x0021, 0x0021, 0x0021, 0x0022, 0x0022, 0x0021, 0x0021, 0x0022, 0x0022, 0x0021,
  0x0021, 0x0021, 0x0021, 0x0021, 0x0021, 0x0021, 0x0021, 0x0021, 0x0022, 0x0022, 0x0022, 0x0022,
  0x0022, 0x0042, 0x0042, 0x0042, 0x0042, 0x0042, 0x0042, 0x0042, 0x0042, 0x0042, 0x0042, 0x0042,
  0x0042, 0x0042, 0x0042, 0x0042, 0x0042, 0x0042, 0x0042, 0x0042, 0x0042, 0x0042, 0x0042, 0x0042,
  0x0042, 0x0042, 0x0042, 0x0042, 0x0042, 0x0042, 0x0042, 0x0022, 0x0022, 0x0022, 0x0022, 0x0022,
  0x0022, 0x0022, 0x0022, 0x0022, 0x0022, 0x0022, 0x0022, 0x0022, 0x0022, 0x0042, 0x0042, 0x0042,
  0x0042, 0x0042, 0x0042, 0x0042, 0x0042, 0x0042, 0x0042, 0x0042, 0x0042, 0x0042, 0x0042, 0x0042,
  0x0042, 0x0042, 0x0042, 0x0042, 0x0042, 0x0042, 0x0042, 0x0042, 0x0042, 0x0042, 0x0042, 0x0042,
  0x0042, 0x0042, 0x0042, 0x0022, 0x0042, 0x0042, 0x0042, 0x0042, 0x0022, 0x0022, 0x0022, 0x0022,
  0x0022, 0x0022, 0x0042, 0x0042, 0x0042, 0x0022, 0x0042, 0x0022, 0x0022, 0x0022, 0x0022, 0x0042,
  0x0042, 0x0042, 0x0022, 0x0042, 0x0042, 0x0042, 0x0042, 0x0042, 0x0042, 0x0042, 0x0042, 0x0042,
  0x0042, 0x0042, 0x0022, 0x0022, 0x0022, 0x0022, 0x0021, 0x0021, 0x0022, 0x0022, 0x0022, 0x0042,
  0x0062, 0x18e4, 0x0042, 0x0042, 0x0042, 0x0042, 0x0042, 0x0042, 0x0042, 0x0042, 0x0042, 0x0022,
  0x0022, 0x0022, 0x0022, 0x0022, 0x0042, 0x0042, 0x0042, 0x0042, 0x0042, 0x0042, 0x0042, 0x0042,
  0x0042, 0x0042, 0x0042, 0x0042, 0x0042, 0x0042, 0x0042, 0x0042, 0x0042, 0x0042, 0x0042, 0x0042,
  0x0042, 0x0042, 0x0042, 0x0042, 0x0022, 0x0022, 0x0042, 0x0042, 0x0042, 0x0022, 0x0022, 0x0021,
  0x0021, 0x0022, 0x0022, 0x0022, 0x0022, 0x0022, 0x0021, 0x0022, 0x0022, 0x0022, 0x0022, 0x0021,
  0x0022, 0x0022, 0x0022, 0x0022, 0x0022, 0x0022, 0x0021, 0x0022, 0x0022, 0x0021, 0x0021, 0x0021,
  0x0021, 0x0021, 0x0022, 0x0022, 0x0021, 0x0021, 0x0021, 0x0042, 0x0022, 0x0022, 0x0021, 0x0022,
  0x0021, 0x0021, 0x0021, 0x0021, 0x0021, 0x0022, 0x0021, 0x0021, 0x0021, 0x0021, 0x0021, 0x0021,
  0x0041, 0x0021, 0x0021, 0x0021, 0x0021, 0x0021, 0x0021, 0x0021, 0x0021, 0x0021, 0x0021, 0x0021,
  0x0021, 0x0021, 0x0021, 0x0021, 0x0021, 0x0021, 0x0021, 0x0021, 0x0021, 0x0021, 0x0021, 0x0021,
  0x0021, 0x0021, 0x0021, 0x0021, 0x0021, 0x0021, 0x0021, 0x0021, 0x0021, 0x0021, 0x0021, 0x0021,
  0x0021, 0x0021, 0x0062, 0x10e4, 0x1905, 0x0022, 0x0021, 0x0021, 0x0021, 0x0021, 0x0021, 0x0021,
  0x0021, 0x0021, 0x0021, 0x0021, 0x0021, 0x0021, 0x0021, 0x0021, 0x0021, 0x0021, 0x0021, 0x0021,
  0x0021, 0x0021, 0x0021, 0x0021, 0x0021, 0x0021, 0x0021, 0x0022, 0x0022, 0x0022, 0x0021, 0x0021,
  0x0021, 0x0021, 0x0021, 0x0021, 0x0021, 0x0021, 0x0021, 0x0021, 0x0021, 0x0021, 0x0021, 0x0021,
  0x0022, 0x0021, 0x0021, 0x0021, 0x0021, 0x0022, 0x0022, 0x0021, 0x0021, 0x0021, 0x0021, 0x0021,
  0x0022, 0x0021, 0x0021, 0x0022, 0x0022, 0x0022, 0x0022, 0x0022, 0x0022, 0x0022, 0x0042, 0x0042,
  0x0022, 0x0042, 0x0042, 0x0042, 0x0042, 0x0042, 0x0042, 0x0042, 0x0042, 0x0042, 0x0042, 0x0042,
  0x0042, 0x0042, 0x0042, 0x0042, 0x0042, 0x0042, 0x0042, 0x0042, 0x0042, 0x0042, 0x0042, 0x0042,
  0x0042, 0x0042, 0x0022, 0x0022, 0x0042, 0x0022, 0x0022, 0x0022, 0x0022, 0x0042, 0x0022, 0x0022,
  0x0022, 0x0022, 0x0022, 0x0022, 0x0022, 0x0042, 0x0022, 0x0042, 0x0042, 0x0042, 0x0042, 0x0042,
  0x0042, 0x0042, 0x0042, 0x0042, 0x0042, 0x0042, 0x0042, 0x0042, 0x0042, 0x0042, 0x0042, 0x0042,
  0x0042, 0x0042, 0x0042, 0x0042, 0x0042, 0x0042, 0x0042, 0x0042, 0x0042, 0x0042, 0x0042, 0x0042,
  0x0042, 0x0042, 0x0042, 0x0042, 0x0022, 0x0022, 0x0042, 0x0042, 0x0042, 0x0042, 0x0042, 0x0042,
  0x0042, 0x0042, 0x0042, 0x0042, 0x0022, 0x0022, 0x0042, 0x0042, 0x0042, 0x0042, 0x0042, 0x0042,
  0x0042, 0x0042, 0x0042, 0x0042, 0x0042, 0x0042, 0x0042, 0x0042, 0x0042, 0x0042, 0x0042, 0x0022,
  0x0022, 0x0042, 0x0042, 0x0042, 0x0042, 0x0042, 0x0042, 0x0042, 0x0042, 0x0042, 0x0042, 0x0042,
  0x0042, 0x0042, 0x0042, 0x0042, 0x0042, 0x0042, 0x0042, 0x0042, 0x0042, 0x0022, 0x0022, 0x0022,
  0x0042, 0x0042, 0x0042, 0x0042, 0x0042, 0x0042, 0x0042, 0x0042, 0x0042, 0x0042, 0x0042, 0x0042,
  0x0042, 0x0042, 0x0042, 0x0042, 0x0042, 0x0042, 0x0042, 0x0042, 0x0042, 0x0042, 0x0042, 0x0022,
  0x0042, 0x0042, 0x0042, 0x0042, 0x0042, 0x0042, 0x0022, 0x0021, 0x0062, 0x0082, 0x0022, 0x0022,
  0x0022, 0x0022, 0x0022, 0x0022, 0x0021, 0x0022, 0x0022, 0x0022, 0x0022, 0x0022, 0x0022, 0x0022,
  0x0022, 0x0882, 0x0042, 0x0021, 0x0022, 0x0022, 0x0021, 0x0021, 0x0021, 0x0021, 0x0021, 0x0021,
  0x0021, 0x0021, 0x0021, 0x0022, 0x0022, 0x0022, 0x0021, 0x0021, 0x0021, 0x0021, 0x0021, 0x0021,
  0x0021, 0x0021, 0x0021, 0x0021, 0x0021, 0x0021, 0x0021, 0x0021, 0x0021, 0x0021, 0x0021, 0x0021,
  0x0021, 0x0021, 0x0021, 0x0021, 0x0021, 0x0021, 0x0021, 0x0021, 0x0021, 0x0021, 0x0021, 0x0021,
  0x0021, 0x0021, 0x0021, 0x0021, 0x0021, 0x0021, 0x0021, 0x0021, 0x0021, 0x0021, 0x0021, 0x0021,
  0x0021, 0x0021, 0x0021, 0x0021, 0x0021, 0x0021, 0x0021, 0x0021, 0x0021, 0x0021, 0x0062, 0x10e4,
  0x1905, 0x0022, 0x0021, 0x0021, 0x0021, 0x0021, 0x0021, 0x0021, 0x0021, 0x0021, 0x0021, 0x0021,
  0x0021, 0x0021, 0x0021, 0x0021, 0x0021, 0x0021, 0x0021, 0x0021, 0x0021, 0x0021, 0x0021, 0x0021,
  0x0021, 0x0021, 0x0021, 0x0021, 0x0021, 0x0021, 0x0021, 0x0021, 0x0021, 0x0021, 0x0021, 0x0021,
  0x0021, 0x0021, 0x0021, 0x0021, 0x0021, 0x0021, 0x0022, 0x0021, 0x0022, 0x0021, 0x0021, 0x0021,
  0x0022, 0x0022, 0x0042, 0x0021, 0x0022, 0x0021, 0x0021, 0x0021, 0x0022, 0x0022, 0x0021, 0x0022,
  0x0022, 0x0042, 0x0022, 0x0022, 0x0022, 0x0042, 0x0042, 0x0042, 0x0042, 0x0042, 0x0042, 0x0042,
  0x0042, 0x0042, 0x0042, 0x0042, 0x0042, 0x0042, 0x0042, 0x0042, 0x0042, 0x0042, 0x0042, 0x0042,
  0x0042, 0x0042, 0x0042, 0x0042, 0x0042, 0x0042, 0x0042, 0x0042, 0x0042, 0x0042, 0x0022, 0x0022,
  0x0022, 0x0022, 0x0022, 0x0022, 0x0022, 0x0042, 0x0022, 0x0022, 0x0022, 0x0022, 0x0042, 0x0042,
  0x0022, 0x0022, 0x0022, 0x0022, 0x0042, 0x0042, 0x0042, 0x0042, 0x0042, 0x0042, 0x0042, 0x0042,
  0x0042, 0x0042, 0x0042, 0x0042, 0x0042, 0x0042, 0x0042, 0x0042, 0x0042, 0x0042, 0x0042, 0x0042,
  0x0042, 0x0042, 0x0042, 0x0042, 0x0042, 0x0042, 0x0042, 0x0042, 0x0042, 0x0042, 0x0042, 0x0042,
  0x0022, 0x0042, 0x0042, 0x0042, 0x0042, 0x0042, 0x0042, 0x0042, 0x0042, 0x0042, 0x0042, 0x0042,
  0x0042, 0x0042, 0x0042, 0x0042, 0x0042, 0x0042, 0x0042, 0x0042, 0x0042, 0x0042, 0x0042, 0x0042,
  0x0042, 0x0042, 0x0042, 0x0042, 0x0042, 0x0042, 0x0042, 0x0042, 0x0042, 0x0042, 0x0042, 0x0042,
  0x0042, 0x0042, 0x0042, 0x0042, 0x0042, 0x0042, 0x0042, 0x0042, 0x0042, 0x0042, 0x0042, 0x0042,
  0x0042, 0x0042, 0x0042, 0x0042, 0x0042, 0x0042, 0x0022, 0x0022, 0x0022, 0x0042, 0x0042, 0x0042,
  0x0042, 0x0042, 0x0042, 0x0042, 0x0042, 0x0042, 0x0042, 0x0042, 0x0042, 0x0042, 0x0042, 0x0042,
  0x0042, 0x0042, 0x0042, 0x0042, 0x0042, 0x0042, 0x0042, 0x0042, 0x0042, 0x0022, 0x0022, 0x0042,
  0x0042, 0x0042, 0x0022, 0x0021, 0x10a3, 0x10c4, 0x0022, 0x0022, 0x0022, 0x0022, 0x0021, 0x0022,
  0x0022, 0x0022, 0x0022, 0x0022, 0x0022, 0x0021, 0x0022, 0x0022, 0x0042, 0x18e4, 0x0082, 0x0022,
  0x0022, 0x0022, 0x0022, 0x0022, 0x0021, 0x0021, 0x0021, 0x0022, 0x0021, 0x0021, 0x0021, 0x0022,
  0x0022, 0x0021, 0x0021, 0x0021, 0x0021, 0x0022, 0x0021, 0x0021, 0x0021, 0x0022, 0x0021, 0x0021,
  0x0021, 0x0021, 0x0021, 0x0021, 0x0021, 0x0021, 0x0021, 0x0021, 0x0021, 0x0021, 0x0021, 0x0021,
  0x0021, 0x0021, 0x0021, 0x0021, 0x0021, 0x0022, 0x0021, 0x0021, 0x0021, 0x0021, 0x0021, 0x0021,
  0x0021, 0x0021, 0x0021, 0x0021, 0x0021, 0x0021, 0x0021, 0x0021, 0x0021, 0x0021, 0x0021, 0x0021,
  0x0021, 0x0021, 0x0021, 0x0021, 0x0021, 0x0021, 0x0062, 0x1105, 0x1925, 0x0022, 0x0021, 0x0021,
  0x0021, 0x0021, 0x0021, 0x0021, 0x0021, 0x0021, 0x0021, 0x0021, 0x0021, 0x0021, 0x0021, 0x0021,
  0x0021, 0x0021, 0x0021, 0x0021, 0x0021, 0x0021, 0x0021, 0x0021, 0x0021, 0x0021, 0x0021, 0x0022,
  0x0021, 0x0021, 0x0021, 0x0021, 0x0021, 0x0021, 0x0021, 0x0021, 0x0021, 0x0021, 0x0021, 0x0021,
  0x0021, 0x0021, 0x0022, 0x0021, 0x0022, 0x0021, 0x0022, 0x0022, 0x0022, 0x0022, 0x0883, 0x0022,
  0x0021, 0x0021, 0x0021, 0x0022, 0x0021, 0x0022, 0x0022, 0x0022, 0x0042, 0x0042, 0x0022, 0x0022,
  0x0022, 0x0042, 0x0042, 0x0042, 0x0042, 0x0042, 0x0042, 0x0042, 0x0042, 0x0042, 0x0042, 0x0042,
  0x0042, 0x0042, 0x0042, 0x0042, 0x0042, 0x0042, 0x0042, 0x0042, 0x0042, 0x0042, 0x0042, 0x0042,
  0x0042, 0x0042, 0x0042, 0x0042, 0x0042, 0x0042, 0x0022, 0x0022, 0x0021, 0x0022, 0x0022, 0x0042,
  0x0042, 0x0042, 0x0042, 0x0022, 0x0022, 0x0022, 0x0022, 0x0042, 0x0042, 0x0022, 0x0021, 0x0022,
  0x0042, 0x0042, 0x0042, 0x0042, 0x0042, 0x0042, 0x0042, 0x0042, 0x0042, 0x0042, 0x0042, 0x0042,
  0x0042, 0x0062, 0x0042, 0x0042, 0x0042, 0x0042, 0x0042, 0x0042, 0x0042, 0x0042, 0x0042, 0x0042,
  0x0042, 0x0042, 0x0042, 0x0042, 0x0042, 0x0042, 0x0042, 0x0042, 0x0042, 0x0042, 0x0042, 0x0042,
  0x0042, 0x0042, 0x0042, 0x0042, 0x0042, 0x0042, 0x0042, 0x0042, 0x0042, 0x0042, 0x0042, 0x0042,
  0x0042, 0x0042, 0x0042, 0x0042, 0x0042, 0x0042, 0x0042, 0x0042, 0x0042, 0x0042, 0x0042, 0x0042,
  0x0042, 0x0042, 0x0042, 0x0042, 0x0042, 0x0042, 0x0042, 0x0042, 0x0042, 0x0042, 0x0042, 0x0042,
  0x0042, 0x0042, 0x0042, 0x0042, 0x0042, 0x0042, 0x0042, 0x0042, 0x0042, 0x0022, 0x0042, 0x0042,
  0x0042, 0x0042, 0x0022, 0x0022, 0x0022, 0x0042, 0x0042, 0x0042, 0x0042, 0x0042, 0x0042, 0x0042,
  0x0042, 0x0042, 0x0042, 0x0042, 0x0042, 0x0042, 0x0042, 0x0042, 0x0042, 0x0042, 0x0042, 0x0042,
  0x0042, 0x0042, 0x0042, 0x0042, 0x0042, 0x0022, 0x0022, 0x0022, 0x0022, 0x0022, 0x0022, 0x0022,
  0x0022, 0x0022, 0x0022, 0x0022, 0x0021, 0x0022, 0x0022, 0x0022, 0x0022, 0x0022, 0x0022, 0x0022,
  0x0022, 0x0022, 0x0022, 0x0021, 0x0021, 0x0021, 0x0021, 0x0021, 0x0022, 0x0021, 0x0022, 0x0022,
  0x0022, 0x0021, 0x0021, 0x0022, 0x0021, 0x0021, 0x0021, 0x0022, 0x0021, 0x0021, 0x0021, 0x0021,
  0x0022, 0x0022, 0x0021, 0x0021, 0x0021, 0x0022, 0x0021, 0x0021, 0x0021, 0x0021, 0x0021, 0x0021,
  0x0021, 0x0021, 0x0021, 0x0021, 0x0021, 0x0021, 0x0021, 0x0021, 0x0021, 0x0021, 0x0021, 0x0021,
  0x0021, 0x0021, 0x0021, 0x0021, 0x0021, 0x0021, 0x0021, 0x0021, 0x0021, 0x0021, 0x0021, 0x0021,
  0x0021, 0x0021, 0x0021, 0x0021, 0x0021, 0x0021, 0x0021, 0x0021, 0x0021, 0x0021, 0x0021, 0x0021,
  0x0021, 0x0021, 0x0062, 0x10e4, 0x1905, 0x0021, 0x0021, 0x0021, 0x0021, 0x0021, 0x0021, 0x0021,
  0x0021, 0x0021, 0x0021, 0x0021, 0x0021, 0x0021, 0x0022, 0x0022, 0x0021, 0x0021, 0x0021, 0x0022,
  0x0021, 0x0021, 0x0021, 0x0021, 0x0021, 0x0021, 0x0021, 0x0021, 0x0021, 0x0021, 0x0021, 0x0021,
  0x0021, 0x0021, 0x0022, 0x0021, 0x0021, 0x0022, 0x0021, 0x0021, 0x0022, 0x0021, 0x0021, 0x0021,
  0x0021, 0x0021, 0x0021, 0x0021, 0x0022, 0x0022, 0x0022, 0x0022, 0x0021, 0x0021, 0x0021, 0x0022,
  0x0021, 0x0021, 0x0021, 0x0022, 0x0042, 0x0022, 0x0022, 0x0022, 0x0022, 0x0022, 0x0042, 0x0042,
  0x0042, 0x0042, 0x0042, 0x0042, 0x0042, 0x0042, 0x0042, 0x0042, 0x0042, 0x0042, 0x0042, 0x0042,
  0x0042, 0x0042, 0x0042, 0x0042, 0x0042, 0x0042, 0x0042, 0x0042, 0x0042, 0x0042, 0x0042, 0x0042,
  0x0042, 0x0042, 0x0022, 0x0022, 0x0042, 0x10c4, 0x0042, 0x0042, 0x0042, 0x0042, 0x0042, 0x0042,
  0x0022, 0x0022, 0x0042, 0x0022, 0x0022, 0x0042, 0x0022, 0x0042, 0x0042, 0x0042, 0x0042, 0x0042,
  0x0042, 0x0042, 0x0042, 0x0042, 0x0042, 0x0042, 0x0042, 0x0042, 0x0042, 0x0022, 0x0022, 0x0042,
  0x0042, 0x0042, 0x0042, 0x0042, 0x0042, 0x0042, 0x0042, 0x0042, 0x0042, 0x0042, 0x0042, 0x0042,
  0x0042, 0x0042, 0x0042, 0x0042, 0x0042, 0x0042, 0x0042, 0x0042, 0x0042, 0x0042, 0x0042, 0x0042,
  0x0042, 0x0042, 0x0042, 0x0042, 0x0042, 0x0042, 0x0042, 0x0042, 0x0042, 0x0042, 0x0042, 0x0042,
  0x0042, 0x0042, 0x0042, 0x0042, 0x0042, 0x0042, 0x0042, 0x0042, 0x0042, 0x0042, 0x0042, 0x0042,
  0x0042, 0x0042, 0x0042, 0x0042, 0x0042, 0x0042, 0x0042, 0x0042, 0x0042, 0x0042, 0x0042, 0x0042,
  0x0042, 0x0042, 0x0042, 0x0042, 0x0042, 0x0042, 0x0042, 0x0042, 0x0042, 0x0042, 0x0042, 0x0042,
  0x0042, 0x0042, 0x0042, 0x0042, 0x0042, 0x0042, 0x0042, 0x0042, 0x0042, 0x0042, 0x0042, 0x0042,
  0x0042, 0x0042, 0x0042, 0x0042, 0x0042, 0x0042, 0x0042, 0x0042, 0x0042, 0x0042, 0x0042, 0x0042,
  0x0042, 0x0022, 0x0022, 0x0022, 0x0022, 0x0022, 0x0022, 0x0022, 0x0022, 0x0022, 0x0022, 0x0021,
  0x0021, 0x0022, 0x0022, 0x0022, 0x0022, 0x0021, 0x0021, 0x0022, 0x0021, 0x0021, 0x0021, 0x0021,
  0x0021, 0x0022, 0x0022, 0x0021, 0x0021, 0x0022, 0x0021, 0x0022, 0x0022, 0x0022, 0x0022, 0x0021,
  0x0021, 0x0021, 0x0021, 0x0021, 0x0021, 0x0021, 0x0021, 0x0021, 0x0022, 0x0021, 0x0021, 0x0021,
  0x0021, 0x0021, 0x0021, 0x0021, 0x0021, 0x0021, 0x0021, 0x0021, 0x0021, 0x0021, 0x0021, 0x0021,
  0x0021, 0x0021, 0x0021, 0x0021, 0x0021, 0x0021, 0x0021, 0x0021, 0x0021, 0x0021, 0x0021, 0x0021,
  0x0021, 0x0021, 0x0021, 0x0021, 0x0021, 0x0021, 0x0021, 0x0021, 0x0021, 0x0021, 0x0021, 0x0021,
  0x0021, 0x0021, 0x0021, 0x0021, 0x0021, 0x0021, 0x0021, 0x0021, 0x0021, 0x0021, 0x0062, 0x10e4,
  0x1905, 0x0021, 0x0021, 0x0021, 0x0021, 0x0021, 0x0021, 0x0021, 0x0021, 0x0021, 0x0021, 0x0021,
  0x0021, 0x0021, 0x0022, 0x0022, 0x0022, 0x0021, 0x0022, 0x0022, 0x0021, 0x0022, 0x0021, 0x0021,
  0x0021, 0x0021, 0x0021, 0x0021, 0x0021, 0x0021, 0x0021, 0x0021, 0x0021, 0x0021, 0x0021, 0x0021,
  0x0021, 0x0021, 0x0021, 0x0021, 0x0021, 0x0022, 0x0021, 0x0022, 0x0022, 0x0022, 0x0021, 0x0021,
  0x0022, 0x0022, 0x0022, 0x0022, 0x0022, 0x0021, 0x0022, 0x0021, 0x0021, 0x0021, 0x0021, 0x0022,
  0x0022, 0x0042, 0x0022, 0x0022, 0x0022, 0x0022, 0x0042, 0x0042, 0x0042, 0x0042, 0x0042, 0x0042,
  0x0042, 0x0042, 0x0042, 0x0042, 0x0042, 0x0042, 0x0042, 0x0042, 0x0042, 0x0042, 0x0042, 0x0042,
  0x0042, 0x0042, 0x0042, 0x0042, 0x0042, 0x0042, 0x0042, 0x0042, 0x0022, 0x0042, 0x0042, 0x0022,
  0x0042, 0x08a3, 0x0042, 0x0042, 0x0042, 0x0042, 0x0042, 0x0042, 0x0042, 0x0042, 0x0042, 0x0022,
  0x0022, 0x0042, 0x0022, 0x0042, 0x0042, 0x0042, 0x0042, 0x0042, 0x0042, 0x0042, 0x0042, 0x0042,
  0x0042, 0x0042, 0x0042, 0x0042, 0x0042, 0x0042, 0x0042, 0x0042, 0x0042, 0x0042, 0x0042, 0x0042,
  0x0042, 0x0042, 0x0042, 0x0042, 0x0042, 0x0042, 0x0042, 0x0042, 0x0042, 0x0042, 0x0042, 0x0042,
  0x0042, 0x0042, 0x0042, 0x0042, 0x0042, 0x0042, 0x0042, 0x0042, 0x0042, 0x0042, 0x0042, 0x0042,
  0x0042, 0x0042, 0x0042, 0x0042, 0x0042, 0x0042, 0x0042, 0x0042, 0x0042, 0x0042, 0x0042, 0x0042,
  0x0042, 0x0042, 0x0042, 0x0042, 0x0042, 0x0042, 0x0042, 0x0042, 0x0042, 0x0042, 0x0042, 0x0042,
  0x0042, 0x0042, 0x0042, 0x0042, 0x0042, 0x0042, 0x0042, 0x0042, 0x0042, 0x0042, 0x0042, 0x0042,
  0x0042, 0x0042, 0x0042, 0x0042, 0x0042, 0x0042, 0x0042, 0x0042, 0x0042, 0x0042, 0x0042, 0x0042,
  0x0042, 0x0042, 0x0042, 0x0042, 0x0042, 0x0042, 0x0042, 0x0042, 0x0042, 0x0042, 0x0042, 0x0042,
  0x0042, 0x0042, 0x0042, 0x0042, 0x0042, 0x0042, 0x0042, 0x0042, 0x0042, 0x0042, 0x0062, 0x0022,
  0x0022, 0x0042, 0x0022, 0x0042, 0x0022, 0x0021, 0x0022, 0x0022, 0x0022, 0x0022, 0x0022, 0x0022,
  0x0022, 0x0022, 0x0022, 0x0021, 0x0021, 0x0022, 0x0021, 0x0021, 0x0021, 0x0022, 0x0022, 0x0022,
  0x0022, 0x0022, 0x0022, 0x0021, 0x0022, 0x0022, 0x0022, 0x0022, 0x0022, 0x0021, 0x0021, 0x0021,
  0x0021, 0x0021, 0x0021, 0x0021, 0x0021, 0x0021, 0x0021, 0x0021, 0x0021, 0x0022, 0x0022, 0x0021,
  0x0021, 0x0021, 0x0022, 0x0022, 0x0022, 0x0021, 0x0021, 0x0021, 0x0021, 0x0021, 0x0021, 0x0021,
  0x0021, 0x0021, 0x0021, 0x0021, 0x0021, 0x0021, 0x0021, 0x0021, 0x0021, 0x0021, 0x0021, 0x0021,
  0x0021, 0x0021, 0x0021, 0x0021, 0x0021, 0x0021, 0x0021, 0x0021, 0x0021, 0x0021, 0x0021, 0x0021,
  0x0021, 0x0021, 0x0021, 0x0021, 0x0021, 0x0021, 0x0062, 0x10e4, 0x1925, 0x0022, 0x0021, 0x0021,
  0x0021, 0x0021, 0x0021, 0x0021, 0x0021, 0x0021, 0x0021, 0x0021, 0x0021, 0x0021, 0x0021, 0x0021,
  0x0021, 0x0021, 0x0021, 0x0021, 0x0021, 0x0022, 0x0022, 0x0022, 0x0022, 0x0021, 0x0022, 0x0022,
  0x0022, 0x0021, 0x0021, 0x0021, 0x0021, 0x0021, 0x0021, 0x0021, 0x0021, 0x0021, 0x0021, 0x0021,
  0x0021, 0x0022, 0x0022, 0x0022, 0x0022, 0x0022, 0x0022, 0x0022, 0x0022, 0x0022, 0x0021, 0x0021,
  0x0022, 0x0022, 0x0022, 0x0022, 0x0021, 0x0021, 0x0022, 0x0022, 0x0022, 0x0042, 0x0022, 0x0021,
  0x0022, 0x0022, 0x0042, 0x0022, 0x0022, 0x0042, 0x0042, 0x0042, 0x0042, 0x0042, 0x0042, 0x0042,
  0x0042, 0x0042, 0x0042, 0x0042, 0x0042, 0x0042, 0x0042, 0x0042, 0x0042, 0x0042, 0x0042, 0x0042,
  0x0042, 0x0042, 0x0042, 0x0042, 0x0022, 0x0042, 0x0042, 0x0042, 0x0042, 0x0022, 0x0042, 0x0042,
  0x0042, 0x0042, 0x0042, 0x0042, 0x0042, 0x0042, 0x0042, 0x0022, 0x0042, 0x0022, 0x0022, 0x0042,
  0x0042, 0x0042, 0x0042, 0x0042, 0x0042, 0x0042, 0x0042, 0x0042, 0x0042, 0x0042, 0x0042, 0x0042,
  0x0042, 0x0042, 0x0042, 0x0042, 0x0042, 0x0042, 0x0042, 0x0042, 0x0042, 0x0042, 0x0042, 0x0042,
  0x0042, 0x0042, 0x0042, 0x0042, 0x0042, 0x0042, 0x0042, 0x0042, 0x0042, 0x0042, 0x0042, 0x0042,
  0x0042, 0x0042, 0x0042, 0x0042, 0x0042, 0x0042, 0x0042, 0x0042, 0x0042, 0x0042, 0x0042, 0x0042,
  0x0042, 0x0042, 0x0042, 0x0083, 0x0062, 0x0042, 0x0042, 0x0042, 0x0042, 0x0042, 0x0042, 0x0042,
  0x0042, 0x0042, 0x0042, 0x0042, 0x0042, 0x0042, 0x0042, 0x0042, 0x0042, 0x0042, 0x0042, 0x0042,
  0x0042, 0x0042, 0x0042, 0x0042, 0x0042, 0x0042, 0x0042, 0x0042, 0x0042, 0x0042, 0x0042, 0x0042,
  0x0042, 0x0042, 0x0042, 0x0042, 0x0042, 0x0042, 0x0042, 0x0042, 0x0042, 0x0042, 0x0042, 0x0042,
  0x0042, 0x0042, 0x0042, 0x0042, 0x0042, 0x0042, 0x0042, 0x0042, 0x0042, 0x0042, 0x0042, 0x0042,
  0x0042, 0x0042, 0x0042, 0x0042, 0x0042, 0x0042, 0x0042, 0x0042, 0x0042, 0x0042, 0x0022, 0x0042,
  0x0042, 0x0042, 0x0022, 0x0022, 0x0022, 0x0022, 0x0022, 0x0022, 0x0042, 0x0022, 0x0022, 0x0022,
  0x0021, 0x0021, 0x0021, 0x0022, 0x0022, 0x0022, 0x0022, 0x0022, 0x0022, 0x0022, 0x0022, 0x0022,
  0x0022, 0x0022, 0x0022, 0x0022, 0x0022, 0x0022, 0x0021, 0x0021, 0x0021, 0x0021, 0x0021, 0x0021,
  0x0021, 0x0021, 0x0021, 0x0021, 0x0022, 0x0022, 0x0022, 0x0022, 0x0021, 0x0021, 0x0022, 0x0022,
  0x0022, 0x0021, 0x0021, 0x0021, 0x0021, 0x0021, 0x0022, 0x0022, 0x0021, 0x0021, 0x0021, 0x0021,
  0x0021, 0x0021, 0x0021, 0x0021, 0x0021, 0x0021, 0x0021, 0x0021, 0x0021, 0x0021, 0x0021, 0x0021,
  0x0021, 0x0021, 0x0021, 0x0021, 0x0021, 0x0021, 0x0021, 0x0021, 0x0021, 0x0021, 0x0021, 0x0021,
  0x0021, 0x0021, 0x0062, 0x10e4, 0x1925, 0x0022, 0x0021, 0x0021, 0x0021, 0x0021, 0x0021, 0x0021,
  0x0021, 0x0021, 0x0021, 0x0021, 0x0021, 0x0021, 0x0021, 0x0021, 0x0022, 0x0021, 0x0021, 0x0022,
  0x0021, 0x0022, 0x0021, 0x0021, 0x0021, 0x0021, 0x0022, 0x0022, 0x0022, 0x0021, 0x0021, 0x0021,
  0x0021, 0x0022, 0x0021, 0x0022, 0x0021, 0x0021, 0x0021, 0x0021, 0x0022, 0x0022, 0x0021, 0x0022,
  0x0021, 0x0021, 0x0022, 0x0022, 0x0021, 0x0022, 0x0021, 0x0022, 0x0022, 0x0022, 0x0022, 0x0022,
  0x0022, 0x0021, 0x0022, 0x0021, 0x0022, 0x0042, 0x0022, 0x0022, 0x0022, 0x0042, 0x0042, 0x0042,
  0x0042, 0x0042, 0x0042, 0x0042, 0x0042, 0x0042, 0x0042, 0x0042, 0x0042, 0x0042, 0x0042, 0x0042,
  0x0042, 0x0042, 0x0042, 0x0042, 0x0042, 0x0042, 0x0042, 0x0042, 0x0042, 0x0042, 0x0042, 0x0042,
  0x0042, 0x0042, 0x0082, 0x0042, 0x0042, 0x0022, 0x0042, 0x0042, 0x0042, 0x0042, 0x0042, 0x0042,
  0x0042, 0x0042, 0x0042, 0x0042, 0x0042, 0x0042, 0x0042, 0x0042, 0x0042, 0x0042, 0x0042, 0x0042,
  0x0042, 0x0042, 0x0042, 0x0042, 0x0042, 0x0042, 0x0042, 0x0042, 0x0042, 0x0042, 0x0042, 0x0042,
  0x0042, 0x0042, 0x0042, 0x0042, 0x0042, 0x0042, 0x0042, 0x0042, 0x0042, 0x0042, 0x0042, 0x0042,
  0x0042, 0x0042, 0x0042, 0x0042, 0x0042, 0x0042, 0x0042, 0x0042, 0x0042, 0x0042, 0x0042, 0x0042,
  0x0042, 0x0042, 0x0042, 0x0042, 0x0042, 0x0042, 0x0042, 0x0042, 0x0042, 0x0042, 0x0042, 0x0042,
  0x0042, 0x0042, 0x0042, 0x0042, 0x0042, 0x0042, 0x0042, 0x0042, 0x0062, 0x0042, 0x0042, 0x0042,
  0x0042, 0x0042, 0x0042, 0x0042, 0x0042, 0x0042, 0x0042, 0x0042, 0x0042, 0x0042, 0x0042, 0x0042,
  0x0042, 0x0042, 0x0042, 0x0042, 0x0042, 0x0042, 0x0042, 0x0042, 0x0042, 0x0042, 0x0042, 0x0042,
  0x0042, 0x0042, 0x0042, 0x0042, 0x0042, 0x0042, 0x0042, 0x0062, 0x0062, 0x0042, 0x0042, 0x0042,
  0x0042, 0x0042, 0x0042, 0x0042, 0x0042, 0x0042, 0x0042, 0x0042, 0x0042, 0x0042, 0x0042, 0x0042,
  0x0042, 0x0042, 0x0042, 0x0042, 0x0042, 0x0022, 0x0022, 0x0022, 0x0042, 0x0022, 0x0042, 0x0022,
  0x0022, 0x0042, 0x0022, 0x0022, 0x0042, 0x0022, 0x0022, 0x0021, 0x0022, 0x0022, 0x0022, 0x0022,
  0x0042, 0x0022, 0x0022, 0x0021, 0x0022, 0x0022, 0x0042, 0x0022, 0x0022, 0x0022, 0x0022, 0x0022,
  0x0022, 0x0022, 0x0022, 0x0021, 0x0022, 0x0022, 0x0021, 0x0022, 0x0021, 0x0021, 0x0021, 0x0021,
  0x0022, 0x0021, 0x0022, 0x0022, 0x0021, 0x0021, 0x0021, 0x0021, 0x0022, 0x0022, 0x0021, 0x0021,
  0x0021, 0x0021, 0x0021, 0x0021, 0x0021, 0x0021, 0x0021, 0x0021, 0x0021, 0x0021, 0x0021, 0x0021,
  0x0021, 0x0021, 0x0021, 0x0021, 0x0041, 0x0022, 0x0022, 0x0021, 0x0021, 0x0021, 0x0021, 0x0021,
  0x0021, 0x0021, 0x0021, 0x0021, 0x0021, 0x0021, 0x0021, 0x0021, 0x0021, 0x0021, 0x0062, 0x10e4,
  0x1925, 0x0022, 0x0021, 0x0021, 0x0021, 0x0021, 0x0021, 0x0021, 0x0021, 0x0021, 0x0021, 0x0021,
  0x0021, 0x0021, 0x0022, 0x0021, 0x0021, 0x0021, 0x0021, 0x0022, 0x0021, 0x0022, 0x0021, 0x0022,
  0x0021, 0x0021, 0x0022, 0x0022, 0x0022, 0x0021, 0x0021, 0x0021, 0x0022, 0x0021, 0x0021, 0x0022,
  0x0021, 0x0021, 0x0021, 0x0021, 0x0021, 0x0021, 0x0021, 0x0021, 0x0022, 0x0022, 0x0021, 0x0021,
  0x0021, 0x0021, 0x0022, 0x0022, 0x0022, 0x0022, 0x0022, 0x0022, 0x0021, 0x0022, 0x0022, 0x0022,
  0x0022, 0x0022, 0x0022, 0x0022, 0x0022, 0x0042, 0x0042, 0x0042, 0x0042, 0x0042, 0x0042, 0x0042,
  0x0042, 0x0042, 0x0042, 0x0042, 0x0042, 0x0042, 0x0042, 0x0042, 0x0042, 0x0042, 0x0042, 0x0042,
  0x0042, 0x0042, 0x0042, 0x0042, 0x0042, 0x0042, 0x0042, 0x0042, 0x0042, 0x0022, 0x0042, 0x0042,
  0x0042, 0x0042, 0x0042, 0x0042, 0x0042, 0x0042, 0x0042, 0x0042, 0x0042, 0x0042, 0x0042, 0x0042,
  0x0042, 0x0042, 0x0042, 0x0042, 0x0042, 0x0042, 0x0042, 0x0042, 0x0042, 0x0042, 0x0042, 0x0042,
  0x0042, 0x0042, 0x0042, 0x0042, 0x0042, 0x0042, 0x0042, 0x0042, 0x0042, 0x0042, 0x0042, 0x0042,
  0x0042, 0x0042, 0x0042, 0x0042, 0x0042, 0x0042, 0x0042, 0x0042, 0x0042, 0x0042, 0x0042, 0x0042,
  0x0042, 0x0042, 0x0042, 0x0042, 0x0042, 0x0042, 0x0042, 0x0042, 0x0042, 0x0042, 0x0042, 0x0042,
  0x0042, 0x0042, 0x0042, 0x0042, 0x0042, 0x0042, 0x0042, 0x0042, 0x0042, 0x0042, 0x0042, 0x0042,
  0x0042, 0x0042, 0x0042, 0x0042, 0x0042, 0x0042, 0x0042, 0x0042, 0x0042, 0x0042, 0x0042, 0x0042,
  0x0042, 0x0042, 0x0042, 0x0042, 0x0042, 0x0042, 0x0042, 0x0042, 0x0042, 0x0042, 0x0042, 0x0042,
  0x0042, 0x0042, 0x0042, 0x0042, 0x0042, 0x0042, 0x0042, 0x0042, 0x0042, 0x0042, 0x0042, 0x0042,
  0x0042, 0x0042, 0x0062, 0x0042, 0x0042, 0x0042, 0x0042, 0x0042, 0x0042, 0x0042, 0x0042, 0x0042,
  0x0042, 0x0042, 0x0042, 0x0042, 0x0042, 0x0042, 0x0042, 0x0042, 0x0042, 0x0042, 0x0042, 0x0042,
  0x0042, 0x0042, 0x0042, 0x0042, 0x0042, 0x0042, 0x0022, 0x0022, 0x0042, 0x0022, 0x0042, 0x0042,
  0x0042, 0x0042, 0x0042, 0x0022, 0x0022, 0x0022, 0x0022, 0x0022, 0x0022, 0x0042, 0x0022, 0x0021,
  0x0021, 0x0022, 0x0042, 0x0022, 0x0021, 0x0022, 0x0022, 0x0021, 0x0022, 0x0042, 0x0022, 0x0021,
  0x0022, 0x0022, 0x0022, 0x0022, 0x0021, 0x0022, 0x0022, 0x0021, 0x0022, 0x0021, 0x0022, 0x0021,
  0x0021, 0x0021, 0x0021, 0x0021, 0x0021, 0x0022, 0x0021, 0x0022, 0x0022, 0x0021, 0x0021, 0x0021,
  0x0021, 0x0021, 0x0021, 0x0021, 0x0021, 0x0021, 0x0021, 0x0021, 0x0021, 0x0021, 0x0021, 0x0021,
  0x0021, 0x0021, 0x0022, 0x0021, 0x0021, 0x0021, 0x0021, 0x0021, 0x0021, 0x0021, 0x0021, 0x0021,
  0x0021, 0x0021, 0x0021, 0x0021, 0x0021, 0x0021, 0x0062, 0x10e4, 0x1925, 0x0022, 0x0021, 0x0021,
  0x0021, 0x0021, 0x0021, 0x0021, 0x0021, 0x0021, 0x0021, 0x0021, 0x0021, 0x0882, 0x0062, 0x0021,
  0x0021, 0x0021, 0x0021, 0x0022, 0x0021, 0x0021, 0x0021, 0x0022, 0x0022, 0x0022, 0x0022, 0x0022,
  0x0022, 0x0022, 0x0022, 0x0021, 0x0021, 0x0021, 0x0021, 0x0021, 0x0021, 0x0022, 0x0021, 0x0021,
  0x0021, 0x0021, 0x0021, 0x0021, 0x0021, 0x0021, 0x0021, 0x0021, 0x0021, 0x0021, 0x0021, 0x0022,
  0x0042, 0x0022, 0x0022, 0x0022, 0x0042, 0x0022, 0x0022, 0x0022, 0x0022, 0x0022, 0x0021, 0x0022,
  0x0042, 0x0042, 0x0042, 0x0022, 0x0022, 0x0042, 0x0042, 0x0042, 0x0042, 0x0042, 0x0042, 0x0042,
  0x0042, 0x0042, 0x0042, 0x0042, 0x0042, 0x0042, 0x0042, 0x0042, 0x0042, 0x0042, 0x0042, 0x0042,
  0x0042, 0x0042, 0x0042, 0x0042, 0x0042, 0x0042, 0x0042, 0x0042, 0x0042, 0x0042, 0x0042, 0x0042,
  0x0042, 0x0042, 0x0042, 0x0042, 0x0042, 0x0042, 0x0042, 0x0042, 0x0042, 0x0042, 0x0042, 0x0042,
  0x0042, 0x0042, 0x0042, 0x0042, 0x0042, 0x0042, 0x0042, 0x0042, 0x0042, 0x0042, 0x0042, 0x0042,
  0x0042, 0x0042, 0x0042, 0x0042, 0x0042, 0x0042, 0x0042, 0x0042, 0x0042, 0x0042, 0x0042, 0x0042,
  0x0042, 0x0042, 0x0042, 0x0042, 0x0042, 0x0042, 0x0042, 0x0042, 0x0042, 0x0042, 0x0042, 0x0042,
  0x0042, 0x0042, 0x0042, 0x0042, 0x0042, 0x0042, 0x0042, 0x0042, 0x0042, 0x0042, 0x0042, 0x0042,
  0x0042, 0x0042, 0x0042, 0x0042, 0x0042, 0x0042, 0x0042, 0x0042, 0x0042, 0x0042, 0x0042, 0x0042,
  0x0042, 0x0042, 0x0042, 0x0042, 0x0042, 0x0042, 0x0042, 0x0042, 0x0042, 0x0042, 0x0042, 0x0042,
  0x0042, 0x0042, 0x0042, 0x0042, 0x0042, 0x0042, 0x0042, 0x0042, 0x0042, 0x0042, 0x0042, 0x0042,
  0x0042, 0x0042, 0x0042, 0x0042, 0x0042, 0x0042, 0x0042, 0x0042, 0x0042, 0x0042, 0x0042, 0x0042,
  0x0042, 0x0042, 0x0042, 0x0042, 0x0042, 0x0042, 0x0042, 0x0042, 0x0042, 0x0042, 0x0042, 0x0042,
  0x0042, 0x0042, 0x0042, 0x0042, 0x0042, 0x0042, 0x0042, 0x0042, 0x0042, 0x0042, 0x0042, 0x0042,
  0x0042, 0x0042, 0x0042, 0x0022, 0x0042, 0x0042, 0x0042, 0x0042, 0x0042, 0x0042, 0x0042, 0x0042,
  0x0042, 0x0042, 0x0021, 0x0021, 0x0022, 0x0022, 0x0022, 0x0022, 0x0022, 0x0022, 0x0042, 0x0022,
  0x0022, 0x0022, 0x0022, 0x0022, 0x0022, 0x0022, 0x0022, 0x0022, 0x0022, 0x0042, 0x0042, 0x0022,
  0x0021, 0x0021, 0x0021, 0x0021, 0x0021, 0x0021, 0x0021, 0x0021, 0x0021, 0x0021, 0x0021, 0x0021,
  0x0021, 0x0021, 0x0021, 0x0021, 0x0022, 0x0021, 0x0022, 0x0021, 0x0021, 0x0021, 0x0021, 0x0021,
  0x0021, 0x0021, 0x0021, 0x0021, 0x0021, 0x0022, 0x0021, 0x0021, 0x0021, 0x0021, 0x0022, 0x0022,
  0x0021, 0x0021, 0x0021, 0x0021, 0x0021, 0x0021, 0x0022, 0x0021, 0x0021, 0x0021, 0x0021, 0x0021,
  0x0021, 0x0021, 0x0062, 0x10e4, 0x1925, 0x0022, 0x0021, 0x0021, 0x0021, 0x0021, 0x0021, 0x0021,
  0x0021, 0x0021, 0x0021, 0x0021, 0x0021, 0x0021, 0x0021, 0x0021, 0x0021, 0x0021, 0x0021, 0x0022,
  0x0021, 0x0021, 0x0021, 0x0021, 0x0021, 0x0022, 0x0022, 0x0021, 0x0021, 0x0021, 0x0021, 0x0021,
  0x0022, 0x0022, 0x0021, 0x0021, 0x0021, 0x0021, 0x0021, 0x0022, 0x0021, 0x0021, 0x0021, 0x0021,
  0x0022, 0x0022, 0x0022, 0x0022, 0x0021, 0x0021, 0x0021, 0x0022, 0x0022, 0x0082, 0x10a3, 0x0022,
  0x0042, 0x0022, 0x0022, 0x0042, 0x0022, 0x0022, 0x0022, 0x0022, 0x0042, 0x0042, 0x0042, 0x0042,
  0x0042, 0x0042, 0x0042, 0x0042, 0x0042, 0x0042, 0x0042, 0x0042, 0x0042, 0x0042, 0x0042, 0x0042,
  0x0042, 0x0042, 0x0042, 0x0042, 0x0042, 0x0042, 0x0042, 0x0042, 0x0042, 0x0042, 0x0042, 0x0042,
  0x0042, 0x0042, 0x0042, 0x0042, 0x0042, 0x0042, 0x0042, 0x0042, 0x0042, 0x0042, 0x0042, 0x0042,
  0x0042, 0x0042, 0x0042, 0x0042, 0x0042, 0x0042, 0x0042, 0x0042, 0x0042, 0x0042, 0x0042, 0x0042,
  0x0042, 0x0042, 0x0042, 0x0042, 0x0042, 0x0042, 0x0042, 0x0042, 0x0042, 0x0042, 0x0042, 0x0042,
  0x0042, 0x0042, 0x0042, 0x0042, 0x0042, 0x0042, 0x0042, 0x0042, 0x0042, 0x0083, 0x08a3, 0x0042,
  0x0042, 0x0042, 0x0042, 0x0042, 0x0042, 0x0042, 0x0042, 0x0042, 0x0042, 0x0042, 0x0042, 0x0042,
  0x0042, 0x0042, 0x0042, 0x0042, 0x0042, 0x0042, 0x0042, 0x0042, 0x0042, 0x0042, 0x0042, 0x0042,
  0x0042, 0x0042, 0x0042, 0x0042, 0x0042, 0x0042, 0x0042, 0x0042, 0x0042, 0x0042, 0x0042, 0x0042,
  0x0042, 0x0042, 0x0042, 0x0042, 0x0042, 0x10c4, 0x0062, 0x0042, 0x0042, 0x0042, 0x0042, 0x0042,
  0x0062, 0x0042, 0x0042, 0x0042, 0x0042, 0x0042, 0x0042, 0x0042, 0x0042, 0x0042, 0x0042, 0x0042,
  0x0042, 0x0042, 0x0042, 0x0042, 0x0042, 0x0042, 0x0042, 0x0042, 0x0042, 0x0042, 0x0042, 0x0042,
  0x0042, 0x0042, 0x0042, 0x0042, 0x0042, 0x0042, 0x0042, 0x0062, 0x0042, 0x0042, 0x0042, 0x0042,
  0x0042, 0x0042, 0x0042, 0x0042, 0x0042, 0x0042, 0x0042, 0x0042, 0x0042, 0x0042, 0x0042, 0x0042,
  0x0042, 0x0042, 0x0042, 0x0042, 0x0042, 0x0042, 0x0042, 0x0042, 0x0042, 0x0042, 0x0042, 0x0022,
  0x0022, 0x0022, 0x0082, 0x0882, 0x0022, 0x0022, 0x0042, 0x0042, 0x0022, 0x0022, 0x0022, 0x0022,
  0x0022, 0x0022, 0x0022, 0x0022, 0x0042, 0x0022, 0x0022, 0x0022, 0x0022, 0x0022, 0x0021, 0x0021,
  0x0022, 0x0021, 0x0021, 0x0021, 0x0021, 0x0021, 0x0022, 0x0021, 0x0021, 0x0021, 0x0022, 0x0021,
  0x0021, 0x0022, 0x0022, 0x0021, 0x0021, 0x0021, 0x0022, 0x0022, 0x0022, 0x0021, 0x0021, 0x0021,
  0x0021, 0x0022, 0x0021, 0x0021, 0x0021, 0x0021, 0x0021, 0x0021, 0x0021, 0x0021, 0x0021, 0x0021,
  0x0021, 0x0021, 0x0021, 0x0022, 0x0021, 0x0021, 0x0021, 0x0021, 0x0021, 0x0021, 0x0063, 0x10e4,
  0x1925, 0x0022, 0x0022, 0x0021, 0x0021, 0x0021, 0x0021, 0x0021, 0x0021, 0x0021, 0x0021, 0x0021,
  0x0021, 0x0021, 0x0021, 0x0022, 0x0021, 0x0022, 0x0021, 0x0021, 0x0021, 0x0021, 0x0021, 0x0021,
  0x0021, 0x0021, 0x0022, 0x0022, 0x0022, 0x0021, 0x0021, 0x0021, 0x0022, 0x0022, 0x0021, 0x0021,
  0x0021, 0x0021, 0x0021, 0x0022, 0x0021, 0x0021, 0x0021, 0x0022, 0x0022, 0x0022, 0x0022, 0x0022,
  0x0022, 0x0021, 0x0022, 0x0042, 0x0042, 0x0042, 0x0042, 0x0022, 0x0022, 0x0022, 0x0042, 0x0042,
  0x0042, 0x0042, 0x0042, 0x0022, 0x0022, 0x0042, 0x0042, 0x0042, 0x0883, 0x0062, 0x0042, 0x0042,
  0x0042, 0x0042, 0x0042, 0x0042, 0x0042, 0x0042, 0x0042, 0x0042, 0x0042, 0x0042, 0x0042, 0x0042,
  0x0042, 0x0042, 0x0042, 0x0042, 0x0042, 0x0042, 0x0042, 0x0042, 0x0042, 0x0042, 0x0042, 0x0042,
  0x0042, 0x0042, 0x0042, 0x0042, 0x0042, 0x0042, 0x0042, 0x0042, 0x0042, 0x0042, 0x0042, 0x0042,
  0x0042, 0x0042, 0x0042, 0x0042, 0x0042, 0x0042, 0x0042, 0x0042, 0x0042, 0x0042, 0x0042, 0x0042,
  0x0042, 0x0042, 0x0042, 0x0042, 0x0042, 0x0083, 0x0042, 0x0042, 0x0042, 0x0042, 0x0042, 0x0042,
  0x0042, 0x0042, 0x0042, 0x0042, 0x0042, 0x08a3, 0x10c4, 0x0042, 0x0042, 0x0042, 0x0042, 0x0042,
  0x0042, 0x0042, 0x0042, 0x0042, 0x0042, 0x0042, 0x0042, 0x0042, 0x0042, 0x0042, 0x0042, 0x0042,
  0x0042, 0x0042, 0x0042, 0x0042, 0x0042, 0x0042, 0x0042, 0x0042, 0x0042, 0x0042, 0x0042, 0x0042,
  0x0042, 0x0042, 0x0042, 0x0042, 0x0042, 0x0042, 0x0042, 0x0042, 0x0042, 0x0042, 0x0042, 0x0042,
  0x0042, 0x0042, 0x0042, 0x0042, 0x0042, 0x0042, 0x0042, 0x0042, 0x0042, 0x0042, 0x0042, 0x0042,
  0x0042, 0x0042, 0x0042, 0x0042, 0x0042, 0x0042, 0x0042, 0x0042, 0x0042, 0x0042, 0x0042, 0x0042,
  0x0042, 0x0042, 0x0042, 0x0042, 0x0042, 0x0042, 0x0042, 0x0042, 0x0042, 0x0062, 0x0062, 0x0042,
  0x0042, 0x0042, 0x0042, 0x0042, 0x0042, 0x0042, 0x0042, 0x0042, 0x0042, 0x0042, 0x0042, 0x0042,
  0x0042, 0x0042, 0x0042, 0x0042, 0x0042, 0x0042, 0x0042, 0x0042, 0x0042, 0x0042, 0x0042, 0x0042,
  0x0042, 0x0042, 0x0042, 0x0042, 0x0042, 0x0042, 0x0042, 0x0042, 0x0042, 0x0022, 0x0022, 0x0022,
  0x0022, 0x0022, 0x0022, 0x0022, 0x0042, 0x0042, 0x0022, 0x0021, 0x0022, 0x0022, 0x0042, 0x0042,
  0x0042, 0x0022, 0x0022, 0x0022, 0x0022, 0x0021, 0x0021, 0x0022, 0x0021, 0x0021, 0x0021, 0x0021,
  0x0022, 0x0021, 0x0022, 0x0021, 0x0021, 0x0021, 0x0022, 0x0021, 0x0021, 0x0022, 0x0021, 0x0021,
  0x0021, 0x0021, 0x0021, 0x0022, 0x0022, 0x0021, 0x0021, 0x0022, 0x0021, 0x0022, 0x0022, 0x0021,
  0x0021, 0x0021, 0x0021, 0x0021, 0x0021, 0x0021, 0x0021, 0x0022, 0x0022, 0x0022, 0x0021, 0x0022,
  0x0021, 0x0021, 0x0021, 0x0021, 0x0021, 0x0021, 0x0083, 0x10e4, 0x1925, 0x0022, 0x0021, 0x0021,
  0x0021, 0x0022, 0x0021, 0x0022, 0x0021, 0x0021, 0x0021, 0x0021, 0x0021, 0x0021, 0x0021, 0x0021,
  0x0022, 0x0022, 0x0021, 0x0021, 0x0021, 0x0021, 0x0021, 0x0021, 0x0021, 0x0022, 0x0022, 0x0022,
  0x0022, 0x0021, 0x0022, 0x0021, 0x0022, 0x0022, 0x0021, 0x0022, 0x0021, 0x0021, 0x0021, 0x0021,
  0x0021, 0x0022, 0x0021, 0x0022, 0x0022, 0x0022, 0x0022, 0x0042, 0x0042, 0x0022, 0x0022, 0x0042,
  0x0042, 0x0042, 0x0022, 0x0022, 0x0022, 0x0022, 0x0022, 0x0042, 0x0042, 0x0042, 0x0042, 0x0022,
  0x0021, 0x0022, 0x0042, 0x0042, 0x0042, 0x0042, 0x0042, 0x0042, 0x0042, 0x0042, 0x0042, 0x0042,
  0x0042, 0x0042, 0x0042, 0x0042, 0x0042, 0x0042, 0x0042, 0x0042, 0x0042, 0x0042, 0x0042, 0x0042,
  0x0042, 0x0042, 0x0042, 0x0042, 0x0042, 0x0042, 0x0042, 0x0042, 0x0042, 0x0042, 0x0042, 0x0042,
  0x0042, 0x0042, 0x0042, 0x0062, 0x0042, 0x0042, 0x0042, 0x0042, 0x0042, 0x0042, 0x0042, 0x0042,
  0x0042, 0x0042, 0x0042, 0x0042, 0x0042, 0x0042, 0x0042, 0x0042, 0x0042, 0x0042, 0x0042, 0x0042,
  0x0062, 0x08a3, 0x0042, 0x0042, 0x0042, 0x0042, 0x0042, 0x0042, 0x0042, 0x0042, 0x0042, 0x0042,
  0x0042, 0x0042, 0x0042, 0x0042, 0x0042, 0x0042, 0x0042, 0x0042, 0x0042, 0x0042, 0x0042, 0x0042,
  0x0042, 0x0083, 0x10c4, 0x0042, 0x0042, 0x0042, 0x0042, 0x0042, 0x0042, 0x0042, 0x0042, 0x0042,
  0x0042, 0x0042, 0x0042, 0x0042, 0x0042, 0x0042, 0x0042, 0x0042, 0x0042, 0x0042, 0x0042, 0x0042,
  0x0042, 0x0042, 0x0042, 0x0042, 0x0042, 0x0042, 0x0042, 0x0042, 0x0042, 0x0042, 0x0042, 0x0042,
  0x0042, 0x0042, 0x0042, 0x0042, 0x0042, 0x0042, 0x0042, 0x0042, 0x0042, 0x0042, 0x0042, 0x0042,
  0x0042, 0x0042, 0x0042, 0x0042, 0x0042, 0x0042, 0x0042, 0x0042, 0x0042, 0x0042, 0x0042, 0x0042,
  0x0042, 0x0042, 0x0042, 0x0042, 0x0042, 0x0042, 0x0062, 0x0042, 0x0042, 0x0042, 0x0062, 0x0042,
  0x0042, 0x0042, 0x0042, 0x0042, 0x0042, 0x0042, 0x0042, 0x0042, 0x0042, 0x0042, 0x0042, 0x0042,
  0x0042, 0x0042, 0x0042, 0x0042, 0x0042, 0x0042, 0x0042, 0x0042, 0x0042, 0x0042, 0x0042, 0x0022,
  0x0042, 0x0042, 0x0042, 0x0042, 0x0042, 0x0042, 0x0022, 0x0022, 0x0022, 0x0042, 0x0022, 0x0022,
  0x0042, 0x0022, 0x0022, 0x0022, 0x0042, 0x0022, 0x0042, 0x0042, 0x0042, 0x0042, 0x0022, 0x0022,
  0x0022, 0x0021, 0x0021, 0x0021, 0x0022, 0x0021, 0x0021, 0x0021, 0x0022, 0x0022, 0x0021, 0x0021,
  0x0021, 0x0021, 0x0021, 0x0021, 0x0021, 0x0021, 0x0021, 0x0021, 0x0022, 0x0062, 0x0021, 0x0021,
  0x0021, 0x0021, 0x0041, 0x0042, 0x0021, 0x0022, 0x0022, 0x0021, 0x0021, 0x0021, 0x0021, 0x0021,
  0x0021, 0x0021, 0x0021, 0x0022, 0x0022, 0x0022, 0x0021, 0x0021, 0x0021, 0x0021, 0x0021, 0x0021,
  0x0021, 0x0021, 0x0083, 0x10e4, 0x1925, 0x0022, 0x0021, 0x0021, 0x0021, 0x0021, 0x0022, 0x0022,
  0x0022, 0x0021, 0x0021, 0x0021, 0x0021, 0x0021, 0x0021, 0x0021, 0x0021, 0x0021, 0x0021, 0x0022,
  0x0021, 0x0022, 0x0022, 0x0022, 0x0021, 0x0022, 0x0022, 0x0022, 0x0022, 0x0021, 0x0022, 0x0022,
  0x0022, 0x0021, 0x0022, 0x0021, 0x0022, 0x0021, 0x0021, 0x0022, 0x0022, 0x0022, 0x0021, 0x0022,
  0x0022, 0x0022, 0x0022, 0x0042, 0x0042, 0x0042, 0x0042, 0x0042, 0x0042, 0x0022, 0x0022, 0x0022,
  0x0042, 0x0042, 0x0022, 0x0042, 0x0042, 0x0042, 0x0042, 0x0042, 0x0022, 0x0042, 0x0042, 0x0042,
  0x0042, 0x0042, 0x0042, 0x0042, 0x0042, 0x0042, 0x0042, 0x0042, 0x0042, 0x0042, 0x0042, 0x0042,
  0x0042, 0x0042, 0x0042, 0x0042, 0x0042, 0x0042, 0x0042, 0x0042, 0x0042, 0x0042, 0x0042, 0x0042,
  0x0042, 0x0042, 0x0042, 0x0042, 0x0042, 0x0042, 0x0042, 0x0042, 0x0042, 0x0042, 0x0042, 0x0042,
  0x0042, 0x0042, 0x0042, 0x0042, 0x0042, 0x0042, 0x0042, 0x0042, 0x0042, 0x0042, 0x0042, 0x0042,
  0x0042, 0x0042, 0x0062, 0x0083, 0x0042, 0x0042, 0x0042, 0x0042, 0x0042, 0x0042, 0x0042, 0x0042,
  0x0042, 0x0042, 0x0042, 0x0042, 0x0042, 0x0042, 0x0042, 0x0042, 0x0042, 0x0042, 0x0042, 0x0042,
  0x0042, 0x0042, 0x0042, 0x0042, 0x0042, 0x0042, 0x0042, 0x0042, 0x0042, 0x0062, 0x08a3, 0x0042,
  0x0042, 0x0042, 0x0042, 0x0042, 0x0042, 0x0042, 0x0042, 0x0042, 0x0042, 0x0042, 0x0042, 0x0042,
  0x0042, 0x0042, 0x0042, 0x0042, 0x0042, 0x0042, 0x0042, 0x0042, 0x0042, 0x0042, 0x0042, 0x0042,
  0x0042, 0x0042, 0x0042, 0x0042, 0x0042, 0x0042, 0x0042, 0x0042, 0x0042, 0x0042, 0x0042, 0x0042,
  0x0042, 0x0042, 0x0042, 0x0042, 0x0042, 0x0042, 0x0042, 0x0042, 0x0042, 0x0042, 0x0042, 0x0042,
  0x0042, 0x0042, 0x0042, 0x0042, 0x0042, 0x0042, 0x0042, 0x0042, 0x0042, 0x0042, 0x0042, 0x0042,
  0x0042, 0x0062, 0x0062, 0x0062, 0x0062, 0x0062, 0x0042, 0x0042, 0x0042, 0x0042, 0x0062, 0x0042,
  0x0042, 0x0042, 0x0042, 0x0042, 0x0042, 0x0042, 0x0042, 0x0042, 0x0042, 0x0042, 0x0042, 0x0042,
  0x0042, 0x0042, 0x0042, 0x0042, 0x0042, 0x0042, 0x0042, 0x0022, 0x0022, 0x0042, 0x0042, 0x0042,
  0x0042, 0x0022, 0x0022, 0x0042, 0x0042, 0x0022, 0x0022, 0x0022, 0x0022, 0x0022, 0x0042, 0x0022,
  0x0022, 0x0022, 0x0022, 0x0042, 0x0042, 0x0042, 0x0022, 0x0022, 0x0022, 0x0022, 0x0021, 0x0022,
  0x0022, 0x0021, 0x0021, 0x0021, 0x0022, 0x0022, 0x0021, 0x0022, 0x0021, 0x0022, 0x0021, 0x0021,
  0x0021, 0x0022, 0x0022, 0x0022, 0x0062, 0x0882, 0x0021, 0x0021, 0x0021, 0x0021, 0x0883, 0x0882,
  0x0021, 0x0021, 0x0022, 0x0022, 0x0021, 0x0021, 0x0021, 0x0021, 0x0041, 0x0021, 0x0022, 0x0022,
  0x0022, 0x0022, 0x0022, 0x0021, 0x0022, 0x0021, 0x0021, 0x0021, 0x0021, 0x0021, 0x0083, 0x10e4,
  0x1926, 0x0042, 0x0022, 0x0022, 0x0022, 0x0022, 0x0022, 0x0021, 0x0021, 0x0022, 0x0021, 0x0021,
  0x0021, 0x0021, 0x0021, 0x0021, 0x0021, 0x0021, 0x0021, 0x0021, 0x0021, 0x0021, 0x0021, 0x0022,
  0x0022, 0x0022, 0x0022, 0x0022, 0x0022, 0x0021, 0x0022, 0x0021, 0x0021, 0x0021, 0x0021, 0x0022,
  0x0021, 0x0021, 0x0021, 0x0021, 0x0022, 0x0022, 0x0022, 0x0022, 0x0022, 0x0042, 0x0042, 0x0042,
  0x0042, 0x0042, 0x0042, 0x0042, 0x0042, 0x0042, 0x0042, 0x0042, 0x0042, 0x0042, 0x0042, 0x0042,
  0x0042, 0x0042, 0x0042, 0x0042, 0x0042, 0x0042, 0x0042, 0x0042, 0x0042, 0x0042, 0x0042, 0x0042,
  0x0042, 0x0042, 0x0042, 0x0042, 0x0042, 0x0042, 0x0042, 0x0042, 0x0042, 0x0042, 0x0042, 0x0042,
  0x0042, 0x0042, 0x0042, 0x0042, 0x0042, 0x0042, 0x0042, 0x0042, 0x0042, 0x0042, 0x0042, 0x0042,
  0x0042, 0x0042, 0x0042, 0x0042, 0x0042, 0x0042, 0x0042, 0x0042, 0x0042, 0x0042, 0x0042, 0x0042,
  0x0042, 0x0042, 0x0042, 0x0042, 0x0042, 0x0042, 0x0042, 0x0042, 0x0042, 0x0042, 0x0042, 0x0062,
  0x0042, 0x0042, 0x0042, 0x0042, 0x0042, 0x0042, 0x0042, 0x0042, 0x0042, 0x0042, 0x0042, 0x0042,
  0x0042, 0x0042, 0x0042, 0x0042, 0x0042, 0x0042, 0x0042, 0x0042, 0x0042, 0x0042, 0x0042, 0x0042,
  0x0042, 0x0042, 0x0042, 0x0042, 0x0042, 0x0042, 0x0042, 0x0042, 0x0042, 0x0042, 0x0042, 0x0042,
  0x0042, 0x0042, 0x0042, 0x0042, 0x0042, 0x0042, 0x0042, 0x0042, 0x0042, 0x0042, 0x0042, 0x0042,
  0x0042, 0x0042, 0x0042, 0x0042, 0x0042, 0x0042, 0x0042, 0x0042, 0x0042, 0x0042, 0x0042, 0x0042,
  0x0042, 0x0042, 0x0042, 0x0042, 0x0042, 0x0042, 0x0042, 0x0042, 0x0042, 0x0042, 0x0042, 0x0042,
  0x0042, 0x0042, 0x0042, 0x0042, 0x0042, 0x0042, 0x0042, 0x0042, 0x0042, 0x0042, 0x0042, 0x0042,
  0x0042, 0x0042, 0x0042, 0x0042, 0x0062, 0x0042, 0x0062, 0x0062, 0x0062, 0x0042, 0x0062, 0x0062,
  0x0062, 0x0062, 0x0062, 0x0062, 0x0062, 0x0042, 0x0042, 0x0042, 0x0042, 0x0042, 0x0042, 0x0042,
  0x0042, 0x0042, 0x0042, 0x0042, 0x0042, 0x0042, 0x0042, 0x0042, 0x0042, 0x0042, 0x0042, 0x0042,
  0x0042, 0x0042, 0x0042, 0x0042, 0x0042, 0x0042, 0x0042, 0x0042, 0x0042, 0x0042, 0x0042, 0x0042,
  0x0022, 0x0022, 0x0042, 0x0042, 0x0042, 0x0022, 0x0042, 0x0042, 0x0022, 0x0022, 0x0042, 0x0042,
  0x0042, 0x0042, 0x0042, 0x0022, 0x0042, 0x0022, 0x0021, 0x0022, 0x0022, 0x0022, 0x0021, 0x0022,
  0x0022, 0x0022, 0x0021, 0x0021, 0x0021, 0x0021, 0x0021, 0x0021, 0x0021, 0x0022, 0x0022, 0x0021,
  0x0021, 0x0021, 0x0021, 0x0021, 0x0022, 0x0022, 0x0021, 0x0021, 0x0021, 0x0022, 0x0022, 0x0021,
  0x0021, 0x0021, 0x0021, 0x0021, 0x08a3, 0x0862, 0x0021, 0x0021, 0x0022, 0x0022, 0x0022, 0x0022,
  0x0022, 0x0022, 0x0021, 0x0022, 0x0021, 0x0022, 0x0083, 0x10e4, 0x1926, 0x0042, 0x0022, 0x0022,
  0x0022, 0x0022, 0x0021, 0x0021, 0x0021, 0x0021, 0x0021, 0x0021, 0x0022, 0x0021, 0x0021, 0x0021,
  0x0021, 0x0022, 0x0022, 0x0022, 0x0021, 0x0022, 0x0022, 0x0022, 0x0022, 0x0022, 0x0022, 0x0022,
  0x0022, 0x0021, 0x0021, 0x0022, 0x0022, 0x0022, 0x0022, 0x0022, 0x0021, 0x0021, 0x0022, 0x0022,
  0x0022, 0x0022, 0x0042, 0x0042, 0x0022, 0x0042, 0x0042, 0x0042, 0x0042, 0x0042, 0x0042, 0x0042,
  0x0042, 0x0042, 0x0042, 0x0042, 0x0042, 0x0042, 0x0042, 0x0042, 0x0042, 0x0042, 0x0042, 0x0042,
  0x0042, 0x0042, 0x0042, 0x0042, 0x0042, 0x0042, 0x0042, 0x0042, 0x0042, 0x0042, 0x0042, 0x0042,
  0x0042, 0x0042, 0x0042, 0x0042, 0x0042, 0x0042, 0x0042, 0x0042, 0x0042, 0x0042, 0x0042, 0x0042,
  0x0042, 0x0083, 0x0042, 0x0042, 0x0042, 0x0042, 0x0042, 0x0042, 0x0062, 0x0062, 0x0042, 0x0042,
  0x0042, 0x0042, 0x0042, 0x0042, 0x0042, 0x0042, 0x0042, 0x0042, 0x0042, 0x0042, 0x0042, 0x0042,
  0x0042, 0x0042, 0x0042, 0x0042, 0x0042, 0x0042, 0x0042, 0x0042, 0x0042, 0x0042, 0x0042, 0x0042,
  0x0042, 0x0042, 0x0042, 0x0042, 0x0042, 0x0042, 0x0042, 0x0042, 0x0042, 0x0042, 0x0042, 0x0042,
  0x0042, 0x0042, 0x0042, 0x0042, 0x0042, 0x0042, 0x0042, 0x0042, 0x0042, 0x0042, 0x0042, 0x0042,
  0x0042, 0x0042, 0x0042, 0x0042, 0x0042, 0x0042, 0x0042, 0x0042, 0x0042, 0x0042, 0x0042, 0x0042,
  0x0042, 0x0042, 0x0042, 0x0042, 0x0042, 0x0042, 0x0042, 0x0042, 0x0042, 0x0042, 0x0042, 0x0042,
  0x0042, 0x0042, 0x0042, 0x0042, 0x0042, 0x0042, 0x0042, 0x0042, 0x0042, 0x0042, 0x0042, 0x0042,
  0x0042, 0x0042, 0x0042, 0x0042, 0x0042, 0x0042, 0x0042, 0x0042, 0x0042, 0x0042, 0x0042, 0x0042,
  0x0042, 0x0042, 0x0042, 0x0042, 0x0042, 0x0042, 0x0042, 0x0042, 0x0042, 0x0062, 0x0062, 0x0062,
  0x0062, 0x0062, 0x0062, 0x0042, 0x0042, 0x0062, 0x0062, 0x0062, 0x0062, 0x0062, 0x0062, 0x0062,
  0x0062, 0x0042, 0x0062, 0x0042, 0x0042, 0x0042, 0x0042, 0x0042, 0x0042, 0x0042, 0x0042, 0x0042,
  0x0042, 0x0042, 0x0042, 0x0042, 0x0042, 0x0042, 0x0042, 0x0042, 0x0042, 0x0042, 0x0042, 0x0042,
  0x0042, 0x0042, 0x0042, 0x0042, 0x0042, 0x0042, 0x0042, 0x0042, 0x0042, 0x0042, 0x0042, 0x0042,
  0x0042, 0x0042, 0x0042, 0x0042, 0x0042, 0x0042, 0x0042, 0x0042, 0x0042, 0x0042, 0x0022, 0x0022,
  0x0022, 0x0021, 0x0021, 0x0022, 0x0022, 0x0022, 0x0022, 0x0022, 0x0021, 0x0022, 0x0021, 0x0021,
  0x0022, 0x0021, 0x0021, 0x0022, 0x0021, 0x0022, 0x0022, 0x0022, 0x0022, 0x0022, 0x0022, 0x0021,
  0x0022, 0x0021, 0x0021, 0x0021, 0x0021, 0x0022, 0x0022, 0x0022, 0x0022, 0x0022, 0x0022, 0x0022,
  0x0021, 0x0021, 0x0021, 0x0021, 0x0021, 0x0022, 0x0022, 0x0022, 0x0022, 0x0022, 0x0021, 0x0022,
  0x0021, 0x0022, 0x0083, 0x10e4, 0x1926, 0x0042, 0x0022, 0x0022, 0x0021, 0x0021, 0x0021, 0x0021,
  0x0021, 0x0021, 0x0021, 0x0021, 0x0021, 0x0021, 0x0021, 0x0022, 0x0022, 0x0021, 0x0022, 0x0022,
  0x0022, 0x0022, 0x0021, 0x0022, 0x0022, 0x0022, 0x0022, 0x0022, 0x0022, 0x0022, 0x0022, 0x0022,
  0x0022, 0x0022, 0x0022, 0x0022, 0x0022, 0x0022, 0x0022, 0x0022, 0x0022, 0x0022, 0x0042, 0x0022,
  0x0042, 0x0042, 0x0042, 0x0042, 0x0042, 0x0042, 0x0042, 0x0042, 0x0042, 0x0042, 0x0042, 0x0042,
  0x0042, 0x0042, 0x0042, 0x0042, 0x0042, 0x0042, 0x0042, 0x0042, 0x0042, 0x0042, 0x0042, 0x0042,
  0x0042, 0x0042, 0x0042, 0x0062, 0x0042, 0x0042, 0x0042, 0x0042, 0x0042, 0x0042, 0x0062, 0x0042,
  0x0042, 0x0042, 0x0042, 0x0042, 0x0042, 0x0042, 0x0042, 0x0042, 0x0042, 0x0083, 0x0042, 0x0042,
  0x0042, 0x0042, 0x0042, 0x0042, 0x0083, 0x0062, 0x0042, 0x0042, 0x0042, 0x0042, 0x0042, 0x0042,
  0x0042, 0x0042, 0x0042, 0x0042, 0x0042, 0x0042, 0x0042, 0x0042, 0x0042, 0x0042, 0x0042, 0x0042,
  0x0042, 0x0042, 0x0042, 0x0042, 0x0042, 0x0042, 0x0042, 0x0042, 0x0042, 0x0042, 0x0042, 0x0042,
  0x0042, 0x0042, 0x0042, 0x0083, 0x0042, 0x0042, 0x0042, 0x0042, 0x0042, 0x0042, 0x0042, 0x0042,
  0x0042, 0x0042, 0x0042, 0x0042, 0x0042, 0x0042, 0x0042, 0x0042, 0x0042, 0x0042, 0x0042, 0x0042,
  0x0042, 0x0042, 0x0042, 0x0042, 0x0042, 0x10e4, 0x10a3, 0x0042, 0x0042, 0x0042, 0x0042, 0x0042,
  0x0042, 0x0042, 0x0042, 0x0042, 0x0042, 0x0042, 0x0042, 0x0042, 0x0042, 0x0042, 0x0042, 0x0042,
  0x0042, 0x0042, 0x0042, 0x0042, 0x0042, 0x0042, 0x0042, 0x0042, 0x0042, 0x0042, 0x0042, 0x0042,
  0x0042, 0x0042, 0x0042, 0x0042, 0x0042, 0x0042, 0x0042, 0x0042, 0x0042, 0x0042, 0x0042, 0x0042,
  0x0062, 0x0062, 0x0042, 0x0062, 0x0042, 0x0062, 0x0062, 0x0062, 0x0062, 0x0062, 0x0062, 0x0042,
  0x0042, 0x0062, 0x0062, 0x0062, 0x0062, 0x0062, 0x0062, 0x0062, 0x0062, 0x0042, 0x0062, 0x0042,
  0x0042, 0x0042, 0x0042, 0x0042, 0x0042, 0x0042, 0x0042, 0x0042, 0x0042, 0x0042, 0x0042, 0x0042,
  0x0042, 0x0042, 0x0042, 0x0042, 0x0042, 0x0042, 0x0042, 0x0042, 0x0042, 0x0042, 0x0042, 0x0042,
  0x0042, 0x0042, 0x0042, 0x0042, 0x0042, 0x0042, 0x0042, 0x0042, 0x0022, 0x0042, 0x0042, 0x0042,
  0x0042, 0x0042, 0x0042, 0x0042, 0x0042, 0x0042, 0x0882, 0x0041, 0x0021, 0x0021, 0x0021, 0x0021,
  0x0022, 0x0022, 0x0022, 0x0021, 0x0022, 0x0022, 0x0022, 0x0021, 0x0021, 0x0021, 0x0022, 0x0022,
  0x0021, 0x0022, 0x0022, 0x0022, 0x0022, 0x0022, 0x0022, 0x0021, 0x0022, 0x0022, 0x0021, 0x0021,
  0x0022, 0x0021, 0x0021, 0x0022, 0x0022, 0x0022, 0x0022, 0x0022, 0x0022, 0x0021, 0x0022, 0x0021,
  0x0021, 0x0022, 0x0021, 0x0022, 0x0022, 0x0021, 0x0021, 0x0022, 0x0022, 0x0022, 0x0083, 0x10e4,
  0x1926, 0x0042, 0x0022, 0x0021, 0x0021, 0x0021, 0x0021, 0x0021, 0x0021, 0x0021, 0x0021, 0x0021,
  0x0021, 0x0022, 0x0021, 0x0022, 0x0022, 0x0022, 0x0022, 0x0042, 0x0022, 0x0022, 0x0021, 0x0022,
  0x0022, 0x0022, 0x0022, 0x0022, 0x0042, 0x0022, 0x0022, 0x0022, 0x0022, 0x0022, 0x0022, 0x0042,
  0x0042, 0x0022, 0x0022, 0x0042, 0x0042, 0x0042, 0x0042, 0x0042, 0x0042, 0x0042, 0x0042, 0x0042,
  0x0042, 0x0042, 0x0042, 0x0042, 0x0042, 0x0042, 0x0042, 0x0042, 0x0042, 0x0042, 0x0042, 0x0042,
  0x0042, 0x0042, 0x0042, 0x0042, 0x0042, 0x0042, 0x0042, 0x0042, 0x0042, 0x0042, 0x0042, 0x0042,
  0x0042, 0x0042, 0x0042, 0x0042, 0x0042, 0x0042, 0x0042, 0x0042, 0x0042, 0x0042, 0x0042, 0x0042,
  0x0042, 0x0042, 0x0042, 0x0042, 0x0042, 0x0042, 0x0042, 0x0042, 0x0042, 0x0042, 0x0042, 0x0042,
  0x0042, 0x0042, 0x0042, 0x0042, 0x0042, 0x0042, 0x0042, 0x0042, 0x0042, 0x0042, 0x0042, 0x0042,
  0x0042, 0x0042, 0x0042, 0x0042, 0x0042, 0x0042, 0x0042, 0x0042, 0x0042, 0x0042, 0x0042, 0x0042,
  0x0042, 0x0042, 0x0042, 0x0042, 0x0042, 0x0042, 0x0042, 0x0042, 0x0042, 0x0042, 0x0042, 0x0082,
  0x0042, 0x0042, 0x0042, 0x0042, 0x0042, 0x0042, 0x0042, 0x0042, 0x0042, 0x0042, 0x0042, 0x0042,
  0x0042, 0x0062, 0x08a3, 0x0042, 0x0042, 0x0042, 0x0042, 0x0042, 0x0042, 0x0042, 0x0042, 0x0042,
  0x0042, 0x0062, 0x0062, 0x0042, 0x0042, 0x0042, 0x0042, 0x0042, 0x0042, 0x0042, 0x0042, 0x0042,
  0x0042, 0x0042, 0x0042, 0x0042, 0x0042, 0x0042, 0x0042, 0x0042, 0x0042, 0x0042, 0x0042, 0x0042,
  0x0042, 0x0042, 0x0042, 0x0042, 0x0042, 0x0042, 0x0042, 0x0042, 0x0042, 0x0042, 0x0042, 0x0042,
  0x0042, 0x0042, 0x0042, 0x0042, 0x0042, 0x0042, 0x0042, 0x0042, 0x0042, 0x0062, 0x0062, 0x0062,
  0x0062, 0x0062, 0x0062, 0x0062, 0x0062, 0x0062, 0x0062, 0x0062, 0x0062, 0x0062, 0x0062, 0x0062,
  0x0062, 0x0062, 0x0062, 0x0062, 0x0042, 0x0042, 0x0042, 0x0042, 0x0042, 0x0042, 0x0042, 0x0042,
  0x0042, 0x0042, 0x0042, 0x0042, 0x0042, 0x0042, 0x0042, 0x0042, 0x0042, 0x0042, 0x0042, 0x0042,
  0x0042, 0x0042, 0x0042, 0x0042, 0x0042, 0x0042, 0x0042, 0x0042, 0x0042, 0x0042, 0x0042, 0x0042,
  0x0042, 0x0042, 0x0042, 0x0042, 0x0042, 0x0042, 0x0042, 0x0042, 0x0042, 0x0042, 0x0042, 0x0042,
  0x0042, 0x0022, 0x0022, 0x0022, 0x0022, 0x0021, 0x0021, 0x0022, 0x0022, 0x0021, 0x0022, 0x0022,
  0x0062, 0x0082, 0x0022, 0x0021, 0x0021, 0x0022, 0x0022, 0x0022, 0x0022, 0x0022, 0x0022, 0x0022,
  0x0022, 0x0042, 0x0022, 0x0022, 0x0022, 0x0022, 0x0021, 0x0022, 0x0022, 0x0022, 0x0022, 0x0022,
  0x0022, 0x0022, 0x0022, 0x0022, 0x0022, 0x0022, 0x0022, 0x0022, 0x0021, 0x0022, 0x0022, 0x0022,
  0x0021, 0x0022, 0x0022, 0x0022, 0x0022, 0x0021, 0x0083, 0x10e4, 0x2166, 0x0042, 0x0022, 0x0022,
  0x0021, 0x0021, 0x0021, 0x0021, 0x0021, 0x0021, 0x0021, 0x0021, 0x0021, 0x0022, 0x0021, 0x0022,
  0x0022, 0x0042, 0x0042, 0x0042, 0x0022, 0x0022, 0x0022, 0x0022, 0x0022, 0x0042, 0x0022, 0x0022,
  0x0042, 0x0022, 0x0022, 0x0022, 0x0022, 0x0042, 0x0042, 0x0042, 0x0042, 0x0042, 0x0042, 0x0042,
  0x0042, 0x0042, 0x0042, 0x0042, 0x0042, 0x0042, 0x0042, 0x0042, 0x0042, 0x0042, 0x0042, 0x0042,
  0x0042, 0x0042, 0x0042, 0x0042, 0x0042, 0x0042, 0x0042, 0x0042, 0x0042, 0x0042, 0x0042, 0x0042,
  0x0042, 0x0042, 0x0042, 0x0042, 0x0042, 0x0042, 0x0042, 0x0042, 0x0042, 0x0042, 0x0042, 0x0062,
  0x0042, 0x0042, 0x0042, 0x0042, 0x0042, 0x0042, 0x0042, 0x0042, 0x0042, 0x0042, 0x0042, 0x0042,
  0x0042, 0x0042, 0x0042, 0x0042, 0x0042, 0x0042, 0x0042, 0x0042, 0x0042, 0x0042, 0x0042, 0x0042,
  0x0042, 0x0042, 0x0042, 0x0042, 0x0042, 0x0042, 0x0042, 0x0042, 0x0042, 0x0042, 0x0042, 0x0042,
  0x0042, 0x0042, 0x0042, 0x0042, 0x0042, 0x0042, 0x0042, 0x0042, 0x0042, 0x0042, 0x0042, 0x0042,
  0x0042, 0x0042, 0x0042, 0x0042, 0x0042, 0x0042, 0x0042, 0x0042, 0x0042, 0x0042, 0x0042, 0x0042,
  0x0042, 0x0042, 0x0042, 0x0042, 0x0042, 0x0042, 0x0042, 0x0042, 0x0042, 0x0042, 0x0083, 0x0042,
  0x0042, 0x0042, 0x0042, 0x0042, 0x0042, 0x0042, 0x0042, 0x0042, 0x0042, 0x0042, 0x0042, 0x0042,
  0x0042, 0x0042, 0x0042, 0x0042, 0x0042, 0x0042, 0x0042, 0x0042, 0x0042, 0x0042, 0x0042, 0x0042,
  0x0042, 0x0042, 0x0042, 0x0042, 0x0042, 0x0042, 0x0042, 0x0042, 0x0042, 0x0042, 0x0042, 0x0042,
  0x0042, 0x0042, 0x0042, 0x0042, 0x0042, 0x0042, 0x0042, 0x0042, 0x0042, 0x0042, 0x0042, 0x0042,
  0x0042, 0x0042, 0x0042, 0x0042, 0x0042, 0x0062, 0x0062, 0x0062, 0x0062, 0x0062, 0x0062, 0x0062,
  0x0062, 0x0062, 0x0062, 0x0062, 0x0062, 0x0062, 0x0062, 0x0062, 0x0062, 0x0062, 0x0062, 0x0062,
  0x0042, 0x0062, 0x0062, 0x0062, 0x0042, 0x0042, 0x0042, 0x0042, 0x0042, 0x0042, 0x0042, 0x0042,
  0x0042, 0x0042, 0x0042, 0x0042, 0x0042, 0x0042, 0x0042, 0x0042, 0x0042, 0x0042, 0x0042, 0x0042,
  0x0042, 0x0042, 0x0042, 0x0042, 0x0042, 0x0042, 0x0042, 0x0042, 0x0042, 0x0042, 0x0042, 0x0042,
  0x0042, 0x0042, 0x0042, 0x0042, 0x0042, 0x0042, 0x0042, 0x0042, 0x0042, 0x0042, 0x0042, 0x0022,
  0x0022, 0x0022, 0x0022, 0x0022, 0x0022, 0x0021, 0x0022, 0x0022, 0x0022, 0x0042, 0x0022, 0x0022,
  0x0021, 0x0022, 0x0022, 0x0022, 0x0022, 0x0022, 0x0022, 0x0022, 0x0042, 0x0042, 0x0022, 0x0021,
  0x0022, 0x0022, 0x0042, 0x0042, 0x0022, 0x0022, 0x0022, 0x0022, 0x0022, 0x0021, 0x0021, 0x0022,
  0x0042, 0x0022, 0x0021, 0x0022, 0x0022, 0x0022, 0x0022, 0x0022, 0x0022, 0x0022, 0x0021, 0x0021,
  0x0021, 0x0022, 0x0083, 0x1105, 0x2167, 0x0042, 0x0021, 0x0021, 0x0021, 0x0022, 0x0021, 0x0021,
  0x0022, 0x0021, 0x0021, 0x0021, 0x0022, 0x0022, 0x0022, 0x0022, 0x0022, 0x0022, 0x0042, 0x0042,
  0x0022, 0x0022, 0x0042, 0x0022, 0x0022, 0x0022, 0x0022, 0x0022, 0x0042, 0x0022, 0x0022, 0x0022,
  0x0022, 0x0042, 0x0042, 0x0042, 0x0042, 0x0042, 0x0042, 0x0042, 0x0042, 0x0042, 0x0042, 0x0042,
  0x0042, 0x0042, 0x0042, 0x0042, 0x0042, 0x0042, 0x0042, 0x0042, 0x0042, 0x0042, 0x0042, 0x0042,
  0x0042, 0x0042, 0x0042, 0x0042, 0x0042, 0x0042, 0x0042, 0x0042, 0x0042, 0x0062, 0x0042, 0x0042,
  0x0042, 0x0042, 0x0042, 0x0042, 0x0062, 0x0062, 0x0042, 0x0062, 0x0042, 0x0042, 0x0042, 0x0042,
  0x0042, 0x0042, 0x0042, 0x0042, 0x0042, 0x0042, 0x0042, 0x0042, 0x0042, 0x0042, 0x0042, 0x0042,
  0x0042, 0x0042, 0x0042, 0x0042, 0x0042, 0x0042, 0x0042, 0x0042, 0x0042, 0x0042, 0x0042, 0x0042,
  0x0042, 0x0042, 0x0042, 0x0042, 0x0042, 0x0042, 0x0042, 0x0042, 0x0042, 0x0042, 0x0042, 0x0042,
  0x0042, 0x0042, 0x0042, 0x0042, 0x0042, 0x0042, 0x0042, 0x0042, 0x0042, 0x0042, 0x0042, 0x0042,
  0x0042, 0x0042, 0x0042, 0x0042, 0x0042, 0x0042, 0x0042, 0x0042, 0x0042, 0x0042, 0x0042, 0x0042,
  0x0042, 0x0042, 0x0042, 0x0042, 0x0042, 0x0042, 0x0042, 0x0042, 0x0042, 0x0042, 0x0042, 0x0042,
  0x0042, 0x0042, 0x0042, 0x0042, 0x0042, 0x0042, 0x0042, 0x0042, 0x0042, 0x0042, 0x0042, 0x0042,
  0x0042, 0x0042, 0x0042, 0x0042, 0x0042, 0x0042, 0x0042, 0x0042, 0x0042, 0x0042, 0x0042, 0x0042,
  0x0042, 0x0062, 0x2966, 0x08a3, 0x0042, 0x0042, 0x0042, 0x0042, 0x0042, 0x0042, 0x08a4, 0x08a3,
  0x0042, 0x0042, 0x0042, 0x0042, 0x0042, 0x0042, 0x0042, 0x0042, 0x0042, 0x0042, 0x0042, 0x0042,
  0x0042, 0x0062, 0x0062, 0x0062, 0x0042, 0x0062, 0x0062, 0x0062, 0x0062, 0x0062, 0x0062, 0x0063,
  0x0063, 0x0062, 0x0062, 0x0062, 0x0062, 0x0062, 0x0062, 0x0062, 0x0042, 0x0062, 0x0062, 0x0042,
  0x0042, 0x0042, 0x0042, 0x0042, 0x0042, 0x0042, 0x0042, 0x0042, 0x0042, 0x0042, 0x0042, 0x0042,
  0x0042, 0x0042, 0x0042, 0x0042, 0x0042, 0x0042, 0x0042, 0x0042, 0x0042, 0x0042, 0x0042, 0x0042,
  0x0042, 0x0042, 0x0042, 0x0042, 0x0042, 0x0042, 0x0042, 0x0042, 0x0042, 0x0042, 0x0042, 0x0042,
  0x0042, 0x0042, 0x0042, 0x0042, 0x0042, 0x0042, 0x0042, 0x0042, 0x0042, 0x0042, 0x0022, 0x0022,
  0x0021, 0x0022, 0x0022, 0x0042, 0x0022, 0x0042, 0x0042, 0x0022, 0x0022, 0x0042, 0x0042, 0x0042,
  0x0042, 0x0042, 0x0042, 0x0042, 0x0042, 0x0042, 0x0022, 0x0022, 0x0022, 0x0022, 0x0022, 0x0022,
  0x0022, 0x0022, 0x0022, 0x0022, 0x0021, 0x0021, 0x0022, 0x0022, 0x0022, 0x0022, 0x0022, 0x0022,
  0x0022, 0x0022, 0x0022, 0x0022, 0x0022, 0x0021, 0x0021, 0x0021, 0x0021, 0x0022, 0x08a3, 0x1105,
  0x2167, 0x0042, 0x0022, 0x0022, 0x0022, 0x0021, 0x0021, 0x0021, 0x0022, 0x0022, 0x0022, 0x0022,
  0x0022, 0x0022, 0x0022, 0x0022, 0x0022, 0x0022, 0x0042, 0x0042, 0x0042, 0x0042, 0x0022, 0x0042,
  0x0022, 0x0022, 0x0022, 0x0022, 0x0022, 0x0022, 0x0022, 0x0022, 0x0022, 0x0042, 0x0042, 0x0042,
  0x0042, 0x0042, 0x0042, 0x0042, 0x0042, 0x0042, 0x0042, 0x0042, 0x0042, 0x0042, 0x0042, 0x0042,
  0x0042, 0x0042, 0x0042, 0x0042, 0x0042, 0x0042, 0x0042, 0x0042, 0x0042, 0x0042, 0x0042, 0x0042,
  0x0042, 0x0042, 0x0042, 0x0042, 0x0042, 0x0042, 0x0042, 0x0042, 0x0042, 0x0042, 0x0062, 0x0062,
  0x0042, 0x0062, 0x0062, 0x0042, 0x0062, 0x0042, 0x0062, 0x0042, 0x0042, 0x0042, 0x0042, 0x0042,
  0x0042, 0x0042, 0x0042, 0x0042, 0x0042, 0x0042, 0x0042, 0x0042, 0x0042, 0x0042, 0x0042, 0x0042,
  0x0042, 0x0042, 0x0042, 0x0042, 0x0042, 0x0042, 0x0042, 0x0042, 0x0042, 0x0042, 0x0042, 0x0042,
  0x0042, 0x0042, 0x0042, 0x0042, 0x0042, 0x0062, 0x0042, 0x0042, 0x0042, 0x0042, 0x0042, 0x0042,
  0x0042, 0x0042, 0x0042, 0x0042, 0x0042, 0x0042, 0x0042, 0x0042, 0x0042, 0x0042, 0x0042, 0x0042,
  0x0042, 0x0042, 0x0042, 0x0042, 0x0042, 0x0042, 0x0042, 0x0042, 0x0042, 0x0042, 0x0042, 0x0042,
  0x0042, 0x0042, 0x0042, 0x0062, 0x0042, 0x0042, 0x0042, 0x0042, 0x0042, 0x0042, 0x0042, 0x0042,
  0x0042, 0x0042, 0x0042, 0x0042, 0x0042, 0x0042, 0x0042, 0x0042, 0x0042, 0x0042, 0x0042, 0x0042,
  0x0042, 0x0042, 0x0042, 0x0042, 0x0042, 0x0042, 0x0042, 0x0042, 0x0042, 0x0042, 0x10a3, 0x0062,
  0x0042, 0x0042, 0x0042, 0x0042, 0x0042, 0x0042, 0x0062, 0x0062, 0x0042, 0x0042, 0x0042, 0x0042,
  0x0042, 0x0042, 0x0042, 0x0042, 0x0042, 0x0042, 0x0042, 0x0042, 0x0042, 0x0062, 0x0062, 0x0062,
  0x0042, 0x0062, 0x0062, 0x0062, 0x0062, 0x0062, 0x0062, 0x0063, 0x0063, 0x0062, 0x0062, 0x0062,
  0x0062, 0x0063, 0x0062, 0x0062, 0x0062, 0x0062, 0x0062, 0x0062, 0x0042, 0x0042, 0x0042, 0x0042,
  0x0042, 0x0042, 0x0042, 0x0042, 0x0042, 0x0042, 0x0042, 0x0042, 0x0042, 0x0042, 0x0042, 0x0042,
  0x0042, 0x0042, 0x0042, 0x0042, 0x0042, 0x0042, 0x0042, 0x0042, 0x0042, 0x0042, 0x0042, 0x0042,
  0x0042, 0x0042, 0x0042, 0x0042, 0x0042, 0x0042, 0x0042, 0x0042, 0x0042, 0x0042, 0x0042, 0x0042,
  0x0042, 0x0042, 0x0042, 0x0042, 0x0042, 0x0042, 0x0042, 0x0022, 0x0022, 0x0022, 0x0042, 0x0042,
  0x0042, 0x0042, 0x0042, 0x0042, 0x0042, 0x0042, 0x0042, 0x0042, 0x0042, 0x0042, 0x0042, 0x0042,
  0x0042, 0x0042, 0x0042, 0x0042, 0x0042, 0x0042, 0x0042, 0x0022, 0x0021, 0x0022, 0x0021, 0x0022,
  0x0021, 0x0021, 0x0022, 0x0042, 0x0022, 0x0022, 0x0042, 0x0042, 0x0022, 0x0022, 0x0021, 0x0021,
  0x0042, 0x0022, 0x0022, 0x0022, 0x0021, 0x0022, 0x08a3, 0x1905, 0x2167, 0x0042, 0x0021, 0x0022,
  0x0022, 0x0021, 0x0021, 0x0021, 0x0021, 0x0022, 0x0022, 0x0062, 0x0062, 0x0022, 0x0042, 0x0022,
  0x0042, 0x0042, 0x0042, 0x0042, 0x0042, 0x0042, 0x0042, 0x0042, 0x0042, 0x0022, 0x0022, 0x0022,
  0x0022, 0x0042, 0x0042, 0x0022, 0x0042, 0x0042, 0x0042, 0x0042, 0x0042, 0x0042, 0x0042, 0x0042,
  0x0042, 0x0042, 0x0042, 0x0042, 0x0042, 0x0042, 0x0042, 0x0083, 0x0042, 0x0042, 0x0042, 0x0042,
  0x0042, 0x0042, 0x0042, 0x0042, 0x0042, 0x0042, 0x0042, 0x0042, 0x0042, 0x0042, 0x0042, 0x0042,
  0x0042, 0x0042, 0x0042, 0x0042, 0x0042, 0x0042, 0x0042, 0x0042, 0x0062, 0x0042, 0x0062, 0x0042,
  0x0042, 0x0042, 0x0042, 0x0042, 0x0042, 0x0062, 0x0042, 0x0042, 0x0042, 0x0042, 0x0042, 0x0042,
  0x0042, 0x0062, 0x0062, 0x0042, 0x0042, 0x0042, 0x0042, 0x0042, 0x0042, 0x0042, 0x0042, 0x0042,
  0x0042, 0x10c4, 0x0062, 0x0042, 0x0042, 0x0042, 0x0042, 0x0042, 0x0042, 0x0042, 0x0042, 0x0042,
  0x0062, 0x0042, 0x0042, 0x0042, 0x0042, 0x0042, 0x0042, 0x0042, 0x0042, 0x0042, 0x0042, 0x0042,
  0x0042, 0x0042, 0x0042, 0x0042, 0x0042, 0x0042, 0x0042, 0x0042, 0x0042, 0x0042, 0x0042, 0x0042,
  0x0042, 0x0042, 0x0042, 0x0042, 0x0042, 0x0042, 0x0042, 0x0042, 0x0042, 0x0042, 0x0042, 0x0042,
  0x0042, 0x0042, 0x0042, 0x0042, 0x0042, 0x0042, 0x0042, 0x0042, 0x0042, 0x0042, 0x0042, 0x0042,
  0x0042, 0x0042, 0x0042, 0x0042, 0x0042, 0x0042, 0x0042, 0x0042, 0x0042, 0x0042, 0x0042, 0x0042,
  0x0042, 0x0042, 0x0042, 0x0042, 0x0042, 0x0042, 0x0042, 0x0042, 0x0042, 0x0042, 0x0042, 0x0042,
  0x0042, 0x0042, 0x0042, 0x0042, 0x0042, 0x0042, 0x0042, 0x0042, 0x0042, 0x0042, 0x0042, 0x0042,
  0x0042, 0x0042, 0x0042, 0x0042, 0x0042, 0x0042, 0x0062, 0x0042, 0x0062, 0x0062, 0x0062, 0x0063,
  0x0062, 0x0062, 0x0062, 0x0062, 0x0062, 0x0062, 0x0062, 0x0062, 0x0062, 0x0062, 0x0062, 0x0062,
  0x0062, 0x0062, 0x0062, 0x0042, 0x0062, 0x0042, 0x0042, 0x0042, 0x0042, 0x0042, 0x0042, 0x0042,
  0x0042, 0x0042, 0x0042, 0x0042, 0x0042, 0x0042, 0x0042, 0x0042, 0x0042, 0x0042, 0x0042, 0x0042,
  0x0042, 0x0042, 0x0042, 0x0042, 0x0042, 0x0042, 0x0042, 0x0042, 0x0042, 0x0042, 0x0042, 0x0042,
  0x0042, 0x0042, 0x0042, 0x0042, 0x0042, 0x0042, 0x0042, 0x0042, 0x0042, 0x0042, 0x0042, 0x0042,
  0x0042, 0x0042, 0x0042, 0x0042, 0x0042, 0x0042, 0x0042, 0x0042, 0x0042, 0x0042, 0x0042, 0x0042,
  0x0042, 0x0042, 0x0042, 0x0042, 0x0042, 0x0042, 0x0042, 0x0042, 0x0042, 0x0042, 0x0042, 0x0042,
  0x0042, 0x0042, 0x0042, 0x0022, 0x0022, 0x0022, 0x0022, 0x0022, 0x0022, 0x0042, 0x0042, 0x0042,
  0x0042, 0x0042, 0x0042, 0x0022, 0x0021, 0x0021, 0x0021, 0x0021, 0x0022, 0x0022, 0x0022, 0x0022,
  0x0022, 0x0022, 0x08a3, 0x1105, 0x2167, 0x0042, 0x0022, 0x0042, 0x0022, 0x0021, 0x0022, 0x0021,
  0x0021, 0x0022, 0x0042, 0x0042, 0x0042, 0x0042, 0x0042, 0x0022, 0x0042, 0x0042, 0x0042, 0x0042,
  0x0042, 0x0042, 0x0042, 0x0042, 0x0042, 0x0042, 0x0042, 0x0042, 0x0042, 0x0042, 0x0042, 0x0042,
  0x0042, 0x0042, 0x0042, 0x0042, 0x0042, 0x0042, 0x0042, 0x0042, 0x0042, 0x0042, 0x0042, 0x0042,
  0x0042, 0x0042, 0x0042, 0x0042, 0x0042, 0x0042, 0x0042, 0x0042, 0x0042, 0x0042, 0x0042, 0x0042,
  0x0042, 0x0042, 0x0042, 0x0042, 0x0042, 0x0042, 0x0042, 0x0042, 0x0042, 0x0042, 0x0042, 0x0042,
  0x0042, 0x0042, 0x0042, 0x0042, 0x0062, 0x0042, 0x0042, 0x0042, 0x0042, 0x0042, 0x0042, 0x0042,
  0x0062, 0x0062, 0x0042, 0x0042, 0x0042, 0x0042, 0x0042, 0x0042, 0x0042, 0x0042, 0x0042, 0x0042,
  0x0042, 0x0042, 0x0042, 0x0042, 0x0042, 0x0042, 0x0042, 0x0042, 0x0042, 0x08a3, 0x0042, 0x0042,
  0x0042, 0x0042, 0x0042, 0x0042, 0x0042, 0x0042, 0x0042, 0x0042, 0x0042, 0x0042, 0x0042, 0x0042,
  0x0042, 0x0042, 0x0042, 0x0042, 0x0042, 0x0042, 0x0042, 0x0042, 0x0042, 0x0042, 0x0042, 0x0042,
  0x0062, 0x0042, 0x0042, 0x0042, 0x0042, 0x0042, 0x0042, 0x0042, 0x0042, 0x0042, 0x0042, 0x0042,
  0x0042, 0x0042, 0x0042, 0x0042, 0x0042, 0x0042, 0x0042, 0x0042, 0x0042, 0x0042, 0x0042, 0x0062,
  0x0062, 0x0042, 0x0042, 0x0042, 0x0042, 0x0042, 0x0042, 0x0042, 0x0042, 0x0042, 0x0042, 0x0042,
  0x0042, 0x0042, 0x0042, 0x0042, 0x0042, 0x0042, 0x0042, 0x0042, 0x0062, 0x0062, 0x0042, 0x0042,
  0x0042, 0x0042, 0x0042, 0x0042, 0x0042, 0x0042, 0x0042, 0x0042, 0x0042, 0x0042, 0x0042, 0x0042,
  0x0042, 0x0042, 0x0042, 0x0042, 0x0042, 0x0042, 0x0042, 0x0042, 0x0042, 0x0042, 0x0042, 0x0042,
  0x0042, 0x0062, 0x0062, 0x0062, 0x0062, 0x0062, 0x0062, 0x0063, 0x0063, 0x0062, 0x0062, 0x0062,
  0x0062, 0x0062, 0x0062, 0x0062, 0x0062, 0x0062, 0x0062, 0x0062, 0x0042, 0x0042, 0x0042, 0x0042,
  0x0042, 0x0042, 0x0042, 0x0042, 0x0042, 0x0042, 0x0042, 0x0042, 0x0042, 0x0042, 0x0042, 0x0042,
  0x0042, 0x0042, 0x0042, 0x0042, 0x0042, 0x0042, 0x0042, 0x0042, 0x0042, 0x0042, 0x0042, 0x0042,
  0x0042, 0x0042, 0x0042, 0x0042, 0x0042, 0x0042, 0x0042, 0x0042, 0x0042, 0x0042, 0x0042, 0x0042,
  0x0042, 0x0042, 0x0042, 0x0042, 0x0042, 0x0042, 0x0042, 0x0042, 0x0042, 0x0042, 0x0042, 0x0042,
  0x0042, 0x0042, 0x0042, 0x0042, 0x0042, 0x0042, 0x0042, 0x0042, 0x0042, 0x0042, 0x0042, 0x0042,
  0x0042, 0x0042, 0x0042, 0x0042, 0x0042, 0x0042, 0x0042, 0x0042, 0x0042, 0x0042, 0x0042, 0x0042,
  0x0042, 0x0042, 0x0042, 0x0042, 0x0042, 0x0042, 0x0042, 0x0042, 0x0042, 0x0042, 0x0042, 0x0042,
  0x0022, 0x0022, 0x0021, 0x0021, 0x0022, 0x0021, 0x0021, 0x0022, 0x0022, 0x0022, 0x08a4, 0x1905,
  0x2187, 0x0042, 0x0042, 0x0042, 0x0042, 0x0022, 0x0022, 0x0022, 0x0022, 0x0042, 0x0042, 0x0042,
  0x0042, 0x0042, 0x0042, 0x0042, 0x0042, 0x0042, 0x0042, 0x0042, 0x0042, 0x0042, 0x0042, 0x0042,
  0x0042, 0x0042, 0x0042, 0x0042, 0x0042, 0x0042, 0x0042, 0x0042, 0x0042, 0x0042, 0x0042, 0x0042,
  0x0042, 0x0042, 0x0042, 0x0042, 0x0042, 0x0042, 0x0042, 0x0042, 0x0042, 0x0042, 0x0042, 0x0042,
  0x0042, 0x0042, 0x0042, 0x0042, 0x0042, 0x0042, 0x0042, 0x0042, 0x0042, 0x08a3, 0x0062, 0x0042,
  0x0042, 0x0042, 0x0042, 0x0042, 0x0042, 0x0042, 0x0062, 0x0062, 0x0062, 0x0062, 0x0062, 0x0062,
  0x0042, 0x0042, 0x0042, 0x0062, 0x0042, 0x0042, 0x0042, 0x0042, 0x0042, 0x0042, 0x0062, 0x0062,
  0x0062, 0x0062, 0x0062, 0x0042, 0x0062, 0x0062, 0x0062, 0x0042, 0x0062, 0x0042, 0x0042, 0x0042,
  0x0042, 0x0042, 0x0042, 0x0042, 0x0042, 0x0042, 0x0042, 0x0042, 0x0042, 0x0042, 0x0042, 0x0042,
  0x0042, 0x0042, 0x0042, 0x0042, 0x0042, 0x0042, 0x0042, 0x0042, 0x0042, 0x0042, 0x0042, 0x0042,
  0x0042, 0x0042, 0x0062, 0x0042, 0x0042, 0x0042, 0x0042, 0x0042, 0x0042, 0x0042, 0x0042, 0x0042,
  0x0042, 0x0042, 0x0042, 0x0042, 0x0042, 0x0042, 0x0042, 0x0042, 0x0042, 0x0042, 0x0042, 0x0042,
  0x0042, 0x0042, 0x0042, 0x0042, 0x0042, 0x0042, 0x0042, 0x0062, 0x0062, 0x0062, 0x0062, 0x0042,
  0x0042, 0x0042, 0x0042, 0x0042, 0x0883, 0x10a3, 0x0062, 0x0042, 0x0042, 0x0042, 0x0042, 0x0042,
  0x0042, 0x0042, 0x0042, 0x0062, 0x0062, 0x0062, 0x0062, 0x0042, 0x0042, 0x0042, 0x0042, 0x0042,
  0x0042, 0x0042, 0x0042, 0x0042, 0x0062, 0x0042, 0x0042, 0x0062, 0x0062, 0x0042, 0x0042, 0x0042,
  0x0042, 0x0042, 0x0042, 0x0042, 0x0042, 0x0042, 0x0042, 0x0042, 0x0042, 0x0062, 0x0062, 0x0062,
  0x0062, 0x0062, 0x0062, 0x0063, 0x0063, 0x0062, 0x0062, 0x0062, 0x0062, 0x0062, 0x0062, 0x0063,
  0x0062, 0x0062, 0x0062, 0x0062, 0x0062, 0x0042, 0x0042, 0x0042, 0x0062, 0x0042, 0x0042, 0x0042,
  0x0042, 0x0042, 0x0042, 0x0042, 0x0042, 0x0042, 0x0042, 0x0042, 0x0042, 0x0042, 0x0042, 0x0042,
  0x0042, 0x0042, 0x0042, 0x0042, 0x0042, 0x0042, 0x0042, 0x0042, 0x0042, 0x0042, 0x0042, 0x0042,
  0x0042, 0x0042, 0x0042, 0x0042, 0x0042, 0x0042, 0x0042, 0x0042, 0x0042, 0x0042, 0x0042, 0x0042,
  0x0042, 0x0042, 0x0042, 0x0042, 0x0042, 0x0042, 0x0042, 0x0042, 0x0042, 0x0042, 0x0042, 0x0042,
  0x0042, 0x0042, 0x0042, 0x0042, 0x0042, 0x0042, 0x0042, 0x0042, 0x0042, 0x0042, 0x0042, 0x0042,
  0x0042, 0x0042, 0x0042, 0x0042, 0x0042, 0x0042, 0x0042, 0x0042, 0x0042, 0x0042, 0x0042, 0x0042,
  0x0042, 0x0042, 0x0042, 0x0042, 0x0042, 0x0042, 0x0042, 0x0042, 0x0042, 0x0022, 0x0021, 0x0021,
  0x0022, 0x0022, 0x0022, 0x0022, 0x0022, 0x0022, 0x08c4, 0x1925, 0x2987, 0x0042, 0x0042, 0x0042,
  0x0042, 0x0042, 0x0042, 0x0042, 0x0042, 0x0042, 0x0042, 0x0042, 0x0042, 0x0042, 0x0042, 0x0042,
  0x0042, 0x0042, 0x0042, 0x0042, 0x0042, 0x0042, 0x0042, 0x0042, 0x0042, 0x0042, 0x0042, 0x0042,
  0x0042, 0x0042, 0x08a3, 0x08a3, 0x0042, 0x0042, 0x0042, 0x0042, 0x0042, 0x0042, 0x0042, 0x0042,
  0x0042, 0x0042, 0x0042, 0x0042, 0x0042, 0x0042, 0x0042, 0x0042, 0x0042, 0x0042, 0x0042, 0x0042,
  0x0042, 0x0042, 0x0042, 0x0042, 0x0042, 0x0042, 0x0042, 0x0042, 0x0042, 0x0042, 0x0042, 0x0042,
  0x0042, 0x0042, 0x0042, 0x0042, 0x0042, 0x0042, 0x0042, 0x0062, 0x0062, 0x0062, 0x0062, 0x0042,
  0x0042, 0x0042, 0x0042, 0x0042, 0x0042, 0x0062, 0x0062, 0x0062, 0x0062, 0x0062, 0x0062, 0x0062,
  0x0062, 0x0062, 0x0042, 0x0042, 0x0042, 0x0042, 0x0042, 0x0042, 0x0042, 0x0042, 0x0042, 0x0042,
  0x0042, 0x0042, 0x0042, 0x0042, 0x0042, 0x0883, 0x0042, 0x0042, 0x0042, 0x0042, 0x0042, 0x0042,
  0x0042, 0x0042, 0x0042, 0x0042, 0x0042, 0x0042, 0x0042, 0x0042, 0x0042, 0x0042, 0x0042, 0x0042,
  0x0042, 0x0042, 0x0042, 0x0042, 0x0042, 0x0062, 0x0062, 0x0042, 0x0042, 0x0042, 0x0042, 0x0042,
  0x0042, 0x0042, 0x0042, 0x0042, 0x0042, 0x0062, 0x0042, 0x0062, 0x0042, 0x0042, 0x0042, 0x0042,
  0x0042, 0x0042, 0x0042, 0x0042, 0x0042, 0x0062, 0x0062, 0x0042, 0x0042, 0x0042, 0x0042, 0x0042,
  0x0042, 0x0062, 0x0042, 0x0042, 0x0042, 0x0042, 0x0042, 0x0042, 0x0042, 0x0042, 0x0042, 0x0042,
  0x0062, 0x0062, 0x0042, 0x0062, 0x0042, 0x0042, 0x0042, 0x0042, 0x0042, 0x0042, 0x0042, 0x0042,
  0x0042, 0x0042, 0x0042, 0x0062, 0x0062, 0x0062, 0x0062, 0x0042, 0x0042, 0x0042, 0x0042, 0x0042,
  0x0042, 0x0042, 0x0042, 0x0062, 0x0062, 0x0062, 0x0062, 0x0062, 0x0062, 0x0062, 0x0062, 0x0062,
  0x0063, 0x0063, 0x0062, 0x0062, 0x0062, 0x0063, 0x0062, 0x0063, 0x0062, 0x0062, 0x0062, 0x0062,
  0x0062, 0x0062, 0x0042, 0x0042, 0x0042, 0x0042, 0x0042, 0x0042, 0x0042, 0x0042, 0x0042, 0x0042,
  0x0042, 0x0042, 0x0042, 0x0042, 0x0042, 0x0042, 0x0042, 0x0042, 0x0042, 0x0042, 0x0042, 0x0042,
  0x0042, 0x0042, 0x0042, 0x0042, 0x0042, 0x0042, 0x0042, 0x0042, 0x0042, 0x0042, 0x0042, 0x0042,
  0x0042, 0x0042, 0x0042, 0x0042, 0x0042, 0x0042, 0x0042, 0x0042, 0x0042, 0x0042, 0x0042, 0x0042,
  0x0042, 0x0042, 0x0042, 0x0042, 0x0042, 0x0042, 0x0042, 0x0042, 0x0042, 0x0042, 0x0042, 0x0042,
  0x0042, 0x0042, 0x0042, 0x0042, 0x0042, 0x0042, 0x0042, 0x0042, 0x0042, 0x0042, 0x0042, 0x0042,
  0x0042, 0x0042, 0x0042, 0x0042, 0x0042, 0x0042, 0x0042, 0x0042, 0x0042, 0x0042, 0x0042, 0x0042,
  0x0042, 0x0042, 0x0022, 0x0022, 0x0022, 0x0022, 0x0022, 0x0022, 0x0042, 0x0042, 0x0042, 0x0042,
  0x0022, 0x0022, 0x10c4, 0x1925, 0x2987, 0x0042, 0x0042, 0x0042, 0x0042, 0x0042, 0x0042, 0x0042,
  0x0042, 0x0042, 0x0042, 0x0042, 0x0042, 0x0042, 0x0042, 0x0042, 0x0042, 0x0042, 0x0042, 0x0042,
  0x0042, 0x0042, 0x0042, 0x0042, 0x0042, 0x0042, 0x0042, 0x0042, 0x0042, 0x0042, 0x0042, 0x0042,
  0x0042, 0x0042, 0x0042, 0x0042, 0x0042, 0x0042, 0x0042, 0x0042, 0x0042, 0x0042, 0x0042, 0x0042,
  0x0042, 0x0042, 0x0042, 0x0042, 0x0042, 0x0042, 0x0042, 0x0042, 0x0042, 0x0042, 0x0042, 0x0042,
  0x0042, 0x0042, 0x0042, 0x0042, 0x0042, 0x0042, 0x0042, 0x0042, 0x0042, 0x0042, 0x0062, 0x0062,
  0x0042, 0x0042, 0x0042, 0x0042, 0x0062, 0x0042, 0x0042, 0x0042, 0x0042, 0x0042, 0x0042, 0x0042,
  0x0062, 0x0062, 0x0062, 0x0062, 0x0062, 0x0062, 0x0062, 0x0062, 0x0062, 0x0062, 0x0042, 0x0042,
  0x0042, 0x0042, 0x0042, 0x0042, 0x0042, 0x0042, 0x0042, 0x0042, 0x0042, 0x0042, 0x0042, 0x0042,
  0x0042, 0x0083, 0x0042, 0x0042, 0x0042, 0x0042, 0x0042, 0x0042, 0x0042, 0x0042, 0x0042, 0x0042,
  0x0042, 0x0042, 0x0042, 0x0042, 0x0042, 0x0042, 0x0042, 0x0042, 0x0042, 0x0042, 0x0042, 0x0042,
  0x0042, 0x0042, 0x0062, 0x0042, 0x0042, 0x0042, 0x0042, 0x0042, 0x0042, 0x0042, 0x0042, 0x0062,
  0x0062, 0x0042, 0x0042, 0x0062, 0x0042, 0x0042, 0x0042, 0x0042, 0x0042, 0x0062, 0x0062, 0x0042,
  0x0042, 0x0042, 0x0062, 0x0062, 0x0042, 0x0062, 0x0042, 0x0042, 0x0042, 0x0042, 0x0062, 0x0062,
  0x0042, 0x0042, 0x0042, 0x0042, 0x0042, 0x0042, 0x0042, 0x0042, 0x0042, 0x0042, 0x0042, 0x0062,
  0x0042, 0x0062, 0x0042, 0x0042, 0x0062, 0x0042, 0x0042, 0x0042, 0x0042, 0x0042, 0x0062, 0x0062,
  0x0063, 0x0062, 0x0042, 0x0042, 0x0042, 0x0042, 0x0042, 0x0042, 0x0042, 0x0042, 0x0042, 0x0042,
  0x0062, 0x0062, 0x0042, 0x0062, 0x0062, 0x0062, 0x0062, 0x0062, 0x0062, 0x0062, 0x0062, 0x0062,
  0x0062, 0x0062, 0x0062, 0x0063, 0x0063, 0x0062, 0x0062, 0x0062, 0x0062, 0x0062, 0x0062, 0x0062,
  0x0042, 0x0042, 0x0042, 0x0042, 0x0042, 0x0042, 0x0042, 0x0042, 0x0042, 0x0042, 0x0042, 0x0062,
  0x0042, 0x0042, 0x0042, 0x0042, 0x0042, 0x0042, 0x0042, 0x0042, 0x0042, 0x0042, 0x0042, 0x0042,
  0x0042, 0x0042, 0x0042, 0x0042, 0x0042, 0x0042, 0x0042, 0x0042, 0x0042, 0x0042, 0x0042, 0x0042,
  0x0042, 0x0042, 0x0042, 0x0042, 0x0042, 0x0042, 0x0042, 0x0042, 0x0042, 0x0042, 0x0042, 0x0042,
  0x0042, 0x0042, 0x0042, 0x0042, 0x0042, 0x0042, 0x0042, 0x0042, 0x0042, 0x0042, 0x0042, 0x0042,
  0x0042, 0x0042, 0x0042, 0x0042, 0x0042, 0x0042, 0x0042, 0x0042, 0x0042, 0x0042, 0x0042, 0x0042,
  0x0042, 0x0042, 0x0042, 0x0042, 0x0042, 0x0042, 0x0042, 0x0022, 0x0022, 0x0022, 0x0022, 0x0022,
  0x0022, 0x0022, 0x0022, 0x0022, 0x0022, 0x0022, 0x0022, 0x0022, 0x0042, 0x0022, 0x10c4, 0x1926,
  0x29a7, 0x0042, 0x0042, 0x0042, 0x0042, 0x0042, 0x0042, 0x0042, 0x0042, 0x0042, 0x0042, 0x0042,
  0x0042, 0x0042, 0x0042, 0x0042, 0x0042, 0x0042, 0x0042, 0x0042, 0x0042, 0x0042, 0x0042, 0x0042,
  0x0042, 0x0042, 0x0042, 0x0042, 0x0042, 0x0042, 0x0042, 0x0042, 0x0042, 0x0042, 0x0042, 0x0042,
  0x0042, 0x0042, 0x0042, 0x0042, 0x0042, 0x0042, 0x0042, 0x0042, 0x0042, 0x0042, 0x0042, 0x0042,
  0x0042, 0x0042, 0x0042, 0x0042, 0x0042, 0x0042, 0x0042, 0x0042, 0x0042, 0x0042, 0x0042, 0x0042,
  0x0042, 0x0042, 0x0042, 0x0042, 0x0042, 0x0042, 0x0062, 0x0042, 0x0042, 0x0042, 0x0062, 0x0062,
  0x0062, 0x0062, 0x0042, 0x0062, 0x0042, 0x0042, 0x0042, 0x0062, 0x0042, 0x0062, 0x0062, 0x0062,
  0x0062, 0x0062, 0x0042, 0x0042, 0x0062, 0x0042, 0x0042, 0x0042, 0x0042, 0x0042, 0x0042, 0x0042,
  0x0042, 0x0042, 0x0042, 0x0042, 0x0042, 0x0042, 0x0042, 0x0042, 0x0042, 0x0042, 0x0042, 0x0042,
  0x0042, 0x0042, 0x0042, 0x0042, 0x0042, 0x0042, 0x0042, 0x0042, 0x0042, 0x0042, 0x0042, 0x0042,
  0x0042, 0x0062, 0x0042, 0x0042, 0x0042, 0x0042, 0x0042, 0x0042, 0x0062, 0x0042, 0x0042, 0x0042,
  0x0042, 0x0042, 0x0042, 0x0042, 0x0042, 0x0042, 0x0042, 0x0042, 0x0042, 0x0042, 0x0042, 0x0042,
  0x0042, 0x0042, 0x0042, 0x0042, 0x0042, 0x0042, 0x0042, 0x0042, 0x0062, 0x0042, 0x0042, 0x0062,
  0x0042, 0x0042, 0x0042, 0x0042, 0x0042, 0x0042, 0x0062, 0x0042, 0x0042, 0x0042, 0x0042, 0x0042,
  0x0042, 0x0042, 0x0042, 0x0042, 0x0062, 0x0042, 0x0042, 0x0042, 0x0042, 0x0042, 0x0042, 0x0042,
  0x0062, 0x0062, 0x0062, 0x0042, 0x0042, 0x0062, 0x0062, 0x0062, 0x0062, 0x0042, 0x0042, 0x0042,
  0x0042, 0x0042, 0x0042, 0x0042, 0x0042, 0x0042, 0x0042, 0x0062, 0x0062, 0x0062, 0x0062, 0x0062,
  0x0062, 0x0062, 0x0063, 0x0063, 0x0063, 0x0062, 0x0062, 0x0062, 0x0062, 0x0062, 0x0063, 0x0063,
  0x0063, 0x0062, 0x0062, 0x0062, 0x0062, 0x0062, 0x0042, 0x0042, 0x0062, 0x0062, 0x0042, 0x0062,
  0x0042, 0x0042, 0x0042, 0x0042, 0x0042, 0x0042, 0x0042, 0x0062, 0x0042, 0x0042, 0x0042, 0x0042,
  0x0042, 0x0042, 0x0042, 0x0042, 0x0042, 0x0042, 0x0042, 0x0042, 0x0042, 0x0042, 0x0042, 0x0042,
  0x0042, 0x0042, 0x0042, 0x0042, 0x0042, 0x0042, 0x0042, 0x0042, 0x0042, 0x0042, 0x0042, 0x0042,
  0x0042, 0x0042, 0x0042, 0x0042, 0x0042, 0x0042, 0x0042, 0x0042, 0x0042, 0x0042, 0x08a3, 0x0062,
  0x0042, 0x0042, 0x0062, 0x0042, 0x0042, 0x0042, 0x0042, 0x0042, 0x0042, 0x0042, 0x0042, 0x0042,
  0x0042, 0x0042, 0x0042, 0x0042, 0x0042, 0x0042, 0x0042, 0x0042, 0x0042, 0x0042, 0x0042, 0x0042,
  0x0042, 0x0042, 0x0042, 0x0022, 0x0022, 0x0021, 0x0022, 0x0022, 0x0022, 0x0022, 0x0042, 0x0022,
  0x0022, 0x0022, 0x0021, 0x0022, 0x0042, 0x0022, 0x10c4, 0x1926, 0x21a8, 0x0062, 0x0042, 0x0042,
  0x0042, 0x0042, 0x0042, 0x0042, 0x0042, 0x0042, 0x0042, 0x0042, 0x0042, 0x0042, 0x0042, 0x0042,
  0x0042, 0x0042, 0x0042, 0x0042, 0x0042, 0x0042, 0x0042, 0x0042, 0x0042, 0x0042, 0x0042, 0x0042,
  0x0042, 0x0042, 0x0042, 0x0042, 0x0042, 0x0042, 0x0042, 0x0042, 0x0042, 0x0042, 0x0042, 0x0042,
  0x0042, 0x0042, 0x0042, 0x0042, 0x0042, 0x0042, 0x0042, 0x0042, 0x0042, 0x0042, 0x0042, 0x0042,
  0x0042, 0x0042, 0x0042, 0x0042, 0x0042, 0x0042, 0x0042, 0x0042, 0x0042, 0x0042, 0x0042, 0x0042,
  0x0042, 0x0042, 0x0062, 0x0062, 0x0062, 0x0062, 0x0042, 0x0062, 0x0042, 0x0042, 0x0062, 0x0062,
  0x0042, 0x0042, 0x0042, 0x0062, 0x0062, 0x0062, 0x0062, 0x0062, 0x0062, 0x0062, 0x0062, 0x0062,
  0x0062, 0x0062, 0x0042, 0x0042, 0x0042, 0x0062, 0x0062, 0x0042, 0x0042, 0x0042, 0x0042, 0x0042,
  0x0042, 0x0042, 0x0042, 0x0042, 0x0042, 0x0042, 0x0042, 0x0042, 0x0042, 0x0042, 0x0042, 0x0042,
  0x0042, 0x0042, 0x0042, 0x0042, 0x0062, 0x0042, 0x0042, 0x0062, 0x0042, 0x0042, 0x0042, 0x0042,
  0x0042, 0x0042, 0x0042, 0x0042, 0x0062, 0x0042, 0x0042, 0x0042, 0x0042, 0x0042, 0x0042, 0x0042,
  0x0042, 0x0042, 0x0042, 0x0042, 0x0042, 0x0042, 0x0042, 0x0042, 0x0042, 0x0042, 0x0042, 0x0042,
  0x0042, 0x0042, 0x0042, 0x0042, 0x0042, 0x0062, 0x0062, 0x0062, 0x0042, 0x0042, 0x0042, 0x0042,
  0x0042, 0x0042, 0x0042, 0x0042, 0x0062, 0x0042, 0x0042, 0x0042, 0x0042, 0x0062, 0x0042, 0x0062,
  0x0042, 0x0042, 0x0042, 0x0042, 0x0042, 0x0042, 0x0062, 0x0042, 0x0062, 0x0062, 0x0042, 0x0042,
  0x0042, 0x0042, 0x0062, 0x0062, 0x0062, 0x0062, 0x0062, 0x0062, 0x0042, 0x0042, 0x0042, 0x0042,
  0x0042, 0x0042, 0x0042, 0x0062, 0x0042, 0x0062, 0x1905, 0x0883, 0x0062, 0x0062, 0x0063, 0x0063,
  0x0062, 0x0062, 0x0063, 0x0062, 0x0062, 0x0062, 0x0063, 0x0063, 0x0063, 0x0063, 0x0062, 0x0063,
  0x0063, 0x0062, 0x0062, 0x0062, 0x0062, 0x0042, 0x0042, 0x0042, 0x0042, 0x0042, 0x0042, 0x0042,
  0x0042, 0x0042, 0x0042, 0x0042, 0x0042, 0x0042, 0x0042, 0x0042, 0x0042, 0x0042, 0x0042, 0x0042,
  0x0042, 0x0042, 0x0042, 0x0042, 0x0042, 0x0042, 0x0042, 0x0042, 0x0042, 0x0042, 0x0042, 0x0042,
  0x0042, 0x0042, 0x0042, 0x0042, 0x0042, 0x0042, 0x0042, 0x0042, 0x0042, 0x0042, 0x0042, 0x0042,
  0x0042, 0x0042, 0x0042, 0x0042, 0x0042, 0x0042, 0x10a3, 0x0062, 0x0042, 0x0042, 0x0042, 0x0042,
  0x0042, 0x0042, 0x0042, 0x0042, 0x0042, 0x0042, 0x0042, 0x0042, 0x0042, 0x0042, 0x0042, 0x0042,
  0x0042, 0x0042, 0x0042, 0x0042, 0x0042, 0x0042, 0x0042, 0x0042, 0x0042, 0x0042, 0x0022, 0x0022,
  0x0022, 0x0022, 0x0022, 0x0021, 0x0021, 0x0022, 0x0022, 0x0022, 0x0022, 0x0022, 0x0022, 0x0022,
  0x0042, 0x0042, 0x10e4, 0x1926, 0x29a7, 0x0062, 0x0042, 0x0042, 0x0042, 0x0042, 0x0042, 0x0042,
  0x0042, 0x0042, 0x0042, 0x0042, 0x0042, 0x0042, 0x0042, 0x0042, 0x0042, 0x0042, 0x0042, 0x0042,
  0x0042, 0x0042, 0x0042, 0x0042, 0x0042, 0x0042, 0x0042, 0x0042, 0x0042, 0x0042, 0x0042, 0x0042,
  0x0042, 0x0042, 0x0042, 0x0042, 0x0042, 0x0042, 0x0042, 0x0042, 0x0042, 0x0042, 0x0042, 0x0042,
  0x0042, 0x0042, 0x0042, 0x0042, 0x0042, 0x0042, 0x0042, 0x0042, 0x0042, 0x0042, 0x0042, 0x0042,
  0x0042, 0x0042, 0x0042, 0x0042, 0x0042, 0x0042, 0x0042, 0x0042, 0x0042, 0x0042, 0x0042, 0x0062,
  0x0062, 0x0062, 0x0062, 0x0062, 0x0042, 0x0062, 0x0062, 0x0062, 0x0062, 0x0042, 0x0042, 0x0062,
  0x0062, 0x0062, 0x0062, 0x0062, 0x0062, 0x0062, 0x0062, 0x0062, 0x0062, 0x0062, 0x0062, 0x0062,
  0x0042, 0x0042, 0x0042, 0x0042, 0x0042, 0x0042, 0x0042, 0x0042, 0x0042, 0x0042, 0x0042, 0x0042,
  0x0042, 0x0042, 0x0042, 0x0042, 0x0042, 0x0042, 0x0042, 0x0042, 0x0042, 0x0042, 0x0042, 0x0042,
  0x0042, 0x0042, 0x0062, 0x0042, 0x0042, 0x0042, 0x0042, 0x0042, 0x0042, 0x0042, 0x0042, 0x0042,
  0x0042, 0x0042, 0x0042, 0x0042, 0x0042, 0x0083, 0x0042, 0x0042, 0x0042, 0x0042, 0x0042, 0x0042,
  0x0042, 0x0042, 0x0042, 0x0042, 0x0042, 0x0042, 0x0042, 0x0042, 0x0042, 0x0042, 0x0042, 0x0042,
  0x0062, 0x0062, 0x0062, 0x0042, 0x0042, 0x0042, 0x0062, 0x0062, 0x0062, 0x0042, 0x0042, 0x0042,
  0x0042, 0x0042, 0x0042, 0x0042, 0x0042, 0x0042, 0x0042, 0x0062, 0x0062, 0x0062, 0x0042, 0x0042,
  0x0042, 0x0042, 0x0042, 0x0042, 0x0062, 0x0062, 0x0042, 0x0042, 0x0042, 0x0042, 0x0042, 0x0062,
  0x0062, 0x0042, 0x0042, 0x0042, 0x0042, 0x0042, 0x0042, 0x0042, 0x0062, 0x0062, 0x0062, 0x0062,
  0x0062, 0x0062, 0x08a3, 0x0062, 0x0062, 0x0062, 0x0062, 0x0063, 0x0063, 0x0063, 0x0063, 0x0062,
  0x0062, 0x0063, 0x0063, 0x0063, 0x0063, 0x0063, 0x0062, 0x0062, 0x0062, 0x0062, 0x0042, 0x0042,
  0x0062, 0x0042, 0x0042, 0x0042, 0x0042, 0x0042, 0x0042, 0x0042, 0x0042, 0x0042, 0x0042, 0x0042,
  0x0042, 0x0042, 0x0042, 0x0042, 0x0042, 0x0042, 0x0042, 0x0062, 0x0042, 0x0042, 0x0042, 0x0042,
  0x0042, 0x0042, 0x0042, 0x0042, 0x0042, 0x0042, 0x0042, 0x0042, 0x0042, 0x0042, 0x0042, 0x0042,
  0x0042, 0x0042, 0x0042, 0x0042, 0x0042, 0x0042, 0x0042, 0x0042, 0x0042, 0x0042, 0x0042, 0x0042,
  0x0042, 0x0042, 0x0042, 0x0042, 0x0042, 0x0042, 0x0042, 0x0042, 0x0042, 0x0042, 0x0042, 0x0042,
  0x0042, 0x0042, 0x0042, 0x0042, 0x0042, 0x0042, 0x0042, 0x0042, 0x0042, 0x0042, 0x0042, 0x0042,
  0x0042, 0x0042, 0x0042, 0x0042, 0x0042, 0x0042, 0x0042, 0x0022, 0x0021, 0x0022, 0x0022, 0x0021,
  0x0022, 0x0022, 0x0042, 0x0022, 0x0022, 0x0022, 0x0022, 0x0042, 0x0042, 0x0022, 0x10e4, 0x1926,
  0x2987, 0x0062, 0x0042, 0x0042, 0x0042, 0x0042, 0x0042, 0x0042, 0x0042, 0x0042, 0x0042, 0x0042,
  0x0042, 0x0042, 0x0042, 0x0042, 0x0042, 0x0042, 0x0042, 0x0042, 0x0042, 0x0042, 0x0042, 0x0042,
  0x0042, 0x0042, 0x0042, 0x0042, 0x0042, 0x0042, 0x0042, 0x0042, 0x0042, 0x0042, 0x0042, 0x0042,
  0x0042, 0x0042, 0x0042, 0x0042, 0x0042, 0x0042, 0x0042, 0x0042, 0x0042, 0x0042, 0x0042, 0x0042,
  0x0042, 0x0042, 0x0042, 0x0042, 0x0042, 0x0042, 0x0042, 0x0042, 0x0042, 0x0042, 0x0042, 0x0042,
  0x0042, 0x0042, 0x0042, 0x0042, 0x0042, 0x0042, 0x0042, 0x0042, 0x0042, 0x0062, 0x0062, 0x0062,
  0x0062, 0x0062, 0x0062, 0x0062, 0x0062, 0x0062, 0x0042, 0x0042, 0x0062, 0x0062, 0x0042, 0x0062,
  0x0062, 0x0062, 0x0063, 0x0062, 0x0063, 0x0063, 0x0062, 0x0063, 0x0062, 0x0042, 0x0042, 0x0042,
  0x0042, 0x0042, 0x0042, 0x0042, 0x0042, 0x0042, 0x0042, 0x0042, 0x0042, 0x0042, 0x0042, 0x0042,
  0x0042, 0x0042, 0x0042, 0x0042, 0x0042, 0x0042, 0x0042, 0x0042, 0x0042, 0x0042, 0x0062, 0x0042,
  0x0042, 0x0042, 0x0042, 0x0042, 0x0042, 0x0042, 0x0042, 0x0042, 0x0042, 0x0042, 0x0042, 0x0042,
  0x0042, 0x18e4, 0x0083, 0x0042, 0x0042, 0x0042, 0x0042, 0x0062, 0x0062, 0x0062, 0x0042, 0x0042,
  0x0042, 0x0042, 0x0042, 0x0042, 0x0042, 0x0042, 0x0042, 0x0042, 0x0062, 0x0062, 0x0062, 0x0042,
  0x0062, 0x0042, 0x0062, 0x0062, 0x0062, 0x0042, 0x0042, 0x0042, 0x0062, 0x0042, 0x0062, 0x0042,
  0x0042, 0x0042, 0x0042, 0x0042, 0x0042, 0x0062, 0x0042, 0x0042, 0x0042, 0x0042, 0x0042, 0x0042,
  0x0062, 0x0042, 0x0042, 0x0042, 0x0042, 0x0042, 0x0062, 0x0042, 0x0042, 0x0042, 0x0042, 0x0042,
  0x0062, 0x0062, 0x0042, 0x0062, 0x0062, 0x0062, 0x0062, 0x0062, 0x0062, 0x0062, 0x0062, 0x0063,
  0x0063, 0x0062, 0x0063, 0x0063, 0x0062, 0x0063, 0x0063, 0x0063, 0x0062, 0x0063, 0x0063, 0x0063,
  0x0063, 0x0063, 0x0062, 0x0063, 0x0062, 0x0042, 0x0062, 0x0042, 0x0062, 0x0042, 0x0042, 0x0042,
  0x0042, 0x0062, 0x0042, 0x0042, 0x0042, 0x0042, 0x0042, 0x0042, 0x0042, 0x0042, 0x0042, 0x0042,
  0x0042, 0x0042, 0x0042, 0x0042, 0x0042, 0x0042, 0x0042, 0x0042, 0x0042, 0x0042, 0x0042, 0x0042,
  0x0042, 0x0042, 0x0042, 0x0042, 0x0042, 0x0042, 0x0042, 0x0042, 0x0042, 0x0042, 0x0042, 0x0042,
  0x0042, 0x0042, 0x0042, 0x0042, 0x0042, 0x0042, 0x0042, 0x0042, 0x0042, 0x0042, 0x0042, 0x0042,
  0x0042, 0x0042, 0x0042, 0x0042, 0x0042, 0x0042, 0x0042, 0x0042, 0x0042, 0x0042, 0x0042, 0x0042,
  0x0042, 0x0042, 0x0042, 0x0042, 0x0042, 0x0042, 0x0042, 0x0042, 0x0042, 0x0042, 0x0042, 0x0042,
  0x0042, 0x0042, 0x0042, 0x0042, 0x0022, 0x0042, 0x0042, 0x0022, 0x0042, 0x0042, 0x0042, 0x0042,
  0x0022, 0x0022, 0x0042, 0x0042, 0x0022, 0x0022, 0x10e4, 0x1926, 0x2987, 0x0062, 0x0042, 0x0042,
  0x0042, 0x0042, 0x0042, 0x0042, 0x0042, 0x0042, 0x0042, 0x0042, 0x0042, 0x0042, 0x0042, 0x0042,
  0x0042, 0x0042, 0x0042, 0x0042, 0x0042, 0x0042, 0x0042, 0x0042, 0x0042, 0x0042, 0x0042, 0x0042,
  0x0042, 0x0042, 0x0042, 0x0042, 0x0042, 0x0042, 0x0042, 0x0042, 0x0042, 0x0042, 0x0042, 0x0042,
  0x0042, 0x0042, 0x0042, 0x0042, 0x0042, 0x0042, 0x0042, 0x0042, 0x0042, 0x0042, 0x0042, 0x0042,
  0x0042, 0x0042, 0x0042, 0x0042, 0x0042, 0x0042, 0x0042, 0x0042, 0x0042, 0x0042, 0x0042, 0x0042,
  0x0042, 0x0042, 0x0042, 0x0042, 0x0042, 0x0062, 0x0062, 0x0062, 0x0062, 0x0062, 0x0062, 0x0042,
  0x0062, 0x0042, 0x0042, 0x0062, 0x0062, 0x0062, 0x0062, 0x0062, 0x0062, 0x0062, 0x0063, 0x0062,
  0x0062, 0x0062, 0x0042, 0x0042, 0x0042, 0x0042, 0x0042, 0x0042, 0x0042, 0x0042, 0x0042, 0x0042,
  0x10c4, 0x10e4, 0x0042, 0x0042, 0x0042, 0x0042, 0x0042, 0x0042, 0x0062, 0x0042, 0x0042, 0x0062,
  0x0042, 0x0042, 0x0042, 0x0042, 0x0042, 0x0062, 0x0062, 0x0062, 0x0042, 0x0042, 0x0042, 0x0062,
  0x0062, 0x0042, 0x0042, 0x0042, 0x0062, 0x0062, 0x0042, 0x0042, 0x0042, 0x0042, 0x0042, 0x0042,
  0x0042, 0x0042, 0x0062, 0x0062, 0x0062, 0x0062, 0x0042, 0x0042, 0x0042, 0x0042, 0x0042, 0x0042,
  0x0042, 0x0042, 0x0042, 0x0042, 0x0042, 0x0042, 0x0062, 0x0062, 0x0042, 0x0062, 0x0062, 0x0062,
  0x0062, 0x0042, 0x0042, 0x0062, 0x0062, 0x0062, 0x0062, 0x0062, 0x0042, 0x0042, 0x0042, 0x0042,
  0x0062, 0x0042, 0x0042, 0x0042, 0x0062, 0x0062, 0x0042, 0x0062, 0x0042, 0x0042, 0x0042, 0x0042,
  0x0062, 0x0042, 0x0042, 0x0062, 0x0062, 0x0062, 0x0042, 0x0042, 0x0062, 0x0062, 0x0062, 0x0062,
  0x0062, 0x0062, 0x0062, 0x0062, 0x0062, 0x0062, 0x0062, 0x0063, 0x0062, 0x0062, 0x0063, 0x0063,
  0x0062, 0x0062, 0x0062, 0x0063, 0x0063, 0x0063, 0x0063, 0x0063, 0x0063, 0x0062, 0x0062, 0x0062,
  0x0062, 0x0062, 0x0042, 0x0042, 0x0042, 0x0062, 0x0062, 0x0062, 0x0062, 0x0042, 0x0062, 0x0042,
  0x0042, 0x0042, 0x0042, 0x0042, 0x0042, 0x0042, 0x0042, 0x0042, 0x0042, 0x0042, 0x0042, 0x0042,
  0x0062, 0x0042, 0x0042, 0x0042, 0x0042, 0x0042, 0x0042, 0x0042, 0x0042, 0x0042, 0x0042, 0x0042,
  0x0042, 0x0042, 0x0042, 0x0042, 0x0042, 0x0042, 0x0042, 0x0042, 0x0042, 0x0042, 0x0042, 0x0042,
  0x0042, 0x0042, 0x0042, 0x0042, 0x0042, 0x0042, 0x0042, 0x0042, 0x0042, 0x0042, 0x0042, 0x0042,
  0x0042, 0x0042, 0x0042, 0x0042, 0x0042, 0x0042, 0x0042, 0x0042, 0x0042, 0x0042, 0x0042, 0x0042,
  0x0042, 0x0042, 0x0042, 0x0042, 0x0042, 0x0042, 0x0042, 0x0042, 0x0042, 0x0042, 0x0042, 0x0042,
  0x0042, 0x0042, 0x0042, 0x0042, 0x0042, 0x0042, 0x0042, 0x0042, 0x0042, 0x0042, 0x0042, 0x0042,
  0x0042, 0x0042, 0x10e4, 0x1926, 0x2987, 0x0062, 0x0042, 0x0042, 0x0042, 0x0042, 0x0042, 0x0042,
  0x0042, 0x0042, 0x0042, 0x0042, 0x0042, 0x0042, 0x0042, 0x0042, 0x0042, 0x0042, 0x0042, 0x0042,
  0x0042, 0x0042, 0x0042, 0x0042, 0x0042, 0x0042, 0x0042, 0x0042, 0x0042, 0x0042, 0x0042, 0x0042,
  0x0042, 0x0042, 0x0042, 0x0042, 0x0042, 0x0042, 0x0042, 0x0042, 0x0042, 0x0042, 0x0042, 0x0042,
  0x0042, 0x0042, 0x0042, 0x0042, 0x0042, 0x0042, 0x0042, 0x0042, 0x0042, 0x0042, 0x0042, 0x0042,
  0x0042, 0x0042, 0x0042, 0x0042, 0x0042, 0x0042, 0x0042, 0x0042, 0x0042, 0x0042, 0x0042, 0x0042,
  0x0042, 0x0062, 0x0062, 0x0062, 0x0062, 0x0062, 0x0062, 0x0062, 0x0062, 0x0062, 0x0062, 0x0063,
  0x0062, 0x0062, 0x0062, 0x0062, 0x0062, 0x0062, 0x0063, 0x0062, 0x0062, 0x0042, 0x0042, 0x0042,
  0x0042, 0x0042, 0x0042, 0x0042, 0x0042, 0x0042, 0x0062, 0x0042, 0x0883, 0x08a3, 0x0042, 0x0042,
  0x0042, 0x0042, 0x0042, 0x0062, 0x0062, 0x0062, 0x0062, 0x0062, 0x0062, 0x0062, 0x0042, 0x0042,
  0x0042, 0x0042, 0x0062, 0x0062, 0x0062, 0x0042, 0x0062, 0x0062, 0x0062, 0x0042, 0x0042, 0x0042,
  0x0042, 0x0062, 0x0062, 0x0042, 0x0042, 0x0042, 0x0042, 0x0042, 0x0042, 0x0042, 0x0062, 0x0062,
  0x0062, 0x0062, 0x0062, 0x0062, 0x0042, 0x0042, 0x0042, 0x0042, 0x0062, 0x0042, 0x0042, 0x0042,
  0x0042, 0x0042, 0x0042, 0x0042, 0x0042, 0x0062, 0x0062, 0x0062, 0x0062, 0x0062, 0x0062, 0x0062,
  0x0062, 0x0062, 0x0062, 0x0062, 0x0062, 0x0062, 0x0062, 0x0062, 0x0062, 0x0062, 0x0062, 0x0062,
  0x0062, 0x10c4, 0x0083, 0x0042, 0x0042, 0x0042, 0x0042, 0x0042, 0x0042, 0x0042, 0x0062, 0x0062,
  0x0062, 0x0062, 0x0062, 0x0042, 0x0042, 0x0042, 0x0062, 0x0062, 0x0062, 0x0062, 0x0062, 0x0062,
  0x0062, 0x0062, 0x0062, 0x0062, 0x0062, 0x0063, 0x0063, 0x0062, 0x0063, 0x0063, 0x0083, 0x0063,
  0x0063, 0x0063, 0x0063, 0x0063, 0x0063, 0x0062, 0x0062, 0x0062, 0x0062, 0x0062, 0x0062, 0x0042,
  0x0042, 0x0042, 0x0042, 0x0062, 0x0042, 0x0042, 0x0062, 0x0042, 0x0042, 0x0042, 0x0042, 0x0042,
  0x0042, 0x0042, 0x0042, 0x0042, 0x0042, 0x0042, 0x0042, 0x0042, 0x0042, 0x0042, 0x0042, 0x0042,
  0x0042, 0x0042, 0x0042, 0x0042, 0x0042, 0x0042, 0x0042, 0x0042, 0x0042, 0x0042, 0x0042, 0x0042,
  0x0042, 0x0042, 0x0042, 0x0042, 0x0042, 0x0042, 0x0042, 0x0042, 0x0042, 0x0042, 0x0042, 0x0042,
  0x0042, 0x0042, 0x0042, 0x0042, 0x0042, 0x0042, 0x0042, 0x0042, 0x0042, 0x0042, 0x0042, 0x0042,
  0x0042, 0x0042, 0x0042, 0x0042, 0x0042, 0x0042, 0x0042, 0x0042, 0x0042, 0x0042, 0x0042, 0x0042,
  0x0042, 0x0042, 0x0042, 0x0042, 0x0042, 0x0042, 0x0042, 0x0042, 0x0042, 0x0042, 0x0042, 0x0042,
  0x0042, 0x0042, 0x08a3, 0x0062, 0x0042, 0x0042, 0x0042, 0x0042, 0x0042, 0x0042, 0x10e4, 0x1946,
  0x2167, 0x0062, 0x0042, 0x0042, 0x0042, 0x0042, 0x0042, 0x0042, 0x0042, 0x0042, 0x0042, 0x0042,
  0x0042, 0x0042, 0x0042, 0x0042, 0x0042, 0x0042, 0x0042, 0x0042, 0x0042, 0x0042, 0x0042, 0x0042,
  0x0042, 0x0042, 0x0042, 0x0042, 0x0042, 0x0042, 0x0042, 0x0042, 0x0042, 0x0042, 0x0042, 0x0042,
  0x0042, 0x0042, 0x0042, 0x0042, 0x0042, 0x0042, 0x0042, 0x0042, 0x0042, 0x0042, 0x0042, 0x0042,
  0x0042, 0x0042, 0x0042, 0x0042, 0x0042, 0x0042, 0x0042, 0x0042, 0x0042, 0x0042, 0x0042, 0x0042,
  0x0042, 0x0042, 0x0042, 0x0042, 0x0042, 0x0042, 0x0042, 0x0062, 0x0062, 0x0063, 0x0063, 0x0063,
  0x0062, 0x0062, 0x0062, 0x0062, 0x0062, 0x0042, 0x0062, 0x0062, 0x0062, 0x0062, 0x0062, 0x0062,
  0x0062, 0x0062, 0x0063, 0x0062, 0x0062, 0x0062, 0x0042, 0x0042, 0x0042, 0x0042, 0x0042, 0x0042,
  0x0042, 0x0042, 0x0042, 0x0062, 0x0042, 0x0062, 0x0042, 0x0042, 0x0042, 0x0042, 0x0042, 0x0042,
  0x0042, 0x0062, 0x0062, 0x0062, 0x0062, 0x0062, 0x0062, 0x0062, 0x0062, 0x0062, 0x0062, 0x0062,
  0x0062, 0x0062, 0x0062, 0x0062, 0x0042, 0x0042, 0x0042, 0x0042, 0x0042, 0x0042, 0x0062, 0x0042,
  0x0042, 0x0042, 0x0042, 0x0042, 0x0042, 0x0062, 0x0062, 0x0062, 0x0062, 0x0062, 0x0062, 0x0062,
  0x0042, 0x0062, 0x0062, 0x0062, 0x0062, 0x0042, 0x0042, 0x0062, 0x0042, 0x0042, 0x0062, 0x0062,
  0x0062, 0x0062, 0x0062, 0x0062, 0x0062, 0x0062, 0x0062, 0x0062, 0x0062, 0x0062, 0x0062, 0x0062,
  0x0062, 0x0062, 0x0062, 0x0062, 0x0062, 0x0062, 0x0062, 0x0062, 0x0042, 0x0883, 0x0062, 0x0042,
  0x0042, 0x0062, 0x0062, 0x0042, 0x0062, 0x0062, 0x0062, 0x0062, 0x0062, 0x0062, 0x0062, 0x0062,
  0x0062, 0x0062, 0x0062, 0x0062, 0x0063, 0x0063, 0x0062, 0x0062, 0x0062, 0x0062, 0x0063, 0x0062,
  0x0063, 0x0063, 0x0063, 0x0063, 0x0062, 0x0063, 0x0063, 0x0063, 0x0063, 0x0063, 0x0063, 0x0063,
  0x0063, 0x0062, 0x0062, 0x0062, 0x0062, 0x0062, 0x0062, 0x0042, 0x0042, 0x0062, 0x0042, 0x0062,
  0x0042, 0x0062, 0x0062, 0x0042, 0x0042, 0x0042, 0x0042, 0x0042, 0x0042, 0x0042, 0x0042, 0x0042,
  0x0042, 0x0042, 0x0042, 0x0042, 0x0042, 0x0042, 0x0042, 0x0042, 0x0042, 0x0042, 0x0042, 0x0042,
  0x0042, 0x0042, 0x0042, 0x0042, 0x0042, 0x0042, 0x0042, 0x0042, 0x0042, 0x0042, 0x0042, 0x0042,
  0x0042, 0x0042, 0x0042, 0x0042, 0x0042, 0x0042, 0x0042, 0x0042, 0x0042, 0x0042, 0x0042, 0x0042,
  0x0042, 0x0042, 0x0042, 0x0042, 0x0042, 0x0042, 0x0042, 0x0042, 0x0042, 0x0042, 0x0042, 0x0042,
  0x0042, 0x0042, 0x0042, 0x0042, 0x0062, 0x0042, 0x0042, 0x0042, 0x0042, 0x0042, 0x0042, 0x0042,
  0x0042, 0x0042, 0x0042, 0x0042, 0x0042, 0x0042, 0x0042, 0x0042, 0x0042, 0x0042, 0x0042, 0x0042,
  0x0042, 0x0042, 0x0042, 0x0042, 0x0042, 0x0042, 0x10e4, 0x1946, 0x2167, 0x0042, 0x0042, 0x0042,
  0x0042, 0x0042, 0x0042, 0x0042, 0x0042, 0x0042, 0x0042, 0x0042, 0x0042, 0x0042, 0x0042, 0x0042,
  0x0042, 0x0042, 0x0042, 0x0042, 0x0042, 0x0042, 0x0042, 0x0042, 0x0042, 0x0042, 0x0042, 0x0042,
  0x0042, 0x0042, 0x0042, 0x0042, 0x0042, 0x0042, 0x10c4, 0x0082, 0x0042, 0x0042, 0x0042, 0x0042,
  0x0042, 0x0042, 0x0042, 0x0042, 0x0042, 0x0042, 0x0042, 0x0042, 0x0042, 0x0042, 0x0042, 0x0042,
  0x0042, 0x0042, 0x0042, 0x0042, 0x0042, 0x0042, 0x0042, 0x0042, 0x0042, 0x0042, 0x0042, 0x0042,
  0x0042, 0x0042, 0x0062, 0x0062, 0x0062, 0x0063, 0x0063, 0x0062, 0x0062, 0x0062, 0x0062, 0x0062,
  0x0063, 0x0063, 0x0083, 0x0062, 0x0062, 0x0062, 0x0062, 0x0062, 0x0062, 0x0042, 0x0062, 0x0062,
  0x0062, 0x0062, 0x0042, 0x0042, 0x0042, 0x0062, 0x0062, 0x0042, 0x0042, 0x0042, 0x0062, 0x0062,
  0x0042, 0x0042, 0x0042, 0x0042, 0x0062, 0x0062, 0x0062, 0x0042, 0x0042, 0x0062, 0x0062, 0x0062,
  0x0062, 0x0062, 0x0062, 0x0062, 0x0062, 0x0062, 0x0062, 0x0042, 0x0062, 0x0062, 0x0062, 0x0042,
  0x0042, 0x0042, 0x0042, 0x0042, 0x0042, 0x0062, 0x0042, 0x0042, 0x0042, 0x0042, 0x0083, 0x0062,
  0x0042, 0x0042, 0x0062, 0x0062, 0x0062, 0x0062, 0x0062, 0x0042, 0x0042, 0x0042, 0x0062, 0x0042,
  0x0042, 0x0042, 0x0062, 0x0062, 0x0042, 0x0042, 0x0042, 0x0042, 0x0042, 0x0062, 0x0062, 0x0062,
  0x0062, 0x0062, 0x0062, 0x0062, 0x0062, 0x0062, 0x0062, 0x0062, 0x0062, 0x0062, 0x0062, 0x0062,
  0x0062, 0x0062, 0x0062, 0x0062, 0x0062, 0x0062, 0x0062, 0x0042, 0x0042, 0x0062, 0x0062, 0x0042,
  0x0062, 0x0062, 0x0042, 0x0062, 0x0062, 0x0062, 0x0062, 0x0062, 0x0062, 0x0062, 0x0062, 0x0062,
  0x0062, 0x0062, 0x0062, 0x0062, 0x0062, 0x0062, 0x0063, 0x0063, 0x0063, 0x0063, 0x0063, 0x0063,
  0x0063, 0x0063, 0x0063, 0x0063, 0x0063, 0x0063, 0x0063, 0x0063, 0x0063, 0x0062, 0x0062, 0x0062,
  0x0063, 0x0062, 0x0062, 0x0062, 0x0062, 0x0062, 0x0042, 0x0042, 0x0062, 0x0062, 0x0042, 0x0042,
  0x0042, 0x0042, 0x0062, 0x0042, 0x0042, 0x0042, 0x0042, 0x0042, 0x0042, 0x0042, 0x0042, 0x0042,
  0x0062, 0x0042, 0x0042, 0x0062, 0x0042, 0x0042, 0x0042, 0x0042, 0x0042, 0x0062, 0x0042, 0x0042,
  0x0042, 0x0042, 0x0042, 0x0042, 0x0042, 0x0042, 0x0042, 0x0042, 0x0042, 0x0042, 0x0042, 0x0042,
  0x0042, 0x0042, 0x0042, 0x0042, 0x0042, 0x0042, 0x0042, 0x0042, 0x0042, 0x0042, 0x0042, 0x0042,
  0x0042, 0x0042, 0x0042, 0x0042, 0x0042, 0x0042, 0x0042, 0x0042, 0x0042, 0x0042, 0x0042, 0x0042,
  0x0042, 0x0042, 0x0042, 0x0042, 0x0042, 0x0042, 0x0042, 0x0042, 0x0042, 0x0042, 0x0042, 0x0042,
  0x0042, 0x0042, 0x0042, 0x0042, 0x0042, 0x0042, 0x0042, 0x0042, 0x0042, 0x0042, 0x0042, 0x0042,
  0x0042, 0x0042, 0x10e4, 0x1946, 0x2166, 0x0042, 0x0042, 0x0042, 0x0042, 0x0042, 0x0042, 0x0042,
  0x0042, 0x0042, 0x0042, 0x0042, 0x0042, 0x0042, 0x0042, 0x0042, 0x0042, 0x0042, 0x0042, 0x0042,
  0x0042, 0x0042, 0x0042, 0x0042, 0x0042, 0x0042, 0x0042, 0x0042, 0x0042, 0x0042, 0x0042, 0x0042,
  0x0042, 0x0042, 0x10a3, 0x0082, 0x0042, 0x0042, 0x0042, 0x0042, 0x0042, 0x0042, 0x0042, 0x0042,
  0x0042, 0x0042, 0x0042, 0x0042, 0x0042, 0x0042, 0x0042, 0x0042, 0x0042, 0x0042, 0x0042, 0x0042,
  0x0042, 0x0042, 0x0042, 0x0042, 0x0042, 0x0042, 0x0042, 0x0042, 0x0062, 0x0062, 0x0062, 0x0062,
  0x0062, 0x0063, 0x0062, 0x0062, 0x0062, 0x0062, 0x0063, 0x0063, 0x0062, 0x0062, 0x0062, 0x0062,
  0x0062, 0x0062, 0x0063, 0x0063, 0x0062, 0x0062, 0x0062, 0x0062, 0x0062, 0x0062, 0x0042, 0x0042,
  0x0042, 0x0062, 0x0062, 0x0042, 0x0062, 0x0042, 0x0042, 0x0062, 0x0042, 0x0042, 0x0062, 0x0062,
  0x0062, 0x0062, 0x0062, 0x0062, 0x0062, 0x0062, 0x0062, 0x0062, 0x0062, 0x0062, 0x0062, 0x0062,
  0x0062, 0x0062, 0x0062, 0x0062, 0x0042, 0x0042, 0x0062, 0x0062, 0x0042, 0x0042, 0x0042, 0x0042,
  0x0042, 0x0042, 0x0062, 0x0062, 0x0062, 0x0042, 0x2125, 0x10a3, 0x0042, 0x0042, 0x0062, 0x0063,
  0x0062, 0x0062, 0x0063, 0x0883, 0x0062, 0x0062, 0x0062, 0x0062, 0x0062, 0x0062, 0x0062, 0x0062,
  0x0062, 0x0042, 0x0062, 0x0062, 0x0062, 0x0062, 0x0062, 0x0062, 0x0062, 0x0062, 0x0062, 0x0062,
  0x0062, 0x0062, 0x0063, 0x0062, 0x0062, 0x0062, 0x0062, 0x0063, 0x0062, 0x0062, 0x0062, 0x0063,
  0x0062, 0x0062, 0x0062, 0x0062, 0x0042, 0x0062, 0x0062, 0x0062, 0x0062, 0x0062, 0x0062, 0x0063,
  0x0063, 0x0062, 0x0062, 0x0062, 0x0042, 0x0042, 0x0062, 0x0062, 0x0062, 0x0062, 0x0062, 0x0062,
  0x0062, 0x0063, 0x0063, 0x0063, 0x0063, 0x0063, 0x0063, 0x0063, 0x0063, 0x0063, 0x0063, 0x0063,
  0x0063, 0x0063, 0x0063, 0x0063, 0x0063, 0x0062, 0x0063, 0x0062, 0x0063, 0x0062, 0x0062, 0x0062,
  0x0062, 0x0042, 0x0042, 0x0062, 0x0062, 0x0062, 0x0042, 0x0042, 0x0042, 0x0042, 0x0042, 0x0042,
  0x0042, 0x0042, 0x0042, 0x0042, 0x0042, 0x0042, 0x0062, 0x0042, 0x0042, 0x0042, 0x0042, 0x0042,
  0x0042, 0x0042, 0x0042, 0x0042, 0x0042, 0x08a3, 0x0042, 0x0042, 0x0042, 0x0042, 0x0042, 0x0042,
  0x0042, 0x0042, 0x0042, 0x0042, 0x0042, 0x0042, 0x0042, 0x0042, 0x0042, 0x0042, 0x0042, 0x0042,
  0x0042, 0x0042, 0x0042, 0x0042, 0x0042, 0x0042, 0x0042, 0x0042, 0x0042, 0x0042, 0x0042, 0x0042,
  0x0042, 0x0042, 0x0042, 0x0042, 0x0042, 0x0042, 0x0042, 0x0042, 0x0042, 0x0042, 0x0042, 0x0042,
  0x0042, 0x0042, 0x0042, 0x0042, 0x0042, 0x0042, 0x0042, 0x0042, 0x0042, 0x0042, 0x0042, 0x0042,
  0x0042, 0x0042, 0x0042, 0x0042, 0x0042, 0x0042, 0x0042, 0x0042, 0x0042, 0x0042, 0x10e4, 0x1926,
  0x1967, 0x0042, 0x0042, 0x0042, 0x0042, 0x0042, 0x0042, 0x0042, 0x0042, 0x0042, 0x0042, 0x0042,
  0x0042, 0x0042, 0x0042, 0x0042, 0x0042, 0x0042, 0x0042, 0x0042, 0x0042, 0x0042, 0x0042, 0x0042,
  0x0042, 0x0042, 0x0042, 0x0042, 0x0042, 0x0042, 0x0042, 0x0042, 0x0042, 0x0042, 0x0042, 0x0042,
  0x0042, 0x0042, 0x0042, 0x0042, 0x0042, 0x0042, 0x0042, 0x0042, 0x0042, 0x0042, 0x0042, 0x0042,
  0x0042, 0x0042, 0x0042, 0x0042, 0x0042, 0x0062, 0x0042, 0x0042, 0x0042, 0x0042, 0x0042, 0x0042,
  0x0042, 0x0042, 0x0042, 0x0042, 0x0042, 0x0062, 0x0062, 0x0062, 0x0062, 0x0062, 0x0063, 0x0062,
  0x0062, 0x0062, 0x0062, 0x0063, 0x0062, 0x0062, 0x0062, 0x0063, 0x0063, 0x0063, 0x0063, 0x0063,
  0x0063, 0x0062, 0x0062, 0x0062, 0x0062, 0x0062, 0x0062, 0x0062, 0x0062, 0x0062, 0x0042, 0x0042,
  0x0062, 0x0062, 0x0062, 0x0042, 0x0042, 0x0062, 0x0062, 0x0062, 0x0063, 0x0062, 0x0062, 0x0062,
  0x0062, 0x0062, 0x0062, 0x0062, 0x0062, 0x0062, 0x0062, 0x0063, 0x0062, 0x0062, 0x0062, 0x0042,
  0x0062, 0x0062, 0x0062, 0x0062, 0x0042, 0x0042, 0x0042, 0x0042, 0x0062, 0x0062, 0x0062, 0x0062,
  0x0042, 0x0062, 0x0883, 0x0062, 0x0042, 0x0042, 0x0062, 0x0062, 0x0062, 0x0062, 0x10c4, 0x2125,
  0x0062, 0x0062, 0x0062, 0x0062, 0x0063, 0x0062, 0x0062, 0x0042, 0x0042, 0x0062, 0x0062, 0x0062,
  0x0063, 0x0062, 0x0062, 0x0062, 0x0062, 0x0062, 0x0062, 0x0062, 0x0062, 0x0062, 0x0062, 0x0062,
  0x0062, 0x0062, 0x0062, 0x0063, 0x0063, 0x0062, 0x0062, 0x0062, 0x0063, 0x0062, 0x0062, 0x0062,
  0x0062, 0x0062, 0x0062, 0x0062, 0x0062, 0x0062, 0x0062, 0x0062, 0x0063, 0x0062, 0x0062, 0x0062,
  0x0042, 0x0042, 0x0062, 0x0062, 0x0062, 0x0062, 0x0062, 0x0063, 0x0062, 0x0063, 0x0063, 0x0062,
  0x0063, 0x0063, 0x0063, 0x0063, 0x0063, 0x0063, 0x0063, 0x0063, 0x0063, 0x0063, 0x0063, 0x0063,
  0x0063, 0x0063, 0x0063, 0x0063, 0x0063, 0x0063, 0x0062, 0x0062, 0x0062, 0x0042, 0x0062, 0x0062,
  0x0062, 0x0062, 0x0062, 0x0062, 0x0042, 0x0042, 0x0042, 0x0042, 0x0042, 0x0042, 0x0042, 0x0042,
  0x0042, 0x0042, 0x0042, 0x0062, 0x0062, 0x0042, 0x0062, 0x0042, 0x0042, 0x0042, 0x0042, 0x0042,
  0x0042, 0x0042, 0x0042, 0x0042, 0x0042, 0x0042, 0x0042, 0x0042, 0x0042, 0x0042, 0x0042, 0x0042,
  0x0042, 0x0042, 0x0042, 0x0042, 0x0042, 0x0042, 0x0042, 0x0042, 0x0042, 0x0042, 0x0042, 0x0042,
  0x0042, 0x0042, 0x0042, 0x0042, 0x0042, 0x0042, 0x0042, 0x0042, 0x0042, 0x0042, 0x0042, 0x0042,
  0x0042, 0x0042, 0x0042, 0x0042, 0x0042, 0x0042, 0x0042, 0x0042, 0x0042, 0x0042, 0x0042, 0x0042,
  0x0042, 0x0042, 0x0042, 0x0042, 0x0042, 0x0042, 0x0042, 0x0042, 0x0042, 0x0042, 0x0042, 0x0042,
  0x0042, 0x0042, 0x0042, 0x0042, 0x0042, 0x0042, 0x10e4, 0x1926, 0x1967, 0x0042, 0x0042, 0x0042,
  0x0042, 0x0042, 0x0042, 0x0042, 0x0042, 0x0042, 0x0042, 0x0042, 0x0042, 0x0042, 0x0042, 0x0042,
  0x0042, 0x0042, 0x0042, 0x0042, 0x0042, 0x0042, 0x0042, 0x0042, 0x0042, 0x0042, 0x0042, 0x0042,
  0x0062, 0x0042, 0x0042, 0x0042, 0x0042, 0x0042, 0x0042, 0x0042, 0x0042, 0x0042, 0x0042, 0x0042,
  0x0042, 0x0042, 0x0042, 0x0042, 0x0042, 0x0042, 0x0042, 0x0042, 0x0042, 0x0042, 0x0042, 0x0042,
  0x0042, 0x0042, 0x0042, 0x0042, 0x0042, 0x0042, 0x0042, 0x0042, 0x0042, 0x0042, 0x0042, 0x0042,
  0x0042, 0x0062, 0x0062, 0x0062, 0x0062, 0x0063, 0x0062, 0x0062, 0x0063, 0x0062, 0x0062, 0x0063,
  0x0063, 0x0063, 0x0063, 0x0063, 0x0063, 0x0063, 0x0062, 0x0063, 0x0063, 0x0063, 0x0063, 0x0063,
  0x10e4, 0x08a3, 0x0062, 0x0062, 0x0062, 0x0062, 0x0062, 0x0062, 0x0062, 0x0062, 0x0062, 0x0042,
  0x0042, 0x0062, 0x0062, 0x0062, 0x0062, 0x0062, 0x0062, 0x0062, 0x0062, 0x0062, 0x0062, 0x0062,
  0x0062, 0x0062, 0x0062, 0x0062, 0x0062, 0x0062, 0x0062, 0x0062, 0x0063, 0x0062, 0x0062, 0x0062,
  0x0062, 0x0083, 0x08a3, 0x0062, 0x0062, 0x0062, 0x0062, 0x0063, 0x0062, 0x0062, 0x0062, 0x0062,
  0x0062, 0x0062, 0x0062, 0x0062, 0x0062, 0x0062, 0x0062, 0x0062, 0x0062, 0x0062, 0x0062, 0x0063,
  0x0062, 0x0062, 0x0062, 0x0062, 0x0062, 0x0062, 0x0062, 0x0062, 0x0063, 0x0062, 0x0062, 0x0062,
  0x0062, 0x0062, 0x0062, 0x0062, 0x0062, 0x0062, 0x0062, 0x0062, 0x0062, 0x0062, 0x0062, 0x0063,
  0x0063, 0x0063, 0x0062, 0x0062, 0x0062, 0x0062, 0x0062, 0x0062, 0x0062, 0x0062, 0x0062, 0x0062,
  0x0062, 0x0062, 0x0062, 0x0062, 0x0063, 0x0062, 0x0062, 0x0062, 0x0062, 0x0062, 0x0062, 0x0062,
  0x0063, 0x0062, 0x0062, 0x0063, 0x0063, 0x0063, 0x0063, 0x0063, 0x0063, 0x0063, 0x0063, 0x0063,
  0x0063, 0x0063, 0x0063, 0x0063, 0x0063, 0x0063, 0x0063, 0x0063, 0x0063, 0x0063, 0x0063, 0x0062,
  0x0062, 0x0062, 0x0063, 0x0062, 0x0062, 0x0062, 0x0062, 0x0062, 0x0062, 0x0062, 0x0062, 0x0062,
  0x0062, 0x0062, 0x0042, 0x0042, 0x0042, 0x0042, 0x0042, 0x0042, 0x0042, 0x0042, 0x0042, 0x0062,
  0x0062, 0x0042, 0x0062, 0x0042, 0x0042, 0x0042, 0x0042, 0x0042, 0x0042, 0x0042, 0x0042, 0x0042,
  0x0042, 0x0042, 0x0042, 0x0042, 0x0042, 0x0042, 0x0042, 0x0042, 0x0042, 0x0042, 0x0042, 0x0042,
  0x0042, 0x0042, 0x0042, 0x0042, 0x0042, 0x0042, 0x0042, 0x0042, 0x0042, 0x0042, 0x0042, 0x0042,
  0x0042, 0x0042, 0x0042, 0x0042, 0x0042, 0x0042, 0x0042, 0x0042, 0x0042, 0x0042, 0x0042, 0x0042,
  0x0042, 0x0042, 0x0042, 0x0042, 0x0042, 0x0042, 0x0042, 0x0042, 0x0042, 0x0042, 0x0042, 0x0042,
  0x0042, 0x0042, 0x0042, 0x0042, 0x0042, 0x0042, 0x0042, 0x0042, 0x0042, 0x0042, 0x0042, 0x0042,
  0x0042, 0x0042, 0x08c4, 0x1925, 0x1967, 0x0042, 0x0042, 0x0042, 0x0042, 0x0042, 0x0042, 0x0042,
  0x0042, 0x0042, 0x0042, 0x0042, 0x0042, 0x0042, 0x0042, 0x0042, 0x0042, 0x0042, 0x0042, 0x0042,
  0x0042, 0x0042, 0x0042, 0x0042, 0x0042, 0x0042, 0x0042, 0x0042, 0x0042, 0x0042, 0x0042, 0x0042,
  0x0042, 0x0042, 0x0042, 0x0042, 0x0042, 0x0042, 0x0042, 0x0042, 0x0042, 0x0042, 0x0042, 0x0042,
  0x0042, 0x0042, 0x0062, 0x0042, 0x0042, 0x0042, 0x0042, 0x0042, 0x0042, 0x0042, 0x0062, 0x0042,
  0x0042, 0x0042, 0x0042, 0x0042, 0x0042, 0x0042, 0x0042, 0x0042, 0x0042, 0x0062, 0x0062, 0x0062,
  0x0062, 0x0063, 0x0063, 0x0063, 0x0063, 0x0063, 0x0062, 0x0062, 0x0062, 0x0063, 0x0063, 0x0062,
  0x0063, 0x0063, 0x0062, 0x0063, 0x0063, 0x0063, 0x0063, 0x0062, 0x08a3, 0x0083, 0x0063, 0x0063,
  0x0063, 0x0062, 0x0062, 0x0062, 0x0062, 0x0062, 0x0062, 0x0042, 0x0042, 0x0062, 0x0062, 0x0062,
  0x0062, 0x0062, 0x0042, 0x0062, 0x0062, 0x0062, 0x0062, 0x0062, 0x0062, 0x0062, 0x0062, 0x0062,
  0x0062, 0x0063, 0x0063, 0x0063, 0x0063, 0x0062, 0x0062, 0x0062, 0x0062, 0x0062, 0x0063, 0x0062,
  0x0062, 0x0062, 0x0062, 0x0063, 0x0063, 0x0063, 0x0063, 0x0063, 0x0062, 0x0062, 0x0062, 0x0062,
  0x0062, 0x0062, 0x0062, 0x0062, 0x0063, 0x0063, 0x0063, 0x0062, 0x0063, 0x0063, 0x0062, 0x0062,
  0x0063, 0x0062, 0x0062, 0x0063, 0x0063, 0x0062, 0x0062, 0x0062, 0x0062, 0x0062, 0x0062, 0x0062,
  0x0062, 0x0062, 0x0062, 0x0063, 0x0063, 0x0063, 0x0063, 0x0063, 0x0063, 0x0063, 0x0062, 0x0062,
  0x0062, 0x0062, 0x0063, 0x0062, 0x0062, 0x0062, 0x0062, 0x0062, 0x0063, 0x0062, 0x0063, 0x0063,
  0x0063, 0x0062, 0x0062, 0x0063, 0x0062, 0x0063, 0x0062, 0x0062, 0x0063, 0x0063, 0x0063, 0x0063,
  0x0063, 0x0063, 0x0063, 0x0063, 0x0063, 0x0063, 0x0063, 0x0063, 0x0063, 0x0063, 0x0063, 0x0063,
  0x0063, 0x0063, 0x0063, 0x0063, 0x0063, 0x0063, 0x0063, 0x0063, 0x0063, 0x0062, 0x0062, 0x0062,
  0x0062, 0x0062, 0x0062, 0x0062, 0x0062, 0x0062, 0x0062, 0x0062, 0x0062, 0x0042, 0x0042, 0x0062,
  0x0062, 0x0042, 0x0042, 0x0042, 0x0042, 0x0042, 0x0042, 0x0042, 0x0062, 0x0062, 0x0062, 0x0042,
  0x0042, 0x0042, 0x0042, 0x0042, 0x0042, 0x0042, 0x0042, 0x0042, 0x0042, 0x0042, 0x0042, 0x0042,
  0x0042, 0x0042, 0x0062, 0x0042, 0x0042, 0x0042, 0x0042, 0x0042, 0x0042, 0x0042, 0x0042, 0x0042,
  0x0042, 0x0042, 0x0042, 0x0042, 0x0042, 0x0042, 0x0042, 0x0042, 0x0042, 0x0042, 0x0042, 0x0042,
  0x0042, 0x0042, 0x0042, 0x0042, 0x0042, 0x0042, 0x0042, 0x0042, 0x0042, 0x0042, 0x0042, 0x0042,
  0x0042, 0x0042, 0x0042, 0x0042, 0x0042, 0x0042, 0x0042, 0x0042, 0x0042, 0x0042, 0x0042, 0x0042,
  0x0042, 0x0042, 0x0042, 0x0042, 0x0042, 0x0042, 0x0042, 0x0042, 0x0042, 0x0042, 0x08c4, 0x1925,
  0x1946, 0x0042, 0x0042, 0x0042, 0x0042, 0x0042, 0x0042, 0x0042, 0x0042, 0x0042, 0x0042, 0x0042,
  0x0042, 0x0042, 0x0042, 0x0042, 0x0042, 0x0042, 0x0042, 0x0042, 0x0042, 0x0042, 0x0042, 0x0042,
  0x0042, 0x0042, 0x0042, 0x0042, 0x0042, 0x0042, 0x0042, 0x0042, 0x0042, 0x0042, 0x0042, 0x0042,
  0x0042, 0x0062, 0x0042, 0x0042, 0x0042, 0x0042, 0x0042, 0x0042, 0x0042, 0x0042, 0x0042, 0x0062,
  0x0042, 0x0042, 0x0062, 0x0042, 0x0062, 0x0042, 0x0042, 0x0042, 0x0062, 0x0062, 0x0042, 0x0042,
  0x0042, 0x0042, 0x0042, 0x0042, 0x0062, 0x0062, 0x0062, 0x0062, 0x0062, 0x0062, 0x0063, 0x0063,
  0x0063, 0x0063, 0x0062, 0x0062, 0x0063, 0x0063, 0x0062, 0x0063, 0x0063, 0x0062, 0x0063, 0x0063,
  0x0063, 0x0063, 0x0063, 0x0062, 0x0063, 0x0062, 0x0063, 0x0063, 0x0062, 0x0062, 0x0062, 0x0062,
  0x0062, 0x0062, 0x0062, 0x0042, 0x0042, 0x0062, 0x0062, 0x0042, 0x0062, 0x0062, 0x0062, 0x0062,
  0x0062, 0x0062, 0x0062, 0x0062, 0x0062, 0x0062, 0x0062, 0x0063, 0x0063, 0x0063, 0x0063, 0x0063,
  0x0063, 0x0062, 0x0062, 0x0062, 0x0063, 0x0062, 0x0062, 0x0062, 0x0062, 0x0062, 0x0063, 0x0083,
  0x0063, 0x0063, 0x0062, 0x0063, 0x0063, 0x0062, 0x0062, 0x0062, 0x0062, 0x0062, 0x0062, 0x0063,
  0x0062, 0x0063, 0x0063, 0x0063, 0x0063, 0x0062, 0x0062, 0x0063, 0x0063, 0x0062, 0x0062, 0x0063,
  0x0063, 0x0063, 0x0062, 0x0062, 0x0062, 0x0062, 0x0063, 0x0063, 0x0062, 0x0062, 0x0063, 0x0063,
  0x0063, 0x0063, 0x0063, 0x0063, 0x0063, 0x0062, 0x0062, 0x0062, 0x0062, 0x0062, 0x0062, 0x0063,
  0x0063, 0x0062, 0x0063, 0x0062, 0x0062, 0x0062, 0x0062, 0x0063, 0x0062, 0x0062, 0x0063, 0x0063,
  0x0063, 0x0063, 0x0062, 0x0063, 0x0063, 0x0063, 0x0062, 0x0062, 0x0063, 0x0063, 0x0063, 0x0063,
  0x0063, 0x0063, 0x0083, 0x0063, 0x0063, 0x0063, 0x0063, 0x0063, 0x0063, 0x0063, 0x0063, 0x0063,
  0x0063, 0x0063, 0x0063, 0x0063, 0x0063, 0x0063, 0x0062, 0x0062, 0x0062, 0x0062, 0x0042, 0x0062,
  0x0062, 0x0062, 0x0062, 0x0062, 0x0062, 0x0042, 0x0042, 0x0062, 0x0062, 0x0042, 0x0042, 0x0042,
  0x0042, 0x0042, 0x0042, 0x0042, 0x0042, 0x0062, 0x0062, 0x0042, 0x0062, 0x0042, 0x0042, 0x0042,
  0x0042, 0x0042, 0x0042, 0x0042, 0x0042, 0x0042, 0x0042, 0x0042, 0x0062, 0x0042, 0x0042, 0x0042,
  0x0042, 0x0042, 0x0042, 0x0042, 0x0042, 0x0042, 0x0042, 0x0042, 0x0042, 0x0042, 0x0042, 0x0042,
  0x0042, 0x0042, 0x0042, 0x0042, 0x0042, 0x0042, 0x0042, 0x0042, 0x0042, 0x0042, 0x0042, 0x0042,
  0x0042, 0x0042, 0x0042, 0x0042, 0x0042, 0x0042, 0x0042, 0x0042, 0x0042, 0x0042, 0x0042, 0x0042,
  0x0042, 0x0042, 0x0042, 0x0042, 0x0042, 0x0042, 0x0042, 0x0042, 0x0042, 0x0042, 0x0042, 0x0042,
  0x0042, 0x0042, 0x0042, 0x0042, 0x0042, 0x0042, 0x08a4, 0x1925, 0x1946, 0x0042, 0x0042, 0x0042,
  0x0042, 0x0042, 0x0042, 0x0042, 0x0042, 0x0042, 0x0042, 0x0042, 0x0042, 0x0042, 0x0042, 0x0042,
  0x0042, 0x0042, 0x0042, 0x0042, 0x0042, 0x0042, 0x0042, 0x0042, 0x0042, 0x0042, 0x0042, 0x0042,
  0x0042, 0x0042, 0x0042, 0x0042, 0x0042, 0x0042, 0x0042, 0x0042, 0x0042, 0x0042, 0x0042, 0x0042,
  0x0042, 0x0042, 0x0042, 0x0042, 0x0042, 0x0042, 0x0042, 0x0062, 0x0062, 0x0062, 0x0042, 0x0042,
  0x0042, 0x0042, 0x0042, 0x0042, 0x0062, 0x0062, 0x0062, 0x0042, 0x0042, 0x0042, 0x0042, 0x0042,
  0x0042, 0x0062, 0x0062, 0x0062, 0x0062, 0x0062, 0x0063, 0x0063, 0x0063, 0x0063, 0x0062, 0x0062,
  0x0063, 0x0063, 0x0063, 0x0063, 0x0063, 0x0062, 0x0063, 0x0063, 0x0063, 0x0063, 0x0063, 0x0063,
  0x0062, 0x0062, 0x0063, 0x0062, 0x0063, 0x0062, 0x0062, 0x0062, 0x0062, 0x0062, 0x0062, 0x0062,
  0x0062, 0x0062, 0x0062, 0x0062, 0x0062, 0x0062, 0x0063, 0x0062, 0x0062, 0x0062, 0x0063, 0x0063,
  0x0062, 0x0062, 0x0062, 0x0063, 0x0063, 0x0063, 0x0063, 0x0063, 0x0063, 0x0063, 0x0063, 0x0063,
  0x0063, 0x0063, 0x0063, 0x0062, 0x0062, 0x0063, 0x0063, 0x0063, 0x0063, 0x0063, 0x0062, 0x0062,
  0x0063, 0x0063, 0x0063, 0x0063, 0x0063, 0x0063, 0x0063, 0x0063, 0x0062, 0x0062, 0x0062, 0x0062,
  0x0063, 0x0063, 0x0063, 0x0063, 0x0063, 0x0063, 0x0063, 0x0063, 0x0063, 0x0063, 0x0063, 0x0062,
  0x0062, 0x0062, 0x0063, 0x0062, 0x0063, 0x0063, 0x0063, 0x0063, 0x0063, 0x0063, 0x0063, 0x0063,
  0x0063, 0x0063, 0x0062, 0x0062, 0x0063, 0x0063, 0x0062, 0x0063, 0x0062, 0x0062, 0x0063, 0x0063,
  0x0062, 0x0063, 0x0063, 0x0063, 0x0062, 0x0063, 0x0063, 0x0063, 0x0063, 0x0063, 0x0063, 0x0063,
  0x0063, 0x0063, 0x0063, 0x0063, 0x0063, 0x0063, 0x0063, 0x0063, 0x0063, 0x0063, 0x0083, 0x0063,
  0x0063, 0x0083, 0x0063, 0x0063, 0x0063, 0x0083, 0x0083, 0x0063, 0x0063, 0x0063, 0x0063, 0x0063,
  0x0063, 0x0063, 0x0062, 0x0062, 0x0062, 0x0062, 0x0062, 0x0062, 0x0062, 0x0062, 0x0062, 0x0062,
  0x0062, 0x0062, 0x0062, 0x0062, 0x0062, 0x0062, 0x0042, 0x0042, 0x0042, 0x0042, 0x0042, 0x0042,
  0x0062, 0x0042, 0x0042, 0x0042, 0x0042, 0x0042, 0x0042, 0x0042, 0x0042, 0x0042, 0x0042, 0x0042,
  0x0042, 0x0042, 0x0042, 0x0062, 0x0062, 0x0042, 0x0042, 0x0042, 0x0042, 0x0042, 0x0042, 0x0042,
  0x0062, 0x0042, 0x0042, 0x0042, 0x0042, 0x0062, 0x0042, 0x0042, 0x0042, 0x0042, 0x0062, 0x0042,
  0x0042, 0x0042, 0x0042, 0x0042, 0x0042, 0x0042, 0x0042, 0x0042, 0x0042, 0x0042, 0x0042, 0x0042,
  0x0042, 0x0042, 0x0062, 0x0042, 0x0042, 0x0042, 0x0042, 0x0042, 0x0042, 0x0042, 0x0042, 0x0042,
  0x0042, 0x0042, 0x0042, 0x0042, 0x0042, 0x0042, 0x0042, 0x0042, 0x0042, 0x0042, 0x0042, 0x0042,
  0x0042, 0x0042, 0x08a4, 0x1905, 0x1946, 0x0042, 0x0042, 0x0042, 0x0042, 0x0042, 0x10e4, 0x0062,
  0x0042, 0x0042, 0x0042, 0x0042, 0x0042, 0x0042, 0x0042, 0x0042, 0x0042, 0x0042, 0x0042, 0x0042,
  0x08a3, 0x0083, 0x0042, 0x0042, 0x0042, 0x0042, 0x0042, 0x0042, 0x0042, 0x0062, 0x0042, 0x0042,
  0x0042, 0x0042, 0x0042, 0x0042, 0x0042, 0x0042, 0x0042, 0x0062, 0x0042, 0x0042, 0x0042, 0x0042,
  0x0083, 0x0883, 0x0042, 0x0062, 0x0062, 0x0042, 0x0042, 0x0042, 0x0042, 0x0042, 0x0042, 0x0062,
  0x0062, 0x0062, 0x0062, 0x0062, 0x0042, 0x0042, 0x0042, 0x0042, 0x0042, 0x0062, 0x0062, 0x0062,
  0x0062, 0x0062, 0x0063, 0x0063, 0x0063, 0x0063, 0x0063, 0x0062, 0x0063, 0x0063, 0x0063, 0x0063,
  0x0063, 0x0063, 0x0063, 0x0063, 0x0063, 0x0063, 0x0063, 0x0063, 0x0063, 0x0063, 0x0063, 0x0063,
  0x0063, 0x0062, 0x0063, 0x0063, 0x0063, 0x0062, 0x0062, 0x0062, 0x0062, 0x0063, 0x0062, 0x0062,
  0x0062, 0x0062, 0x0063, 0x0063, 0x0063, 0x0063, 0x0063, 0x0062, 0x0063, 0x0063, 0x0063, 0x0063,
  0x0063, 0x0063, 0x0063, 0x0063, 0x0063, 0x0063, 0x0063, 0x0063, 0x0062, 0x0063, 0x0063, 0x0062,
  0x0062, 0x0063, 0x0063, 0x0063, 0x0063, 0x0063, 0x0063, 0x0062, 0x0062, 0x0063, 0x0063, 0x0063,
  0x0063, 0x0063, 0x0063, 0x0063, 0x0063, 0x0063, 0x0063, 0x0063, 0x0063, 0x0063, 0x0063, 0x0062,
  0x0062, 0x0063, 0x0063, 0x0063, 0x0063, 0x0063, 0x0063, 0x0063, 0x0063, 0x0063, 0x0063, 0x0062,
  0x0063, 0x0063, 0x0062, 0x0063, 0x0083, 0x0063, 0x0063, 0x0063, 0x0063, 0x0063, 0x0062, 0x0062,
  0x0063, 0x0063, 0x0063, 0x0063, 0x0063, 0x0063, 0x0062, 0x0063, 0x0063, 0x0063, 0x0063, 0x0063,
  0x0063, 0x0063, 0x0063, 0x0063, 0x0063, 0x0062, 0x0062, 0x0062, 0x0062, 0x0062, 0x0062, 0x0062,
  0x0062, 0x0063, 0x0063, 0x0063, 0x0063, 0x0063, 0x0083, 0x0063, 0x0063, 0x0083, 0x0083, 0x0063,
  0x0063, 0x0063, 0x0063, 0x0083, 0x0063, 0x0083, 0x0063, 0x0063, 0x0063, 0x0063, 0x0063, 0x0063,
  0x0063, 0x0063, 0x0062, 0x0062, 0x0062, 0x0062, 0x0062, 0x0062, 0x0062, 0x0062, 0x0062, 0x0062,
  0x0062, 0x0062, 0x0062, 0x0062, 0x0062, 0x0062, 0x0062, 0x0062, 0x0042, 0x0042, 0x0042, 0x0042,
  0x0062, 0x08a3, 0x0062, 0x0042, 0x0062, 0x0062, 0x0062, 0x0042, 0x0062, 0x08a4, 0x0083, 0x0042,
  0x0042, 0x0042, 0x0062, 0x0042, 0x0042, 0x0042, 0x0042, 0x0042, 0x0042, 0x0042, 0x0042, 0x0042,
  0x0042, 0x0042, 0x0042, 0x0042, 0x0042, 0x0062, 0x0042, 0x0042, 0x0042, 0x0042, 0x0042, 0x0042,
  0x0042, 0x0042, 0x0042, 0x0042, 0x0042, 0x0042, 0x0042, 0x0042, 0x0042, 0x0042, 0x0042, 0x0042,
  0x0042, 0x0042, 0x0042, 0x0042, 0x0042, 0x0042, 0x0042, 0x0042, 0x0042, 0x0042, 0x0042, 0x0042,
  0x0042, 0x0042, 0x0042, 0x0042, 0x0042, 0x0042, 0x0042, 0x0042, 0x0042, 0x0042, 0x08a4, 0x1905,
  0x1946, 0x0042, 0x0042, 0x0042, 0x0042, 0x0042, 0x0083, 0x0042, 0x0042, 0x0042, 0x0042, 0x0042,
  0x0042, 0x0042, 0x0042, 0x0042, 0x0042, 0x0042, 0x0042, 0x0042, 0x10c4, 0x0883, 0x0042, 0x0042,
  0x0042, 0x0042, 0x0042, 0x0042, 0x0042, 0x0042, 0x0042, 0x0042, 0x0042, 0x0042, 0x0042, 0x0042,
  0x0062, 0x0062, 0x0042, 0x0062, 0x0042, 0x0042, 0x0042, 0x0042, 0x0062, 0x0083, 0x0042, 0x0062,
  0x0042, 0x0042, 0x0042, 0x0042, 0x0042, 0x0042, 0x0042, 0x0062, 0x0062, 0x0062, 0x0062, 0x0042,
  0x0062, 0x0042, 0x0042, 0x0062, 0x0062, 0x0062, 0x0062, 0x0062, 0x0062, 0x0063, 0x0063, 0x0063,
  0x0063, 0x0063, 0x0063, 0x0063, 0x0063, 0x0063, 0x0063, 0x0063, 0x0063, 0x0063, 0x0063, 0x0063,
  0x0063, 0x0063, 0x0063, 0x0063, 0x0063, 0x0063, 0x0063, 0x0063, 0x0063, 0x0063, 0x0062, 0x0062,
  0x0062, 0x0063, 0x0062, 0x0062, 0x0062, 0x0062, 0x0062, 0x0063, 0x0063, 0x0063, 0x0063, 0x0063,
  0x0063, 0x0063, 0x0062, 0x0063, 0x0062, 0x0063, 0x0063, 0x0063, 0x0063, 0x0062, 0x0062, 0x0063,
  0x0063, 0x0063, 0x0063, 0x0063, 0x0063, 0x0063, 0x0062, 0x0062, 0x0062, 0x0063, 0x0063, 0x0063,
  0x0063, 0x0063, 0x0062, 0x0062, 0x0063, 0x0063, 0x0063, 0x0063, 0x0063, 0x0063, 0x0063, 0x0063,
  0x0063, 0x0062, 0x0062, 0x0063, 0x0063, 0x0063, 0x0063, 0x0063, 0x0063, 0x0063, 0x0063, 0x0063,
  0x0063, 0x0062, 0x0062, 0x0063, 0x0063, 0x0063, 0x0063, 0x0063, 0x0063, 0x0063, 0x0062, 0x0063,
  0x10c4, 0x0063, 0x0063, 0x0063, 0x0063, 0x0063, 0x0063, 0x0063, 0x0063, 0x0063, 0x0063, 0x0063,
  0x0063, 0x0063, 0x0062, 0x0062, 0x0062, 0x0062, 0x0063, 0x0063, 0x0063, 0x0063, 0x0063, 0x0063,
  0x0063, 0x0062, 0x0062, 0x0063, 0x0062, 0x0062, 0x0062, 0x0063, 0x0063, 0x0063, 0x0063, 0x0083,
  0x0063, 0x0063, 0x0083, 0x0063, 0x0063, 0x0083, 0x0063, 0x0063, 0x0063, 0x0063, 0x0063, 0x0063,
  0x0063, 0x0063, 0x0063, 0x0063, 0x0063, 0x0063, 0x0063, 0x0063, 0x0062, 0x0062, 0x0062, 0x0062,
  0x0062, 0x0042, 0x0042, 0x0062, 0x0062, 0x0062, 0x0062, 0x0062, 0x0062, 0x0062, 0x0062, 0x0062,
  0x0062, 0x0062, 0x0062, 0x0062, 0x0042, 0x0042, 0x0042, 0x0042, 0x08a3, 0x1905, 0x0062, 0x0042,
  0x0042, 0x0042, 0x0042, 0x0042, 0x0062, 0x1905, 0x08a3, 0x0042, 0x0042, 0x0042, 0x0042, 0x0042,
  0x0062, 0x0042, 0x0062, 0x0042, 0x0042, 0x0042, 0x0042, 0x0042, 0x0042, 0x0042, 0x0042, 0x0042,
  0x0042, 0x0042, 0x0062, 0x0062, 0x0042, 0x0062, 0x0042, 0x0042, 0x0042, 0x0042, 0x0042, 0x0042,
  0x0042, 0x0042, 0x0042, 0x0042, 0x0042, 0x0042, 0x0042, 0x0042, 0x0042, 0x0042, 0x0042, 0x0042,
  0x0042, 0x0042, 0x0042, 0x0062, 0x0042, 0x0042, 0x0042, 0x0042, 0x0042, 0x0042, 0x0042, 0x0042,
  0x0042, 0x0042, 0x0042, 0x0042, 0x0042, 0x0042, 0x08a4, 0x1905, 0x1926, 0x0042, 0x0042, 0x0042,
  0x0042, 0x0042, 0x0042, 0x0042, 0x0042, 0x0042, 0x0042, 0x0042, 0x0042, 0x0042, 0x0042, 0x0042,
  0x0042, 0x0042, 0x0042, 0x0042, 0x0042, 0x0042, 0x0042, 0x0042, 0x0042, 0x0042, 0x0042, 0x0042,
  0x0042, 0x0042, 0x0042, 0x0042, 0x0042, 0x0042, 0x0042, 0x0042, 0x0042, 0x0042, 0x0042, 0x0062,
  0x0042, 0x0042, 0x0042, 0x0042, 0x0042, 0x0042, 0x0062, 0x0062, 0x0062, 0x0042, 0x0042, 0x0042,
  0x0042, 0x0062, 0x0062, 0x0042, 0x0062, 0x0062, 0x0062, 0x0062, 0x0062, 0x0062, 0x0062, 0x0062,
  0x0062, 0x0062, 0x0062, 0x0062, 0x0062, 0x0063, 0x0063, 0x0063, 0x0063, 0x0063, 0x0063, 0x0063,
  0x0063, 0x0063, 0x0063, 0x0063, 0x0063, 0x0063, 0x0063, 0x0063, 0x0063, 0x0063, 0x0063, 0x0063,
  0x0063, 0x0063, 0x0063, 0x0063, 0x0063, 0x0063, 0x0062, 0x0062, 0x0062, 0x0062, 0x0062, 0x0062,
  0x0063, 0x0062, 0x0062, 0x0063, 0x0063, 0x0063, 0x0062, 0x0063, 0x0063, 0x0063, 0x0062, 0x0063,
  0x0063, 0x0063, 0x0063, 0x0063, 0x0062, 0x0063, 0x0063, 0x0063, 0x0063, 0x0063, 0x0063, 0x0063,
  0x0063, 0x0063, 0x0062, 0x0063, 0x0063, 0x0063, 0x0063, 0x0062, 0x0063, 0x0063, 0x0062, 0x0062,
  0x0063, 0x0063, 0x0063, 0x0063, 0x0063, 0x0063, 0x0063, 0x0063, 0x0063, 0x0062, 0x0062, 0x0063,
  0x0062, 0x0063, 0x0063, 0x0063, 0x0063, 0x0062, 0x0063, 0x0063, 0x0063, 0x0063, 0x0063, 0x0063,
  0x0063, 0x0063, 0x0062, 0x0063, 0x0063, 0x0063, 0x0062, 0x0062, 0x0062, 0x0062, 0x0063, 0x0063,
  0x0063, 0x0063, 0x0063, 0x0063, 0x0063, 0x0063, 0x0062, 0x0063, 0x0062, 0x0062, 0x0062, 0x0062,
  0x0062, 0x0062, 0x0062, 0x0063, 0x0063, 0x0063, 0x0063, 0x0062, 0x0063, 0x0062, 0x0062, 0x0062,
  0x0063, 0x0063, 0x0063, 0x0063, 0x0063, 0x0063, 0x0063, 0x0063, 0x0063, 0x0083, 0x0083, 0x0063,
  0x0063, 0x0083, 0x0083, 0x0063, 0x0063, 0x0063, 0x0063, 0x0063, 0x0063, 0x0063, 0x0063, 0x0063,
  0x0063, 0x0063, 0x0063, 0x0062, 0x0062, 0x0062, 0x0062, 0x0062, 0x0062, 0x0062, 0x0062, 0x0062,
  0x0062, 0x0062, 0x0062, 0x0062, 0x0063, 0x0062, 0x0062, 0x0062, 0x0062, 0x0042, 0x0042, 0x0042,
  0x0042, 0x0062, 0x0042, 0x0042, 0x0042, 0x0042, 0x0062, 0x0062, 0x0042, 0x0042, 0x0042, 0x0062,
  0x0042, 0x0042, 0x0042, 0x0042, 0x0042, 0x0042, 0x0042, 0x0062, 0x0062, 0x0042, 0x0042, 0x0042,
  0x0042, 0x0042, 0x0042, 0x0042, 0x0062, 0x0042, 0x0042, 0x0042, 0x0042, 0x0062, 0x0042, 0x0042,
  0x0042, 0x0062, 0x0042, 0x0042, 0x0042, 0x0042, 0x0042, 0x0042, 0x0042, 0x0042, 0x0042, 0x0042,
  0x0062, 0x0042, 0x0042, 0x0042, 0x0042, 0x0042, 0x0042, 0x0042, 0x0042, 0x0042, 0x0042, 0x0042,
  0x0042, 0x0042, 0x0042, 0x0042, 0x0042, 0x0042, 0x0042, 0x0042, 0x0042, 0x0042, 0x0042, 0x0042,
  0x0042, 0x0042, 0x08a4, 0x1905, 0x1926, 0x0042, 0x0042, 0x0042, 0x0042, 0x0042, 0x0042, 0x0042,
  0x0042, 0x0042, 0x0042, 0x0042, 0x0042, 0x0042, 0x0042, 0x0042, 0x0042, 0x0042, 0x0042, 0x0042,
  0x0042, 0x0042, 0x0042, 0x0042, 0x0042, 0x0042, 0x0042, 0x0042, 0x0042, 0x0042, 0x0042, 0x0042,
  0x0042, 0x0062, 0x0042, 0x0042, 0x0042, 0x0042, 0x0042, 0x0062, 0x0062, 0x0062, 0x0062, 0x0042,
  0x0042, 0x0062, 0x0062, 0x0062, 0x0062, 0x0062, 0x0042, 0x0042, 0x0042, 0x0042, 0x0062, 0x0062,
  0x0042, 0x0062, 0x0062, 0x0062, 0x0062, 0x0062, 0x0062, 0x0062, 0x0062, 0x0062, 0x0062, 0x0062,
  0x0063, 0x0063, 0x0063, 0x0063, 0x0063, 0x0063, 0x0063, 0x0063, 0x0063, 0x0063, 0x0063, 0x0063,
  0x0063, 0x0063, 0x0063, 0x0063, 0x0063, 0x0063, 0x0063, 0x0063, 0x0063, 0x0063, 0x0063, 0x0063,
  0x0063, 0x0063, 0x0063, 0x0063, 0x0062, 0x0062, 0x0062, 0x0062, 0x0062, 0x0062, 0x0062, 0x0062,
  0x0063, 0x0063, 0x0063, 0x0063, 0x0063, 0x0063, 0x0063, 0x0063, 0x0063, 0x0063, 0x0063, 0x0063,
  0x0063, 0x0063, 0x0063, 0x0063, 0x0063, 0x0062, 0x0063, 0x0063, 0x0063, 0x0063, 0x0062, 0x0063,
  0x0063, 0x0063, 0x0063, 0x0062, 0x0062, 0x0063, 0x0063, 0x0062, 0x0062, 0x0063, 0x0063, 0x0063,
  0x0063, 0x0063, 0x0063, 0x0063, 0x0063, 0x0062, 0x0062, 0x1905, 0x08a3, 0x0062, 0x0063, 0x0063,
  0x0063, 0x0063, 0x0063, 0x0063, 0x0063, 0x0063, 0x0063, 0x0063, 0x0063, 0x0063, 0x0063, 0x0063,
  0x0063, 0x0063, 0x0062, 0x0063, 0x0063, 0x0063, 0x0063, 0x0063, 0x0063, 0x0063, 0x0063, 0x0062,
  0x0063, 0x0063, 0x0062, 0x0063, 0x0062, 0x0062, 0x0062, 0x0062, 0x0062, 0x0063, 0x0063, 0x0063,
  0x0063, 0x0063, 0x0063, 0x0062, 0x0063, 0x0062, 0x0063, 0x0063, 0x0063, 0x0063, 0x0063, 0x0063,
  0x0063, 0x0063, 0x0083, 0x0063, 0x0063, 0x0063, 0x0063, 0x0063, 0x0063, 0x0083, 0x0063, 0x0063,
  0x0063, 0x0063, 0x0063, 0x0063, 0x0063, 0x0063, 0x0063, 0x0063, 0x0063, 0x0063, 0x0062, 0x0062,
  0x0062, 0x0062, 0x0063, 0x0062, 0x0062, 0x0062, 0x0062, 0x0062, 0x0062, 0x0062, 0x0062, 0x0062,
  0x0062, 0x0062, 0x0062, 0x0062, 0x0062, 0x0062, 0x0062, 0x0062, 0x0062, 0x0042, 0x0042, 0x0062,
  0x0042, 0x0062, 0x0062, 0x0062, 0x0062, 0x0062, 0x0042, 0x0042, 0x0042, 0x0042, 0x0042, 0x0042,
  0x0042, 0x0062, 0x0062, 0x0042, 0x0042, 0x0042, 0x0042, 0x0042, 0x0062, 0x0062, 0x0062, 0x0062,
  0x0042, 0x0042, 0x0042, 0x0042, 0x0042, 0x0042, 0x0042, 0x0042, 0x0042, 0x0042, 0x0042, 0x0042,
  0x0042, 0x0042, 0x0042, 0x0042, 0x0042, 0x0042, 0x0042, 0x0042, 0x0042, 0x0042, 0x0042, 0x0042,
  0x0042, 0x0042, 0x0042, 0x0042, 0x0042, 0x0042, 0x0042, 0x0042, 0x0042, 0x0042, 0x0042, 0x0042,
  0x0042, 0x0042, 0x0042, 0x0042, 0x0042, 0x0042, 0x0042, 0x0042, 0x0042, 0x0042, 0x08a4, 0x1905,
  0x1926, 0x0042, 0x0042, 0x0042, 0x0042, 0x0042, 0x0042, 0x0042, 0x0042, 0x0042, 0x0042, 0x0042,
  0x0042, 0x0042, 0x0042, 0x0042, 0x0042, 0x0042, 0x0042, 0x0042, 0x0042, 0x0042, 0x0042, 0x0042,
  0x0042, 0x0042, 0x0042, 0x0042, 0x0042, 0x0042, 0x0042, 0x0042, 0x0062, 0x0042, 0x0042, 0x0042,
  0x0042, 0x0042, 0x0042, 0x0062, 0x0042, 0x0042, 0x0062, 0x0042, 0x0042, 0x0042, 0x0062, 0x0062,
  0x0062, 0x0062, 0x0042, 0x0062, 0x0042, 0x0062, 0x0062, 0x0062, 0x0062, 0x0062, 0x0062, 0x0062,
  0x0062, 0x0062, 0x0062, 0x0062, 0x0062, 0x0062, 0x0063, 0x0063, 0x0062, 0x0062, 0x0063, 0x0063,
  0x0063, 0x0063, 0x0063, 0x0063, 0x0063, 0x0063, 0x0063, 0x0063, 0x0063, 0x0063, 0x0063, 0x0063,
  0x0063, 0x0063, 0x0063, 0x0063, 0x0063, 0x0063, 0x0063, 0x0063, 0x0063, 0x0063, 0x0063, 0x0062,
  0x0062, 0x0063, 0x0062, 0x0063, 0x0063, 0x0063, 0x0063, 0x0062, 0x0063, 0x0063, 0x0063, 0x0063,
  0x0063, 0x0063, 0x0062, 0x0063, 0x0063, 0x0063, 0x0063, 0x0063, 0x0063, 0x0063, 0x0063, 0x0063,
  0x0063, 0x0063, 0x0063, 0x0062, 0x0062, 0x0063, 0x0063, 0x0063, 0x0063, 0x0063, 0x0062, 0x0063,
  0x0063, 0x0063, 0x0063, 0x0063, 0x0063, 0x0063, 0x0063, 0x0063, 0x0062, 0x0063, 0x0063, 0x0063,
  0x0062, 0x0062, 0x0062, 0x10c4, 0x0083, 0x0063, 0x0063, 0x0063, 0x0063, 0x0063, 0x0063, 0x0063,
  0x0062, 0x0063, 0x0063, 0x0063, 0x0063, 0x0063, 0x0063, 0x0063, 0x0063, 0x0063, 0x0062, 0x0063,
  0x0063, 0x0063, 0x0063, 0x0063, 0x0063, 0x0063, 0x0063, 0x0063, 0x0063, 0x0063, 0x0063, 0x0063,
  0x0062, 0x0062, 0x0062, 0x0063, 0x0063, 0x0063, 0x0063, 0x0063, 0x0063, 0x0063, 0x0063, 0x0063,
  0x0063, 0x0062, 0x0063, 0x0063, 0x0063, 0x0063, 0x0063, 0x0063, 0x0063, 0x0063, 0x0063, 0x0063,
  0x0063, 0x0063, 0x0063, 0x0063, 0x0063, 0x0063, 0x0063, 0x0063, 0x0063, 0x0083, 0x0063, 0x0063,
  0x0083, 0x0063, 0x0063, 0x0063, 0x0063, 0x0063, 0x0062, 0x0063, 0x0063, 0x0063, 0x0063, 0x0083,
  0x0063, 0x0063, 0x0062, 0x0062, 0x0062, 0x0062, 0x0063, 0x0063, 0x0062, 0x0062, 0x0062, 0x0063,
  0x0063, 0x0062, 0x0062, 0x0062, 0x0062, 0x0062, 0x0062, 0x0062, 0x0062, 0x0062, 0x0062, 0x0042,
  0x0042, 0x0042, 0x0042, 0x0042, 0x0042, 0x0042, 0x0042, 0x0042, 0x0042, 0x0062, 0x0062, 0x0042,
  0x0042, 0x0042, 0x0062, 0x0042, 0x0062, 0x0062, 0x0063, 0x0062, 0x0062, 0x0042, 0x0042, 0x0042,
  0x0042, 0x0042, 0x0062, 0x0062, 0x0042, 0x0042, 0x0042, 0x0042, 0x0042, 0x0042, 0x0042, 0x0042,
  0x0042, 0x0042, 0x0042, 0x0042, 0x0042, 0x0042, 0x0042, 0x0042, 0x0042, 0x0042, 0x0042, 0x0042,
  0x0042, 0x0042, 0x0042, 0x0042, 0x0042, 0x0042, 0x0042, 0x0042, 0x0042, 0x0042, 0x0082, 0x10a3,
  0x0062, 0x0042, 0x0042, 0x0042, 0x0042, 0x0042, 0x08a4, 0x1105, 0x1925, 0x0042, 0x0042, 0x0042,
  0x0042, 0x0042, 0x0042, 0x0042, 0x0042, 0x0042, 0x0042, 0x0042, 0x0042, 0x0042, 0x0042, 0x0042,
  0x0042, 0x0042, 0x0042, 0x0042, 0x0042, 0x0042, 0x0042, 0x0042, 0x0042, 0x0042, 0x0042, 0x0042,
  0x0042, 0x0062, 0x0042, 0x0062, 0x0062, 0x0042, 0x0042, 0x0062, 0x0042, 0x0042, 0x0062, 0x0062,
  0x0042, 0x0062, 0x0062, 0x0062, 0x0062, 0x0062, 0x0062, 0x0042, 0x0062, 0x0062, 0x0062, 0x10c4,
  0x0063, 0x0062, 0x0062, 0x0062, 0x0062, 0x0062, 0x0062, 0x0062, 0x0062, 0x0062, 0x0062, 0x0062,
  0x0062, 0x0062, 0x0063, 0x0062, 0x0062, 0x0083, 0x0063, 0x0063, 0x0063, 0x0063, 0x0063, 0x0063,
  0x0063, 0x0063, 0x0063, 0x0063, 0x0063, 0x0063, 0x0063, 0x0063, 0x0063, 0x0063, 0x0063, 0x0063,
  0x0063, 0x0063, 0x0063, 0x0063, 0x0063, 0x0063, 0x0063, 0x0062, 0x0062, 0x0062, 0x0062, 0x0062,
  0x0063, 0x0063, 0x0063, 0x0063, 0x0063, 0x0063, 0x0063, 0x0063, 0x0063, 0x0063, 0x0062, 0x0063,
  0x0063, 0x0063, 0x0063, 0x0063, 0x0063, 0x0063, 0x0063, 0x0063, 0x0062, 0x0063, 0x0063, 0x0063,
  0x0063, 0x0063, 0x0063, 0x0063, 0x0063, 0x0063, 0x0063, 0x0063, 0x0063, 0x0063, 0x0063, 0x0063,
  0x0063, 0x0063, 0x0063, 0x0063, 0x0063, 0x0063, 0x0063, 0x0063, 0x0062, 0x0063, 0x0063, 0x0063,
  0x0063, 0x0063, 0x0063, 0x0062, 0x0063, 0x0063, 0x0063, 0x0063, 0x0063, 0x0063, 0x0063, 0x0063,
  0x1905, 0x0083, 0x0062, 0x0063, 0x0063, 0x0063, 0x0063, 0x0063, 0x0063, 0x0063, 0x0063, 0x0063,
  0x0062, 0x0062, 0x0063, 0x0062, 0x0063, 0x0063, 0x0063, 0x0063, 0x0063, 0x0062, 0x0062, 0x0062,
  0x1905, 0x10e4, 0x0063, 0x0063, 0x0063, 0x0063, 0x0063, 0x0063, 0x0063, 0x0063, 0x0063, 0x0063,
  0x0063, 0x0063, 0x0063, 0x0063, 0x0063, 0x0063, 0x0063, 0x0063, 0x0063, 0x0063, 0x0063, 0x0063,
  0x0063, 0x0063, 0x0063, 0x0083, 0x0063, 0x0083, 0x0063, 0x0063, 0x0063, 0x0063, 0x0063, 0x0063,
  0x0063, 0x0063, 0x0063, 0x0063, 0x0063, 0x0063, 0x0083, 0x08a3, 0x0062, 0x0063, 0x0062, 0x0062,
  0x0063, 0x0063, 0x0063, 0x0062, 0x0062, 0x0063, 0x0063, 0x0063, 0x0062, 0x0062, 0x0062, 0x0062,
  0x0062, 0x0062, 0x0062, 0x0062, 0x0062, 0x0062, 0x0062, 0x0042, 0x0042, 0x0042, 0x0042, 0x0062,
  0x0042, 0x0062, 0x0042, 0x0042, 0x0062, 0x0042, 0x0042, 0x0062, 0x0042, 0x0042, 0x0042, 0x0042,
  0x0062, 0x0062, 0x0062, 0x0062, 0x0062, 0x0062, 0x0042, 0x0042, 0x0042, 0x0042, 0x0062, 0x0042,
  0x0042, 0x0042, 0x0042, 0x0042, 0x0042, 0x0042, 0x0042, 0x0042, 0x0042, 0x0042, 0x0042, 0x0042,
  0x0042, 0x0042, 0x0042, 0x0042, 0x0042, 0x0042, 0x0042, 0x0042, 0x0042, 0x0042, 0x0042, 0x0042,
  0x0042, 0x0042, 0x0042, 0x0042, 0x0042, 0x0042, 0x08a3, 0x2125, 0x0042, 0x0042, 0x0042, 0x0042,
  0x0042, 0x0042, 0x08a4, 0x1905, 0x1925, 0x0042, 0x0042, 0x0042, 0x0042, 0x0042, 0x0042, 0x0042,
  0x0042, 0x0042, 0x0042, 0x0042, 0x0042, 0x0042, 0x0042, 0x0042, 0x0042, 0x0042, 0x0042, 0x0042,
  0x0042, 0x0042, 0x0042, 0x0062, 0x0042, 0x0062, 0x0042, 0x0042, 0x0042, 0x0042, 0x0042, 0x0042,
  0x0042, 0x0042, 0x0042, 0x0042, 0x0042, 0x0042, 0x0042, 0x0062, 0x0062, 0x0062, 0x0062, 0x0062,
  0x0062, 0x0062, 0x0062, 0x0062, 0x0062, 0x0062, 0x0062, 0x1904, 0x0883, 0x0062, 0x0062, 0x0062,
  0x0062, 0x0062, 0x0062, 0x0062, 0x0062, 0x0062, 0x0062, 0x0062, 0x0062, 0x0062, 0x0063, 0x0062,
  0x0062, 0x0063, 0x0063, 0x0063, 0x0063, 0x0063, 0x0063, 0x0063, 0x0063, 0x0063, 0x0063, 0x0063,
  0x0063, 0x0063, 0x0063, 0x0063, 0x0063, 0x0063, 0x0063, 0x0063, 0x0063, 0x0063, 0x0063, 0x0063,
  0x0063, 0x0063, 0x0063, 0x0063, 0x0062, 0x0063, 0x0062, 0x0062, 0x0062, 0x0063, 0x0063, 0x0063,
  0x0063, 0x0063, 0x0063, 0x0063, 0x0063, 0x0063, 0x0062, 0x0063, 0x0063, 0x0063, 0x0063, 0x0063,
  0x0063, 0x0063, 0x0063, 0x0063, 0x0063, 0x0063, 0x0063, 0x0063, 0x0063, 0x0063, 0x0063, 0x0063,
  0x0062, 0x0063, 0x0063, 0x0063, 0x0063, 0x0063, 0x0063, 0x0063, 0x0063, 0x0063, 0x0063, 0x0063,
  0x0063, 0x0063, 0x0063, 0x0063, 0x0063, 0x0063, 0x0063, 0x0063, 0x0063, 0x0063, 0x0063, 0x0063,
  0x0063, 0x0063, 0x0063, 0x0063, 0x0063, 0x0063, 0x0062, 0x0062, 0x10c4, 0x0063, 0x0062, 0x0063,
  0x0063, 0x0063, 0x0063, 0x0063, 0x0063, 0x0063, 0x0063, 0x0063, 0x0063, 0x0062, 0x0063, 0x0063,
  0x0063, 0x0063, 0x0063, 0x0063, 0x0063, 0x0062, 0x0062, 0x0062, 0x0062, 0x0063, 0x0063, 0x0063,
  0x0063, 0x0063, 0x0063, 0x0063, 0x0063, 0x0063, 0x0063, 0x0063, 0x0063, 0x0063, 0x0063, 0x0063,
  0x0063, 0x0063, 0x0063, 0x0063, 0x0063, 0x0063, 0x0063, 0x0063, 0x0063, 0x0063, 0x0063, 0x0063,
  0x0063, 0x0063, 0x0063, 0x0063, 0x0063, 0x0063, 0x0063, 0x0063, 0x0063, 0x0083, 0x0063, 0x0063,
  0x0063, 0x0063, 0x0063, 0x0063, 0x0063, 0x0062, 0x0042, 0x0062, 0x0062, 0x0062, 0x0063, 0x0062,
  0x0062, 0x0063, 0x0063, 0x0063, 0x0062, 0x0062, 0x0042, 0x0063, 0x0063, 0x0063, 0x0063, 0x0062,
  0x0062, 0x0062, 0x0042, 0x0042, 0x0062, 0x0042, 0x0062, 0x0042, 0x0042, 0x0062, 0x0062, 0x0042,
  0x0062, 0x0042, 0x0042, 0x0042, 0x0062, 0x0042, 0x0042, 0x0042, 0x0062, 0x0062, 0x0062, 0x0062,
  0x0062, 0x0062, 0x0042, 0x0042, 0x0042, 0x0042, 0x0042, 0x0042, 0x0042, 0x0042, 0x0042, 0x0042,
  0x0042, 0x0042, 0x0062, 0x0042, 0x0042, 0x0042, 0x0042, 0x0042, 0x0042, 0x0042, 0x0042, 0x0042,
  0x0042, 0x0042, 0x0042, 0x0042, 0x0042, 0x0042, 0x0042, 0x0042, 0x0042, 0x0042, 0x0042, 0x0042,
  0x0042, 0x0042, 0x0042, 0x0062, 0x0042, 0x0042, 0x0042, 0x0042, 0x0042, 0x0042, 0x08a4, 0x1105,
  0x1105, 0x0042, 0x0042, 0x0042, 0x0042, 0x0042, 0x0042, 0x0042, 0x0042, 0x0042, 0x0042, 0x0042,
  0x0042, 0x0042, 0x0042, 0x0042, 0x0042, 0x0042, 0x0042, 0x0042, 0x0042, 0x0042, 0x0042, 0x0042,
  0x0042, 0x0042, 0x0042, 0x0042, 0x0062, 0x0042, 0x0042, 0x0063, 0x0042, 0x0042, 0x0042, 0x0042,
  0x0042, 0x0062, 0x0042, 0x0042, 0x0062, 0x0062, 0x0042, 0x0062, 0x0062, 0x0062, 0x0062, 0x0062,
  0x0063, 0x0062, 0x0062, 0x0062, 0x0062, 0x0062, 0x0062, 0x0062, 0x0062, 0x0062, 0x0062, 0x0062,
  0x0062, 0x0062, 0x0062, 0x0062, 0x0062, 0x0062, 0x0062, 0x0063, 0x0063, 0x0063, 0x0063, 0x0063,
  0x0063, 0x0063, 0x0063, 0x0063, 0x0063, 0x0063, 0x0063, 0x0063, 0x0063, 0x0063, 0x0063, 0x0063,
  0x0063, 0x0063, 0x0083, 0x0063, 0x0063, 0x0063, 0x0063, 0x0063, 0x0063, 0x0063, 0x0063, 0x0063,
  0x0063, 0x0062, 0x0063, 0x0062, 0x0063, 0x0063, 0x0063, 0x0063, 0x0063, 0x0063, 0x0063, 0x0063,
  0x0063, 0x0063, 0x0062, 0x0063, 0x0063, 0x0063, 0x0063, 0x0063, 0x0063, 0x08a3, 0x1905, 0x0063,
  0x0063, 0x0063, 0x0063, 0x0063, 0x0063, 0x0063, 0x0063, 0x0063, 0x0063, 0x0063, 0x0063, 0x0063,
  0x0063, 0x0063, 0x0063, 0x0063, 0x0063, 0x0063, 0x0063, 0x0063, 0x0063, 0x0063, 0x0063, 0x0063,
  0x0063, 0x0063, 0x0063, 0x0063, 0x0063, 0x0063, 0x0063, 0x0063, 0x0063, 0x0063, 0x0063, 0x0063,
  0x0063, 0x0063, 0x0063, 0x0063, 0x0063, 0x0063, 0x0063, 0x0063, 0x0063, 0x0063, 0x0063, 0x0063,
  0x0063, 0x0063, 0x0063, 0x0063, 0x0063, 0x0063, 0x0063, 0x0063, 0x0063, 0x0063, 0x0063, 0x0063,
  0x0063, 0x0063, 0x0063, 0x0063, 0x0063, 0x0063, 0x0063, 0x0063, 0x0063, 0x0063, 0x0063, 0x0063,
  0x0063, 0x0063, 0x0063, 0x0063, 0x0063, 0x0063, 0x0063, 0x0063, 0x08a4, 0x0083, 0x0063, 0x0063,
  0x0063, 0x0063, 0x0063, 0x0063, 0x0063, 0x0063, 0x0063, 0x0063, 0x0063, 0x0063, 0x0063, 0x0063,
  0x0063, 0x0083, 0x0083, 0x0063, 0x0063, 0x0063, 0x0063, 0x0063, 0x0063, 0x0063, 0x0063, 0x0063,
  0x0063, 0x0063, 0x0063, 0x0062, 0x0062, 0x0062, 0x0063, 0x0062, 0x0063, 0x0062, 0x0062, 0x0062,
  0x0062, 0x0042, 0x0042, 0x0062, 0x10c4, 0x0063, 0x0062, 0x0062, 0x0062, 0x0042, 0x0062, 0x0062,
  0x0062, 0x0083, 0x0042, 0x0042, 0x0042, 0x0042, 0x0062, 0x0062, 0x0062, 0x0042, 0x0062, 0x0062,
  0x0062, 0x0062, 0x0062, 0x0042, 0x0062, 0x0062, 0x0062, 0x0062, 0x0062, 0x0042, 0x0042, 0x0042,
  0x0062, 0x0042, 0x0042, 0x0042, 0x0042, 0x0042, 0x0042, 0x0042, 0x0042, 0x0042, 0x0042, 0x0042,
  0x0042, 0x0042, 0x0042, 0x0042, 0x0042, 0x0042, 0x0042, 0x0042, 0x0042, 0x0042, 0x0042, 0x0042,
  0x0042, 0x0042, 0x0042, 0x0042, 0x0042, 0x0042, 0x0042, 0x0042, 0x0042, 0x0042, 0x0042, 0x0042,
  0x0042, 0x0042, 0x0042, 0x0042, 0x0042, 0x0042, 0x08a3, 0x1105, 0x1905, 0x0042, 0x0042, 0x0042,
  0x0042, 0x0042, 0x0042, 0x0042, 0x0042, 0x0042, 0x0042, 0x0042, 0x0042, 0x0042, 0x0042, 0x10a3,
  0x0083, 0x0042, 0x0042, 0x0042, 0x0042, 0x0042, 0x0042, 0x0062, 0x0042, 0x0062, 0x0062, 0x0062,
  0x0042, 0x0062, 0x0042, 0x0062, 0x0042, 0x0062, 0x0042, 0x0062, 0x0042, 0x0062, 0x0042, 0x0062,
  0x0062, 0x0062, 0x0062, 0x0062, 0x0062, 0x0062, 0x0062, 0x0062, 0x0062, 0x0062, 0x0062, 0x0062,
  0x0062, 0x0062, 0x0062, 0x0062, 0x0062, 0x0062, 0x0062, 0x0062, 0x0062, 0x0062, 0x0062, 0x0062,
  0x0062, 0x0063, 0x0062, 0x0063, 0x0063, 0x0063, 0x0063, 0x0063, 0x0063, 0x0063, 0x0063, 0x0063,
  0x0063, 0x0063, 0x0063, 0x0063, 0x0063, 0x0063, 0x0063, 0x0063, 0x0063, 0x0063, 0x0063, 0x0063,
  0x0063, 0x0063, 0x0063, 0x0063, 0x0063, 0x0063, 0x0063, 0x0063, 0x0063, 0x0063, 0x0063, 0x0063,
  0x0063, 0x0063, 0x0063, 0x0063, 0x0063, 0x0063, 0x0063, 0x0063, 0x0063, 0x0063, 0x0063, 0x0063,
  0x0063, 0x0063, 0x0063, 0x0063, 0x0063, 0x0083, 0x10e4, 0x0063, 0x0063, 0x0063, 0x0063, 0x0063,
  0x0063, 0x0063, 0x0063, 0x0063, 0x0063, 0x00a4, 0x0083, 0x0063, 0x0063, 0x0063, 0x0063, 0x0063,
  0x0063, 0x0063, 0x0063, 0x0063, 0x0063, 0x0063, 0x0063, 0x0063, 0x0063, 0x0063, 0x0063, 0x0063,
  0x0063, 0x0063, 0x0063, 0x0063, 0x0063, 0x0063, 0x0063, 0x0063, 0x0083, 0x0063, 0x0063, 0x0063,
  0x0063, 0x0063, 0x0063, 0x0063, 0x0063, 0x0063, 0x0063, 0x0063, 0x0063, 0x0063, 0x0063, 0x0063,
  0x0083, 0x00a4, 0x0063, 0x0063, 0x0063, 0x0063, 0x0063, 0x0063, 0x0063, 0x0063, 0x0063, 0x0063,
  0x0063, 0x0063, 0x0063, 0x0063, 0x0063, 0x0063, 0x0063, 0x0063, 0x0063, 0x0063, 0x0063, 0x0063,
  0x0063, 0x0063, 0x0063, 0x0063, 0x0063, 0x0063, 0x0063, 0x0063, 0x0063, 0x0063, 0x0063, 0x0063,
  0x0063, 0x0063, 0x0063, 0x0063, 0x0063, 0x0063, 0x0063, 0x0063, 0x0063, 0x0063, 0x0063, 0x0063,
  0x0063, 0x0063, 0x0063, 0x0063, 0x0063, 0x0063, 0x0063, 0x0063, 0x0063, 0x0062, 0x0063, 0x0063,
  0x0063, 0x0062, 0x0063, 0x0063, 0x0063, 0x0062, 0x0083, 0x10c4, 0x0062, 0x0042, 0x0042, 0x0083,
  0x2125, 0x08a3, 0x0062, 0x0062, 0x0062, 0x0042, 0x0062, 0x0062, 0x0083, 0x08a3, 0x0062, 0x0042,
  0x0042, 0x0062, 0x0042, 0x0062, 0x0042, 0x0042, 0x0062, 0x0062, 0x0062, 0x0062, 0x0062, 0x0062,
  0x0062, 0x0062, 0x0062, 0x0062, 0x0042, 0x0042, 0x0042, 0x0042, 0x0062, 0x0062, 0x0062, 0x0042,
  0x0042, 0x0062, 0x0042, 0x0042, 0x0042, 0x0042, 0x0042, 0x0042, 0x0042, 0x0083, 0x0042, 0x0042,
  0x0042, 0x0062, 0x0042, 0x0042, 0x0042, 0x0042, 0x0042, 0x0042, 0x0042, 0x0042, 0x0042, 0x0042,
  0x0042, 0x0042, 0x0042, 0x0042, 0x0042, 0x0042, 0x0042, 0x0042, 0x0042, 0x0042, 0x0042, 0x0042,
  0x0042, 0x0042, 0x08a4, 0x1105, 0x1925, 0x0042, 0x0042, 0x0042, 0x0042, 0x0042, 0x0042, 0x0042,
  0x0042, 0x0042, 0x0062, 0x0042, 0x0042, 0x0042, 0x0042, 0x0083, 0x0062, 0x0042, 0x0042, 0x0062,
  0x0042, 0x0042, 0x0062, 0x0062, 0x0062, 0x0062, 0x0062, 0x0062, 0x0042, 0x0042, 0x0042, 0x0062,
  0x0062, 0x0042, 0x0062, 0x0042, 0x0062, 0x0062, 0x0042, 0x0062, 0x0062, 0x0062, 0x0062, 0x0062,
  0x0062, 0x0062, 0x0063, 0x0062, 0x0062, 0x0063, 0x0062, 0x0062, 0x0062, 0x0062, 0x0062, 0x0062,
  0x0062, 0x0062, 0x0062, 0x0062, 0x0062, 0x0062, 0x0062, 0x0062, 0x0062, 0x0063, 0x0063, 0x0063,
  0x0063, 0x0063, 0x0063, 0x0063, 0x0063, 0x0063, 0x0063, 0x0063, 0x0063, 0x0063, 0x0063, 0x0063,
  0x0063, 0x0063, 0x0063, 0x0063, 0x0063, 0x0063, 0x0063, 0x0063, 0x0063, 0x0063, 0x0083, 0x0063,
  0x0063, 0x0063, 0x0063, 0x0063, 0x0063, 0x0063, 0x0063, 0x0063, 0x0063, 0x0063, 0x0063, 0x0063,
  0x0063, 0x0063, 0x0063, 0x0063, 0x0063, 0x0063, 0x0063, 0x0063, 0x0063, 0x0063, 0x0063, 0x0063,
  0x0063, 0x0063, 0x0063, 0x0063, 0x0063, 0x0063, 0x0063, 0x0063, 0x0063, 0x0063, 0x0063, 0x0063,
  0x0063, 0x0083, 0x0063, 0x0063, 0x0063, 0x0063, 0x0063, 0x0063, 0x0063, 0x0063, 0x0063, 0x0063,
  0x0063, 0x0063, 0x0063, 0x0063, 0x0063, 0x0063, 0x0063, 0x0063, 0x0063, 0x0063, 0x0063, 0x0063,
  0x0063, 0x0063, 0x0063, 0x0063, 0x0063, 0x0063, 0x0063, 0x0063, 0x0063, 0x0063, 0x0063, 0x0063,
  0x0063, 0x0063, 0x0063, 0x0063, 0x0063, 0x0063, 0x0063, 0x0063, 0x0063, 0x0083, 0x0063, 0x0063,
  0x0063, 0x0063, 0x0063, 0x0063, 0x0063, 0x0063, 0x0063, 0x0063, 0x0063, 0x0063, 0x0063, 0x0063,
  0x0063, 0x0063, 0x0063, 0x0063, 0x0063, 0x0063, 0x0063, 0x0063, 0x0063, 0x0063, 0x0063, 0x0063,
  0x0063, 0x0063, 0x0063, 0x0063, 0x0083, 0x0063, 0x0063, 0x0063, 0x0063, 0x0063, 0x0063, 0x0063,
  0x0063, 0x0063, 0x0063, 0x0063, 0x0083, 0x0083, 0x0063, 0x0063, 0x0063, 0x0063, 0x0063, 0x0063,
  0x0063, 0x0063, 0x0063, 0x0063, 0x0063, 0x0063, 0x0062, 0x0062, 0x0063, 0x0063, 0x0063, 0x0063,
  0x0063, 0x0063, 0x0063, 0x08a3, 0x0063, 0x0062, 0x0062, 0x0062, 0x0042, 0x0062, 0x0063, 0x0062,
  0x0062, 0x0062, 0x0062, 0x0042, 0x0042, 0x0042, 0x0062, 0x0062, 0x0042, 0x0063, 0x0062, 0x0062,
  0x0042, 0x0042, 0x0062, 0x0062, 0x0062, 0x0062, 0x0062, 0x0062, 0x0062, 0x0062, 0x0062, 0x0062,
  0x0042, 0x0062, 0x0042, 0x0042, 0x0062, 0x0062, 0x0062, 0x0042, 0x0042, 0x0062, 0x0042, 0x0042,
  0x0042, 0x0062, 0x0042, 0x0042, 0x0042, 0x0042, 0x0042, 0x0042, 0x0042, 0x0042, 0x0042, 0x0042,
  0x0042, 0x0042, 0x0062, 0x0062, 0x0042, 0x0042, 0x0042, 0x0042, 0x0042, 0x0042, 0x0042, 0x0042,
  0x0042, 0x0042, 0x0042, 0x0042, 0x0042, 0x0042, 0x0042, 0x0042, 0x0042, 0x0062, 0x08a4, 0x1105,
  0x1925, 0x0042, 0x0042, 0x0042, 0x0042, 0x0042, 0x0042, 0x0042, 0x0042, 0x0042, 0x0042, 0x0042,
  0x0042, 0x0042, 0x0042, 0x0042, 0x0042, 0x0042, 0x0042, 0x0042, 0x0042, 0x0042, 0x0042, 0x0042,
  0x0062, 0x0062, 0x0062, 0x0062, 0x0062, 0x0062, 0x0062, 0x0062, 0x0042, 0x0042, 0x0062, 0x0062,
  0x0062, 0x0062, 0x0062, 0x0062, 0x0062, 0x0062, 0x0062, 0x0063, 0x0063, 0x0062, 0x0063, 0x0063,
  0x0063, 0x0063, 0x0063, 0x0062, 0x0062, 0x0062, 0x0062, 0x0062, 0x0063, 0x0062, 0x0062, 0x0062,
  0x0062, 0x0062, 0x0062, 0x0062, 0x0063, 0x0063, 0x0063, 0x0063, 0x0063, 0x0063, 0x0063, 0x0063,
  0x0063, 0x0063, 0x0063, 0x0063, 0x0063, 0x0063, 0x0083, 0x0063, 0x0063, 0x0063, 0x0063, 0x0063,
  0x0063, 0x0063, 0x0063, 0x0063, 0x0063, 0x0063, 0x0063, 0x0063, 0x0063, 0x0063, 0x0063, 0x0063,
  0x0063, 0x0063, 0x0063, 0x0063, 0x0063, 0x0063, 0x0063, 0x0063, 0x0063, 0x0063, 0x0063, 0x0063,
  0x0063, 0x0063, 0x0063, 0x0063, 0x0063, 0x0063, 0x0063, 0x0063, 0x0062, 0x0062, 0x0063, 0x0063,
  0x0063, 0x0063, 0x0063, 0x0063, 0x0063, 0x0063, 0x0063, 0x0063, 0x0063, 0x0063, 0x0063, 0x0063,
  0x0063, 0x0063, 0x0063, 0x0063, 0x0063, 0x0063, 0x0063, 0x0063, 0x0063, 0x0063, 0x0063, 0x0063,
  0x0063, 0x0063, 0x0063, 0x0063, 0x0063, 0x0063, 0x0063, 0x0063, 0x0063, 0x0063, 0x0063, 0x0063,
  0x0063, 0x0063, 0x0063, 0x0063, 0x0063, 0x0063, 0x0063, 0x0063, 0x0063, 0x0063, 0x0063, 0x0063,
  0x0063, 0x0063, 0x0063, 0x0063, 0x0063, 0x0063, 0x0063, 0x0063, 0x0063, 0x0063, 0x0063, 0x0063,
  0x0063, 0x0063, 0x0063, 0x0063, 0x0063, 0x0063, 0x0063, 0x0063, 0x0063, 0x0063, 0x0063, 0x0063,
  0x0063, 0x0063, 0x0063, 0x0063, 0x0063, 0x0063, 0x0063, 0x0063, 0x0063, 0x0063, 0x0063, 0x0063,
  0x0083, 0x0063, 0x0063, 0x0063, 0x0063, 0x0063, 0x0063, 0x0063, 0x0063, 0x0083, 0x0063, 0x0063,
  0x0063, 0x0083, 0x0063, 0x0063, 0x0063, 0x0063, 0x0063, 0x0063, 0x0063, 0x0063, 0x0063, 0x0062,
  0x0063, 0x0063, 0x0063, 0x0063, 0x0063, 0x0063, 0x0063, 0x0063, 0x0063, 0x0063, 0x0063, 0x0063,
  0x0063, 0x0063, 0x0062, 0x0062, 0x0063, 0x0062, 0x0062, 0x0063, 0x0063, 0x0062, 0x0062, 0x0063,
  0x0062, 0x0062, 0x0062, 0x0062, 0x0062, 0x0063, 0x0062, 0x0062, 0x0062, 0x0062, 0x0062, 0x0062,
  0x0062, 0x0062, 0x0063, 0x0062, 0x0062, 0x0062, 0x0042, 0x0042, 0x0062, 0x0042, 0x0062, 0x0062,
  0x0062, 0x0062, 0x0062, 0x0062, 0x0062, 0x0062, 0x0042, 0x0042, 0x0042, 0x0042, 0x0062, 0x0062,
  0x0062, 0x0042, 0x0042, 0x0042, 0x0042, 0x0042, 0x0042, 0x0042, 0x0042, 0x0042, 0x0042, 0x0042,
  0x0042, 0x0042, 0x0042, 0x0042, 0x0042, 0x0042, 0x0042, 0x0042, 0x0042, 0x0042, 0x0042, 0x0042,
  0x0042, 0x0042, 0x0042, 0x0062, 0x0042, 0x0042, 0x08a4, 0x1105, 0x1925, 0x0062, 0x0042, 0x0042,
  0x0042, 0x0042, 0x0042, 0x0042, 0x0042, 0x0042, 0x0062, 0x0042, 0x0042, 0x0042, 0x0042, 0x0042,
  0x0042, 0x0042, 0x0042, 0x0062, 0x0042, 0x0042, 0x0042, 0x0083, 0x0042, 0x0062, 0x0062, 0x0063,
  0x0062, 0x0062, 0x0062, 0x0062, 0x0062, 0x0062, 0x0062, 0x0062, 0x0062, 0x0062, 0x0062, 0x0062,
  0x0062, 0x0062, 0x0063, 0x0063, 0x0062, 0x0062, 0x0063, 0x0063, 0x0063, 0x0063, 0x0063, 0x0062,
  0x0062, 0x0063, 0x0062, 0x0063, 0x0063, 0x0063, 0x0063, 0x0063, 0x0062, 0x0063, 0x0063, 0x0062,
  0x0062, 0x0063, 0x0063, 0x0063, 0x0063, 0x0063, 0x0063, 0x0063, 0x0063, 0x0063, 0x0063, 0x0063,
  0x0063, 0x0063, 0x0063, 0x0063, 0x0063, 0x0063, 0x0063, 0x0063, 0x0063, 0x0063, 0x0063, 0x0063,
  0x0063, 0x0063, 0x0063, 0x0063, 0x0063, 0x0063, 0x0063, 0x0063, 0x0063, 0x0063, 0x0063, 0x0063,
  0x0063, 0x0063, 0x0063, 0x0063, 0x0063, 0x0063, 0x0063, 0x0063, 0x0063, 0x0063, 0x0063, 0x0063,
  0x0063, 0x0063, 0x0063, 0x0062, 0x0062, 0x0062, 0x0063, 0x0063, 0x0063, 0x0063, 0x0063, 0x0063,
  0x0063, 0x0063, 0x0063, 0x0063, 0x0063, 0x0063, 0x0063, 0x0063, 0x0063, 0x0063, 0x0063, 0x08a3,
  0x0063, 0x0063, 0x0063, 0x0063, 0x0063, 0x0063, 0x0063, 0x0063, 0x0063, 0x0063, 0x0063, 0x0063,
  0x0063, 0x0063, 0x0063, 0x0063, 0x0063, 0x0063, 0x0063, 0x0063, 0x0063, 0x0063, 0x0063, 0x0063,
  0x0063, 0x0063, 0x0063, 0x0063, 0x0063, 0x0063, 0x0063, 0x0063, 0x0063, 0x0063, 0x0063, 0x0063,
  0x0063, 0x0063, 0x0063, 0x0063, 0x0063, 0x0063, 0x0063, 0x0063, 0x0063, 0x0063, 0x0063, 0x0063,
  0x0063, 0x0063, 0x0063, 0x0063, 0x0063, 0x0063, 0x0063, 0x0063, 0x0063, 0x0063, 0x0063, 0x0063,
  0x0063, 0x0063, 0x0063, 0x0063, 0x0063, 0x0063, 0x0063, 0x0063, 0x0063, 0x0063, 0x0063, 0x0063,
  0x0083, 0x0063, 0x0063, 0x0063, 0x0063, 0x0063, 0x0063, 0x0063, 0x0083, 0x10e4, 0x0083, 0x0063,
  0x0063, 0x0063, 0x0063, 0x0063, 0x0063, 0x0063, 0x0063, 0x0063, 0x0063, 0x0063, 0x0063, 0x0063,
  0x0063, 0x0063, 0x0063, 0x0062, 0x0063, 0x0063, 0x0063, 0x0063, 0x0063, 0x0063, 0x0063, 0x0063,
  0x0062, 0x0062, 0x0062, 0x0063, 0x0063, 0x0062, 0x0062, 0x0063, 0x0062, 0x0062, 0x0063, 0x0062,
  0x0062, 0x0062, 0x0062, 0x0062, 0x0063, 0x0062, 0x0062, 0x0062, 0x0062, 0x0062, 0x0063, 0x0063,
  0x0062, 0x0062, 0x0042, 0x0062, 0x0062, 0x08a3, 0x10e4, 0x0062, 0x0062, 0x0062, 0x0042, 0x0042,
  0x0042, 0x0042, 0x0042, 0x0042, 0x0042, 0x0042, 0x0062, 0x0062, 0x0062, 0x0062, 0x0042, 0x0042,
  0x0042, 0x0042, 0x0062, 0x0062, 0x0042, 0x0042, 0x0042, 0x0042, 0x0042, 0x0042, 0x0042, 0x0042,
  0x0042, 0x0042, 0x0042, 0x0062, 0x0042, 0x0042, 0x0042, 0x0042, 0x0042, 0x0042, 0x0042, 0x0062,
  0x0062, 0x0062, 0x08a4, 0x10e4, 0x1926, 0x0062, 0x0042, 0x0042, 0x0042, 0x0042, 0x0042, 0x0042,
  0x0042, 0x0062, 0x0062, 0x0042, 0x0042, 0x0062, 0x0062, 0x0042, 0x0042, 0x0062, 0x0062, 0x0062,
  0x0042, 0x0042, 0x0042, 0x0042, 0x0042, 0x0042, 0x0062, 0x0062, 0x0062, 0x0062, 0x0062, 0x0062,
  0x0062, 0x0062, 0x0062, 0x0062, 0x0062, 0x0062, 0x0062, 0x0062, 0x0062, 0x0063, 0x0063, 0x0063,
  0x0063, 0x0063, 0x0063, 0x0063, 0x0063, 0x0063, 0x0063, 0x0062, 0x0063, 0x0063, 0x0063, 0x0063,
  0x0063, 0x0063, 0x0063, 0x0063, 0x0063, 0x0063, 0x0063, 0x0063, 0x0063, 0x0063, 0x0063, 0x0063,
  0x0063, 0x0063, 0x0063, 0x0083, 0x0063, 0x0063, 0x0083, 0x0063, 0x0063, 0x0063, 0x0063, 0x0063,
  0x0063, 0x0063, 0x0063, 0x0063, 0x0063, 0x0083, 0x0063, 0x0063, 0x0063, 0x0063, 0x0063, 0x0063,
  0x0063, 0x0063, 0x0063, 0x0063, 0x0063, 0x0063, 0x0063, 0x0063, 0x0063, 0x0063, 0x0063, 0x0063,
  0x0063, 0x0063, 0x0063, 0x0063, 0x0063, 0x0063, 0x0063, 0x0063, 0x0063, 0x0063, 0x0063, 0x0063,
  0x0063, 0x0063, 0x0063, 0x0063, 0x0063, 0x0063, 0x0063, 0x0063, 0x0063, 0x0063, 0x0063, 0x0063,
  0x0063, 0x0063, 0x0063, 0x0063, 0x0063, 0x0063, 0x0063, 0x0063, 0x0063, 0x0063, 0x0063, 0x0063,
  0x0063, 0x0063, 0x0063, 0x0063, 0x0063, 0x08a3, 0x1925, 0x0063, 0x0063, 0x0063, 0x0063, 0x0063,
  0x0063, 0x0063, 0x0063, 0x0063, 0x0063, 0x0063, 0x0063, 0x0063, 0x0063, 0x0063, 0x0063, 0x0063,
  0x0063, 0x0063, 0x0063, 0x0063, 0x0063, 0x0063, 0x0063, 0x0063, 0x0063, 0x0063, 0x0063, 0x0063,
  0x0063, 0x0063, 0x0063, 0x0063, 0x0063, 0x0063, 0x0063, 0x0062, 0x0063, 0x0063, 0x0063, 0x0063,
  0x0063, 0x0063, 0x0063, 0x0063, 0x0063, 0x0063, 0x0063, 0x0063, 0x0063, 0x0063, 0x0063, 0x0063,
  0x0063, 0x0063, 0x0063, 0x0083, 0x0063, 0x0063, 0x0063, 0x0063, 0x0083, 0x0063, 0x0063, 0x0063,
  0x0083, 0x0063, 0x0063, 0x0063, 0x0063, 0x0083, 0x0083, 0x0063, 0x0083, 0x0063, 0x0063, 0x0063,
  0x0063, 0x0063, 0x0063, 0x0063, 0x0063, 0x0063, 0x0063, 0x0063, 0x0063, 0x0063, 0x0063, 0x0063,
  0x0063, 0x0063, 0x0063, 0x0063, 0x0063, 0x0063, 0x0063, 0x0063, 0x0063, 0x0063, 0x0063, 0x0062,
  0x0063, 0x0063, 0x0063, 0x0063, 0x0062, 0x0063, 0x0063, 0x0063, 0x0063, 0x0063, 0x0062, 0x0063,
  0x0063, 0x0063, 0x0062, 0x0063, 0x0062, 0x0062, 0x0063, 0x0063, 0x0063, 0x0063, 0x0063, 0x0062,
  0x0062, 0x0083, 0x08a3, 0x0062, 0x0062, 0x0062, 0x0062, 0x0042, 0x0042, 0x0062, 0x0042, 0x0042,
  0x0042, 0x0042, 0x0062, 0x0062, 0x0062, 0x0062, 0x0062, 0x0042, 0x0042, 0x0042, 0x0042, 0x0062,
  0x0062, 0x0042, 0x0042, 0x0042, 0x0062, 0x0062, 0x0062, 0x0062, 0x0062, 0x0042, 0x0062, 0x0062,
  0x0062, 0x0042, 0x0042, 0x0042, 0x0042, 0x0042, 0x0042, 0x0062, 0x0062, 0x0062, 0x08a4, 0x10e4,
  0x1926, 0x0062, 0x0062, 0x0062, 0x0042, 0x0042, 0x0042, 0x0042, 0x0042, 0x0042, 0x0062, 0x0062,
  0x0042, 0x0062, 0x0062, 0x0042, 0x0042, 0x0062, 0x0062, 0x0062, 0x0062, 0x0062, 0x0042, 0x0042,
  0x0042, 0x0062, 0x0062, 0x0063, 0x0063, 0x0062, 0x0062, 0x0063, 0x0063, 0x0063, 0x0062, 0x0063,
  0x0062, 0x0062, 0x0062, 0x0062, 0x0062, 0x0062, 0x0063, 0x0063, 0x0063, 0x0062, 0x0063, 0x0063,
  0x0063, 0x0063, 0x0063, 0x0063, 0x0063, 0x0063, 0x0063, 0x0063, 0x0063, 0x0063, 0x0063, 0x0063,
  0x0063, 0x0063, 0x0063, 0x0063, 0x0063, 0x0063, 0x0063, 0x0063, 0x0063, 0x0083, 0x0063, 0x0063,
  0x0063, 0x0063, 0x0083, 0x0063, 0x0063, 0x0063, 0x0063, 0x0063, 0x0063, 0x0063, 0x0063, 0x0063,
  0x0063, 0x0063, 0x0063, 0x0063, 0x0063, 0x0063, 0x0063, 0x0083, 0x0063, 0x0063, 0x0063, 0x0063,
  0x0063, 0x0063, 0x0063, 0x0063, 0x0063, 0x0063, 0x0063, 0x0063, 0x0063, 0x0063, 0x0063, 0x0063,
  0x0063, 0x0063, 0x0063, 0x0063, 0x0063, 0x0063, 0x0063, 0x0063, 0x0063, 0x0063, 0x0063, 0x0063,
  0x0063, 0x0063, 0x0083, 0x0083, 0x0063, 0x0063, 0x0063, 0x0063, 0x0063, 0x0063, 0x0063, 0x0063,
  0x0063, 0x0063, 0x0063, 0x0063, 0x0063, 0x0063, 0x0063, 0x0063, 0x0063, 0x0063, 0x0063, 0x0063,
  0x0063, 0x0083, 0x10e4, 0x0063, 0x0063, 0x0063, 0x0063, 0x0083, 0x0063, 0x0063, 0x0063, 0x0063,
  0x0063, 0x0063, 0x0063, 0x0063, 0x0063, 0x0063, 0x0063, 0x0063, 0x0083, 0x0063, 0x0063, 0x0063,
  0x0063, 0x0063, 0x0063, 0x0063, 0x0063, 0x0063, 0x0063, 0x0083, 0x0063, 0x0063, 0x0063, 0x0063,
  0x0063, 0x0063, 0x0063, 0x0063, 0x0063, 0x0063, 0x0063, 0x0063, 0x0083, 0x0063, 0x0063, 0x0063,
  0x0063, 0x0063, 0x0063, 0x0063, 0x0063, 0x0063, 0x0063, 0x0063, 0x0063, 0x0063, 0x0063, 0x0063,
  0x0063, 0x0063, 0x0063, 0x0063, 0x0083, 0x0063, 0x0063, 0x0063, 0x0063, 0x0083, 0x0083, 0x0063,
  0x0063, 0x0063, 0x0063, 0x0063, 0x0063, 0x0063, 0x0063, 0x0063, 0x0063, 0x0063, 0x0063, 0x0063,
  0x0063, 0x0063, 0x0063, 0x0063, 0x0063, 0x0063, 0x0063, 0x0063, 0x0063, 0x0063, 0x0063, 0x0063,
  0x0063, 0x0063, 0x0063, 0x0063, 0x0063, 0x0063, 0x0063, 0x0063, 0x0063, 0x0063, 0x0063, 0x0062,
  0x0063, 0x0063, 0x0063, 0x0063, 0x0063, 0x0063, 0x0063, 0x0063, 0x0063, 0x0062, 0x0062, 0x0062,
  0x0062, 0x0062, 0x0062, 0x0063, 0x0062, 0x0062, 0x0063, 0x0062, 0x0063, 0x0062, 0x0062, 0x0062,
  0x0062, 0x0062, 0x0062, 0x0062, 0x0062, 0x0062, 0x0042, 0x0042, 0x0042, 0x0062, 0x0062, 0x0062,
  0x0042, 0x0062, 0x0062, 0x0042, 0x0042, 0x0042, 0x0062, 0x0042, 0x0062, 0x0042, 0x0042, 0x0042,
  0x0042, 0x0042, 0x0062, 0x0042, 0x0042, 0x0062, 0x0062, 0x0062, 0x0042, 0x0042, 0x0042, 0x0042,
  0x0042, 0x0062, 0x0042, 0x0063, 0x0062, 0x0063, 0x08a4, 0x10e4, 0x1926, 0x0063, 0x0042, 0x0062,
  0x0042, 0x0042, 0x0042, 0x0042, 0x0042, 0x0042, 0x0062, 0x0062, 0x0042, 0x0062, 0x0062, 0x0062,
  0x0062, 0x0062, 0x0042, 0x0042, 0x0062, 0x0062, 0x0042, 0x0062, 0x0062, 0x0062, 0x0062, 0x0063,
  0x0063, 0x0063, 0x0062, 0x0062, 0x0063, 0x0063, 0x0063, 0x0063, 0x0063, 0x0062, 0x0062, 0x0063,
  0x0063, 0x0063, 0x0063, 0x0063, 0x0063, 0x0063, 0x0063, 0x0063, 0x0062, 0x0063, 0x0063, 0x0063,
  0x0063, 0x0063, 0x0063, 0x0063, 0x0063, 0x0063, 0x0063, 0x0063, 0x0063, 0x0063, 0x0063, 0x0063,
  0x0063, 0x0063, 0x0063, 0x0063, 0x0063, 0x0063, 0x0083, 0x0083, 0x0063, 0x0083, 0x0063, 0x0063,
  0x0063, 0x0063, 0x0063, 0x0063, 0x0063, 0x0063, 0x0063, 0x0083, 0x0083, 0x0063, 0x0063, 0x0083,
  0x0063, 0x0083, 0x0063, 0x0083, 0x0063, 0x0063, 0x0063, 0x0063, 0x0063, 0x0063, 0x0063, 0x0063,
  0x0063, 0x0063, 0x0063, 0x0063, 0x0063, 0x0063, 0x0063, 0x0063, 0x0063, 0x0063, 0x0063, 0x0063,
  0x0063, 0x1925, 0x08c4, 0x0063, 0x0063, 0x0063, 0x0063, 0x0063, 0x0063, 0x0083, 0x0063, 0x0083,
  0x0063, 0x0063, 0x0063, 0x0063, 0x0063, 0x0063, 0x0063, 0x0063, 0x0063, 0x0063, 0x0063, 0x0063,
  0x0063, 0x0063, 0x0063, 0x0063, 0x0063, 0x0063, 0x0063, 0x0063, 0x0063, 0x0063, 0x0063, 0x0063,
  0x0063, 0x0063, 0x0063, 0x0063, 0x0063, 0x0063, 0x0063, 0x0063, 0x0063, 0x0063, 0x0063, 0x0063,
  0x0063, 0x0063, 0x0063, 0x0063, 0x0063, 0x0063, 0x0063, 0x0063, 0x0063, 0x0063, 0x0063, 0x0063,
  0x0063, 0x0063, 0x0063, 0x0063, 0x0063, 0x0063, 0x0063, 0x0063, 0x0063, 0x0063, 0x0063, 0x0063,
  0x0063, 0x0063, 0x0063, 0x0083, 0x0063, 0x0063, 0x0063, 0x0063, 0x0063, 0x0063, 0x0063, 0x0063,
  0x0063, 0x0063, 0x0063, 0x0063, 0x0063, 0x0063, 0x0063, 0x0063, 0x0063, 0x0063, 0x0063, 0x0063,
  0x0063, 0x0063, 0x0063, 0x0083, 0x0063, 0x0063, 0x0063, 0x0063, 0x0063, 0x0063, 0x0063, 0x0063,
  0x0083, 0x0083, 0x0063, 0x0063, 0x0063, 0x0063, 0x0063, 0x0063, 0x0063, 0x0063, 0x0063, 0x0063,
  0x0063, 0x0063, 0x0063, 0x0063, 0x0063, 0x0063, 0x0063, 0x0063, 0x0063, 0x0063, 0x0063, 0x0063,
  0x0063, 0x0063, 0x0063, 0x0063, 0x0063, 0x0063, 0x0063, 0x0063, 0x0063, 0x0063, 0x0063, 0x0063,
  0x0063, 0x0063, 0x0063, 0x0063, 0x0063, 0x0063, 0x0063, 0x0063, 0x0063, 0x0063, 0x0063, 0x0063,
  0x0063, 0x0063, 0x0063, 0x0062, 0x0062, 0x0062, 0x0063, 0x0063, 0x0062, 0x0062, 0x0062, 0x0062,
  0x0062, 0x0062, 0x0062, 0x0042, 0x0042, 0x0042, 0x0042, 0x0062, 0x0062, 0x0062, 0x0062, 0x0062,
  0x0062, 0x0062, 0x0062, 0x0062, 0x0062, 0x0062, 0x0062, 0x0062, 0x0042, 0x0062, 0x0042, 0x0042,
  0x0042, 0x0062, 0x0042, 0x0042, 0x0042, 0x0042, 0x0042, 0x0042, 0x0062, 0x0042, 0x0042, 0x0062,
  0x0062, 0x0062, 0x00a4, 0x10e4, 0x1926, 0x0063, 0x0042, 0x0062, 0x0062, 0x0062, 0x0062, 0x0042,
  0x0042, 0x0042, 0x0042, 0x0062, 0x0062, 0x0062, 0x0062, 0x0062, 0x0062, 0x0042, 0x0042, 0x0062,
  0x0042, 0x0062, 0x0062, 0x0062, 0x0062, 0x0062, 0x0062, 0x0063, 0x0062, 0x0063, 0x0063, 0x0063,
  0x0063, 0x0063, 0x0063, 0x0063, 0x0063, 0x0063, 0x0062, 0x0063, 0x0063, 0x0063, 0x0063, 0x0063,
  0x0063, 0x0062, 0x0062, 0x0063, 0x0063, 0x0063, 0x0063, 0x0063, 0x0063, 0x0063, 0x0063, 0x0063,
  0x0063, 0x0063, 0x0063, 0x0063, 0x0063, 0x0063, 0x0063, 0x0063, 0x0063, 0x0063, 0x0063, 0x0063,
  0x0063, 0x0063, 0x0083, 0x0083, 0x0083, 0x0063, 0x0063, 0x0063, 0x0063, 0x0063, 0x0063, 0x0063,
  0x0063, 0x0083, 0x0083, 0x0063, 0x0063, 0x0083, 0x0083, 0x0083, 0x0063, 0x0083, 0x0063, 0x0063,
  0x0063, 0x0063, 0x0063, 0x0063, 0x0063, 0x0063, 0x0063, 0x0063, 0x0063, 0x0063, 0x0063, 0x0063,
  0x0063, 0x0063, 0x0063, 0x0063, 0x0063, 0x0063, 0x0063, 0x0063, 0x0063, 0x00a4, 0x0083, 0x0063,
  0x0063, 0x0063, 0x0063, 0x0063, 0x0063, 0x0063, 0x0063, 0x0063, 0x0063, 0x0083, 0x0063, 0x0063,
  0x0063, 0x0063, 0x0063, 0x0063, 0x0063, 0x0063, 0x0063, 0x0063, 0x0063, 0x0063, 0x0063, 0x0063,
  0x0063, 0x0063, 0x0063, 0x0063, 0x0063, 0x0063, 0x0063, 0x0063, 0x0063, 0x0063, 0x0063, 0x0063,
  0x0063, 0x0083, 0x0063, 0x0063, 0x0063, 0x0063, 0x0063, 0x0063, 0x0063, 0x0063, 0x0063, 0x0063,
  0x0063, 0x0063, 0x0063, 0x0063, 0x0063, 0x0063, 0x0063, 0x0063, 0x0063, 0x0063, 0x0063, 0x0063,
  0x0063, 0x0083, 0x0083, 0x0083, 0x0063, 0x0063, 0x0063, 0x0063, 0x0083, 0x0063, 0x0063, 0x0063,
  0x0083, 0x0063, 0x0063, 0x0063, 0x0063, 0x0063, 0x0063, 0x0063, 0x0063, 0x0063, 0x0063, 0x0063,
  0x0063, 0x0063, 0x0063, 0x0063, 0x0063, 0x0083, 0x0083, 0x0063, 0x0083, 0x0083, 0x0083, 0x0083,
  0x0063, 0x0063, 0x0063, 0x0063, 0x0063, 0x0063, 0x0063, 0x0083, 0x0063, 0x0083, 0x0063, 0x0063,
  0x0063, 0x0063, 0x0063, 0x0063, 0x0063, 0x0063, 0x0063, 0x0063, 0x0063, 0x0063, 0x0063, 0x0063,
  0x0063, 0x0063, 0x0063, 0x0063, 0x0063, 0x0063, 0x0063, 0x0063, 0x0063, 0x0063, 0x0063, 0x0063,
  0x0063, 0x0063, 0x0083, 0x0063, 0x0063, 0x0063, 0x0063, 0x0063, 0x0063, 0x0063, 0x0063, 0x0063,
  0x0063, 0x0063, 0x0063, 0x0063, 0x0063, 0x0063, 0x0063, 0x0063, 0x0063, 0x0063, 0x0063, 0x0063,
  0x0063, 0x0063, 0x0063, 0x0063, 0x0063, 0x0063, 0x0063, 0x0062, 0x0062, 0x0062, 0x0062, 0x0062,
  0x0062, 0x0062, 0x0042, 0x0042, 0x0062, 0x0062, 0x0062, 0x0062, 0x0062, 0x0062, 0x0062, 0x0062,
  0x0062, 0x0062, 0x0062, 0x0062, 0x0062, 0x0062, 0x0062, 0x0062, 0x0042, 0x0042, 0x0062, 0x0042,
  0x0042, 0x0042, 0x0042, 0x0062, 0x0062, 0x0042, 0x0042, 0x0062, 0x0062, 0x0042, 0x0083, 0x10e4,
  0x1105, 0x0063, 0x0062, 0x0062, 0x0062, 0x0062, 0x0062, 0x0062, 0x0042, 0x0042, 0x0042, 0x0062,
  0x0062, 0x0062, 0x0062, 0x0062, 0x0062, 0x0062, 0x0042, 0x0042, 0x0062, 0x0062, 0x0062, 0x0062,
  0x0062, 0x0062, 0x0063, 0x0062, 0x0062, 0x0062, 0x0063, 0x0063, 0x0063, 0x0063, 0x0062, 0x0062,
  0x0063, 0x0063, 0x0063, 0x0062, 0x0063, 0x0063, 0x0063, 0x0063, 0x0063, 0x0063, 0x0062, 0x0062,
  0x0063, 0x0063, 0x0063, 0x0063, 0x0063, 0x0063, 0x0063, 0x0063, 0x0063, 0x0063, 0x0063, 0x0063,
  0x0063, 0x0063, 0x0063, 0x0063, 0x0063, 0x08a4, 0x0083, 0x0063, 0x0083, 0x0063, 0x0084, 0x0083,
  0x0083, 0x0063, 0x0083, 0x0063, 0x0063, 0x0083, 0x0083, 0x0083, 0x0063, 0x0063, 0x0083, 0x0063,
  0x0063, 0x0063, 0x0063, 0x0063, 0x0083, 0x0063, 0x0063, 0x0063, 0x0063, 0x0063, 0x0063, 0x0063,
  0x0063, 0x0063, 0x0063, 0x0063, 0x0063, 0x0063, 0x0063, 0x0063, 0x0063, 0x0063, 0x0063, 0x0063,
  0x0063, 0x0063, 0x0063, 0x0063, 0x0063, 0x0063, 0x0063, 0x0063, 0x0063, 0x0063, 0x0063, 0x0063,
  0x0063, 0x0063, 0x0063, 0x0063, 0x0063, 0x0063, 0x0063, 0x0063, 0x0063, 0x0063, 0x0063, 0x0063,
  0x0063, 0x0063, 0x0063, 0x0063, 0x0063, 0x0063, 0x0063, 0x0063, 0x0063, 0x0063, 0x0063, 0x0063,
  0x0083, 0x0083, 0x0083, 0x0063, 0x0063, 0x0063, 0x0063, 0x0063, 0x0063, 0x0063, 0x0063, 0x0063,
  0x0063, 0x0063, 0x0063, 0x0063, 0x0063, 0x0063, 0x0063, 0x0063, 0x0063, 0x0063, 0x0063, 0x0063,
  0x0063, 0x0083, 0x10e4, 0x0083, 0x0063, 0x0063, 0x0063, 0x0063, 0x0063, 0x0084, 0x0063, 0x0063,
  0x0063, 0x0063, 0x0063, 0x0083, 0x0083, 0x0083, 0x0063, 0x0063, 0x0083, 0x0063, 0x0063, 0x0063,
  0x0063, 0x0063, 0x0063, 0x0063, 0x0063, 0x0063, 0x0063, 0x0063, 0x0063, 0x0063, 0x0063, 0x0063,
  0x0063, 0x0063, 0x0063, 0x0063, 0x0083, 0x0083, 0x0083, 0x0063, 0x0063, 0x0083, 0x0083, 0x0063,
  0x0063, 0x0063, 0x0063, 0x0063, 0x0063, 0x0063, 0x0063, 0x0063, 0x0063, 0x0063, 0x0063, 0x0063,
  0x0063, 0x0063, 0x0063, 0x0063, 0x0063, 0x0063, 0x0063, 0x0063, 0x0063, 0x0063, 0x0063, 0x0063,
  0x0063, 0x0063, 0x0063, 0x0063, 0x0063, 0x0063, 0x0063, 0x0063, 0x0063, 0x0063, 0x0063, 0x0062,
  0x0063, 0x0063, 0x08a3, 0x0083, 0x0062, 0x0062, 0x0063, 0x0063, 0x0063, 0x0063, 0x0063, 0x0063,
  0x0063, 0x0063, 0x0063, 0x0062, 0x0062, 0x0063, 0x0063, 0x0063, 0x0062, 0x0063, 0x0062, 0x0063,
  0x0063, 0x0063, 0x0063, 0x0063, 0x0063, 0x0062, 0x0062, 0x0062, 0x0062, 0x0062, 0x0062, 0x0062,
  0x0062, 0x0062, 0x0062, 0x0062, 0x0062, 0x0062, 0x0062, 0x0062, 0x0062, 0x0062, 0x0062, 0x0062,
  0x0062, 0x0062, 0x0063, 0x0062, 0x0062, 0x0042, 0x0042, 0x0062, 0x0062, 0x0042, 0x0042, 0x0062,
  0x0062, 0x0062, 0x0062, 0x0042, 0x0042, 0x0042, 0x00a4, 0x08c4, 0x1105, 0x0063, 0x0062, 0x0062,
  0x0062, 0x0062, 0x0063, 0x0062, 0x0062, 0x0042, 0x0062, 0x0062, 0x0062, 0x0063, 0x0062, 0x0062,
  0x0062, 0x0062, 0x0062, 0x0062, 0x0063, 0x0062, 0x0062, 0x0062, 0x0062, 0x0063, 0x0062, 0x0063,
  0x0063, 0x0063, 0x0063, 0x0063, 0x0063, 0x0063, 0x0063, 0x0062, 0x0063, 0x0063, 0x0063, 0x0062,
  0x0063, 0x0063, 0x0063, 0x0063, 0x0063, 0x0063, 0x0062, 0x0063, 0x0063, 0x0063, 0x0063, 0x0063,
  0x0063, 0x0063, 0x0063, 0x0063, 0x0063, 0x0063, 0x0063, 0x0063, 0x0063, 0x0063, 0x0063, 0x0063,
  0x0063, 0x0083, 0x0083, 0x0063, 0x0063, 0x0083, 0x0063, 0x0083, 0x0063, 0x0083, 0x0063, 0x0084,
  0x0063, 0x0083, 0x0083, 0x0083, 0x0063, 0x0083, 0x0083, 0x0063, 0x0083, 0x0083, 0x0083, 0x0063,
  0x0083, 0x0063, 0x0063, 0x0063, 0x0063, 0x0063, 0x0063, 0x0063, 0x0063, 0x0063, 0x0063, 0x0063,
  0x0063, 0x0063, 0x0063, 0x0063, 0x0063, 0x0063, 0x0063, 0x0063, 0x0063, 0x0063, 0x0063, 0x0063,
  0x0063, 0x0063, 0x0063, 0x0063, 0x0063, 0x0063, 0x0063, 0x0063, 0x0063, 0x0083, 0x0083, 0x0063,
  0x0063, 0x0063, 0x0063, 0x0063, 0x0063, 0x0063, 0x0063, 0x0063, 0x0063, 0x0063, 0x0063, 0x0063,
  0x0063, 0x0063, 0x0063, 0x0063, 0x0063, 0x0063, 0x0063, 0x0063, 0x0063, 0x0063, 0x0063, 0x0063,
  0x0063, 0x0063, 0x0063, 0x0063, 0x0063, 0x0063, 0x0063, 0x0063, 0x0063, 0x0063, 0x0063, 0x0083,
  0x0083, 0x0083, 0x0063, 0x0063, 0x0063, 0x0063, 0x0063, 0x0063, 0x0063, 0x0083, 0x10c4, 0x0063,
  0x0063, 0x0063, 0x0063, 0x0063, 0x0063, 0x0083, 0x0063, 0x0063, 0x0083, 0x0083, 0x0063, 0x0083,
  0x0063, 0x0063, 0x0083, 0x0063, 0x0063, 0x0063, 0x0063, 0x0063, 0x0063, 0x0063, 0x0063, 0x0083,
  0x0083, 0x0063, 0x0063, 0x0063, 0x0063, 0x0083, 0x0063, 0x0063, 0x0083, 0x0063, 0x0063, 0x0063,
  0x0063, 0x0083, 0x0083, 0x0063, 0x0063, 0x0083, 0x0083, 0x0083, 0x0083, 0x0063, 0x0063, 0x0063,
  0x0083, 0x0063, 0x0063, 0x0063, 0x0063, 0x0063, 0x0063, 0x0063, 0x0063, 0x0063, 0x0063, 0x0063,
  0x0063, 0x0063, 0x0063, 0x0063, 0x0063, 0x0063, 0x0063, 0x0063, 0x0063, 0x0063, 0x0063, 0x0063,
  0x0063, 0x0063, 0x0063, 0x0063, 0x0063, 0x0063, 0x0063, 0x0063, 0x0063, 0x0062, 0x08a3, 0x0083,
  0x0062, 0x0062, 0x0063, 0x0063, 0x0063, 0x0063, 0x0063, 0x0063, 0x0063, 0x0062, 0x0063, 0x0062,
  0x0063, 0x0063, 0x0063, 0x0063, 0x0063, 0x0062, 0x0063, 0x0063, 0x0063, 0x0063, 0x0062, 0x0062,
  0x0062, 0x0062, 0x0062, 0x0062, 0x0062, 0x0083, 0x0083, 0x0062, 0x0062, 0x0062, 0x0062, 0x0062,
  0x0062, 0x0063, 0x0063, 0x0062, 0x0062, 0x0062, 0x0062, 0x0062, 0x0062, 0x0062, 0x0062, 0x0062,
  0x0062, 0x0062, 0x0062, 0x0062, 0x0062, 0x0062, 0x0062, 0x0062, 0x0062, 0x0062, 0x0042, 0x0042,
  0x0062, 0x0062, 0x00a4, 0x08c4, 0x1106, 0x0063, 0x0063, 0x0063, 0x0063, 0x0063, 0x0063, 0x0062,
  0x0062, 0x0062, 0x0062, 0x0063, 0x0063, 0x0063, 0x0062, 0x0063, 0x0063, 0x0063, 0x0062, 0x0062,
  0x0062, 0x0063, 0x0062, 0x0062, 0x0063, 0x0063, 0x0063, 0x0063, 0x0063, 0x0063, 0x0063, 0x0063,
  0x0063, 0x0063, 0x0062, 0x0063, 0x0063, 0x0063, 0x0063, 0x0063, 0x0063, 0x0063, 0x0063, 0x0063,
  0x0063, 0x0063, 0x0063, 0x0063, 0x0063, 0x0063, 0x0063, 0x0063, 0x0063, 0x0063, 0x0063, 0x0063,
  0x0063, 0x0063, 0x0063, 0x0063, 0x0063, 0x0083, 0x0083, 0x0063, 0x0063, 0x0063, 0x0063, 0x0083,
  0x0083, 0x0083, 0x0083, 0x0083, 0x0083, 0x0083, 0x0083, 0x0083, 0x0084, 0x0083, 0x0084, 0x0084,
  0x0083, 0x0084, 0x0083, 0x0083, 0x0083, 0x0083, 0x0083, 0x0083, 0x0083, 0x0063, 0x0063, 0x0083,
  0x0063, 0x0063, 0x0063, 0x0063, 0x0063, 0x0063, 0x0063, 0x0063, 0x0063, 0x0063, 0x0063, 0x0063,
  0x0063, 0x0063, 0x0063, 0x0063, 0x0063, 0x0063, 0x0063, 0x0063, 0x0063, 0x0063, 0x0063, 0x0063,
  0x0063, 0x0063, 0x0063, 0x0063, 0x0063, 0x0063, 0x0063, 0x0063, 0x0063, 0x0063, 0x0063, 0x0063,
  0x0063, 0x0063, 0x0063, 0x0083, 0x0063, 0x0063, 0x0063, 0x0063, 0x0063, 0x0063, 0x0063, 0x0063,
  0x0063, 0x0063, 0x0063, 0x0063, 0x0063, 0x0063, 0x0063, 0x0063, 0x0063, 0x0063, 0x0063, 0x0063,
  0x0063, 0x0063, 0x0063, 0x0063, 0x0063, 0x0063, 0x0063, 0x0083, 0x0083, 0x0083, 0x0063, 0x0063,
  0x0063, 0x0063, 0x0063, 0x0083, 0x0083, 0x0063, 0x0063, 0x0063, 0x0063, 0x0063, 0x0063, 0x0063,
  0x0063, 0x0063, 0x0063, 0x0063, 0x0063, 0x0083, 0x0063, 0x0063, 0x0063, 0x0063, 0x0083, 0x0063,
  0x0063, 0x0063, 0x0063, 0x0063, 0x0083, 0x0063, 0x0063, 0x0083, 0x0083, 0x0083, 0x0083, 0x0063,
  0x0063, 0x0063, 0x0063, 0x0063, 0x08c4, 0x00a4, 0x0063, 0x0063, 0x0063, 0x0083, 0x0063, 0x0063,
  0x0063, 0x0063, 0x0063, 0x0063, 0x0083, 0x0063, 0x0063, 0x10c4, 0x08a4, 0x0063, 0x0063, 0x0063,
  0x0063, 0x0063, 0x0063, 0x0063, 0x0063, 0x0063, 0x0063, 0x0063, 0x0063, 0x0063, 0x0063, 0x0063,
  0x0063, 0x0063, 0x0063, 0x0063, 0x0063, 0x0063, 0x0063, 0x0063, 0x0063, 0x0063, 0x0063, 0x0063,
  0x0063, 0x0063, 0x0063, 0x0063, 0x0063, 0x0063, 0x0063, 0x0063, 0x0063, 0x0063, 0x0063, 0x0063,
  0x0063, 0x0063, 0x0063, 0x0063, 0x0063, 0x0063, 0x0063, 0x0062, 0x0063, 0x0063, 0x0063, 0x0063,
  0x0062, 0x0063, 0x0062, 0x0063, 0x0063, 0x0063, 0x0062, 0x0062, 0x0062, 0x0062, 0x0063, 0x0063,
  0x0063, 0x0063, 0x0083, 0x0063, 0x0062, 0x0062, 0x0063, 0x0063, 0x0063, 0x0063, 0x0063, 0x0063,
  0x0062, 0x0062, 0x0062, 0x0062, 0x0062, 0x0062, 0x0062, 0x0062, 0x0062, 0x0062, 0x0062, 0x0062,
  0x0062, 0x0062, 0x0062, 0x0062, 0x0062, 0x0062, 0x0062, 0x0062, 0x0062, 0x0062, 0x00a4, 0x10c4,
  0x1105, 0x0063, 0x0062, 0x0062, 0x0063, 0x0063, 0x0063, 0x0062, 0x0062, 0x0062, 0x0063, 0x0063,
  0x0063, 0x0063, 0x0063, 0x0063, 0x0063, 0x0063, 0x0062, 0x0063, 0x0063, 0x0063, 0x0063, 0x0063,
  0x0063, 0x0063, 0x0063, 0x0062, 0x0062, 0x0063, 0x0063, 0x0063, 0x0063, 0x0062, 0x0063, 0x0063,
  0x0063, 0x0063, 0x0063, 0x0062, 0x0063, 0x0063, 0x0063, 0x0063, 0x0063, 0x0063, 0x0063, 0x0063,
  0x0063, 0x0063, 0x0063, 0x0063, 0x0063, 0x0063, 0x0063, 0x0063, 0x0063, 0x0063, 0x0063, 0x0063,
  0x0063, 0x0063, 0x0063, 0x0063, 0x0063, 0x0063, 0x0063, 0x0083, 0x0083, 0x0083, 0x0083, 0x0083,
  0x0083, 0x0083, 0x0083, 0x0083, 0x0084, 0x0083, 0x0063, 0x0084, 0x0063, 0x0083, 0x0063, 0x0063,
  0x0083, 0x0083, 0x0083, 0x0083, 0x0083, 0x0083, 0x0063, 0x0083, 0x0063, 0x0063, 0x0063, 0x0063,
  0x0063, 0x0063, 0x0063, 0x0063, 0x0063, 0x0063, 0x0063, 0x0063, 0x0083, 0x0083, 0x0063, 0x0063,
  0x0063, 0x0063, 0x0063, 0x0063, 0x0063, 0x0063, 0x0063, 0x0063, 0x0063, 0x0063, 0x0063, 0x0063,
  0x0063, 0x0063, 0x0063, 0x0063, 0x0063, 0x0063, 0x0063, 0x0063, 0x0063, 0x0063, 0x0063, 0x0083,
  0x0063, 0x0063, 0x0063, 0x0063, 0x0063, 0x0063, 0x0063, 0x0063, 0x0063, 0x0063, 0x0063, 0x0083,
  0x0083, 0x0083, 0x0063, 0x0063, 0x0063, 0x0063, 0x0063, 0x0063, 0x0063, 0x0063, 0x0063, 0x0063,
  0x0063, 0x0063, 0x0063, 0x0063, 0x0083, 0x0083, 0x0063, 0x0063, 0x0063, 0x0063, 0x0063, 0x0083,
  0x0063, 0x0063, 0x0063, 0x0063, 0x0063, 0x0063, 0x0063, 0x0063, 0x0063, 0x0063, 0x0063, 0x0083,
  0x0063, 0x0063, 0x0063, 0x0063, 0x0063, 0x0063, 0x0083, 0x0063, 0x0083, 0x0063, 0x0063, 0x0063,
  0x0063, 0x0063, 0x0063, 0x0083, 0x0063, 0x0063, 0x0063, 0x0063, 0x0063, 0x0063, 0x0063, 0x0083,
  0x0083, 0x0063, 0x0063, 0x0063, 0x0063, 0x0063, 0x0063, 0x0063, 0x0083, 0x0083, 0x0083, 0x0083,
  0x0083, 0x0063, 0x0063, 0x10e4, 0x10c4, 0x0063, 0x0063, 0x0063, 0x0063, 0x0063, 0x0063, 0x0063,
  0x0063, 0x0063, 0x0063, 0x0063, 0x0063, 0x0063, 0x0063, 0x0063, 0x0063, 0x0063, 0x0063, 0x0063,
  0x0063, 0x0063, 0x0063, 0x0063, 0x0063, 0x0063, 0x0063, 0x0063, 0x0063, 0x0063, 0x0063, 0x0063,
  0x0063, 0x0063, 0x0063, 0x0063, 0x0063, 0x0063, 0x0063, 0x0063, 0x0063, 0x0063, 0x0063, 0x0063,
  0x0063, 0x0063, 0x0062, 0x0063, 0x0063, 0x0063, 0x0062, 0x0062, 0x0062, 0x0063, 0x0063, 0x0063,
  0x0063, 0x0062, 0x0062, 0x0063, 0x0063, 0x0063, 0x0063, 0x0063, 0x0063, 0x0063, 0x0063, 0x0063,
  0x0063, 0x0063, 0x0062, 0x0063, 0x0063, 0x0063, 0x0063, 0x0063, 0x0063, 0x0063, 0x0062, 0x0062,
  0x0062, 0x0062, 0x0062, 0x0062, 0x0063, 0x0063, 0x0063, 0x0062, 0x0062, 0x0062, 0x0042, 0x0062,
  0x0042, 0x0042, 0x0062, 0x0062, 0x0062, 0x0062, 0x0083, 0x10c4, 0x1105, 0x0063, 0x0062, 0x0062,
  0x0062, 0x0063, 0x0062, 0x0062, 0x0062, 0x0062, 0x0062, 0x0062, 0x0062, 0x0063, 0x0063, 0x0063,
  0x0063, 0x0062, 0x0062, 0x0063, 0x0063, 0x0063, 0x0063, 0x0063, 0x0063, 0x0063, 0x0063, 0x0062,
  0x0062, 0x0063, 0x0063, 0x0063, 0x0062, 0x0062, 0x0063, 0x0063, 0x0063, 0x0063, 0x0063, 0x0063,
  0x0063, 0x0063, 0x0063, 0x0063, 0x0062, 0x0063, 0x0063, 0x0063, 0x0063, 0x0063, 0x0063, 0x0063,
  0x0063, 0x0063, 0x0063, 0x0063, 0x0063, 0x0063, 0x0063, 0x0063, 0x0063, 0x0063, 0x0063, 0x0063,
  0x0063, 0x0063, 0x0063, 0x0063, 0x0083, 0x0083, 0x0083, 0x0083, 0x0063, 0x0063, 0x0084, 0x0063,
  0x0063, 0x0063, 0x0083, 0x0063, 0x0083, 0x0083, 0x0083, 0x0063, 0x0083, 0x0083, 0x0084, 0x0084,
  0x0084, 0x0083, 0x0083, 0x0083, 0x0063, 0x0083, 0x0063, 0x0063, 0x0063, 0x0063, 0x0063, 0x0063,
  0x0063, 0x0063, 0x0063, 0x0083, 0x0084, 0x0083, 0x0083, 0x0063, 0x0083, 0x0063, 0x0063, 0x0063,
  0x0063, 0x0063, 0x0063, 0x0063, 0x0063, 0x0063, 0x0063, 0x0063, 0x0063, 0x0063, 0x0063, 0x0063,
  0x0063, 0x0083, 0x0063, 0x0083, 0x0063, 0x0063, 0x0063, 0x0063, 0x0063, 0x0063, 0x0063, 0x0063,
  0x0063, 0x0063, 0x0063, 0x0063, 0x0063, 0x0063, 0x0063, 0x0083, 0x0063, 0x0063, 0x0063, 0x0063,
  0x0063, 0x0063, 0x0063, 0x0063, 0x0063, 0x0063, 0x0063, 0x0063, 0x0063, 0x0063, 0x0063, 0x0063,
  0x0063, 0x0063, 0x0083, 0x0063, 0x0063, 0x0063, 0x0063, 0x0063, 0x0083, 0x0063, 0x0063, 0x0063,
  0x0063, 0x0083, 0x0063, 0x0063, 0x0083, 0x0063, 0x0063, 0x0083, 0x0063, 0x0063, 0x0063, 0x0063,
  0x0063, 0x0063, 0x0083, 0x0063, 0x0063, 0x0083, 0x0083, 0x0063, 0x0083, 0x0083, 0x0063, 0x0083,
  0x0083, 0x0083, 0x0063, 0x0063, 0x0063, 0x0083, 0x0083, 0x0083, 0x0063, 0x0063, 0x0083, 0x0063,
  0x0063, 0x0083, 0x0063, 0x0083, 0x0083, 0x0063, 0x0063, 0x0063, 0x0063, 0x0063, 0x0063, 0x0063,
  0x0063, 0x0063, 0x0063, 0x0063, 0x0063, 0x0063, 0x0063, 0x0063, 0x0063, 0x0063, 0x0063, 0x0063,
  0x0063, 0x0063, 0x0063, 0x0063, 0x0063, 0x0063, 0x0063, 0x0083, 0x0063, 0x0063, 0x0063, 0x0063,
  0x0063, 0x0063, 0x0063, 0x0063, 0x0063, 0x0063, 0x0063, 0x0063, 0x0063, 0x0063, 0x0063, 0x0063,
  0x0063, 0x0063, 0x0063, 0x0063, 0x0063, 0x0063, 0x0063, 0x0063, 0x0063, 0x0063, 0x0063, 0x0063,
  0x0063, 0x0063, 0x0062, 0x0063, 0x0063, 0x0063, 0x0063, 0x0062, 0x0062, 0x0062, 0x0062, 0x0062,
  0x0062, 0x0062, 0x0063, 0x0063, 0x0063, 0x0063, 0x0063, 0x0063, 0x0063, 0x0063, 0x0063, 0x0063,
  0x0063, 0x0063, 0x0062, 0x0063, 0x0063, 0x0063, 0x08a3, 0x0083, 0x0062, 0x0062, 0x0062, 0x0062,
  0x0062, 0x0063, 0x0063, 0x0063, 0x0062, 0x0062, 0x0062, 0x0062, 0x0062, 0x0062, 0x0062, 0x0062,
  0x0062, 0x0062, 0x0083, 0x08a4, 0x1105, 0x0063, 0x0062, 0x0062, 0x0062, 0x0063, 0x0062, 0x0063,
  0x0063, 0x0062, 0x0062, 0x0062, 0x0063, 0x0063, 0x0063, 0x0063, 0x0063, 0x0063, 0x0063, 0x0062,
  0x0063, 0x0063, 0x0063, 0x0063, 0x0063, 0x0063, 0x0063, 0x0063, 0x0063, 0x0063, 0x0063, 0x0063,
  0x0063, 0x0063, 0x0062, 0x0062, 0x0063, 0x0063, 0x0063, 0x0063, 0x0063, 0x0063, 0x0063, 0x0063,
  0x0063, 0x0063, 0x0063, 0x0063, 0x0063, 0x0063, 0x0063, 0x0063, 0x0063, 0x0063, 0x0063, 0x0063,
  0x0083, 0x0063, 0x0063, 0x0063, 0x0063, 0x0063, 0x0063, 0x0063, 0x0063, 0x0063, 0x0063, 0x0083,
  0x0083, 0x0083, 0x0083, 0x0084, 0x0084, 0x0084, 0x0084, 0x0084, 0x0083, 0x0083, 0x0083, 0x0063,
  0x0063, 0x0084, 0x0083, 0x0083, 0x0083, 0x0083, 0x0084, 0x00a4, 0x00a4, 0x0084, 0x0083, 0x0084,
  0x0084, 0x0084, 0x0083, 0x0063, 0x0063, 0x0063, 0x0063, 0x0063, 0x0063, 0x0063, 0x0063, 0x0083,
  0x0084, 0x0083, 0x0083, 0x0063, 0x0083, 0x0063, 0x0063, 0x0063, 0x0063, 0x0063, 0x0063, 0x0063,
  0x0063, 0x0063, 0x0063, 0x0063, 0x0063, 0x0063, 0x0063, 0x0063, 0x0063, 0x0063, 0x0063, 0x0083,
  0x0083, 0x0083, 0x0063, 0x0063, 0x0063, 0x0083, 0x0083, 0x0063, 0x0063, 0x0063, 0x0063, 0x0063,
  0x0063, 0x0083, 0x0083, 0x0083, 0x0063, 0x0063, 0x0063, 0x0063, 0x0063, 0x0063, 0x0063, 0x0083,
  0x0063, 0x0063, 0x0063, 0x0063, 0x0063, 0x0063, 0x0084, 0x0083, 0x0063, 0x0083, 0x0083, 0x0083,
  0x0063, 0x0083, 0x0063, 0x0083, 0x0063, 0x0063, 0x0063, 0x0083, 0x0083, 0x0083, 0x0063, 0x0083,
  0x0063, 0x0063, 0x0063, 0x0083, 0x0083, 0x0063, 0x0063, 0x0063, 0x0083, 0x0083, 0x0083, 0x0083,
  0x0083, 0x0063, 0x0063, 0x0083, 0x0083, 0x0063, 0x0083, 0x0063, 0x0063, 0x0083, 0x0083, 0x0063,
  0x0063, 0x0083, 0x0063, 0x0083, 0x0083, 0x0063, 0x0063, 0x0083, 0x0063, 0x0083, 0x0063, 0x0063,
  0x0063, 0x0083, 0x0063, 0x0063, 0x0063, 0x0063, 0x0063, 0x0063, 0x0063, 0x0063, 0x0063, 0x0063,
  0x0063, 0x0063, 0x0063, 0x0063, 0x0063, 0x0063, 0x0063, 0x0063, 0x0063, 0x0063, 0x0063, 0x0063,
  0x0063, 0x0063, 0x0063, 0x0063, 0x0063, 0x0063, 0x0063, 0x0063, 0x0063, 0x0063, 0x0063, 0x0063,
  0x0063, 0x0063, 0x0063, 0x0063, 0x0063, 0x0063, 0x0063, 0x0063, 0x0063, 0x0063, 0x0063, 0x0063,
  0x0063, 0x0063, 0x0063, 0x0063, 0x0063, 0x0063, 0x0063, 0x0063, 0x0063, 0x0063, 0x0063, 0x0063,
  0x0063, 0x0063, 0x0063, 0x0062, 0x0062, 0x0062, 0x0062, 0x0062, 0x0063, 0x0063, 0x0063, 0x0063,
  0x0062, 0x0063, 0x0063, 0x0063, 0x0063, 0x0063, 0x0063, 0x0063, 0x0063, 0x0063, 0x0063, 0x0063,
  0x0063, 0x0063, 0x0062, 0x0062, 0x0062, 0x0062, 0x0062, 0x0062, 0x0063, 0x0063, 0x0063, 0x0063,
  0x0063, 0x0062, 0x0062, 0x0062, 0x0062, 0x0062, 0x0062, 0x0062, 0x0062, 0x0062, 0x0083, 0x08a4,
  0x1105, 0x0063, 0x0063, 0x0063, 0x0063, 0x0063, 0x0063, 0x0063, 0x0063, 0x0063, 0x0063, 0x0063,
  0x0063, 0x0063, 0x0063, 0x0063, 0x0063, 0x0063, 0x0063, 0x0063, 0x0063, 0x0063, 0x0063, 0x0063,
  0x0063, 0x0063, 0x0063, 0x0063, 0x0063, 0x0063, 0x0062, 0x0063, 0x0063, 0x0063, 0x0063, 0x0063,
  0x0063, 0x0063, 0x0063, 0x0063, 0x0063, 0x0063, 0x0063, 0x0063, 0x0063, 0x0063, 0x0063, 0x0063,
  0x0063, 0x0063, 0x0063, 0x0063, 0x0063, 0x0063, 0x0063, 0x0063, 0x0063, 0x0063, 0x0063, 0x0063,
  0x0063, 0x0063, 0x0063, 0x0063, 0x0063, 0x0063, 0x0083, 0x0063, 0x0083, 0x0083, 0x0083, 0x0084,
  0x0084, 0x0084, 0x0084, 0x0084, 0x0084, 0x0084, 0x0084, 0x0084, 0x0084, 0x0083, 0x0083, 0x0083,
  0x0084, 0x0084, 0x0084, 0x0084, 0x0083, 0x0083, 0x00a4, 0x0083, 0x0084, 0x0083, 0x0063, 0x0063,
  0x0063, 0x0063, 0x0063, 0x0063, 0x0083, 0x0083, 0x0063, 0x0083, 0x0083, 0x0083, 0x0083, 0x0063,
  0x0083, 0x0063, 0x0063, 0x0063, 0x0063, 0x00a4, 0x08a3, 0x0063, 0x0063, 0x0063, 0x0063, 0x0063,
  0x0063, 0x0063, 0x0063, 0x0083, 0x0083, 0x0063, 0x0083, 0x0063, 0x0083, 0x0063, 0x0063, 0x0083,
  0x0063, 0x0083, 0x0083, 0x0063, 0x0063, 0x0083, 0x0063, 0x0063, 0x0063, 0x0083, 0x0063, 0x0083,
  0x0083, 0x0083, 0x0083, 0x0083, 0x0084, 0x0084, 0x0084, 0x0083, 0x0063, 0x0083, 0x08a4, 0x0063,
  0x0063, 0x0083, 0x0083, 0x0084, 0x0083, 0x0083, 0x0063, 0x0063, 0x0083, 0x0083, 0x0083, 0x0083,
  0x0063, 0x0063, 0x0063, 0x0063, 0x0083, 0x0084, 0x0083, 0x0083, 0x0083, 0x0083, 0x0083, 0x0083,
  0x0063, 0x0063, 0x0063, 0x0063, 0x0083, 0x0083, 0x0083, 0x0083, 0x0083, 0x0063, 0x0083, 0x0083,
  0x0083, 0x0083, 0x0063, 0x0083, 0x0083, 0x0063, 0x0083, 0x0063, 0x0063, 0x0083, 0x0083, 0x0083,
  0x0083, 0x0083, 0x0083, 0x0083, 0x0083, 0x0083, 0x0083, 0x0063, 0x0063, 0x0083, 0x0063, 0x0083,
  0x0083, 0x0063, 0x0063, 0x0063, 0x0063, 0x0063, 0x0063, 0x0063, 0x0063, 0x0063, 0x0063, 0x0063,
  0x0063, 0x0063, 0x0063, 0x0063, 0x0063, 0x0063, 0x0063, 0x0063, 0x0063, 0x0063, 0x0063, 0x0063,
  0x0063, 0x0063, 0x0063, 0x0063, 0x0063, 0x0063, 0x0083, 0x0063, 0x0063, 0x0063, 0x0063, 0x0063,
  0x0063, 0x0063, 0x0063, 0x0063, 0x0063, 0x0063, 0x0063, 0x0063, 0x0063, 0x0063, 0x0063, 0x0063,
  0x0063, 0x0063, 0x0063, 0x0063, 0x0063, 0x0063, 0x0063, 0x0063, 0x0063, 0x0063, 0x0063, 0x0063,
  0x0063, 0x0062, 0x0063, 0x0063, 0x0063, 0x0063, 0x0063, 0x0063, 0x0063, 0x0063, 0x0063, 0x0063,
  0x0063, 0x0063, 0x0063, 0x0063, 0x0063, 0x0063, 0x0063, 0x0063, 0x0063, 0x0063, 0x0062, 0x0062,
  0x0063, 0x0062, 0x0062, 0x0063, 0x0063, 0x0063, 0x0063, 0x0063, 0x0063, 0x0063, 0x0062, 0x0062,
  0x0062, 0x0062, 0x0062, 0x0063, 0x0062, 0x0063, 0x00a4, 0x08a4, 0x1106, 0x0063, 0x0063, 0x0063,
  0x0062, 0x0062, 0x0062, 0x0063, 0x0063, 0x0063, 0x0063, 0x0063, 0x0063, 0x0063, 0x0063, 0x0063,
  0x0063, 0x0063, 0x0063, 0x0063, 0x0063, 0x0063, 0x0063, 0x0063, 0x0063, 0x0063, 0x0063, 0x0063,
  0x0063, 0x0063, 0x0062, 0x0063, 0x0063, 0x0063, 0x0063, 0x0063, 0x0063, 0x0063, 0x0063, 0x0063,
  0x0062, 0x0062, 0x0063, 0x0063, 0x0063, 0x0063, 0x0063, 0x0063, 0x0063, 0x0063, 0x0063, 0x0063,
  0x0063, 0x0063, 0x0063, 0x0063, 0x0063, 0x0063, 0x0063, 0x0063, 0x0063, 0x0063, 0x0063, 0x0063,
  0x0063, 0x0063, 0x0083, 0x0083, 0x0083, 0x0084, 0x0084, 0x0084, 0x0084, 0x0084, 0x0084, 0x0084,
  0x0084, 0x0084, 0x00a4, 0x00a4, 0x0084, 0x0084, 0x0084, 0x0084, 0x0084, 0x0084, 0x0084, 0x0084,
  0x0083, 0x0083, 0x0083, 0x0083, 0x0083, 0x0083, 0x0083, 0x0063, 0x0063, 0x0063, 0x0063, 0x0083,
  0x0063, 0x0083, 0x0083, 0x0083, 0x0063, 0x0063, 0x0083, 0x0063, 0x0083, 0x0083, 0x0063, 0x0063,
  0x0083, 0x10e4, 0x10e4, 0x0063, 0x0063, 0x0063, 0x0063, 0x0063, 0x0063, 0x0063, 0x0063, 0x0063,
  0x0083, 0x0063, 0x0063, 0x0083, 0x0084, 0x0083, 0x0084, 0x0084, 0x0063, 0x0083, 0x0083, 0x0083,
  0x0084, 0x0083, 0x08a4, 0x08a4, 0x0083, 0x0063, 0x0063, 0x0084, 0x0083, 0x0083, 0x0084, 0x0084,
  0x0084, 0x0084, 0x0083, 0x0083, 0x0083, 0x0063, 0x0063, 0x0083, 0x0083, 0x0084, 0x0083, 0x0083,
  0x0063, 0x0063, 0x0063, 0x0063, 0x0063, 0x0083, 0x0084, 0x0083, 0x0083, 0x0083, 0x0063, 0x0063,
  0x0063, 0x0083, 0x0083, 0x0083, 0x0063, 0x0083, 0x0083, 0x0083, 0x0083, 0x0063, 0x0083, 0x0063,
  0x0083, 0x0083, 0x0083, 0x0083, 0x0083, 0x0063, 0x0083, 0x0063, 0x0063, 0x0083, 0x0083, 0x0063,
  0x0063, 0x0083, 0x0083, 0x0063, 0x0063, 0x0063, 0x0063, 0x0083, 0x0063, 0x0063, 0x0083, 0x0083,
  0x0083, 0x0083, 0x0083, 0x0083, 0x0083, 0x0083, 0x0063, 0x0083, 0x0083, 0x0063, 0x0063, 0x0063,
  0x0063, 0x0063, 0x0063, 0x0063, 0x0063, 0x0063, 0x0063, 0x0063, 0x0063, 0x0063, 0x0063, 0x0063,
  0x0063, 0x0063, 0x0063, 0x0063, 0x0063, 0x0063, 0x0063, 0x0063, 0x0083, 0x0063, 0x0063, 0x0063,
  0x0063, 0x0063, 0x0063, 0x0063, 0x0063, 0x0063, 0x0063, 0x0063, 0x0063, 0x0063, 0x0063, 0x0063,
  0x0063, 0x0063, 0x0063, 0x0063, 0x0063, 0x0063, 0x0063, 0x0063, 0x0063, 0x0063, 0x0063, 0x0063,
  0x0063, 0x0063, 0x0063, 0x0063, 0x0063, 0x0063, 0x0063, 0x0063, 0x0063, 0x0063, 0x0063, 0x0063,
  0x0063, 0x0063, 0x0063, 0x0063, 0x0062, 0x0063, 0x0062, 0x0063, 0x0063, 0x0063, 0x0063, 0x0063,
  0x0063, 0x0063, 0x0063, 0x0063, 0x0063, 0x0062, 0x0062, 0x0063, 0x0063, 0x0063, 0x0063, 0x0063,
  0x0063, 0x0062, 0x0062, 0x0063, 0x0063, 0x0063, 0x0063, 0x0062, 0x0062, 0x0042, 0x0062, 0x0062,
  0x0063, 0x0063, 0x00a4, 0x08a4, 0x1106, 0x0063, 0x0063, 0x0062, 0x0062, 0x0062, 0x0062, 0x0063,
  0x0063, 0x0063, 0x0063, 0x0063, 0x0063, 0x0063, 0x0063, 0x0063, 0x0063, 0x0063, 0x0063, 0x0063,
  0x0063, 0x0063, 0x0063, 0x0063, 0x0063, 0x0063, 0x0063, 0x0063, 0x0063, 0x0063, 0x0063, 0x0063,
  0x0063, 0x0063, 0x0063, 0x0063, 0x0063, 0x0063, 0x0062, 0x0062, 0x0062, 0x0063, 0x0063, 0x0063,
  0x0063, 0x0063, 0x0063, 0x0063, 0x0063, 0x0063, 0x0063, 0x0063, 0x0063, 0x0063, 0x0063, 0x0063,
  0x0063, 0x0063, 0x0063, 0x0063, 0x0063, 0x0063, 0x0063, 0x0063, 0x0063, 0x0063, 0x0083, 0x0083,
  0x0084, 0x0083, 0x0084, 0x0084, 0x0084, 0x0084, 0x0084, 0x0084, 0x0084, 0x0084, 0x00a4, 0x0083,
  0x0084, 0x0084, 0x0084, 0x0084, 0x0084, 0x0084, 0x0084, 0x0084, 0x0083, 0x0083, 0x0083, 0x0083,
  0x0083, 0x0083, 0x0083, 0x0083, 0x0083, 0x0083, 0x0083, 0x0063, 0x0083, 0x0083, 0x0063, 0x0063,
  0x0063, 0x0063, 0x0083, 0x0063, 0x0063, 0x0083, 0x0083, 0x0063, 0x0063, 0x0083, 0x0083, 0x0063,
  0x0063, 0x0063, 0x0063, 0x0063, 0x0063, 0x0063, 0x0083, 0x0083, 0x00a4, 0x0063, 0x0063, 0x0063,
  0x0084, 0x0084, 0x0084, 0x0084, 0x0084, 0x0084, 0x0063, 0x0084, 0x0084, 0x0083, 0x08a4, 0x08a4,
  0x0063, 0x0063, 0x0084, 0x0084, 0x0063, 0x0084, 0x0084, 0x0084, 0x0084, 0x0084, 0x0083, 0x0083,
  0x0083, 0x0063, 0x0063, 0x0083, 0x0084, 0x0063, 0x0063, 0x0083, 0x0084, 0x00a4, 0x0083, 0x0083,
  0x0063, 0x0083, 0x0083, 0x0084, 0x0083, 0x0083, 0x0063, 0x0063, 0x0083, 0x0083, 0x0063, 0x0083,
  0x0063, 0x0063, 0x0083, 0x0083, 0x0083, 0x0083, 0x0083, 0x0083, 0x0063, 0x0083, 0x0083, 0x0083,
  0x0063, 0x0063, 0x0063, 0x0063, 0x0083, 0x0083, 0x0084, 0x0063, 0x0083, 0x0063, 0x0083, 0x0063,
  0x0063, 0x0063, 0x0063, 0x0063, 0x0083, 0x0083, 0x0083, 0x0083, 0x0083, 0x0083, 0x0083, 0x0083,
  0x0083, 0x0063, 0x0063, 0x0063, 0x0063, 0x0083, 0x0063, 0x0083, 0x0063, 0x0063, 0x0063, 0x0063,
  0x0063, 0x0063, 0x0063, 0x0063, 0x0063, 0x0063, 0x0063, 0x0063, 0x0063, 0x0063, 0x0063, 0x0063,
  0x0063, 0x0063, 0x0063, 0x0083, 0x0063, 0x0063, 0x0063, 0x0063, 0x0063, 0x0063, 0x0063, 0x0063,
  0x0063, 0x0063, 0x0063, 0x0063, 0x0063, 0x0063, 0x0063, 0x0063, 0x0063, 0x0063, 0x0063, 0x0063,
  0x0063, 0x08a4, 0x10e4, 0x0063, 0x0063, 0x0063, 0x0063, 0x0063, 0x0063, 0x0063, 0x0063, 0x0063,
  0x0063, 0x0063, 0x0063, 0x0063, 0x0063, 0x0063, 0x0063, 0x0063, 0x0063, 0x0063, 0x0063, 0x0063,
  0x0063, 0x0063, 0x0063, 0x0063, 0x0063, 0x0063, 0x0063, 0x0063, 0x0063, 0x0063, 0x0063, 0x0063,
  0x0063, 0x0063, 0x0063, 0x0063, 0x0063, 0x0063, 0x0063, 0x0063, 0x0063, 0x0063, 0x0062, 0x0062,
  0x0063, 0x0063, 0x0063, 0x0062, 0x0062, 0x0062, 0x0062, 0x0062, 0x0062, 0x0062, 0x00a4, 0x08c4,
  0x1105, 0x0063, 0x0063, 0x0062, 0x0062, 0x0062, 0x0062, 0x0062, 0x0063, 0x0063, 0x0063, 0x0063,
  0x0063, 0x0063, 0x0063, 0x0063, 0x0063, 0x0063, 0x0063, 0x0063, 0x0063, 0x0063, 0x0063, 0x0063,
  0x0063, 0x0063, 0x0063, 0x0063, 0x0063, 0x0063, 0x0063, 0x0063, 0x0063, 0x0063, 0x0063, 0x0063,
  0x0063, 0x0063, 0x0063, 0x0062, 0x0063, 0x0063, 0x0063, 0x0063, 0x0062, 0x0063, 0x0063, 0x0063,
  0x0063, 0x0063, 0x0063, 0x0063, 0x0063, 0x0063, 0x0063, 0x0063, 0x0063, 0x0063, 0x0063, 0x0063,
  0x0063, 0x0063, 0x0063, 0x0083, 0x0083, 0x0083, 0x0083, 0x0083, 0x0084, 0x0084, 0x0084, 0x0084,
  0x0084, 0x0084, 0x0084, 0x0084, 0x0084, 0x0084, 0x0084, 0x0084, 0x0084, 0x00a4, 0x0084, 0x00a4,
  0x0084, 0x0083, 0x0084, 0x0084, 0x0084, 0x0084, 0x0084, 0x0084, 0x0083, 0x0083, 0x0083, 0x0084,
  0x0083, 0x0083, 0x0063, 0x0083, 0x0083, 0x0063, 0x0063, 0x0083, 0x0063, 0x0083, 0x0083, 0x0083,
  0x0063, 0x0083, 0x0083, 0x0083, 0x0083, 0x0083, 0x0063, 0x0063, 0x0063, 0x0063, 0x0063, 0x0083,
  0x0063, 0x0063, 0x0083, 0x00a4, 0x08a4, 0x0083, 0x0063, 0x0063, 0x0083, 0x0083, 0x0084, 0x0084,
  0x0084, 0x0084, 0x0084, 0x0084, 0x0084, 0x0063, 0x0063, 0x0063, 0x0063, 0x0084, 0x0084, 0x0084,
  0x0084, 0x0084, 0x0084, 0x0084, 0x0084, 0x0063, 0x0083, 0x0084, 0x0084, 0x0083, 0x0083, 0x0084,
  0x0084, 0x0084, 0x0083, 0x0063, 0x0084, 0x0083, 0x0083, 0x0083, 0x0083, 0x0063, 0x0083, 0x0083,
  0x0084, 0x0084, 0x0063, 0x0063, 0x0083, 0x0083, 0x0063, 0x0083, 0x0083, 0x0083, 0x0083, 0x0083,
  0x0084, 0x0083, 0x0083, 0x0063, 0x0063, 0x0083, 0x0083, 0x0083, 0x0063, 0x0063, 0x0083, 0x0083,
  0x0083, 0x0083, 0x0083, 0x0083, 0x0083, 0x0063, 0x0083, 0x0063, 0x0083, 0x0063, 0x0063, 0x0063,
  0x0083, 0x0084, 0x0084, 0x0083, 0x0083, 0x0083, 0x0083, 0x0063, 0x0063, 0x0063, 0x0063, 0x0083,
  0x0083, 0x0083, 0x0083, 0x0084, 0x0083, 0x0083, 0x0083, 0x0083, 0x0083, 0x0063, 0x0063, 0x0063,
  0x0063, 0x0063, 0x0063, 0x0063, 0x0063, 0x0063, 0x0063, 0x0063, 0x0063, 0x0063, 0x0063, 0x0083,
  0x0063, 0x0063, 0x0063, 0x0063, 0x0063, 0x0063, 0x0063, 0x0063, 0x0063, 0x0063, 0x0063, 0x0063,
  0x0063, 0x0063, 0x0063, 0x0063, 0x0063, 0x0063, 0x0063, 0x0063, 0x0063, 0x08a3, 0x10c4, 0x0063,
  0x0063, 0x0063, 0x0063, 0x0063, 0x0063, 0x0063, 0x0063, 0x0063, 0x0063, 0x0063, 0x0063, 0x0063,
  0x0063, 0x0063, 0x0063, 0x0063, 0x0063, 0x0063, 0x0063, 0x0063, 0x0063, 0x0063, 0x0063, 0x0063,
  0x0063, 0x0063, 0x0063, 0x0063, 0x0063, 0x0063, 0x0063, 0x0063, 0x0063, 0x0063, 0x0063, 0x0063,
  0x0063, 0x0063, 0x0063, 0x0063, 0x0062, 0x0062, 0x0062, 0x0062, 0x0063, 0x0063, 0x0063, 0x0063,
  0x0063, 0x0062, 0x0062, 0x0062, 0x0062, 0x0063, 0x00a4, 0x08c4, 0x10e5, 0x0063, 0x0063, 0x0062,
  0x0063, 0x0062, 0x0062, 0x0083, 0x0063, 0x0063, 0x0063, 0x0063, 0x0063, 0x0063, 0x0063, 0x0063,
  0x0063, 0x0063, 0x0063, 0x0063, 0x0063, 0x0063, 0x0063, 0x0063, 0x0063, 0x0063, 0x0063, 0x0063,
  0x0063, 0x0063, 0x0063, 0x0063, 0x0063, 0x0063, 0x0063, 0x0063, 0x0063, 0x0063, 0x0063, 0x0063,
  0x0063, 0x0063, 0x0063, 0x0063, 0x0063, 0x0063, 0x0063, 0x0063, 0x0063, 0x0063, 0x0063, 0x0063,
  0x0063, 0x0063, 0x0063, 0x0063, 0x0063, 0x0063, 0x0063, 0x0063, 0x0063, 0x0063, 0x0063, 0x0083,
  0x0083, 0x0084, 0x0083, 0x0083, 0x0084, 0x0084, 0x0084, 0x0084, 0x0084, 0x00a4, 0x0084, 0x0084,
  0x0084, 0x0084, 0x00a4, 0x0084, 0x00a4, 0x00a4, 0x00a4, 0x00a4, 0x0084, 0x0084, 0x00a4, 0x0084,
  0x0084, 0x0084, 0x00a4, 0x0084, 0x0084, 0x0084, 0x0083, 0x0083, 0x0083, 0x0083, 0x0063, 0x0063,
  0x0083, 0x0063, 0x0063, 0x0083, 0x0083, 0x0083, 0x0083, 0x0083, 0x0063, 0x0083, 0x0083, 0x0083,
  0x0083, 0x0083, 0x0063, 0x0063, 0x0063, 0x0083, 0x0083, 0x0083, 0x0083, 0x0084, 0x0083, 0x0083,
  0x0083, 0x0084, 0x0084, 0x0083, 0x0063, 0x0083, 0x0084, 0x0084, 0x0084, 0x0084, 0x0084, 0x0084,
  0x0063, 0x0084, 0x0084, 0x0063, 0x0084, 0x0084, 0x0084, 0x0084, 0x0083, 0x0084, 0x0084, 0x0083,
  0x0084, 0x0084, 0x0083, 0x0083, 0x0083, 0x0084, 0x0084, 0x0084, 0x0084, 0x0084, 0x0084, 0x0084,
  0x0084, 0x0084, 0x0084, 0x0083, 0x0084, 0x0084, 0x0084, 0x0083, 0x0084, 0x0084, 0x0084, 0x0084,
  0x0083, 0x0063, 0x0083, 0x0083, 0x0083, 0x0084, 0x0084, 0x0084, 0x0084, 0x0084, 0x0084, 0x0063,
  0x0063, 0x0083, 0x0063, 0x0083, 0x0063, 0x0063, 0x0083, 0x0083, 0x0084, 0x0083, 0x0083, 0x0083,
  0x0083, 0x0063, 0x0063, 0x0063, 0x0084, 0x0083, 0x0083, 0x0083, 0x0083, 0x0083, 0x0083, 0x0083,
  0x0084, 0x0083, 0x0083, 0x0083, 0x0063, 0x0063, 0x0083, 0x0083, 0x0083, 0x0083, 0x0083, 0x0083,
  0x0083, 0x0083, 0x0084, 0x0083, 0x0083, 0x0083, 0x0083, 0x0063, 0x0063, 0x0063, 0x0063, 0x0083,
  0x0063, 0x0063, 0x0063, 0x0063, 0x0063, 0x0063, 0x0063, 0x0083, 0x0063, 0x0063, 0x0063, 0x0063,
  0x0063, 0x0063, 0x0063, 0x0063, 0x0063, 0x0063, 0x0063, 0x0063, 0x0063, 0x0063, 0x0063, 0x0063,
  0x0063, 0x0063, 0x0063, 0x0063, 0x0063, 0x0063, 0x0063, 0x0063, 0x0063, 0x0063, 0x0063, 0x0063,
  0x0063, 0x0063, 0x0063, 0x0063, 0x0063, 0x0063, 0x0063, 0x0063, 0x0063, 0x0063, 0x0063, 0x0063,
  0x0063, 0x0063, 0x0063, 0x0063, 0x0063, 0x0063, 0x0063, 0x0063, 0x0063, 0x0063, 0x0063, 0x0063,
  0x0063, 0x0063, 0x0063, 0x0063, 0x0063, 0x0063, 0x0063, 0x0063, 0x0063, 0x0063, 0x0063, 0x0063,
  0x0063, 0x0063, 0x0063, 0x0063, 0x0063, 0x0063, 0x0063, 0x0063, 0x0063, 0x0063, 0x0063, 0x0062,
  0x0063, 0x0063, 0x00a4, 0x08a4, 0x10e5, 0x0063, 0x0063, 0x0063, 0x0063, 0x0063, 0x0063, 0x08a4,
  0x0062, 0x0062, 0x0063, 0x0063, 0x0063, 0x0063, 0x0063, 0x0063, 0x0063, 0x0063, 0x0063, 0x0063,
  0x0063, 0x0063, 0x0063, 0x0063, 0x0063, 0x0063, 0x0063, 0x0063, 0x0063, 0x0063, 0x0063, 0x0063,
  0x0063, 0x0063, 0x0063, 0x0063, 0x0063, 0x0063, 0x0063, 0x0063, 0x0063, 0x0063, 0x0063, 0x0063,
  0x0063, 0x0063, 0x0063, 0x0063, 0x0083, 0x0063, 0x0063, 0x0083, 0x0063, 0x0063, 0x0063, 0x0063,
  0x0063, 0x0063, 0x0063, 0x0063, 0x0063, 0x0063, 0x0083, 0x0063, 0x0063, 0x0083, 0x0083, 0x0083,
  0x0084, 0x0084, 0x0084, 0x0084, 0x0084, 0x0084, 0x0084, 0x0083, 0x0084, 0x0084, 0x00a4, 0x00a4,
  0x0084, 0x0084, 0x00a4, 0x0084, 0x00a4, 0x00a4, 0x0084, 0x0084, 0x0084, 0x0084, 0x0084, 0x0084,
  0x0084, 0x0084, 0x0084, 0x0083, 0x0083, 0x0063, 0x0083, 0x0084, 0x0084, 0x0084, 0x0083, 0x0083,
  0x0084, 0x0084, 0x0083, 0x0083, 0x0083, 0x0063, 0x0063, 0x0063, 0x0083, 0x0083, 0x0083, 0x0084,
  0x0084, 0x0084, 0x0083, 0x00a4, 0x0084, 0x0084, 0x0063, 0x0063, 0x0084, 0x0084, 0x0084, 0x0084,
  0x0084, 0x0084, 0x0084, 0x0084, 0x0084, 0x0084, 0x0084, 0x0084, 0x0084, 0x0084, 0x0084, 0x0084,
  0x00a4, 0x0084, 0x00a4, 0x0084, 0x0084, 0x0084, 0x0083, 0x0083, 0x0084, 0x0084, 0x0083, 0x0084,
  0x0084, 0x0084, 0x0084, 0x0083, 0x0063, 0x0084, 0x0063, 0x0084, 0x0084, 0x0084, 0x0084, 0x0084,
  0x0084, 0x0084, 0x0083, 0x0084, 0x0084, 0x0083, 0x0084, 0x0084, 0x0083, 0x0083, 0x0084, 0x0084,
  0x0083, 0x0084, 0x0084, 0x0084, 0x0084, 0x0084, 0x0084, 0x0084, 0x0063, 0x0084, 0x0083, 0x0083,
  0x0083, 0x0063, 0x0083, 0x0063, 0x0083, 0x0063, 0x0063, 0x0063, 0x0063, 0x0063, 0x0083, 0x0083,
  0x0084, 0x0083, 0x0084, 0x0083, 0x0084, 0x0083, 0x0084, 0x0084, 0x0084, 0x0084, 0x0083, 0x0083,
  0x0083, 0x0083, 0x0084, 0x0083, 0x08a4, 0x0083, 0x0084, 0x0063, 0x0083, 0x0083, 0x0083, 0x0083,
  0x0083, 0x0063, 0x0083, 0x0063, 0x0063, 0x0063, 0x0083, 0x0083, 0x0083, 0x0083, 0x0063, 0x0063,
  0x0063, 0x0063, 0x0063, 0x0063, 0x0083, 0x0083, 0x0063, 0x0063, 0x0063, 0x0063, 0x0063, 0x0063,
  0x0063, 0x0063, 0x0063, 0x0063, 0x0063, 0x0063, 0x0063, 0x0063, 0x0063, 0x0063, 0x0063, 0x0063,
  0x0063, 0x0063, 0x0063, 0x0063, 0x0063, 0x0063, 0x0063, 0x0063, 0x0063, 0x0063, 0x0063, 0x0063,
  0x0063, 0x0063, 0x0063, 0x0063, 0x0063, 0x0063, 0x0063, 0x0063, 0x0063, 0x0063, 0x0063, 0x0063,
  0x0063, 0x0063, 0x0063, 0x0063, 0x0063, 0x0063, 0x0063, 0x0063, 0x0063, 0x0063, 0x0063, 0x0063,
  0x0063, 0x0063, 0x0063, 0x0063, 0x0063, 0x0063, 0x0063, 0x0063, 0x0063, 0x0063, 0x08a3, 0x0083,
  0x0063, 0x0063, 0x0063, 0x0063, 0x0063, 0x0063, 0x0063, 0x0063, 0x0063, 0x0063, 0x00a4, 0x08c4,
  0x10e5, 0x0063, 0x0063, 0x0063, 0x0063, 0x0063, 0x0063, 0x0063, 0x0063, 0x0062, 0x0062, 0x0062,
  0x0063, 0x0063, 0x0063, 0x0063, 0x0063, 0x0063, 0x0063, 0x0063, 0x0063, 0x0063, 0x0063, 0x0063,
  0x0063, 0x0063, 0x0063, 0x0063, 0x0063, 0x0063, 0x0063, 0x0063, 0x0063, 0x0063, 0x0063, 0x0063,
  0x0063, 0x0063, 0x0063, 0x0063, 0x0063, 0x0063, 0x0063, 0x0063, 0x0063, 0x0063, 0x0063, 0x0063,
  0x0083, 0x0063, 0x08c4, 0x1905, 0x0063, 0x0063, 0x0063, 0x0063, 0x0063, 0x0063, 0x0063, 0x0063,
  0x0083, 0x0083, 0x0083, 0x0063, 0x0063, 0x0084, 0x0084, 0x0084, 0x0084, 0x0084, 0x0083, 0x0084,
  0x0084, 0x0084, 0x0084, 0x0084, 0x0084, 0x0084, 0x00a4, 0x00a4, 0x00a4, 0x00a4, 0x0084, 0x00a4,
  0x0084, 0x0084, 0x0084, 0x0084, 0x00a4, 0x0084, 0x00a4, 0x0084, 0x0084, 0x0084, 0x0083, 0x0083,
  0x0083, 0x0083, 0x0083, 0x0084, 0x0084, 0x0084, 0x0083, 0x0084, 0x0084, 0x0084, 0x0084, 0x0063,
  0x0083, 0x0063, 0x0063, 0x0063, 0x0063, 0x0063, 0x0083, 0x0084, 0x0084, 0x0084, 0x0084, 0x0084,
  0x0084, 0x0084, 0x0083, 0x0083, 0x0084, 0x0083, 0x0083, 0x00a4, 0x0084, 0x0084, 0x0084, 0x0084,
  0x0083, 0x0084, 0x0084, 0x0084, 0x0084, 0x0084, 0x0084, 0x00a4, 0x0084, 0x0084, 0x0084, 0x0084,
  0x0084, 0x0084, 0x0083, 0x0084, 0x0084, 0x0084, 0x0084, 0x0084, 0x0084, 0x0084, 0x0083, 0x0083,
  0x0084, 0x0084, 0x0063, 0x0084, 0x0084, 0x0084, 0x00a4, 0x00a4, 0x0084, 0x0084, 0x0084, 0x0084,
  0x0084, 0x0083, 0x0084, 0x0084, 0x00a4, 0x0084, 0x0084, 0x0084, 0x0084, 0x0084, 0x0084, 0x0084,
  0x0084, 0x0084, 0x0084, 0x0084, 0x0084, 0x0084, 0x0084, 0x0083, 0x0083, 0x0083, 0x0083, 0x0063,
  0x0083, 0x0063, 0x0063, 0x0083, 0x0063, 0x0063, 0x0063, 0x00a4, 0x00a4, 0x0084, 0x0083, 0x0083,
  0x0084, 0x0084, 0x0084, 0x0084, 0x0084, 0x0084, 0x0083, 0x0083, 0x0083, 0x0083, 0x0084, 0x0083,
  0x1105, 0x00a4, 0x0084, 0x0084, 0x0083, 0x0083, 0x0083, 0x0063, 0x0084, 0x0084, 0x0084, 0x0063,
  0x0063, 0x0063, 0x0083, 0x0063, 0x0063, 0x0063, 0x0063, 0x0063, 0x0063, 0x0063, 0x0063, 0x0063,
  0x0063, 0x0063, 0x0083, 0x0083, 0x0063, 0x0063, 0x0063, 0x0063, 0x0063, 0x0063, 0x0063, 0x0063,
  0x0063, 0x0063, 0x0063, 0x0063, 0x0063, 0x0063, 0x0063, 0x0063, 0x0063, 0x0063, 0x0063, 0x0063,
  0x0063, 0x0063, 0x0083, 0x0063, 0x0063, 0x0063, 0x0063, 0x0063, 0x0063, 0x0063, 0x0063, 0x0063,
  0x0063, 0x0063, 0x0063, 0x0063, 0x0063, 0x0063, 0x0063, 0x0063, 0x0063, 0x0063, 0x0063, 0x0063,
  0x0063, 0x0063, 0x0063, 0x0063, 0x0063, 0x0063, 0x0063, 0x0063, 0x0063, 0x0063, 0x0063, 0x0063,
  0x0063, 0x0063, 0x0063, 0x0063, 0x0063, 0x0063, 0x10e4, 0x08a4, 0x0062, 0x0063, 0x0063, 0x0063,
  0x0063, 0x0063, 0x0063, 0x0063, 0x0063, 0x0063, 0x00a4, 0x08a4, 0x1106, 0x0063, 0x0063, 0x0063,
  0x0063, 0x0063, 0x0063, 0x0063, 0x0063, 0x0063, 0x0062, 0x0063, 0x0063, 0x0063, 0x0063, 0x0063,
  0x0063, 0x0063, 0x0063, 0x0063, 0x0063, 0x0063, 0x0063, 0x0063, 0x0063, 0x0063, 0x0063, 0x0063,
  0x0063, 0x0063, 0x0063, 0x0063, 0x0063, 0x0063, 0x0063, 0x0063, 0x0063, 0x0063, 0x0063, 0x0063,
  0x0063, 0x0063, 0x0063, 0x0063, 0x0063, 0x0063, 0x0063, 0x0063, 0x0063, 0x0063, 0x0083, 0x00a4,
  0x0063, 0x0063, 0x0063, 0x0063, 0x0063, 0x0063, 0x0083, 0x0083, 0x0083, 0x0083, 0x0083, 0x0083,
  0x0083, 0x0084, 0x0084, 0x00a4, 0x0084, 0x0084, 0x00a4, 0x00a4, 0x00a4, 0x0084, 0x0084, 0x0084,
  0x0084, 0x0084, 0x00a4, 0x00a4, 0x00a4, 0x0084, 0x00a4, 0x0084, 0x00a4, 0x0084, 0x0084, 0x0084,
  0x0084, 0x0084, 0x0083, 0x0063, 0x0063, 0x0084, 0x0084, 0x0084, 0x0084, 0x0084, 0x0084, 0x0084,
  0x0084, 0x0084, 0x0084, 0x0084, 0x0084, 0x0084, 0x0084, 0x0083, 0x0083, 0x0084, 0x0084, 0x0084,
  0x0084, 0x0084, 0x0084, 0x0084, 0x0084, 0x0084, 0x0084, 0x0084, 0x0084, 0x0084, 0x0084, 0x0084,
  0x0084, 0x0084, 0x0084, 0x0084, 0x0084, 0x0084, 0x0084, 0x0084, 0x0084, 0x0084, 0x0084, 0x0084,
  0x0084, 0x0084, 0x00a4, 0x00a4, 0x0084, 0x0084, 0x0084, 0x0084, 0x0084, 0x0084, 0x0084, 0x0084,
  0x00a4, 0x00a4, 0x00a4, 0x00a4, 0x0084, 0x0084, 0x0084, 0x0084, 0x0084, 0x0084, 0x0084, 0x0083,
  0x0083, 0x0084, 0x0084, 0x0084, 0x0084, 0x0084, 0x0084, 0x0084, 0x0084, 0x0084, 0x00a4, 0x00a4,
  0x00a4, 0x00a4, 0x0084, 0x0084, 0x0084, 0x0084, 0x0084, 0x0084, 0x0084, 0x0084, 0x0084, 0x0084,
  0x0084, 0x0084, 0x0084, 0x0084, 0x0084, 0x0084, 0x0084, 0x0083, 0x0083, 0x0083, 0x0083, 0x0084,
  0x0084, 0x0084, 0x0083, 0x0084, 0x0084, 0x0084, 0x0084, 0x0084, 0x0084, 0x0084, 0x0084, 0x0084,
  0x0084, 0x0084, 0x0084, 0x00a4, 0x0084, 0x0084, 0x00a4, 0x0084, 0x0084, 0x0084, 0x0063, 0x0084,
  0x0084, 0x0083, 0x0083, 0x0084, 0x0083, 0x0084, 0x0083, 0x0083, 0x0063, 0x0063, 0x0063, 0x0083,
  0x0063, 0x0084, 0x0083, 0x0063, 0x0063, 0x0083, 0x0063, 0x0083, 0x0083, 0x0083, 0x0083, 0x0063,
  0x0083, 0x0063, 0x0063, 0x0063, 0x0063, 0x0063, 0x0063, 0x0063, 0x0063, 0x0063, 0x0063, 0x0063,
  0x0063, 0x0063, 0x0063, 0x0063, 0x0063, 0x0063, 0x0063, 0x0063, 0x0063, 0x0063, 0x0063, 0x0063,
  0x0063, 0x0063, 0x0063, 0x0063, 0x0063, 0x0063, 0x0063, 0x0063, 0x0063, 0x0063, 0x0063, 0x0063,
  0x0063, 0x0063, 0x0063, 0x0063, 0x0063, 0x0063, 0x0063, 0x0063, 0x0063, 0x0063, 0x0063, 0x0063,
  0x0063, 0x0063, 0x0063, 0x0063, 0x0063, 0x0063, 0x0063, 0x0063, 0x0063, 0x0063, 0x0063, 0x0063,
  0x0063, 0x0063, 0x0063, 0x0063, 0x0063, 0x0062, 0x0063, 0x0063, 0x0063, 0x0063, 0x0063, 0x0063,
  0x0063, 0x0063, 0x00a4, 0x08a4, 0x1106, 0x0063, 0x0063, 0x0063, 0x0083, 0x10e4, 0x0063, 0x0063,
  0x0062, 0x0063, 0x0063, 0x0063, 0x0063, 0x0063, 0x0063, 0x0063, 0x0063, 0x0063, 0x0063, 0x0063,
  0x0063, 0x08a4, 0x2146, 0x08a3, 0x0063, 0x0063, 0x0063, 0x0063, 0x0063, 0x0063, 0x0063, 0x0063,
  0x0063, 0x0063, 0x0063, 0x0063, 0x0063, 0x0083, 0x0063, 0x0083, 0x0063, 0x0063, 0x0063, 0x0063,
  0x0063, 0x0063, 0x0063, 0x0063, 0x0063, 0x0063, 0x0063, 0x0063, 0x0063, 0x0063, 0x0063, 0x0083,
  0x0083, 0x0083, 0x0063, 0x0063, 0x0063, 0x0083, 0x0083, 0x0083, 0x0083, 0x0083, 0x0084, 0x0084,
  0x00a4, 0x0084, 0x00a4, 0x00a4, 0x00a4, 0x00a4, 0x00a4, 0x00a4, 0x00a4, 0x0084, 0x0084, 0x0084,
  0x0084, 0x0084, 0x0084, 0x0084, 0x00a4, 0x0084, 0x00a4, 0x0084, 0x0084, 0x0084, 0x0063, 0x0083,
  0x0083, 0x0084, 0x0084, 0x0084, 0x0084, 0x0084, 0x0084, 0x0084, 0x0084, 0x0084, 0x0084, 0x0084,
  0x0084, 0x0084, 0x0084, 0x0084, 0x0083, 0x0084, 0x0084, 0x0084, 0x0084, 0x0084, 0x0084, 0x0084,
  0x0084, 0x0084, 0x0084, 0x0084, 0x0084, 0x0084, 0x0084, 0x0084, 0x0084, 0x0084, 0x0084, 0x0084,
  0x0084, 0x0084, 0x0084, 0x0084, 0x0084, 0x0084, 0x0084, 0x00a4, 0x00a4, 0x00a4, 0x00a4, 0x00a4,
  0x00a4, 0x00a4, 0x0084, 0x0084, 0x0084, 0x00a4, 0x00a4, 0x00a4, 0x00a4, 0x00a4, 0x00a4, 0x00a4,
  0x0084, 0x0084, 0x0084, 0x0084, 0x0084, 0x0084, 0x0084, 0x0083, 0x1105, 0x08a4, 0x0084, 0x0084,
  0x00a4, 0x00a4, 0x00a4, 0x0084, 0x0084, 0x00a4, 0x00a4, 0x00a4, 0x00a4, 0x00a4, 0x00a4, 0x0084,
  0x0084, 0x0084, 0x0084, 0x0084, 0x0084, 0x0084, 0x0084, 0x0084, 0x0084, 0x0084, 0x0084, 0x0084,
  0x0084, 0x0084, 0x0083, 0x0083, 0x0083, 0x0084, 0x0084, 0x0084, 0x0084, 0x0084, 0x0083, 0x0084,
  0x0084, 0x0084, 0x00a4, 0x0084, 0x0084, 0x0084, 0x0084, 0x0084, 0x0084, 0x0084, 0x0084, 0x00a4,
  0x00a4, 0x00a4, 0x0084, 0x0084, 0x0084, 0x0084, 0x0084, 0x0084, 0x0084, 0x0084, 0x0084, 0x0084,
  0x0084, 0x0084, 0x0084, 0x0084, 0x0084, 0x0084, 0x0084, 0x0063, 0x0084, 0x0084, 0x0083, 0x0083,
  0x0083, 0x0083, 0x0083, 0x0084, 0x0083, 0x0083, 0x0083, 0x0083, 0x0063, 0x0083, 0x0063, 0x0083,
  0x0063, 0x0063, 0x0083, 0x0063, 0x0063, 0x0063, 0x0063, 0x0063, 0x0063, 0x0063, 0x0063, 0x0063,
  0x0083, 0x0083, 0x0063, 0x0063, 0x0063, 0x0083, 0x0063, 0x0084, 0x0063, 0x0063, 0x0063, 0x0063,
  0x0063, 0x0063, 0x0063, 0x0063, 0x0063, 0x0063, 0x0063, 0x0063, 0x0063, 0x0063, 0x0063, 0x0063,
  0x0063, 0x0063, 0x0063, 0x0063, 0x0063, 0x0063, 0x0063, 0x0063, 0x0063, 0x0063, 0x0063, 0x0063,
  0x0063, 0x0063, 0x0063, 0x0063, 0x0063, 0x0063, 0x0063, 0x0063, 0x0063, 0x0063, 0x0063, 0x0063,
  0x0063, 0x0063, 0x0063, 0x0063, 0x0063, 0x0063, 0x0063, 0x0063, 0x0063, 0x0063, 0x08a4, 0x08c4,
  0x1106, 0x0063, 0x0063, 0x0063, 0x0083, 0x10e4, 0x0063, 0x0063, 0x0063, 0x0062, 0x0063, 0x0063,
  0x0063, 0x0063, 0x0063, 0x0063, 0x0063, 0x0063, 0x0063, 0x0063, 0x0063, 0x0083, 0x1925, 0x0083,
  0x0063, 0x0063, 0x0063, 0x0063, 0x0063, 0x0063, 0x0063, 0x0083, 0x0063, 0x0063, 0x0063, 0x0063,
  0x0063, 0x0063, 0x0083, 0x0083, 0x0083, 0x0063, 0x0063, 0x0063, 0x0063, 0x0063, 0x0063, 0x0063,
  0x0063, 0x0063, 0x0083, 0x0063, 0x0063, 0x0063, 0x0063, 0x0083, 0x0083, 0x0083, 0x0083, 0x0083,
  0x0083, 0x0083, 0x00a4, 0x0084, 0x0084, 0x0084, 0x0084, 0x0084, 0x0084, 0x0084, 0x0084, 0x0084,
  0x00a4, 0x00a4, 0x0084, 0x00a4, 0x00a4, 0x0084, 0x00a4, 0x0084, 0x00a4, 0x00a4, 0x0084, 0x0084,
  0x00a4, 0x00a4, 0x0084, 0x00a4, 0x0084, 0x0084, 0x0084, 0x0084, 0x0084, 0x0084, 0x0084, 0x0084,
  0x00a4, 0x0084, 0x0084, 0x0084, 0x0084, 0x00a4, 0x0084, 0x0084, 0x0084, 0x0084, 0x0084, 0x0084,
  0x00a4, 0x00a4, 0x0084, 0x0084, 0x00a4, 0x0084, 0x0084, 0x0084, 0x0084, 0x0084, 0x0084, 0x0084,
  0x0084, 0x0084, 0x0084, 0x0084, 0x0084, 0x0084, 0x0084, 0x0084, 0x00a4, 0x0084, 0x0084, 0x00a4,
  0x0084, 0x0084, 0x0084, 0x0084, 0x0084, 0x00a4, 0x0084, 0x00a4, 0x00a4, 0x0084, 0x0084, 0x00a4,
  0x0084, 0x00a4, 0x00a4, 0x00a4, 0x00a4, 0x00a4, 0x00a4, 0x00a4, 0x00a4, 0x0084, 0x0084, 0x0084,
  0x0084, 0x0084, 0x0084, 0x0083, 0x0083, 0x0084, 0x00a4, 0x00a4, 0x00a4, 0x00a4, 0x00a4, 0x0084,
  0x0084, 0x1925, 0x08e5, 0x0084, 0x0084, 0x00a4, 0x00a4, 0x00a4, 0x0084, 0x00a4, 0x0084, 0x0084,
  0x00a4, 0x00a4, 0x0084, 0x00a4, 0x0084, 0x0084, 0x0084, 0x00a4, 0x00a4, 0x0084, 0x0084, 0x0084,
  0x0084, 0x00a4, 0x00a4, 0x00a4, 0x0084, 0x0084, 0x0084, 0x0084, 0x0084, 0x0084, 0x00a4, 0x00a4,
  0x00a4, 0x0084, 0x0084, 0x0084, 0x0084, 0x0084, 0x00a4, 0x0084, 0x0084, 0x00a4, 0x00a4, 0x0084,
  0x0084, 0x0084, 0x0084, 0x0084, 0x0084, 0x0084, 0x0084, 0x0084, 0x0084, 0x0084, 0x0083, 0x0084,
  0x0084, 0x0084, 0x0084, 0x0084, 0x0084, 0x0084, 0x0083, 0x0083, 0x0083, 0x0083, 0x0083, 0x0084,
  0x0084, 0x0083, 0x0083, 0x0083, 0x0063, 0x0084, 0x0084, 0x0084, 0x0083, 0x0083, 0x0063, 0x0063,
  0x0063, 0x0063, 0x0083, 0x0083, 0x0063, 0x0063, 0x0063, 0x0063, 0x0063, 0x0063, 0x0063, 0x0063,
  0x0063, 0x0083, 0x0063, 0x0063, 0x0063, 0x0063, 0x0063, 0x0063, 0x0063, 0x0063, 0x0063, 0x0063,
  0x0063, 0x0063, 0x0063, 0x0063, 0x0083, 0x0063, 0x0063, 0x0063, 0x0063, 0x0063, 0x0063, 0x0063,
  0x0063, 0x0063, 0x0063, 0x0063, 0x0063, 0x0063, 0x0063, 0x0063, 0x0063, 0x0063, 0x0063, 0x0063,
  0x0063, 0x0063, 0x0063, 0x0063, 0x0063, 0x0063, 0x0063, 0x0063, 0x0063, 0x0063, 0x0063, 0x0063,
  0x0063, 0x0063, 0x0063, 0x0063, 0x0063, 0x0063, 0x08a4, 0x08c4, 0x1105, 0x0063, 0x0063, 0x0063,
  0x0063, 0x0063, 0x0063, 0x0063, 0x0063, 0x0063, 0x0063, 0x0063, 0x0063, 0x0063, 0x0063, 0x0063,
  0x0063, 0x0063, 0x0063, 0x0063, 0x0063, 0x0063, 0x0063, 0x0063, 0x0063, 0x0063, 0x0063, 0x0063,
  0x0063, 0x0063, 0x0083, 0x0063, 0x0063, 0x0063, 0x0063, 0x0063, 0x0063, 0x0063, 0x0063, 0x0063,
  0x0063, 0x0063, 0x0063, 0x0063, 0x0063, 0x0083, 0x0083, 0x0063, 0x0063, 0x0083, 0x0083, 0x0083,
  0x0063, 0x0063, 0x0063, 0x0063, 0x0083, 0x0083, 0x0083, 0x0084, 0x0084, 0x0084, 0x0084, 0x0084,
  0x0083, 0x00a4, 0x0084, 0x0084, 0x0084, 0x00a4, 0x0084, 0x00a4, 0x00a4, 0x00a4, 0x00a4, 0x00a4,
  0x00a4, 0x00a4, 0x00a4, 0x00a4, 0x00a4, 0x00a4, 0x00a4, 0x00a4, 0x00a4, 0x00a4, 0x0084, 0x0084,
  0x0084, 0x00a4, 0x00a4, 0x00a4, 0x00a4, 0x0084, 0x00a4, 0x00a4, 0x00a4, 0x00a4, 0x00a4, 0x00a4,
  0x00a4, 0x00a4, 0x0084, 0x0084, 0x0084, 0x0084, 0x0084, 0x00a4, 0x00a4, 0x00a4, 0x0084, 0x0084,
  0x0084, 0x0084, 0x00a4, 0x00a4, 0x0084, 0x0084, 0x00a4, 0x0084, 0x0084, 0x0084, 0x00a4, 0x0084,
  0x0084, 0x0084, 0x0084, 0x0084, 0x00a4, 0x00a4, 0x00a4, 0x00a4, 0x00a4, 0x0084, 0x00a4, 0x0084,
  0x0084, 0x0084, 0x0084, 0x00a4, 0x00a4, 0x0084, 0x00a4, 0x00a4, 0x08c4, 0x00a4, 0x00a4, 0x00a4,
  0x00a4, 0x00a4, 0x0084, 0x0084, 0x0084, 0x00a4, 0x00a4, 0x00a4, 0x0084, 0x0084, 0x0084, 0x0084,
  0x0084, 0x0084, 0x00a4, 0x00a4, 0x00a4, 0x00a4, 0x00a4, 0x0084, 0x0084, 0x00a4, 0x00a4, 0x0084,
  0x0084, 0x00a4, 0x00a4, 0x00a4, 0x00a4, 0x0084, 0x0084, 0x0084, 0x00a4, 0x0084, 0x0084, 0x0084,
  0x0084, 0x0084, 0x00a4, 0x0084, 0x00a4, 0x00a4, 0x00a4, 0x00a4, 0x00a4, 0x0084, 0x00a4, 0x0084,
  0x0084, 0x0084, 0x0084, 0x00a4, 0x0084, 0x0084, 0x0084, 0x0084, 0x0084, 0x0084, 0x00a4, 0x0084,
  0x0084, 0x0084, 0x00a4, 0x0084, 0x0084, 0x00a4, 0x00a4, 0x00a4, 0x00a4, 0x00a4, 0x00a4, 0x0084,
  0x0084, 0x0084, 0x0083, 0x0084, 0x0084, 0x0084, 0x0084, 0x0084, 0x0083, 0x0084, 0x0084, 0x0084,
  0x00a4, 0x0084, 0x0084, 0x0083, 0x0063, 0x0083, 0x0083, 0x0084, 0x0084, 0x0084, 0x0084, 0x0084,
  0x0084, 0x0084, 0x0084, 0x0083, 0x0083, 0x0084, 0x0063, 0x0063, 0x0063, 0x0083, 0x0083, 0x0083,
  0x0063, 0x0063, 0x0063, 0x0063, 0x0063, 0x0063, 0x0063, 0x0063, 0x0063, 0x0063, 0x0063, 0x0063,
  0x0063, 0x0083, 0x0063, 0x0083, 0x0083, 0x0083, 0x0083, 0x0083, 0x0083, 0x0083, 0x0063, 0x0063,
  0x0063, 0x0063, 0x0063, 0x0063, 0x0063, 0x0063, 0x0063, 0x0083, 0x0063, 0x0063, 0x0063, 0x0063,
  0x0063, 0x0063, 0x0063, 0x0063, 0x0063, 0x0063, 0x0063, 0x0063, 0x0063, 0x0063, 0x0063, 0x0063,
  0x0063, 0x0063, 0x0063, 0x0063, 0x0063, 0x0063, 0x0063, 0x0063, 0x0063, 0x0063, 0x0063, 0x0063,
  0x0063, 0x0063, 0x08a4, 0x08c4, 0x1106, 0x0063, 0x0063, 0x0063, 0x0063, 0x08a4, 0x0063, 0x0063,
  0x0063, 0x0063, 0x0063, 0x0063, 0x0063, 0x0063, 0x0063, 0x0063, 0x0063, 0x0063, 0x0063, 0x0063,
  0x0063, 0x0063, 0x0063, 0x0063, 0x0063, 0x0063, 0x0063, 0x0063, 0x0083, 0x0083, 0x0063, 0x0083,
  0x0063, 0x0083, 0x0083, 0x0063, 0x0083, 0x0083, 0x0063, 0x0063, 0x0063, 0x0063, 0x0063, 0x0063,
  0x0063, 0x0063, 0x0063, 0x0063, 0x0063, 0x0083, 0x0063, 0x0083, 0x0063, 0x0063, 0x0063, 0x0063,
  0x0083, 0x0083, 0x0083, 0x0084, 0x0084, 0x0083, 0x0083, 0x0083, 0x0083, 0x08a4, 0x0084, 0x0084,
  0x00a4, 0x0084, 0x00a4, 0x00a4, 0x00a4, 0x00a4, 0x00a4, 0x00a4, 0x00a4, 0x00a4, 0x00a4, 0x00a4,
  0x00a4, 0x00a4, 0x00a4, 0x00a4, 0x00a4, 0x00a4, 0x00a4, 0x00a4, 0x00a4, 0x00a4, 0x00a4, 0x00a4,
  0x0084, 0x0084, 0x0084, 0x0084, 0x00a4, 0x00a4, 0x00a4, 0x00a4, 0x00a4, 0x00a4, 0x0084, 0x00a4,
  0x0084, 0x0084, 0x0084, 0x0084, 0x00a4, 0x0084, 0x0084, 0x0084, 0x0084, 0x08a4, 0x00a4, 0x00a4,
  0x00a4, 0x00a4, 0x00a4, 0x00a4, 0x0084, 0x0084, 0x00a4, 0x00a4, 0x0084, 0x0084, 0x0084, 0x0084,
  0x0084, 0x00a4, 0x0084, 0x0084, 0x00a4, 0x0084, 0x0084, 0x00a4, 0x0084, 0x00a4, 0x00a4, 0x0084,
  0x00a4, 0x0084, 0x0084, 0x0084, 0x0084, 0x0084, 0x0084, 0x00a4, 0x00a4, 0x00a4, 0x0084, 0x0084,
  0x0084, 0x00a4, 0x00a4, 0x00a4, 0x0084, 0x0084, 0x0084, 0x0084, 0x0084, 0x00a4, 0x00a4, 0x00a4,
  0x00a4, 0x00a4, 0x00a4, 0x00a4, 0x00a4, 0x0084, 0x0084, 0x0084, 0x00a4, 0x00a4, 0x00a4, 0x00a4,
  0x00a4, 0x00a4, 0x0084, 0x00a4, 0x00a4, 0x0084, 0x0084, 0x00a4, 0x0084, 0x0084, 0x00a4, 0x00a4,
  0x00a4, 0x00a4, 0x00a4, 0x00a4, 0x0084, 0x00a4, 0x00a4, 0x00a4, 0x00a4, 0x00a4, 0x0084, 0x0084,
  0x0084, 0x0084, 0x0084, 0x0084, 0x0084, 0x00a4, 0x0084, 0x00a4, 0x00a4, 0x0084, 0x00a4, 0x00a4,
  0x00a4, 0x00a4, 0x00a4, 0x00a4, 0x0084, 0x00a4, 0x00a4, 0x0084, 0x0084, 0x0084, 0x0084, 0x0084,
  0x00a4, 0x0084, 0x0084, 0x0084, 0x0084, 0x00a4, 0x0084, 0x0084, 0x00a4, 0x0084, 0x00a4, 0x0084,
  0x0083, 0x0084, 0x0084, 0x0084, 0x0084, 0x0084, 0x0084, 0x0084, 0x0084, 0x0084, 0x0084, 0x0083,
  0x0063, 0x0084, 0x0084, 0x0063, 0x0084, 0x0083, 0x0084, 0x0084, 0x0083, 0x0083, 0x0083, 0x0063,
  0x0083, 0x0063, 0x0063, 0x0063, 0x0063, 0x0083, 0x0083, 0x0083, 0x0063, 0x0063, 0x0063, 0x0083,
  0x0083, 0x0083, 0x0084, 0x0083, 0x0083, 0x0063, 0x0063, 0x0063, 0x0063, 0x0063, 0x0063, 0x0083,
  0x0063, 0x0063, 0x0063, 0x0063, 0x0063, 0x0063, 0x0063, 0x0063, 0x0063, 0x0063, 0x0063, 0x0063,
  0x0063, 0x0063, 0x0083, 0x0063, 0x0063, 0x0063, 0x0063, 0x0063, 0x0063, 0x0063, 0x0063, 0x0063,
  0x0063, 0x0063, 0x0063, 0x0063, 0x0063, 0x0063, 0x0063, 0x0063, 0x0063, 0x0063, 0x08a4, 0x08c4,
  0x1106, 0x0063, 0x0063, 0x0063, 0x0063, 0x0063, 0x0063, 0x0063, 0x0063, 0x0063, 0x0063, 0x0063,
  0x0063, 0x0063, 0x0063, 0x0063, 0x0063, 0x0063, 0x0063, 0x0063, 0x0063, 0x0063, 0x0063, 0x0063,
  0x0063, 0x0063, 0x0063, 0x0063, 0x0063, 0x0063, 0x0063, 0x0063, 0x0083, 0x0083, 0x0083, 0x0083,
  0x0063, 0x0083, 0x0063, 0x0084, 0x0063, 0x0063, 0x0084, 0x0063, 0x0063, 0x0063, 0x0063, 0x0083,
  0x0083, 0x0083, 0x0083, 0x0083, 0x0083, 0x0063, 0x0063, 0x0083, 0x0083, 0x0083, 0x0084, 0x0084,
  0x0083, 0x0084, 0x0083, 0x0083, 0x0084, 0x00a4, 0x00a4, 0x00a4, 0x0084, 0x00a4, 0x00a4, 0x00a4,
  0x00a4, 0x0084, 0x00a4, 0x00a4, 0x0084, 0x0084, 0x00a4, 0x00a4, 0x00a4, 0x00a4, 0x00a4, 0x00a4,
  0x00a4, 0x00a4, 0x00a4, 0x00a4, 0x00a4, 0x00a4, 0x0084, 0x00a4, 0x0084, 0x00a4, 0x0084, 0x0084,
  0x0084, 0x00a4, 0x00a4, 0x00a4, 0x00a4, 0x00a4, 0x0084, 0x00a4, 0x00a4, 0x00a4, 0x0084, 0x0084,
  0x0084, 0x0084, 0x00a4, 0x0084, 0x00a4, 0x1105, 0x08a4, 0x00a4, 0x00a4, 0x00a4, 0x00a4, 0x00a4,
  0x00a4, 0x0084, 0x00a4, 0x0084, 0x0084, 0x0084, 0x00a4, 0x0084, 0x0084, 0x0084, 0x0084, 0x00a4,
  0x00a4, 0x00a4, 0x0084, 0x00a4, 0x00a4, 0x00a4, 0x0084, 0x00a4, 0x00a4, 0x00a4, 0x00a4, 0x00a4,
  0x00a4, 0x0084, 0x00a4, 0x00a4, 0x00a4, 0x00a4, 0x0084, 0x0084, 0x0084, 0x00a4, 0x00a4, 0x0084,
  0x00a4, 0x00a4, 0x0084, 0x0084, 0x00a4, 0x00a4, 0x00a4, 0x00a4, 0x00a4, 0x0084, 0x00a4, 0x0084,
  0x00a4, 0x0084, 0x0084, 0x0084, 0x00a4, 0x00a4, 0x00a4, 0x00a4, 0x00a4, 0x00a4, 0x00a4, 0x00a4,
  0x00a4, 0x0084, 0x0084, 0x00a4, 0x0084, 0x0084, 0x00a4, 0x00a4, 0x00a4, 0x00a4, 0x0084, 0x00a4,
  0x00a4, 0x00a4, 0x00a4, 0x00a4, 0x00a4, 0x00a4, 0x00a4, 0x0084, 0x0084, 0x0084, 0x0084, 0x0084,
  0x00a4, 0x0084, 0x00a4, 0x00a4, 0x00a4, 0x00a4, 0x00a4, 0x00a4, 0x00a4, 0x0084, 0x0084, 0x00a4,
  0x0084, 0x00a4, 0x00a4, 0x00a4, 0x00a4, 0x00a4, 0x00a4, 0x0084, 0x00a4, 0x00a4, 0x0084, 0x0084,
  0x00a4, 0x00a4, 0x0084, 0x0084, 0x0084, 0x0083, 0x2167, 0x1925, 0x0083, 0x0084, 0x0084, 0x00a4,
  0x0084, 0x0084, 0x0084, 0x0084, 0x0084, 0x0084, 0x0084, 0x0063, 0x0083, 0x0083, 0x0084, 0x0084,
  0x0084, 0x0084, 0x0084, 0x0084, 0x0084, 0x0084, 0x0083, 0x0063, 0x0063, 0x0063, 0x0063, 0x0063,
  0x0063, 0x0083, 0x0083, 0x0063, 0x0083, 0x0083, 0x0083, 0x0083, 0x0083, 0x0084, 0x0084, 0x0084,
  0x0083, 0x0063, 0x0063, 0x0063, 0x0063, 0x0063, 0x0063, 0x0083, 0x0083, 0x0063, 0x0063, 0x0063,
  0x0063, 0x0063, 0x0063, 0x0063, 0x0063, 0x0063, 0x0063, 0x0063, 0x0063, 0x0063, 0x0083, 0x0063,
  0x0063, 0x0063, 0x0083, 0x0063, 0x0063, 0x0083, 0x0083, 0x0063, 0x0063, 0x0063, 0x0063, 0x0063,
  0x0063, 0x0063, 0x0063, 0x0063, 0x0063, 0x0063, 0x08a4, 0x08c4, 0x1106, 0x0063, 0x0063, 0x0063,
  0x0063, 0x0063, 0x0063, 0x0063, 0x0063, 0x0063, 0x0063, 0x0063, 0x0063, 0x0063, 0x0063, 0x0063,
  0x0063, 0x0063, 0x0063, 0x0063, 0x0063, 0x0083, 0x0083, 0x0063, 0x0063, 0x0063, 0x0063, 0x0063,
  0x0063, 0x0063, 0x0063, 0x0063, 0x0063, 0x0063, 0x0083, 0x0063, 0x0063, 0x0063, 0x0084, 0x0084,
  0x0084, 0x0084, 0x0084, 0x0084, 0x0063, 0x0083, 0x0083, 0x0083, 0x0083, 0x0083, 0x0083, 0x0083,
  0x0083, 0x0063, 0x0083, 0x0083, 0x0084, 0x0083, 0x0084, 0x0084, 0x0083, 0x0084, 0x0084, 0x0083,
  0x0084, 0x00a4, 0x00a4, 0x00a4, 0x00a4, 0x00a4, 0x00a4, 0x00a4, 0x00a4, 0x00a4, 0x00a4, 0x00a4,
  0x00a4, 0x00a4, 0x00a4, 0x00a4, 0x00a4, 0x00a4, 0x00a4, 0x00a4, 0x00a4, 0x00a4, 0x00a4, 0x00a4,
  0x00a4, 0x00a4, 0x00a4, 0x00a4, 0x00a4, 0x00a4, 0x00a4, 0x00a4, 0x00a4, 0x00a4, 0x00a4, 0x00a4,
  0x00a4, 0x00a4, 0x0084, 0x00a4, 0x00a4, 0x0084, 0x0084, 0x0084, 0x0084, 0x00a4, 0x0084, 0x00a4,
  0x00a4, 0x00a4, 0x00a4, 0x00a4, 0x00a4, 0x00a4, 0x00a4, 0x00a4, 0x00a4, 0x00a4, 0x00a4, 0x00a4,
  0x00a4, 0x00a4, 0x00a4, 0x0084, 0x00a4, 0x00a4, 0x00a4, 0x00a4, 0x00a4, 0x0084, 0x0084, 0x0084,
  0x00a4, 0x00a4, 0x00a4, 0x00a4, 0x0084, 0x00a4, 0x00a4, 0x0084, 0x00a4, 0x0084, 0x00a4, 0x00a4,
  0x00a4, 0x00a4, 0x00a4, 0x0084, 0x0084, 0x00a4, 0x00a4, 0x00a4, 0x00a4, 0x00a4, 0x0084, 0x1106,
  0x08c4, 0x00a4, 0x00a4, 0x00a4, 0x00a4, 0x00a4, 0x00a4, 0x00a4, 0x00a4, 0x00a4, 0x00a4, 0x00a4,
  0x0084, 0x0084, 0x00a4, 0x00a4, 0x00a4, 0x00a4, 0x00a4, 0x00a4, 0x00a4, 0x0084, 0x00a4, 0x00a4,
  0x00a4, 0x00a4, 0x00a4, 0x00a4, 0x00a4, 0x00a4, 0x00a4, 0x00a4, 0x00a4, 0x00a4, 0x00a4, 0x00a4,
  0x00a4, 0x00a4, 0x00a4, 0x00a4, 0x00a4, 0x00a4, 0x00a4, 0x00a4, 0x00a4, 0x00a4, 0x00a4, 0x00a4,
  0x00a4, 0x00a4, 0x00a4, 0x00a4, 0x00a4, 0x00a4, 0x00a4, 0x0084, 0x0084, 0x00a4, 0x00a4, 0x0084,
  0x00a4, 0x00a4, 0x00a4, 0x00a4, 0x00a4, 0x0084, 0x00a4, 0x00a4, 0x00a4, 0x0084, 0x0084, 0x00a4,
  0x00a4, 0x0084, 0x08a4, 0x08a4, 0x0084, 0x0084, 0x0084, 0x0084, 0x0084, 0x0084, 0x0084, 0x00a4,
  0x0084, 0x0084, 0x0084, 0x0084, 0x0084, 0x0084, 0x0084, 0x0084, 0x0084, 0x0083, 0x0084, 0x0083,
  0x0084, 0x0084, 0x0083, 0x08c4, 0x08e5, 0x0083, 0x0084, 0x0084, 0x0083, 0x0063, 0x0063, 0x0083,
  0x0063, 0x0083, 0x0084, 0x0063, 0x0083, 0x0084, 0x0084, 0x0083, 0x0083, 0x0083, 0x0063, 0x0063,
  0x0063, 0x0083, 0x0083, 0x0083, 0x0083, 0x0063, 0x0063, 0x0063, 0x0063, 0x0063, 0x0063, 0x0083,
  0x0063, 0x0063, 0x0063, 0x0063, 0x0063, 0x0063, 0x0063, 0x0063, 0x0083, 0x0063, 0x0063, 0x0063,
  0x0063, 0x0063, 0x0063, 0x0083, 0x0083, 0x0063, 0x0063, 0x0063, 0x0063, 0x0083, 0x0063, 0x0063,
  0x0063, 0x0063, 0x08a4, 0x08a4, 0x1105, 0x0063, 0x0063, 0x0063, 0x0083, 0x0083, 0x0063, 0x0063,
  0x0063, 0x0063, 0x0063, 0x0063, 0x0063, 0x0063, 0x0063, 0x0063, 0x0063, 0x0063, 0x0063, 0x0063,
  0x0063, 0x0063, 0x0063, 0x0063, 0x0083, 0x0063, 0x0063, 0x0063, 0x0063, 0x0063, 0x0063, 0x0063,
  0x0063, 0x0063, 0x0063, 0x0063, 0x0063, 0x0084, 0x0084, 0x0084, 0x0084, 0x0084, 0x0084, 0x0084,
  0x0063, 0x0083, 0x0083, 0x0084, 0x0084, 0x0084, 0x00a4, 0x0083, 0x0083, 0x0083, 0x0084, 0x0084,
  0x0084, 0x0084, 0x0083, 0x0084, 0x0084, 0x00a4, 0x0084, 0x0084, 0x0084, 0x0084, 0x00a4, 0x00a4,
  0x00a4, 0x00a4, 0x00a4, 0x00a4, 0x00a4, 0x00a4, 0x0084, 0x00a4, 0x00a4, 0x00a4, 0x00a4, 0x00a4,
  0x00a4, 0x00a4, 0x00a4, 0x00a4, 0x00a4, 0x08a4, 0x00a4, 0x00a4, 0x00a4, 0x00a4, 0x00a4, 0x00a4,
  0x00a4, 0x0084, 0x0084, 0x00a4, 0x00a4, 0x0084, 0x00a4, 0x00a4, 0x0084, 0x00a4, 0x00a4, 0x0084,
  0x0084, 0x0084, 0x0084, 0x0084, 0x00a4, 0x00a4, 0x00a4, 0x00a4, 0x00a4, 0x00a4, 0x00a4, 0x0084,
  0x0084, 0x0084, 0x00a4, 0x00a4, 0x00a4, 0x00a4, 0x00a4, 0x00a4, 0x00a4, 0x0084, 0x0084, 0x0084,
  0x00a4, 0x00a4, 0x00a4, 0x0084, 0x00a4, 0x00a4, 0x0084, 0x00a4, 0x0084, 0x0084, 0x00a4, 0x00a4,
  0x00a4, 0x00a4, 0x00a4, 0x00a4, 0x00a4, 0x0084, 0x00a4, 0x0084, 0x00a4, 0x00a4, 0x00a4, 0x00a4,
  0x00a4, 0x00a4, 0x00a4, 0x00a4, 0x00a4, 0x00a4, 0x00a4, 0x08c4, 0x08a4, 0x00a4, 0x00a4, 0x00a4,
  0x00a4, 0x00a4, 0x00a4, 0x00a4, 0x00a4, 0x00a4, 0x00a4, 0x00a4, 0x00a4, 0x00a4, 0x00a4, 0x00a4,
  0x00a4, 0x00a4, 0x0084, 0x0084, 0x10e5, 0x08e5, 0x0084, 0x00a4, 0x00a4, 0x00a4, 0x00a4, 0x00a4,
  0x00a4, 0x00a4, 0x00a4, 0x00a4, 0x00a4, 0x00a4, 0x0084, 0x00a4, 0x00a4, 0x00a4, 0x00a4, 0x00a4,
  0x00a4, 0x00a4, 0x00a4, 0x00a4, 0x00a4, 0x00a4, 0x00a4, 0x00a4, 0x00a4, 0x00a4, 0x00a4, 0x00a4,
  0x00a4, 0x00a4, 0x00a4, 0x00a4, 0x00a4, 0x00a4, 0x00a4, 0x00a4, 0x00a4, 0x00a4, 0x0084, 0x00a4,
  0x00a4, 0x00a4, 0x00a4, 0x00a4, 0x00a4, 0x00a4, 0x0084, 0x00a4, 0x00a4, 0x00a4, 0x0084, 0x00a4,
  0x0084, 0x0084, 0x0084, 0x0084, 0x0084, 0x0084, 0x0084, 0x0084, 0x0084, 0x0084, 0x0084, 0x0084,
  0x0084, 0x0084, 0x0084, 0x0084, 0x0084, 0x0084, 0x0083, 0x0084, 0x0083, 0x0084, 0x0084, 0x08a4,
  0x08a4, 0x0084, 0x0084, 0x0084, 0x0084, 0x0083, 0x0084, 0x0063, 0x0083, 0x0063, 0x0083, 0x08e5,
  0x0083, 0x0083, 0x0063, 0x0084, 0x0084, 0x0063, 0x0063, 0x0083, 0x0083, 0x0063, 0x0063, 0x0083,
  0x0083, 0x0083, 0x0063, 0x0083, 0x0063, 0x0063, 0x0083, 0x0063, 0x0063, 0x0063, 0x0063, 0x0063,
  0x0063, 0x0063, 0x0063, 0x0063, 0x0063, 0x0063, 0x0063, 0x0063, 0x0063, 0x0063, 0x0063, 0x0063,
  0x0063, 0x0063, 0x0083, 0x0083, 0x0063, 0x0063, 0x0063, 0x0063, 0x0063, 0x0063, 0x08a4, 0x10c4,
  0x1105, 0x0063, 0x0063, 0x0063, 0x0063, 0x0063, 0x0063, 0x0063, 0x0063, 0x0063, 0x0083, 0x0083,
  0x0063, 0x0063, 0x0083, 0x0083, 0x0083, 0x0063, 0x0063, 0x0063, 0x0063, 0x0063, 0x0063, 0x0063,
  0x0083, 0x0083, 0x0083, 0x0083, 0x0063, 0x0084, 0x0083, 0x0063, 0x0063, 0x0083, 0x0084, 0x0084,
  0x0084, 0x0084, 0x0084, 0x0084, 0x0084, 0x0084, 0x0084, 0x0084, 0x0084, 0x0084, 0x0084, 0x00a4,
  0x00a4, 0x00a4, 0x0084, 0x0083, 0x0084, 0x0084, 0x0084, 0x0084, 0x0084, 0x0084, 0x0084, 0x0084,
  0x0084, 0x00a4, 0x00a4, 0x00a4, 0x00a4, 0x00a4, 0x00a4, 0x00a4, 0x00a4, 0x00a4, 0x00a4, 0x00a4,
  0x00a4, 0x00a4, 0x00a4, 0x00a4, 0x00a4, 0x00a4, 0x00a4, 0x00a4, 0x00a4, 0x00a4, 0x00a4, 0x00a4,
  0x00a4, 0x08a4, 0x08c4, 0x00a4, 0x00a4, 0x00a4, 0x00a4, 0x00a4, 0x00a4, 0x00a4, 0x00a4, 0x0084,
  0x00a4, 0x00a4, 0x00a4, 0x0084, 0x00a4, 0x00a4, 0x0084, 0x00a4, 0x0084, 0x0084, 0x00a4, 0x00a4,
  0x00a4, 0x00a4, 0x0084, 0x00a4, 0x00a4, 0x00a4, 0x0084, 0x00a4, 0x00a4, 0x00a4, 0x00a4, 0x00a4,
  0x00a4, 0x00a4, 0x00a4, 0x00a4, 0x00a4, 0x0084, 0x0084, 0x00a4, 0x00a4, 0x08c4, 0x00a4, 0x0084,
  0x00a4, 0x00a4, 0x00a4, 0x00a4, 0x00a4, 0x0084, 0x00a4, 0x00a4, 0x00a4, 0x00a4, 0x00a4, 0x00a4,
  0x00a4, 0x00a4, 0x00a4, 0x00a4, 0x00a4, 0x0084, 0x00a4, 0x00a4, 0x00a4, 0x00a4, 0x00a4, 0x00a4,
  0x00a4, 0x00a4, 0x00a4, 0x00a4, 0x00a4, 0x00a4, 0x00a4, 0x00a4, 0x00a4, 0x00a4, 0x00a4, 0x00a4,
  0x00a4, 0x00a4, 0x00a4, 0x00a4, 0x00a4, 0x00a4, 0x00a4, 0x0084, 0x00a4, 0x00a4, 0x00a4, 0x00a4,
  0x08a4, 0x08a4, 0x00a4, 0x00a4, 0x00a4, 0x00a4, 0x00a4, 0x00a4, 0x00a4, 0x00a4, 0x00a4, 0x00a4,
  0x00a4, 0x00a4, 0x0084, 0x00a4, 0x00a4, 0x00a4, 0x00a4, 0x00a4, 0x00a4, 0x00a4, 0x00a4, 0x0084,
  0x00a4, 0x00a4, 0x00a4, 0x00a4, 0x00a4, 0x00a4, 0x00a4, 0x00a4, 0x00a4, 0x00a4, 0x00a4, 0x00a4,
  0x00a4, 0x00a4, 0x00a4, 0x00a4, 0x00a4, 0x00a4, 0x0084, 0x00a4, 0x00a4, 0x00a4, 0x00a4, 0x00a4,
  0x00a4, 0x00a4, 0x00a4, 0x00a4, 0x00a4, 0x00a4, 0x00a4, 0x00a4, 0x0084, 0x00a4, 0x0084, 0x0084,
  0x0084, 0x0084, 0x0084, 0x0084, 0x0084, 0x0083, 0x08c4, 0x0084, 0x0084, 0x0084, 0x0084, 0x0084,
  0x0083, 0x0083, 0x0084, 0x0084, 0x0083, 0x0084, 0x00a4, 0x00a4, 0x00a4, 0x00a4, 0x0084, 0x0084,
  0x0084, 0x0084, 0x0084, 0x0084, 0x0083, 0x0083, 0x0084, 0x08a4, 0x0084, 0x0083, 0x0084, 0x0084,
  0x0083, 0x0083, 0x0084, 0x0083, 0x0083, 0x0083, 0x0083, 0x0083, 0x0083, 0x0083, 0x0083, 0x0084,
  0x0063, 0x0083, 0x0083, 0x0063, 0x0063, 0x0063, 0x0063, 0x0083, 0x0063, 0x0063, 0x0063, 0x0063,
  0x0063, 0x0063, 0x0083, 0x0063, 0x0063, 0x0063, 0x0063, 0x0063, 0x0063, 0x0063, 0x0063, 0x0063,
  0x0063, 0x0063, 0x0063, 0x0063, 0x0063, 0x0063, 0x00a4, 0x08a4, 0x1105, 0x0063, 0x0063, 0x0063,
  0x0083, 0x0063, 0x0063, 0x0063, 0x0063, 0x0063, 0x0083, 0x0083, 0x0063, 0x0063, 0x0063, 0x0083,
  0x0083, 0x0083, 0x0063, 0x0083, 0x0083, 0x0063, 0x0063, 0x0063, 0x0063, 0x0083, 0x0083, 0x0063,
  0x0084, 0x0084, 0x0083, 0x0084, 0x0084, 0x0084, 0x0084, 0x0084, 0x0063, 0x0084, 0x0084, 0x0084,
  0x0084, 0x0063, 0x0084, 0x0084, 0x0084, 0x0084, 0x0084, 0x0084, 0x00a4, 0x0084, 0x0084, 0x00a4,
  0x0084, 0x0084, 0x0084, 0x0084, 0x0084, 0x0084, 0x0084, 0x00a4, 0x00a4, 0x0084, 0x0084, 0x00a4,
  0x00a4, 0x00a4, 0x00a4, 0x00a4, 0x00a4, 0x00a4, 0x00a4, 0x00a4, 0x00a4, 0x00a4, 0x00a4, 0x00a4,
  0x00a4, 0x00a4, 0x00a4, 0x00a4, 0x00a4, 0x00a4, 0x00a4, 0x00a4, 0x00a4, 0x00a4, 0x00a4, 0x00a4,
  0x00a4, 0x00a4, 0x00a4, 0x00a4, 0x00a4, 0x00a4, 0x00a4, 0x00a4, 0x00a4, 0x00a4, 0x00a4, 0x00a4,
  0x00a4, 0x00a4, 0x00a4, 0x00a4, 0x00a4, 0x00a4, 0x00a4, 0x0084, 0x00a4, 0x00a4, 0x00a4, 0x00a4,
  0x00a4, 0x00a4, 0x00a4, 0x00a4, 0x00a4, 0x00a4, 0x00a4, 0x00a4, 0x00a4, 0x00a4, 0x00a4, 0x00a4,
  0x00a4, 0x00a4, 0x00a4, 0x0084, 0x00a4, 0x00a4, 0x00a4, 0x00a4, 0x00a4, 0x00a4, 0x00a4, 0x00a4,
  0x00a4, 0x00a4, 0x00a4, 0x00a4, 0x00a4, 0x00a4, 0x00a4, 0x00a4, 0x00a4, 0x00a4, 0x00a4, 0x00a4,
  0x00a4, 0x00a4, 0x00a4, 0x00a4, 0x00a4, 0x00a4, 0x00a4, 0x0084, 0x00a4, 0x00a4, 0x00a4, 0x00a4,
  0x00a4, 0x00a4, 0x00a4, 0x00a4, 0x00a4, 0x00a4, 0x00a4, 0x00a4, 0x00a4, 0x00a4, 0x00a4, 0x00a4,
  0x00a4, 0x00a4, 0x00a4, 0x00a4, 0x00a4, 0x00a4, 0x00a4, 0x00a4, 0x00a4, 0x0084, 0x00a4, 0x00a4,
  0x0084, 0x00a4, 0x00a4, 0x00a4, 0x00a4, 0x00a4, 0x00a4, 0x00a4, 0x00a4, 0x00a4, 0x00a4, 0x00a4,
  0x00a4, 0x00a4, 0x00a4, 0x00a4, 0x00a4, 0x00a4, 0x00a4, 0x00a4, 0x00a4, 0x00a4, 0x00a4, 0x00a4,
  0x00a4, 0x00a4, 0x00a4, 0x00a4, 0x00a4, 0x00a4, 0x00a4, 0x00a4, 0x00a4, 0x00a4, 0x00a4, 0x08c4,
  0x00c5, 0x00a4, 0x00a4, 0x00a4, 0x00a4, 0x00a4, 0x00a4, 0x00a4, 0x00a4, 0x0084, 0x00a4, 0x0084,
  0x00a4, 0x0084, 0x0084, 0x0084, 0x0084, 0x0084, 0x0084, 0x0084, 0x0084, 0x0084, 0x0084, 0x0084,
  0x00a4, 0x0084, 0x0084, 0x0084, 0x0084, 0x0084, 0x00a4, 0x0084, 0x0084, 0x0084, 0x0084, 0x0084,
  0x0084, 0x0084, 0x0084, 0x0084, 0x00a4, 0x0084, 0x0084, 0x0084, 0x0084, 0x0084, 0x0084, 0x0084,
  0x0084, 0x0084, 0x0084, 0x0083, 0x0084, 0x0084, 0x0083, 0x0084, 0x0083, 0x0084, 0x0083, 0x0083,
  0x0083, 0x0083, 0x0063, 0x0063, 0x0083, 0x0083, 0x0083, 0x0083, 0x0084, 0x00a4, 0x0063, 0x0083,
  0x0083, 0x0083, 0x0063, 0x0063, 0x0063, 0x0063, 0x0063, 0x0063, 0x0063, 0x0063, 0x0063, 0x0063,
  0x0063, 0x0063, 0x0063, 0x0063, 0x0083, 0x0063, 0x0063, 0x0063, 0x0063, 0x0063, 0x0063, 0x0063,
  0x0063, 0x0063, 0x00a4, 0x08a4, 0x1106, 0x0083, 0x0063, 0x0063, 0x0063, 0x0063, 0x0063, 0x0063,
  0x0063, 0x0063, 0x0063, 0x0063, 0x0063, 0x0063, 0x0063, 0x0084, 0x0084, 0x0084, 0x0084, 0x0084,
  0x08a4, 0x0084, 0x0063, 0x0063, 0x0063, 0x0083, 0x0063, 0x0084, 0x0084, 0x0084, 0x0084, 0x0084,
  0x0084, 0x0084, 0x0084, 0x0084, 0x0084, 0x0084, 0x0084, 0x0084, 0x0084, 0x0084, 0x0084, 0x0084,
  0x0084, 0x0084, 0x0084, 0x0084, 0x0084, 0x0084, 0x00a4, 0x00a4, 0x0084, 0x0084, 0x0084, 0x0084,
  0x00a4, 0x00a4, 0x00a4, 0x00a4, 0x00a4, 0x00a4, 0x00a4, 0x00a4, 0x00a4, 0x00a4, 0x00a4, 0x00a4,
  0x00a4, 0x00a4, 0x00a4, 0x00a4, 0x00a4, 0x00a4, 0x00a4, 0x00a4, 0x00a4, 0x00a4, 0x00a4, 0x00a4,
  0x00a4, 0x00a4, 0x00a4, 0x00a4, 0x00a4, 0x00a4, 0x00a4, 0x00a4, 0x00a4, 0x00a4, 0x00a4, 0x00a4,
  0x00a4, 0x00a4, 0x00a4, 0x00a4, 0x00a4, 0x00a4, 0x00a4, 0x00a4, 0x00a4, 0x00a4, 0x00a4, 0x00a4,
  0x00a4, 0x00a4, 0x00a4, 0x0084, 0x00a4, 0x00a4, 0x00a4, 0x00a4, 0x00a4, 0x00a4, 0x00a4, 0x10e5,
  0x08c4, 0x00a4, 0x00a4, 0x00a4, 0x00a4, 0x00a4, 0x00a4, 0x00a4, 0x00a4, 0x00a4, 0x00a4, 0x00a4,
  0x00a4, 0x00a4, 0x00a4, 0x00a4, 0x00a4, 0x00a4, 0x00a4, 0x00a4, 0x00a4, 0x00a4, 0x00a4, 0x00a4,
  0x00a4, 0x00a4, 0x00a4, 0x00a4, 0x00a4, 0x00a4, 0x00a4, 0x00a4, 0x00a4, 0x00a4, 0x00a4, 0x00a4,
  0x00a4, 0x00a4, 0x00a4, 0x00a4, 0x00a4, 0x00a4, 0x00a4, 0x00a4, 0x00a4, 0x00a4, 0x00a4, 0x00a4,
  0x00a4, 0x00a4, 0x00a4, 0x00a4, 0x00a4, 0x00a4, 0x00a4, 0x00a4, 0x00a4, 0x00a4, 0x00a4, 0x00a4,
  0x00a4, 0x00a4, 0x00a4, 0x00a4, 0x00a4, 0x00a4, 0x00a4, 0x00a4, 0x00a4, 0x00a4, 0x00a4, 0x00a4,
  0x00a4, 0x00a4, 0x00a4, 0x00a4, 0x00a4, 0x00a4, 0x00a4, 0x00a4, 0x00a4, 0x00a4, 0x00a4, 0x00a4,
  0x00a4, 0x00a4, 0x00a4, 0x00a4, 0x00a4, 0x00a4, 0x00a4, 0x00a4, 0x00a4, 0x00a4, 0x00a4, 0x00a4,
  0x00a4, 0x00a4, 0x00a4, 0x00a4, 0x00a4, 0x00a4, 0x00a4, 0x00a4, 0x00a4, 0x00a4, 0x00a4, 0x00a4,
  0x00a4, 0x00a4, 0x00a4, 0x00a4, 0x00a4, 0x00a4, 0x00a4, 0x0084, 0x00a4, 0x0084, 0x0084, 0x00a4,
  0x00a4, 0x0084, 0x0084, 0x00a4, 0x00a4, 0x0084, 0x00a4, 0x0084, 0x0084, 0x0084, 0x0084, 0x00a4,
  0x0084, 0x00a4, 0x0084, 0x0084, 0x0084, 0x00a4, 0x00a4, 0x0084, 0x0084, 0x0084, 0x0084, 0x00a4,
  0x00a4, 0x00a4, 0x00a4, 0x0084, 0x0084, 0x0084, 0x0084, 0x0084, 0x0084, 0x0084, 0x0084, 0x0084,
  0x0084, 0x00a4, 0x0084, 0x0084, 0x0084, 0x0084, 0x0084, 0x0084, 0x0084, 0x0084, 0x0084, 0x0084,
  0x0084, 0x0083, 0x0083, 0x0083, 0x00a4, 0x08a4, 0x0063, 0x0083, 0x0083, 0x0063, 0x0063, 0x0063,
  0x0083, 0x0083, 0x0083, 0x0063, 0x0063, 0x0063, 0x0063, 0x0063, 0x0063, 0x0063, 0x0063, 0x0083,
  0x0063, 0x0063, 0x0063, 0x0063, 0x0063, 0x0063, 0x0063, 0x0063, 0x0063, 0x0084, 0x08a4, 0x08a4,
  0x1106, 0x0084, 0x0084, 0x0083, 0x0083, 0x0083, 0x0083, 0x0063, 0x0063, 0x0063, 0x0063, 0x0063,
  0x0063, 0x0063, 0x0063, 0x0084, 0x0084, 0x0084, 0x0084, 0x0084, 0x0084, 0x0084, 0x0084, 0x0063,
  0x0084, 0x0084, 0x0084, 0x0084, 0x0084, 0x0084, 0x0084, 0x00a4, 0x0084, 0x0083, 0x0084, 0x0084,
  0x0084, 0x0084, 0x0084, 0x0084, 0x0084, 0x0084, 0x0084, 0x0084, 0x0084, 0x00a4, 0x0084, 0x00a4,
  0x00a4, 0x0084, 0x0084, 0x00a4, 0x00a4, 0x0084, 0x0084, 0x00a4, 0x0084, 0x0084, 0x0084, 0x00a4,
  0x00a4, 0x00a4, 0x00a4, 0x00a4, 0x00a4, 0x00a4, 0x00a4, 0x00a4, 0x00a4, 0x00a4, 0x00a4, 0x00a4,
  0x00a4, 0x00a4, 0x00a4, 0x00a4, 0x00a4, 0x00a4, 0x00a4, 0x00a4, 0x00a4, 0x00a4, 0x00a4, 0x00a4,
  0x00a4, 0x00a4, 0x00a4, 0x00a4, 0x00a4, 0x00a4, 0x00a4, 0x00a4, 0x00a4, 0x00a4, 0x00a4, 0x00a4,
  0x00a4, 0x00a4, 0x00a4, 0x00a4, 0x00a4, 0x00a4, 0x00a4, 0x00a4, 0x00a4, 0x00a4, 0x00a4, 0x00a4,
  0x00a4, 0x00a4, 0x00a4, 0x00a4, 0x00a4, 0x00a4, 0x00a4, 0x00a4, 0x00a4, 0x00a4, 0x00a4, 0x00a4,
  0x00a4, 0x00a4, 0x00a4, 0x00a4, 0x00a4, 0x00a4, 0x00a4, 0x00a4, 0x00a4, 0x00a4, 0x00a4, 0x00a4,
  0x00a4, 0x00a4, 0x00a4, 0x00a4, 0x00a4, 0x00a4, 0x00a4, 0x00a4, 0x00a4, 0x00a4, 0x00a4, 0x00a4,
  0x00a4, 0x00a4, 0x00a4, 0x00a4, 0x00a4, 0x00a4, 0x00a4, 0x00a4, 0x00a4, 0x00a4, 0x00a4, 0x00a4,
  0x00a4, 0x00a4, 0x00a4, 0x00a4, 0x00a4, 0x00a4, 0x00a4, 0x00a4, 0x00a4, 0x00a4, 0x00a4, 0x00a4,
  0x00a4, 0x00a4, 0x00a4, 0x00a4, 0x00a4, 0x00a4, 0x00a4, 0x00a4, 0x00a4, 0x00a4, 0x00a4, 0x00a4,
  0x00a4, 0x00a4, 0x00a4, 0x00a4, 0x00a4, 0x00a4, 0x00a4, 0x00a4, 0x00a4, 0x00a4, 0x00a4, 0x00a4,
  0x00a4, 0x00a4, 0x00a4, 0x00a4, 0x00a4, 0x00a4, 0x00a4, 0x1105, 0x08c4, 0x00a4, 0x00a4, 0x00a4,
  0x00a4, 0x00a4, 0x08c5, 0x00a4, 0x00a4, 0x00a4, 0x00a4, 0x00a4, 0x00a4, 0x00a4, 0x00a4, 0x00a4,
  0x00a4, 0x00a4, 0x00a4, 0x00a4, 0x00a4, 0x00a4, 0x00a4, 0x00a4, 0x00a4, 0x00a4, 0x00a4, 0x00a4,
  0x00a4, 0x00a4, 0x00a4, 0x00a4, 0x00a4, 0x00a4, 0x00a4, 0x00a4, 0x00a4, 0x0084, 0x0084, 0x00a4,
  0x00a4, 0x00a4, 0x00a4, 0x00a4, 0x0084, 0x00a4, 0x00a4, 0x0084, 0x00a4, 0x00a4, 0x00a4, 0x00a4,
  0x0084, 0x00a4, 0x0084, 0x0084, 0x0084, 0x0084, 0x0084, 0x00a4, 0x00a4, 0x0084, 0x00a4, 0x0084,
  0x00a4, 0x00a4, 0x00a4, 0x0084, 0x00a4, 0x0084, 0x0084, 0x00a4, 0x00a4, 0x00a4, 0x0084, 0x0084,
  0x0083, 0x0084, 0x0084, 0x0084, 0x0084, 0x0084, 0x0084, 0x0084, 0x0084, 0x0083, 0x0084, 0x0083,
  0x0083, 0x0083, 0x0083, 0x0083, 0x0083, 0x0083, 0x0063, 0x0083, 0x0083, 0x0083, 0x0083, 0x0083,
  0x0063, 0x0083, 0x0063, 0x0063, 0x0063, 0x0063, 0x0083, 0x0083, 0x0083, 0x0063, 0x0063, 0x0063,
  0x0083, 0x0063, 0x0063, 0x0063, 0x0083, 0x0063, 0x08a4, 0x08c4, 0x1106, 0x0084, 0x0063, 0x0084,
  0x0084, 0x0084, 0x0084, 0x0063, 0x0063, 0x0084, 0x0063, 0x0063, 0x0083, 0x0083, 0x0063, 0x0084,
  0x0063, 0x0084, 0x0084, 0x0084, 0x0084, 0x0084, 0x0084, 0x0084, 0x0084, 0x0084, 0x0084, 0x0084,
  0x0084, 0x0084, 0x0084, 0x0084, 0x0084, 0x0084, 0x0084, 0x0084, 0x0084, 0x0084, 0x0084, 0x00a4,
  0x0084, 0x0084, 0x0084, 0x0084, 0x00a4, 0x00a4, 0x0084, 0x0084, 0x0084, 0x0084, 0x0084, 0x00a4,
  0x00a4, 0x00a4, 0x00a4, 0x00a4, 0x00a4, 0x0084, 0x0084, 0x00a4, 0x00a4, 0x00a4, 0x00a4, 0x00a4,
  0x00a4, 0x00a4, 0x00a4, 0x00a4, 0x00a4, 0x00a4, 0x00a4, 0x00a4, 0x00a4, 0x00a4, 0x00a4, 0x00a4,
  0x00a4, 0x00a4, 0x00a4, 0x00a4, 0x00a4, 0x00a4, 0x00a4, 0x00a4, 0x00a4, 0x00a4, 0x00a4, 0x00a4,
  0x00a4, 0x00a4, 0x00a4, 0x00a4, 0x00a4, 0x00a4, 0x00a4, 0x00a4, 0x00a4, 0x00a4, 0x00a4, 0x00a4,
  0x00a4, 0x00a4, 0x00a4, 0x00a4, 0x00a4, 0x00a4, 0x00a4, 0x00a4, 0x00a4, 0x00a4, 0x00a4, 0x00a4,
  0x00a4, 0x00a4, 0x00a4, 0x00a4, 0x00a4, 0x00a4, 0x00a4, 0x00a4, 0x00a4, 0x00a4, 0x00a4, 0x00a4,
  0x00a4, 0x00a4, 0x00a4, 0x00a4, 0x00a4, 0x00a4, 0x00a4, 0x00a4, 0x00a4, 0x00a4, 0x00a4, 0x00a4,
  0x00a4, 0x00a4, 0x00a4, 0x00a4, 0x00a4, 0x00a4, 0x00a4, 0x00a4, 0x00a4, 0x00a4, 0x00a4, 0x00a4,
  0x00a4, 0x00a4, 0x00a4, 0x00a4, 0x00a4, 0x00a4, 0x00a4, 0x00a4, 0x00a4, 0x00a4, 0x00a4, 0x00a4,
  0x00a4, 0x00a4, 0x00a4, 0x00a4, 0x00a4, 0x00a4, 0x00a4, 0x00a4, 0x00a4, 0x00a4, 0x00a4, 0x00a4,
  0x08c5, 0x00a4, 0x00a4, 0x00a4, 0x00a4, 0x00a4, 0x00a4, 0x00a4, 0x00a4, 0x00a4, 0x00a4, 0x00a4,
  0x00a4, 0x00a4, 0x00a4, 0x00a4, 0x00a4, 0x00a4, 0x00a4, 0x00a4, 0x00a4, 0x00a4, 0x00a4, 0x00a4,
  0x00a4, 0x00a4, 0x00a4, 0x00a4, 0x00a4, 0x00a4, 0x00a4, 0x00a4, 0x00a4, 0x00a4, 0x00a4, 0x00a4,
  0x00a4, 0x00a4, 0x00a4, 0x00a4, 0x00a4, 0x00a4, 0x00a4, 0x00a4, 0x00a4, 0x00a4, 0x00a4, 0x00a4,
  0x00a4, 0x00a4, 0x00a4, 0x00a4, 0x00a4, 0x00a4, 0x00a4, 0x00a4, 0x00a4, 0x00a4, 0x00a4, 0x00a4,
  0x00a4, 0x00a4, 0x00a4, 0x00a4, 0x0084, 0x00a4, 0x00a4, 0x00a4, 0x00a4, 0x00a4, 0x00a4, 0x00a4,
  0x00a4, 0x00a4, 0x00a4, 0x00a4, 0x00a4, 0x00a4, 0x00a4, 0x00a4, 0x00a4, 0x00a4, 0x00a4, 0x0084,
  0x0084, 0x0084, 0x0084, 0x0084, 0x0084, 0x00a4, 0x00a4, 0x0084, 0x0084, 0x0084, 0x0084, 0x0084,
  0x0084, 0x00a4, 0x0084, 0x0084, 0x0084, 0x0084, 0x0084, 0x0084, 0x0084, 0x0084, 0x0084, 0x0084,
  0x0084, 0x0084, 0x0084, 0x0084, 0x0084, 0x0084, 0x0084, 0x0084, 0x0084, 0x0083, 0x0063, 0x0083,
  0x0083, 0x0084, 0x0083, 0x0083, 0x0083, 0x0063, 0x0083, 0x0083, 0x0083, 0x0063, 0x0083, 0x0063,
  0x0063, 0x0063, 0x0063, 0x0063, 0x0063, 0x0083, 0x0083, 0x0083, 0x0083, 0x0083, 0x0063, 0x0063,
  0x0063, 0x0063, 0x08a4, 0x08c4, 0x1106, 0x0083, 0x0083, 0x0083, 0x0084, 0x0084, 0x0084, 0x0084,
  0x0084, 0x0084, 0x0084, 0x0063, 0x0084, 0x0084, 0x0084, 0x0083, 0x0063, 0x0084, 0x0084, 0x0063,
  0x0084, 0x0084, 0x0084, 0x0084, 0x0084, 0x0084, 0x0084, 0x0084, 0x0084, 0x0084, 0x0084, 0x0084,
  0x0084, 0x0084, 0x0084, 0x0084, 0x0084, 0x0084, 0x00a4, 0x08a4, 0x0084, 0x00a4, 0x00a4, 0x0084,
  0x00a4, 0x00a4, 0x00a4, 0x00a4, 0x00a4, 0x00a4, 0x00a4, 0x00a4, 0x00a4, 0x00a4, 0x00a4, 0x00a4,
  0x00a4, 0x00a4, 0x00a4, 0x0084, 0x00a4, 0x00a4, 0x00a4, 0x00a4, 0x00a4, 0x00a4, 0x00a4, 0x00a4,
  0x00a4, 0x00a4, 0x00a4, 0x00a4, 0x00a4, 0x00a4, 0x00a4, 0x00a4, 0x00a4, 0x00a4, 0x00a4, 0x00a4,
  0x00a4, 0x00a4, 0x00a4, 0x00a4, 0x00a4, 0x00a4, 0x00a4, 0x00a4, 0x00a4, 0x00a4, 0x00a4, 0x00a4,
  0x00a4, 0x00a4, 0x00a4, 0x00a4, 0x00a4, 0x00a4, 0x00a4, 0x00a4, 0x00a4, 0x00a4, 0x00a4, 0x00a4,
  0x00a4, 0x00a4, 0x00a4, 0x00a4, 0x00a4, 0x00a4, 0x00a4, 0x00a4, 0x00a4, 0x00a4, 0x00a4, 0x00a4,
  0x00a4, 0x00a4, 0x00a4, 0x00a4, 0x00a4, 0x00a4, 0x00a4, 0x00a4, 0x00a4, 0x00a4, 0x00a4, 0x00a4,
  0x00a4, 0x00a4, 0x00a4, 0x00a4, 0x00a4, 0x00a4, 0x00a4, 0x00a4, 0x00a4, 0x00a4, 0x00a4, 0x00a4,
  0x00a4, 0x00a4, 0x00a4, 0x00a4, 0x00a4, 0x00a4, 0x00a4, 0x00a4, 0x00a4, 0x00a4, 0x00a4, 0x00a4,
  0x00a4, 0x00a4, 0x00a4, 0x00a4, 0x00a4, 0x00a4, 0x00a4, 0x00a4, 0x00a4, 0x00a4, 0x00a4, 0x00a4,
  0x00a4, 0x00a4, 0x00c5, 0x00c5, 0x00a4, 0x00a4, 0x00a4, 0x00a4, 0x00c5, 0x00a4, 0x00a4, 0x00a4,
  0x00a4, 0x00a4, 0x00a4, 0x00a4, 0x00a4, 0x00a4, 0x00a4, 0x00a4, 0x08c5, 0x00c5, 0x00a4, 0x00a4,
  0x00c5, 0x00a4, 0x00a4, 0x00a4, 0x00a4, 0x00a4, 0x00a4, 0x00a4, 0x00a4, 0x00a4, 0x00a4, 0x00a4,
  0x00a4, 0x00a4, 0x00a4, 0x00a4, 0x00a4, 0x00a4, 0x00a4, 0x00a4, 0x00a4, 0x00a4, 0x00a4, 0x00a4,
  0x00a4, 0x00a4, 0x00a4, 0x00a4, 0x00a4, 0x00a4, 0x00a4, 0x00a4, 0x00a4, 0x00a4, 0x00a4, 0x00a4,
  0x00a4, 0x00a4, 0x00a4, 0x00a4, 0x00a4, 0x00a4, 0x00a4, 0x00a4, 0x00a4, 0x00a4, 0x00a4, 0x00a4,
  0x00a4, 0x00a4, 0x00a4, 0x00a4, 0x0084, 0x0084, 0x0084, 0x0084, 0x00a4, 0x00a4, 0x00a4, 0x00a4,
  0x00a4, 0x00a4, 0x00a4, 0x00a4, 0x00a4, 0x00a4, 0x0084, 0x00a4, 0x08a4, 0x0084, 0x0084, 0x00a4,
  0x00a4, 0x00a4, 0x0084, 0x00a4, 0x0084, 0x0084, 0x00a4, 0x00a4, 0x00a4, 0x00a4, 0x00a4, 0x00a4,
  0x0084, 0x0084, 0x0084, 0x0084, 0x0084, 0x0084, 0x00a4, 0x0084, 0x0084, 0x0084, 0x0084, 0x0084,
  0x0084, 0x0084, 0x0084, 0x0084, 0x0084, 0x0083, 0x0083, 0x0083, 0x0084, 0x0084, 0x0083, 0x0083,
  0x0084, 0x0084, 0x0083, 0x0084, 0x0083, 0x0083, 0x0083, 0x0063, 0x0063, 0x0063, 0x0083, 0x0063,
  0x0063, 0x0083, 0x0083, 0x0083, 0x0063, 0x0083, 0x0083, 0x0083, 0x0063, 0x0063, 0x08a4, 0x08c4,
  0x1106, 0x0083, 0x0083, 0x0084, 0x0084, 0x0084, 0x0084, 0x0084, 0x0084, 0x0084, 0x0084, 0x0084,
  0x0084, 0x0084, 0x0084, 0x0083, 0x0083, 0x0084, 0x0084, 0x0084, 0x0084, 0x0084, 0x0084, 0x0084,
  0x0084, 0x0084, 0x0084, 0x0084, 0x00a4, 0x0084, 0x0084, 0x0084, 0x0084, 0x0084, 0x0084, 0x0084,
  0x0084, 0x00a4, 0x0084, 0x0084, 0x0084, 0x00a4, 0x00a4, 0x00a4, 0x00a4, 0x00a4, 0x00a4, 0x00a4,
  0x00a4, 0x00a4, 0x00a4, 0x00a4, 0x00a4, 0x00a4, 0x00a4, 0x00a4, 0x00a4, 0x00a4, 0x00a4, 0x0084,
  0x00a4, 0x00a4, 0x00a4, 0x00a4, 0x00a4, 0x00a4, 0x00a4, 0x00a4, 0x00a4, 0x00a4, 0x00a4, 0x00a4,
  0x00a4, 0x00a4, 0x00a4, 0x00a4, 0x00a4, 0x00a4, 0x00a4, 0x00a4, 0x00a4, 0x00a4, 0x00a4, 0x00a4,
  0x00a4, 0x00a4, 0x00c5, 0x00a4, 0x00a4, 0x00a4, 0x00a4, 0x00a4, 0x00a4, 0x00a4, 0x00a4, 0x00a4,
  0x00a4, 0x00a4, 0x00a4, 0x00a4, 0x00a4, 0x00a4, 0x00a4, 0x00a4, 0x00a4, 0x00a4, 0x00a4, 0x00a4,
  0x00a4, 0x00a4, 0x00a4, 0x00a4, 0x00a4, 0x00a4, 0x00a4, 0x00a4, 0x00a4, 0x00a4, 0x00a4, 0x00a4,
  0x00a4, 0x00a4, 0x00a4, 0x00a4, 0x00a4, 0x00a4, 0x00a4, 0x00a4, 0x00c5, 0x00a4, 0x00a4, 0x00a4,
  0x00a4, 0x00a4, 0x00a4, 0x00a4, 0x00a4, 0x00a4, 0x00a4, 0x00a4, 0x00a4, 0x00a4, 0x00a4, 0x00a4,
  0x00a4, 0x00a4, 0x00a4, 0x00a4, 0x00a4, 0x00a4, 0x00a4, 0x00a4, 0x00a4, 0x08c5, 0x00a4, 0x00a4,
  0x00a4, 0x00a4, 0x00a4, 0x00a4, 0x00c5, 0x00a4, 0x00c5, 0x00a4, 0x00a4, 0x00c5, 0x00c5, 0x00c5,
  0x00a4, 0x00c5, 0x00a4, 0x00a4, 0x00a4, 0x00a4, 0x00c5, 0x00c5, 0x00a4, 0x00a4, 0x00a4, 0x00a4,
  0x00a4, 0x00c5, 0x00c5, 0x00a4, 0x00a4, 0x00a4, 0x00a4, 0x00a4, 0x00a4, 0x00a4, 0x00a4, 0x00a4,
  0x00a4, 0x00c5, 0x00a4, 0x00a4, 0x00c5, 0x00c5, 0x00a4, 0x00a4, 0x00a4, 0x00a4, 0x00a4, 0x00a4,
  0x00a4, 0x00a4, 0x00c5, 0x00a4, 0x00a4, 0x00a4, 0x00a4, 0x00a4, 0x00a4, 0x00a4, 0x00a4, 0x00a4,
  0x00a4, 0x00a4, 0x00a4, 0x00a4, 0x00a4, 0x00a4, 0x00a4, 0x00a4, 0x00a4, 0x00a4, 0x00a4, 0x00a4,
  0x00a4, 0x00a4, 0x00a4, 0x00a4, 0x00a4, 0x00a4, 0x00a4, 0x00c5, 0x00a4, 0x00a4, 0x00a4, 0x0084,
  0x00a4, 0x0084, 0x00a4, 0x00a4, 0x00a4, 0x00a4, 0x00a4, 0x00a4, 0x00a4, 0x00a4, 0x00a4, 0x00a4,
  0x00a4, 0x00a4, 0x00a4, 0x08a4, 0x1105, 0x0084, 0x0084, 0x00a4, 0x00a4, 0x00a4, 0x00a4, 0x00a4,
  0x0084, 0x00a4, 0x00a4, 0x00a4, 0x00a4, 0x00a4, 0x00a4, 0x0084, 0x0084, 0x00a4, 0x0084, 0x0084,
  0x0084, 0x0084, 0x0084, 0x0084, 0x0084, 0x0084, 0x00a4, 0x0084, 0x0084, 0x0084, 0x0084, 0x0084,
  0x0084, 0x0084, 0x0083, 0x0083, 0x0083, 0x0084, 0x0084, 0x0084, 0x0084, 0x0083, 0x0083, 0x0083,
  0x0083, 0x0084, 0x0083, 0x0063, 0x0083, 0x0084, 0x0083, 0x0083, 0x0083, 0x0083, 0x0063, 0x0063,
  0x0083, 0x0083, 0x0083, 0x0083, 0x0083, 0x0084, 0x08a4, 0x08c4, 0x1106, 0x0084, 0x0084, 0x0084,
  0x0084, 0x0084, 0x0084, 0x0084, 0x0084, 0x0084, 0x0083, 0x0063, 0x0084, 0x0084, 0x0084, 0x00a4,
  0x08a4, 0x0084, 0x0084, 0x0084, 0x00a4, 0x0084, 0x0084, 0x0084, 0x0084, 0x0084, 0x0084, 0x00a4,
  0x0084, 0x0084, 0x00a4, 0x0084, 0x00a4, 0x00a4, 0x0084, 0x0084, 0x0084, 0x0084, 0x0084, 0x0084,
  0x0084, 0x00a4, 0x00a4, 0x00a4, 0x00a4, 0x00a4, 0x00a4, 0x00a4, 0x00a4, 0x00a4, 0x00a4, 0x00a4,
  0x00a4, 0x00a4, 0x00a4, 0x00a4, 0x00a4, 0x00a4, 0x00a4, 0x00a4, 0x00a4, 0x00a4, 0x00a4, 0x00a4,
  0x00a4, 0x00a4, 0x00a4, 0x00a4, 0x00a4, 0x00a4, 0x00a4, 0x00a4, 0x00a4, 0x00a4, 0x00c5, 0x00a4,
  0x00a4, 0x00a4, 0x00a4, 0x00a4, 0x00a4, 0x00a4, 0x00a4, 0x00a4, 0x00a4, 0x00a4, 0x00c5, 0x00a4,
  0x00a4, 0x00a4, 0x00a4, 0x00a4, 0x00a4, 0x00a4, 0x00a4, 0x00a4, 0x00a4, 0x00a4, 0x00a4, 0x00a4,
  0x00a4, 0x00a4, 0x00a4, 0x00a4, 0x00a4, 0x00a4, 0x00a4, 0x00a4, 0x00a4, 0x00a4, 0x00a4, 0x00a4,
  0x00a4, 0x00a4, 0x00a4, 0x00a4, 0x00a4, 0x00a4, 0x00a4, 0x00a4, 0x00a4, 0x00a4, 0x00a4, 0x00a4,
  0x00a4, 0x00c5, 0x00a4, 0x00a4, 0x00a4, 0x00a4, 0x00a4, 0x00a4, 0x00c5, 0x00c5, 0x00c5, 0x00c5,
  0x00a4, 0x00a4, 0x00a4, 0x00a4, 0x00a4, 0x00c5, 0x00a4, 0x00c5, 0x00c5, 0x00a4, 0x00a4, 0x00a4,
  0x00a4, 0x00a4, 0x00a4, 0x00a4, 0x00a4, 0x08e5, 0x00c5, 0x00c5, 0x00a4, 0x00c5, 0x00c5, 0x00c5,
  0x00c5, 0x00c5, 0x08c5, 0x00c5, 0x00c5, 0x00c5, 0x00c5, 0x00c5, 0x00c5, 0x00c5, 0x00c5, 0x00c5,
  0x00c5, 0x00c5, 0x00c5, 0x00c5, 0x00c5, 0x00c5, 0x00a4, 0x00a4, 0x00a4, 0x08c5, 0x00c5, 0x00c5,
  0x00a4, 0x00a4, 0x00a4, 0x00c5, 0x00a4, 0x00c5, 0x00a4, 0x00c5, 0x00c5, 0x00a4, 0x00c5, 0x00c5,
  0x00c5, 0x00c5, 0x00c5, 0x00c5, 0x00c5, 0x00c5, 0x00c5, 0x00a4, 0x00c5, 0x00c5, 0x00c5, 0x00c5,
  0x00a4, 0x00a4, 0x00a4, 0x00a4, 0x00a4, 0x00a4, 0x00a4, 0x00a4, 0x00a4, 0x00a4, 0x00a4, 0x00a4,
  0x00a4, 0x00c5, 0x00c5, 0x00a4, 0x00a4, 0x00a4, 0x00a4, 0x00a4, 0x00a4, 0x00a4, 0x00a4, 0x00a4,
  0x00a4, 0x00a4, 0x00a4, 0x00a4, 0x00a4, 0x00a4, 0x0084, 0x0084, 0x00a4, 0x00a4, 0x00a4, 0x00a4,
  0x00a4, 0x00a4, 0x00a4, 0x00a4, 0x00a4, 0x00a4, 0x00a4, 0x00a4, 0x00a4, 0x08a4, 0x1106, 0x00a4,
  0x00a4, 0x0084, 0x00a4, 0x00a4, 0x00a4, 0x00a4, 0x0084, 0x00a4, 0x00a4, 0x00a4, 0x00a4, 0x00a4,
  0x00a4, 0x00a4, 0x00a4, 0x00a4, 0x0084, 0x0084, 0x0084, 0x0084, 0x0084, 0x0084, 0x0084, 0x0084,
  0x0084, 0x0084, 0x0084, 0x0084, 0x0084, 0x0084, 0x0084, 0x0084, 0x0084, 0x0084, 0x0084, 0x08c4,
  0x0083, 0x0084, 0x0084, 0x0084, 0x0084, 0x0084, 0x0084, 0x0084, 0x0084, 0x0084, 0x0063, 0x0084,
  0x0063, 0x0084, 0x0084, 0x0084, 0x0084, 0x0083, 0x0063, 0x0083, 0x0083, 0x0063, 0x0083, 0x0083,
  0x0084, 0x0084, 0x08a4, 0x08c4, 0x1106, 0x0084, 0x0063, 0x0084, 0x0084, 0x0084, 0x0084, 0x0084,
  0x0084, 0x0084, 0x0084, 0x0084, 0x0084, 0x0084, 0x0084, 0x00a4, 0x08c4, 0x00a4, 0x00a4, 0x00a4,
  0x0084, 0x0084, 0x0084, 0x0084, 0x0084, 0x0084, 0x00a4, 0x00a4, 0x00a4, 0x00a4, 0x0084, 0x00a4,
  0x0084, 0x00a4, 0x0084, 0x0084, 0x00a4, 0x00a4, 0x0084, 0x00a4, 0x0084, 0x00a4, 0x00a4, 0x00a4,
  0x00a4, 0x00a4, 0x00a4, 0x00a4, 0x00a4, 0x00a4, 0x00a4, 0x00a4, 0x00a4, 0x00a4, 0x00a4, 0x0084,
  0x00a4, 0x00a4, 0x00a4, 0x00a4, 0x00a4, 0x00a4, 0x00a4, 0x00a4, 0x00a4, 0x00a4, 0x00a4, 0x00a4,
  0x00a4, 0x00a4, 0x00c5, 0x00c5, 0x00c5, 0x00a4, 0x00a4, 0x00a4, 0x00a4, 0x00a4, 0x00a4, 0x00a4,
  0x00a4, 0x00a4, 0x00a4, 0x00a4, 0x00a4, 0x00c5, 0x00c5, 0x00c5, 0x00a4, 0x00c5, 0x00a4, 0x00a4,
  0x00a4, 0x00a4, 0x00a4, 0x00a4, 0x00a4, 0x00a4, 0x00a4, 0x00a4, 0x00c5, 0x00a4, 0x00a4, 0x00a4,
  0x00a4, 0x00a4, 0x00a4, 0x00a4, 0x00a4, 0x00a4, 0x00a4, 0x00a4, 0x00a4, 0x00a4, 0x08c4, 0x00a4,
  0x00a4, 0x00a4, 0x00a4, 0x00a4, 0x00a4, 0x00a4, 0x00c5, 0x00c5, 0x00a4, 0x00c5, 0x00a4, 0x00a4,
  0x00a4, 0x00a4, 0x00a4, 0x00a4, 0x00c5, 0x00c5, 0x08c5, 0x00c5, 0x00c5, 0x00c5, 0x00c5, 0x00c5,
  0x00c5, 0x00c5, 0x00c5, 0x08c5, 0x00c5, 0x00c5, 0x00c5, 0x00c5, 0x00c5, 0x00c5, 0x00c5, 0x00c5,
  0x00c5, 0x00c5, 0x00c5, 0x00c5, 0x00c5, 0x00c5, 0x00c5, 0x00c5, 0x00c5, 0x00c5, 0x08c5, 0x00c5,
  0x00c5, 0x00c5, 0x00c5, 0x00c5, 0x00c5, 0x00c5, 0x00c5, 0x08c5, 0x08c5, 0x08c5, 0x00c5, 0x00c5,
  0x00c5, 0x00c5, 0x08e5, 0x08c5, 0x00c5, 0x00c5, 0x00c5, 0x00c5, 0x00c5, 0x00c5, 0x00c5, 0x00c5,
  0x00c5, 0x00c5, 0x08c5, 0x08c5, 0x00c5, 0x00c5, 0x00c5, 0x00c5, 0x00c5, 0x00c5, 0x00c5, 0x00c5,
  0x00c5, 0x00c5, 0x00c5, 0x00c5, 0x00c5, 0x00c5, 0x00c5, 0x00c5, 0x00c5, 0x00a4, 0x00c5, 0x00c5,
  0x00c5, 0x00c5, 0x00c5, 0x00a4, 0x00a4, 0x00a4, 0x08c4, 0x08e5, 0x00c5, 0x00c5, 0x00c5, 0x00a4,
  0x00a4, 0x00a4, 0x00a4, 0x00a4, 0x00a4, 0x00a4, 0x00a4, 0x00a4, 0x00a4, 0x00a4, 0x00a4, 0x00a4,
  0x00a4, 0x0084, 0x00a4, 0x00a4, 0x00a4, 0x00a4, 0x00a4, 0x00a4, 0x00a4, 0x00a4, 0x00a4, 0x00a4,
  0x00a4, 0x00a4, 0x00a4, 0x00a4, 0x00a4, 0x00a4, 0x08c4, 0x00a4, 0x0084, 0x0084, 0x00a4, 0x00a4,
  0x00a4, 0x00a4, 0x00a4, 0x00a4, 0x00a4, 0x00a4, 0x00a4, 0x00a4, 0x00a4, 0x00a4, 0x00a4, 0x00a4,
  0x0084, 0x0084, 0x0084, 0x0084, 0x0084, 0x08a4, 0x00a4, 0x0084, 0x0084, 0x0084, 0x0084, 0x0084,
  0x0084, 0x0084, 0x0084, 0x0084, 0x0084, 0x0084, 0x0083, 0x00a4, 0x0084, 0x0084, 0x0084, 0x0084,
  0x0084, 0x0084, 0x0084, 0x0084, 0x00a4, 0x0084, 0x0084, 0x0084, 0x0083, 0x0063, 0x0083, 0x0084,
  0x0084, 0x0084, 0x0063, 0x0063, 0x0063, 0x0063, 0x0063, 0x0063, 0x0083, 0x0084, 0x08a4, 0x08c4,
  0x1106, 0x0063, 0x0084, 0x0084, 0x0084, 0x0084, 0x0084, 0x0084, 0x00a4, 0x00a4, 0x00a4, 0x00a4,
  0x00a4, 0x00a4, 0x0084, 0x0084, 0x0084, 0x0084, 0x00a4, 0x0084, 0x0084, 0x0084, 0x00a4, 0x00a4,
  0x00a4, 0x00a4, 0x0084, 0x0084, 0x00a4, 0x00a4, 0x0084, 0x00a4, 0x00a4, 0x00a4, 0x00a4, 0x00a4,
  0x00a4, 0x00a4, 0x00a4, 0x0084, 0x00a4, 0x00a4, 0x00a4, 0x00a4, 0x00a4, 0x00a4, 0x00a4, 0x00a4,
  0x00a4, 0x00a4, 0x00a4, 0x00a4, 0x00a4, 0x00a4, 0x00a4, 0x00a4, 0x00a4, 0x00a4, 0x00a4, 0x00a4,
  0x00a4, 0x00a4, 0x00a4, 0x00a4, 0x00a4, 0x00a4, 0x00a4, 0x00a4, 0x00a4, 0x00a4, 0x00a4, 0x00c5,
  0x00c5, 0x00a4, 0x00a4, 0x00a4, 0x00a4, 0x00c5, 0x00a4, 0x00a4, 0x00a4, 0x00a4, 0x00a4, 0x00a4,
  0x00c5, 0x00a4, 0x00c5, 0x00c5, 0x00c5, 0x00c5, 0x00a4, 0x00a4, 0x00c5, 0x00a4, 0x00c5, 0x00c5,
  0x00c5, 0x00c5, 0x00a4, 0x00c5, 0x00c5, 0x00c5, 0x00c5, 0x00c5, 0x00c5, 0x00a4, 0x00a4, 0x00a4,
  0x00a4, 0x00c5, 0x00a4, 0x00a4, 0x00c5, 0x00a4, 0x00c5, 0x00a4, 0x00a4, 0x00c5, 0x00a4, 0x00c5,
  0x00c5, 0x00c5, 0x00c5, 0x00c5, 0x00c5, 0x00c5, 0x00c5, 0x00c5, 0x00c5, 0x00c5, 0x00c5, 0x00c5,
  0x00c5, 0x08c5, 0x08c5, 0x08c5, 0x00c5, 0x00c5, 0x00c5, 0x00c5, 0x00c5, 0x00c5, 0x00c5, 0x08c5,
  0x00c5, 0x00c5, 0x00c5, 0x00c5, 0x00c5, 0x08e6, 0x00c5, 0x00c5, 0x00c5, 0x00c5, 0x00c5, 0x00c5,
  0x00c5, 0x00c5, 0x00c5, 0x00c5, 0x00c5, 0x00c5, 0x00c5, 0x00c5, 0x00c5, 0x00c5, 0x00c5, 0x00c5,
  0x00c5, 0x00c5, 0x00c5, 0x00c5, 0x00c5, 0x08c5, 0x08c5, 0x00c5, 0x00c5, 0x00c5, 0x08e6, 0x00e5,
  0x00c5, 0x00c5, 0x00c5, 0x00c5, 0x00c5, 0x00c5, 0x00c5, 0x00c5, 0x00c5, 0x00c5, 0x00c5, 0x00c5,
  0x00c5, 0x00c5, 0x00c5, 0x00c5, 0x00c5, 0x00c5, 0x00c5, 0x00c5, 0x00c5, 0x00c5, 0x00c5, 0x00c5,
  0x00c5, 0x00c5, 0x00c5, 0x00c5, 0x00c5, 0x00c5, 0x00c5, 0x08c5, 0x00c5, 0x00c5, 0x00c5, 0x00a4,
  0x00a4, 0x08c4, 0x08c4, 0x08c4, 0x08c5, 0x00c5, 0x00c5, 0x00c5, 0x00c5, 0x00a4, 0x00a4, 0x00c5,
  0x00a4, 0x00a4, 0x00a4, 0x00a4, 0x00a4, 0x00a4, 0x00a4, 0x00a4, 0x00a4, 0x00a4, 0x00a4, 0x00a4,
  0x00a4, 0x00a4, 0x00a4, 0x00a4, 0x00a4, 0x00a4, 0x00a4, 0x00a4, 0x00a4, 0x00a4, 0x00a4, 0x00a4,
  0x00a4, 0x00a4, 0x00a4, 0x00a4, 0x00a4, 0x00a4, 0x00a4, 0x00a4, 0x00a4, 0x00a4, 0x00a4, 0x00a4,
  0x00a4, 0x00a4, 0x00a4, 0x00a4, 0x00a4, 0x00a4, 0x0084, 0x00a4, 0x0084, 0x0084, 0x0084, 0x00a4,
  0x00a4, 0x08c4, 0x00a4, 0x0084, 0x0084, 0x00a4, 0x0084, 0x0084, 0x0084, 0x0084, 0x0084, 0x0084,
  0x0084, 0x0084, 0x0084, 0x0084, 0x0084, 0x0084, 0x0084, 0x0084, 0x0084, 0x0084, 0x0084, 0x0084,
  0x00a4, 0x0084, 0x0084, 0x0084, 0x0084, 0x0083, 0x0084, 0x0084, 0x0084, 0x0084, 0x0063, 0x0063,
  0x0063, 0x0063, 0x0063, 0x0083, 0x0083, 0x0084, 0x08a4, 0x08c4, 0x1106, 0x0083, 0x0084, 0x0084,
  0x0084, 0x0084, 0x0084, 0x00a4, 0x00a4, 0x00a4, 0x00a4, 0x00a4, 0x00a4, 0x0084, 0x0084, 0x0084,
  0x0084, 0x00a4, 0x00a4, 0x0084, 0x0084, 0x0084, 0x00a4, 0x00a4, 0x00a4, 0x08c4, 0x08c4, 0x00a4,
  0x00a4, 0x00a4, 0x00a4, 0x00a4, 0x00a4, 0x00a4, 0x00a4, 0x00a4, 0x00a4, 0x00a4, 0x00a4, 0x00a4,
  0x0084, 0x00a4, 0x00a4, 0x00a4, 0x00a4, 0x00a4, 0x00a4, 0x00a4, 0x00a4, 0x00a4, 0x00a4, 0x00a4,
  0x00a4, 0x00a4, 0x00a4, 0x00a4, 0x00a4, 0x00a4, 0x00a4, 0x00a4, 0x00a4, 0x00a4, 0x00a4, 0x00a4,
  0x00a4, 0x00a4, 0x00a4, 0x00a4, 0x00a4, 0x00c5, 0x00c5, 0x00c5, 0x00c5, 0x00a4, 0x00c5, 0x00c5,
  0x00c5, 0x00a4, 0x00a4, 0x00c5, 0x00a4, 0x00c5, 0x00c5, 0x00c5, 0x00c5, 0x00c5, 0x00a4, 0x00c5,
  0x00c5, 0x00c5, 0x00c5, 0x00c5, 0x00c5, 0x00c5, 0x08c5, 0x00c5, 0x00c5, 0x00c5, 0x00c5, 0x00c5,
  0x00c5, 0x00c5, 0x00c5, 0x00c5, 0x00c5, 0x00a4, 0x00c5, 0x00c5, 0x00c5, 0x00c5, 0x00c5, 0x00c5,
  0x08c5, 0x00c5, 0x00c5, 0x00c5, 0x00c5, 0x00c5, 0x00c5, 0x00c5, 0x00c5, 0x00c5, 0x00c5, 0x00c5,
  0x00c5, 0x00c5, 0x00c5, 0x00c5, 0x00c5, 0x00c5, 0x00c5, 0x00c5, 0x00c5, 0x00c5, 0x00c5, 0x00c5,
  0x00c5, 0x00c5, 0x00c5, 0x00c5, 0x00c5, 0x00c5, 0x00c5, 0x00c5, 0x00c5, 0x00c5, 0x00c5, 0x00c5,
  0x00c5, 0x00c5, 0x00c5, 0x00c5, 0x00c5, 0x00c5, 0x00c5, 0x00c5, 0x00c5, 0x00e5, 0x00c5, 0x00e5,
  0x00c5, 0x00c5, 0x00c5, 0x00c5, 0x00c5, 0x00c5, 0x00e5, 0x08e6, 0x00e5, 0x00e5, 0x00e5, 0x00e5,
  0x00c5, 0x00c5, 0x00c5, 0x00c5, 0x00e5, 0x00e5, 0x00c5, 0x00e5, 0x00c5, 0x00c5, 0x00c5, 0x00c5,
  0x00c5, 0x00c5, 0x00e5, 0x00e5, 0x00e5, 0x00c5, 0x00c5, 0x00e5, 0x00e5, 0x00c5, 0x00c5, 0x00e5,
  0x08e6, 0x00e5, 0x00c5, 0x00c5, 0x00c5, 0x00c5, 0x00c5, 0x00c5, 0x00c5, 0x00c5, 0x00c5, 0x00c5,
  0x00c5, 0x00c5, 0x00c5, 0x08c5, 0x00c5, 0x00c5, 0x00c5, 0x00c5, 0x00a4, 0x00a4, 0x00c5, 0x00c5,
  0x08c5, 0x00c5, 0x00c5, 0x08c5, 0x00c5, 0x00c5, 0x00a4, 0x00a4, 0x00a4, 0x00a4, 0x00a4, 0x00a4,
  0x00a4, 0x00a4, 0x00a4, 0x00a4, 0x00a4, 0x00a4, 0x00a4, 0x00a4, 0x00a4, 0x00a4, 0x00a4, 0x00a4,
  0x00a4, 0x00a4, 0x00a4, 0x00a4, 0x00a4, 0x00a4, 0x00a4, 0x00a4, 0x00a4, 0x00a4, 0x00a4, 0x00a4,
  0x00a4, 0x00a4, 0x00a4, 0x00a4, 0x00a4, 0x00a4, 0x00a4, 0x00a4, 0x00a4, 0x00a4, 0x00a4, 0x00a4,
  0x00a4, 0x00a4, 0x00a4, 0x00a4, 0x00a4, 0x00a4, 0x00a4, 0x00a4, 0x0084, 0x00a4, 0x0084, 0x0084,
  0x0084, 0x0084, 0x0084, 0x0084, 0x0084, 0x0084, 0x0084, 0x0084, 0x00a4, 0x00a4, 0x0084, 0x0084,
  0x00a4, 0x0084, 0x00a4, 0x0084, 0x00a4, 0x00a4, 0x0084, 0x0084, 0x00a4, 0x00a4, 0x0084, 0x0084,
  0x0084, 0x0084, 0x0084, 0x0084, 0x0084, 0x0084, 0x0084, 0x0083, 0x0063, 0x0084, 0x0083, 0x0063,
  0x0083, 0x0084, 0x08c4, 0x08c4, 0x1926, 0x08a4, 0x00a4, 0x0084, 0x0084, 0x0084, 0x0084, 0x00a4,
  0x0084, 0x0084, 0x0084, 0x0084, 0x0084, 0x00a4, 0x0084, 0x0084, 0x0084, 0x0084, 0x00a4, 0x0084,
  0x00a4, 0x00a4, 0x00a4, 0x00a4, 0x00a4, 0x00a4, 0x00a4, 0x00a4, 0x00a4, 0x00a4, 0x00a4, 0x00a4,
  0x00a4, 0x00a4, 0x00a4, 0x00a4, 0x00a4, 0x0084, 0x00a4, 0x00a4, 0x00a4, 0x00a4, 0x00a4, 0x00a4,
  0x00a4, 0x00a4, 0x00a4, 0x00a4, 0x00a4, 0x00a4, 0x00a4, 0x00a4, 0x00a4, 0x00a4, 0x00a4, 0x00a4,
  0x00a4, 0x00a4, 0x00a4, 0x00a4, 0x00a4, 0x00a4, 0x00a4, 0x00a4, 0x00a4, 0x00a4, 0x00c5, 0x00c5,
  0x00c5, 0x00a4, 0x00c5, 0x00c5, 0x00c5, 0x00c5, 0x00c5, 0x00c5, 0x00c5, 0x00c5, 0x00c5, 0x00c5,
  0x00c5, 0x00c5, 0x00c5, 0x00c5, 0x00c5, 0x08c5, 0x00c5, 0x00c5, 0x00c5, 0x00c5, 0x08c5, 0x08c5,
  0x08c5, 0x00c5, 0x08c5, 0x08c5, 0x08c5, 0x00c5, 0x00c5, 0x08c5, 0x00c5, 0x00c5, 0x00c5, 0x00c5,
  0x00c5, 0x00c5, 0x00c5, 0x00c5, 0x00c5, 0x00c5, 0x00c5, 0x08c5, 0x00c5, 0x00c5, 0x00c5, 0x00c5,
  0x00c5, 0x00c5, 0x00c5, 0x00c5, 0x00c5, 0x00c5, 0x00c5, 0x00c5, 0x00c5, 0x00c5, 0x00c5, 0x00c5,
  0x00c5, 0x00c5, 0x00c5, 0x00c5, 0x00c5, 0x00e5, 0x00c5, 0x00c5, 0x08e5, 0x00e5, 0x00c5, 0x00c5,
  0x00c5, 0x00c5, 0x00c5, 0x00e5, 0x00e5, 0x00e5, 0x00e5, 0x00e5, 0x00e5, 0x00e5, 0x00e5, 0x00e5,
  0x00e5, 0x00c5, 0x00e5, 0x08e6, 0x08e6, 0x08e6, 0x00e5, 0x08e6, 0x00e5, 0x00e5, 0x00c5, 0x00e5,
  0x08e6, 0x08e6, 0x08e6, 0x08e6, 0x08e6, 0x08e6, 0x08e6, 0x00e5, 0x00e5, 0x00c5, 0x00c5, 0x00e5,
  0x00e5, 0x08e6, 0x08e6, 0x08e6, 0x00e5, 0x00e5, 0x00e5, 0x08e6, 0x00e5, 0x00e5, 0x00e5, 0x00e5,
  0x08e6, 0x00e5, 0x00e5, 0x00c5, 0x00e5, 0x00e5, 0x00c5, 0x00e5, 0x00c5, 0x00c5, 0x00c5, 0x00c5,
  0x00c5, 0x00c5, 0x00c5, 0x00c5, 0x00c5, 0x00c5, 0x00c5, 0x00c5, 0x00c5, 0x00c5, 0x00c5, 0x00c5,
  0x00c5, 0x00c5, 0x00c5, 0x00c5, 0x00c5, 0x00c5, 0x08c5, 0x00c5, 0x00c5, 0x00c5, 0x00c5, 0x00c5,
  0x00c5, 0x00c5, 0x00c5, 0x00c5, 0x00a4, 0x00c5, 0x00a4, 0x00a4, 0x00a4, 0x00a4, 0x00a4, 0x00a4,
  0x00a4, 0x00a4, 0x00a4, 0x00a4, 0x00a4, 0x00a4, 0x00a4, 0x00a4, 0x00a4, 0x00a4, 0x00a4, 0x00c5,
  0x00a4, 0x00a4, 0x00a4, 0x00a4, 0x00a4, 0x00a4, 0x00a4, 0x00a4, 0x00a4, 0x00a4, 0x00a4, 0x00a4,
  0x00a4, 0x00a4, 0x00a4, 0x00a4, 0x00a4, 0x00a4, 0x00a4, 0x00a4, 0x00a4, 0x00a4, 0x00a4, 0x00a4,
  0x00a4, 0x00a4, 0x00a4, 0x00a4, 0x00a4, 0x00a4, 0x0084, 0x00a4, 0x00a4, 0x00a4, 0x0084, 0x0084,
  0x0084, 0x0084, 0x10e4, 0x00a4, 0x00a4, 0x0084, 0x00a4, 0x0084, 0x00a4, 0x00a4, 0x00a4, 0x0084,
  0x0084, 0x0084, 0x00a4, 0x0084, 0x00a4, 0x00a4, 0x00a4, 0x00a4, 0x0084, 0x0084, 0x00a4, 0x0084,
  0x0084, 0x0084, 0x0084, 0x0084, 0x0084, 0x00a4, 0x08c4, 0x0084, 0x0084, 0x0084, 0x08c4, 0x08c4,
  0x1926, 0x00a4, 0x0084, 0x0084, 0x0084, 0x0084, 0x0084, 0x00a4, 0x00a4, 0x00a4, 0x00a4, 0x00a4,
  0x00a4, 0x00a4, 0x00a4, 0x00a4, 0x00a4, 0x00a4, 0x00a4, 0x00a4, 0x00a4, 0x0084, 0x00a4, 0x00a4,
  0x00a4, 0x0084, 0x00a4, 0x00a4, 0x00a4, 0x00a4, 0x00a4, 0x00a4, 0x00a4, 0x0084, 0x00a4, 0x00a4,
  0x00a4, 0x00a4, 0x00a4, 0x00a4, 0x00a4, 0x00a4, 0x00c5, 0x00a4, 0x00a4, 0x00a4, 0x00a4, 0x00a4,
  0x00a4, 0x00a4, 0x00a4, 0x00a4, 0x00a4, 0x00a4, 0x00a4, 0x00a4, 0x00a4, 0x00a4, 0x00a4, 0x00a4,
  0x00a4, 0x00a4, 0x00a4, 0x00c5, 0x00a4, 0x00c5, 0x00a4, 0x00c5, 0x00c5, 0x00c5, 0x00c5, 0x00c5,
  0x00c5, 0x00c5, 0x00c5, 0x00c5, 0x00c5, 0x00c5, 0x00c5, 0x00c5, 0x00c5, 0x00c5, 0x00c5, 0x00c5,
  0x00c5, 0x00c5, 0x00c5, 0x10e5, 0x08c5, 0x00c5, 0x00c5, 0x08c5, 0x00c5, 0x00c5, 0x00c5, 0x00c5,
  0x08c5, 0x00c5, 0x00c5, 0x00c5, 0x00c5, 0x00c5, 0x00c5, 0x00c5, 0x00c5, 0x00c5, 0x00c5, 0x00c5,
  0x00c5, 0x00c5, 0x00c5, 0x00e5, 0x00c5, 0x00c5, 0x00c5, 0x00c5, 0x00c5, 0x00c5, 0x00c5, 0x00c5,
  0x00c5, 0x00c5, 0x00c5, 0x00c5, 0x00c5, 0x00c5, 0x00c5, 0x00c5, 0x00c5, 0x00c5, 0x00e5, 0x00e5,
  0x00c5, 0x00e5, 0x00e5, 0x08e6, 0x1926, 0x08e6, 0x00e5, 0x00e5, 0x00e5, 0x00e5, 0x00e5, 0x00e5,
  0x08e6, 0x08e6, 0x08e6, 0x08e6, 0x08e6, 0x08e6, 0x00e5, 0x08e6, 0x08e6, 0x08e6, 0x08e6, 0x00e5,
  0x08e6, 0x08e6, 0x08e6, 0x00e5, 0x08e6, 0x08e6, 0x00e5, 0x08e6, 0x08e6, 0x08e6, 0x08e6, 0x08e6,
  0x08e6, 0x08e6, 0x08e6, 0x00e5, 0x08e6, 0x00e5, 0x00c5, 0x08e6, 0x08e6, 0x0906, 0x08e6, 0x08e6,
  0x08e6, 0x08e6, 0x08e6, 0x08e6, 0x00e5, 0x00c5, 0x00e5, 0x08e6, 0x00e5, 0x08e6, 0x00e5, 0x08e6,
  0x00e5, 0x08e6, 0x00e5, 0x00c5, 0x00e5, 0x00c5, 0x00c5, 0x00c5, 0x00c5, 0x00c5, 0x00c5, 0x00c5,
  0x00e5, 0x00c5, 0x00c5, 0x00c5, 0x00c5, 0x00c5, 0x00c5, 0x00c5, 0x00c5, 0x00c5, 0x00c5, 0x00c5,
  0x00c5, 0x08c5, 0x08c5, 0x08c5, 0x00c5, 0x00c5, 0x00c5, 0x00c5, 0x00c5, 0x00c5, 0x00c5, 0x00c5,
  0x00c5, 0x08c5, 0x00c5, 0x00a4, 0x00a4, 0x00a4, 0x00a4, 0x00a4, 0x00a4, 0x00a4, 0x00a4, 0x00a4,
  0x00a4, 0x00a4, 0x00a4, 0x00a4, 0x00c5, 0x00a4, 0x00a4, 0x00a4, 0x00a4, 0x00a4, 0x00a4, 0x00a4,
  0x00a4, 0x00a4, 0x00a4, 0x00a4, 0x00a4, 0x00a4, 0x00a4, 0x00a4, 0x00a4, 0x00a4, 0x00a4, 0x00a4,
  0x00a4, 0x00a4, 0x00a4, 0x00a4, 0x00a4, 0x00a4, 0x00a4, 0x00a4, 0x00a4, 0x00a4, 0x00a4, 0x00a4,
  0x00a4, 0x00a4, 0x0084, 0x00a4, 0x00a4, 0x00a4, 0x00a4, 0x0084, 0x0084, 0x00a4, 0x08c4, 0x00a4,
  0x0084, 0x0084, 0x00a4, 0x00a4, 0x00a4, 0x00a4, 0x0084, 0x00a4, 0x00a4, 0x00a4, 0x00a4, 0x00a4,
  0x00a4, 0x00a4, 0x00a4, 0x0084, 0x0084, 0x00a4, 0x00a4, 0x00a4, 0x0084, 0x0084, 0x0084, 0x0084,
  0x0084, 0x00a4, 0x00a4, 0x0084, 0x00a4, 0x0084, 0x08c4, 0x10c4, 0x1926, 0x0084, 0x0084, 0x00a4,
  0x0084, 0x0084, 0x0084, 0x0084, 0x00a4, 0x00a4, 0x00a4, 0x00a4, 0x00a4, 0x00a4, 0x00a4, 0x00a4,
  0x00a4, 0x00a4, 0x00a4, 0x0084, 0x00a4, 0x0084, 0x0084, 0x00a4, 0x00a4, 0x00a4, 0x0084, 0x00a4,
  0x00a4, 0x00a4, 0x00a4, 0x00a4, 0x00a4, 0x00a4, 0x00a4, 0x00a4, 0x00a4, 0x00a4, 0x00a4, 0x00a4,
  0x00a4, 0x00a4, 0x00a4, 0x00a4, 0x00a4, 0x00a4, 0x00a4, 0x00a4, 0x00a4, 0x00a4, 0x00a4, 0x00a4,
  0x00a4, 0x00a4, 0x00a4, 0x00a4, 0x00a4, 0x00a4, 0x00a4, 0x00a4, 0x00c5, 0x00c5, 0x00a4, 0x00c5,
  0x00c5, 0x00c5, 0x00c5, 0x00c5, 0x00c5, 0x00c5, 0x00c5, 0x00c5, 0x00c5, 0x00c5, 0x08c5, 0x08c5,
  0x00c5, 0x00c5, 0x00c5, 0x00c5, 0x00c5, 0x00c5, 0x00c5, 0x00c5, 0x00c5, 0x00c5, 0x08c5, 0x08e5,
  0x08e5, 0x00c5, 0x00c5, 0x08c5, 0x08c5, 0x00c5, 0x00c5, 0x00c5, 0x08c5, 0x00c5, 0x00c5, 0x00c5,
  0x00c5, 0x00c5, 0x00c5, 0x00c5, 0x00c5, 0x00c5, 0x00c5, 0x00c5, 0x00c5, 0x00c5, 0x00c5, 0x00c5,
  0x00c5, 0x00c5, 0x00c5, 0x00c5, 0x00e5, 0x00e5, 0x00c5, 0x00e5, 0x00e5, 0x00e5, 0x08e6, 0x08e6,
  0x08e6, 0x08e6, 0x08e6, 0x08e6, 0x00e5, 0x00e5, 0x08e6, 0x08e6, 0x00e5, 0x08e6, 0x08e6, 0x08e6,
  0x08e6, 0x08e6, 0x08e6, 0x08e6, 0x00e5, 0x08e6, 0x08e6, 0x08e6, 0x08e6, 0x08e6, 0x08e6, 0x08e6,
  0x08e6, 0x08e6, 0x08e6, 0x08e6, 0x08e6, 0x08e6, 0x00e5, 0x00e5, 0x00e5, 0x08e6, 0x08e6, 0x08e6,
  0x08e6, 0x08e6, 0x08e6, 0x08e6, 0x08e6, 0x08e6, 0x08e6, 0x08e6, 0x08e6, 0x08e6, 0x08e6, 0x00e5,
  0x08e6, 0x00e5, 0x00c5, 0x00c5, 0x00e5, 0x00e5, 0x00e5, 0x08e6, 0x08e6, 0x08e6, 0x08e6, 0x00e5,
  0x08e6, 0x08e6, 0x08e6, 0x08e6, 0x00e5, 0x08e6, 0x08e6, 0x08e6, 0x08e6, 0x08e6, 0x08e6, 0x00e5,
  0x00e5, 0x00e5, 0x00e5, 0x00e5, 0x00e5, 0x00e5, 0x00e5, 0x00e5, 0x00e5, 0x00e5, 0x00e5, 0x00e5,
  0x00c5, 0x00c5, 0x00c5, 0x00c5, 0x00e5, 0x00c5, 0x08c5, 0x00c5, 0x00c5, 0x00c5, 0x08c5, 0x00c5,
  0x00c5, 0x08c5, 0x08c5, 0x08c5, 0x08c5, 0x08c5, 0x00c5, 0x00c5, 0x00c5, 0x00c5, 0x00c5, 0x00a4,
  0x00c5, 0x00c5, 0x00c5, 0x00c5, 0x00c5, 0x00c5, 0x00c5, 0x00c5, 0x00a4, 0x00a4, 0x00a4, 0x00a4,
  0x00c5, 0x00c5, 0x00a4, 0x00a4, 0x00a4, 0x00a4, 0x00a4, 0x00a4, 0x00a4, 0x00a4, 0x00a4, 0x00a4,
  0x00a4, 0x00a4, 0x00a4, 0x00a4, 0x00a4, 0x00a4, 0x00a4, 0x00a4, 0x00a4, 0x00a4, 0x00a4, 0x00a4,
  0x00a4, 0x00a4, 0x00a4, 0x00a4, 0x00a4, 0x00a4, 0x00a4, 0x00a4, 0x00a4, 0x00a4, 0x00a4, 0x00a4,
  0x00a4, 0x00a4, 0x00a4, 0x00a4, 0x00a4, 0x0084, 0x0084, 0x00a4, 0x0084, 0x0084, 0x00a4, 0x00a4,
  0x00a4, 0x00a4, 0x0084, 0x00a4, 0x00a4, 0x00a4, 0x00a4, 0x00a4, 0x00a4, 0x00a4, 0x00a4, 0x0084,
  0x0084, 0x00a4, 0x0084, 0x00a4, 0x0084, 0x00a4, 0x0084, 0x00a4, 0x00a4, 0x00a4, 0x0084, 0x0084,
  0x0084, 0x0084, 0x08c4, 0x08c4, 0x1926, 0x00a4, 0x0084, 0x00a4, 0x00a4, 0x0084, 0x0084, 0x00a4,
  0x00a4, 0x00a4, 0x00a4, 0x00a4, 0x00a4, 0x00a4, 0x00a4, 0x00a4, 0x00a4, 0x00a4, 0x00a4, 0x00a4,
  0x00a4, 0x00a4, 0x00a4, 0x00a4, 0x00a4, 0x00a4, 0x00a4, 0x0084, 0x00a4, 0x00a4, 0x00a4, 0x00a4,
  0x00a4, 0x00a4, 0x00a4, 0x00a4, 0x00a4, 0x00a4, 0x00a4, 0x00a4, 0x00a4, 0x00a4, 0x00a4, 0x00a4,
  0x00a4, 0x00a4, 0x00a4, 0x00a4, 0x00a4, 0x00a4, 0x00a4, 0x00a4, 0x00c5, 0x00c5, 0x00a4, 0x00a4,
  0x00a4, 0x00a4, 0x00a4, 0x00a4, 0x00a4, 0x00c5, 0x00c5, 0x00c5, 0x00c5, 0x00c5, 0x00c5, 0x08c5,
  0x00c5, 0x00c5, 0x00c5, 0x00c5, 0x00c5, 0x00c5, 0x08c5, 0x00c5, 0x00c5, 0x00c5, 0x00c5, 0x00c5,
  0x00c5, 0x00c5, 0x00c5, 0x00c5, 0x00c5, 0x00c5, 0x00c5, 0x00c5, 0x00c5, 0x00c5, 0x00c5, 0x08c5,
  0x08c5, 0x00c5, 0x00c5, 0x00c5, 0x00c5, 0x00c5, 0x00c5, 0x00c5, 0x08c5, 0x08c5, 0x00c5, 0x00c5,
  0x00e5, 0x00c5, 0x00c5, 0x00e5, 0x00e5, 0x00e5, 0x00e5, 0x00e5, 0x00e5, 0x00e5, 0x08e6, 0x08e6,
  0x08e6, 0x08e6, 0x08e6, 0x00e5, 0x08e6, 0x08e6, 0x08e6, 0x08e6, 0x08e6, 0x08e6, 0x08e6, 0x08e6,
  0x08e6, 0x08e6, 0x08e6, 0x08e6, 0x08e6, 0x08e6, 0x08e6, 0x08e6, 0x08e6, 0x08e6, 0x08e6, 0x00e5,
  0x08e6, 0x08e6, 0x08e6, 0x08e6, 0x08e6, 0x08e6, 0x08e6, 0x08e6, 0x08e6, 0x00e5, 0x08e6, 0x08e6,
  0x08e6, 0x00e5, 0x00c5, 0x00e5, 0x00e5, 0x08e6, 0x08e6, 0x08e6, 0x08e6, 0x08e6, 0x0906, 0x08e6,
  0x08e6, 0x08e6, 0x08e6, 0x08e6, 0x08e6, 0x08e6, 0x00e5, 0x00e5, 0x08e6, 0x00e5, 0x00e5, 0x08e6,
  0x08e6, 0x00e5, 0x00e5, 0x08e6, 0x08e6, 0x08e6, 0x08e6, 0x08e6, 0x08e6, 0x08e6, 0x08e6, 0x08e6,
  0x08e6, 0x08e6, 0x08e6, 0x08e6, 0x08e6, 0x08e6, 0x08e6, 0x08e6, 0x08e6, 0x08e6, 0x08e6, 0x08e6,
  0x08e6, 0x00e5, 0x00e5, 0x00e5, 0x08e6, 0x08e6, 0x08e6, 0x08e6, 0x08e6, 0x00e5, 0x00e5, 0x00e5,
  0x00e5, 0x00c5, 0x1106, 0x08c5, 0x08c5, 0x00c5, 0x00c5, 0x00e5, 0x00c5, 0x08c5, 0x08c5, 0x08c5,
  0x08c5, 0x00c5, 0x08e5, 0x00c5, 0x00c5, 0x00c5, 0x00c5, 0x00c5, 0x08c5, 0x00c5, 0x00c5, 0x00c5,
  0x00c5, 0x00c5, 0x00c5, 0x00c5, 0x00c5, 0x00a4, 0x00a4, 0x00c5, 0x00c5, 0x00c5, 0x00c5, 0x00a4,
  0x00a4, 0x00a4, 0x00a4, 0x00a4, 0x08c4, 0x08c5, 0x00a4, 0x00a4, 0x00a4, 0x00a4, 0x00a4, 0x00a4,
  0x00a4, 0x00a4, 0x00a4, 0x00a4, 0x00a4, 0x00a4, 0x00a4, 0x00a4, 0x00a4, 0x00a4, 0x00a4, 0x00a4,
  0x00a4, 0x00a4, 0x00a4, 0x00a4, 0x00a4, 0x00a4, 0x00a4, 0x00a4, 0x0084, 0x00a4, 0x00a4, 0x00a4,
  0x00a4, 0x00a4, 0x00a4, 0x00a4, 0x00a4, 0x00a4, 0x00a4, 0x00a4, 0x00a4, 0x00a4, 0x00a4, 0x00a4,
  0x00a4, 0x00a4, 0x00a4, 0x00a4, 0x00a4, 0x00a4, 0x00a4, 0x00a4, 0x0084, 0x00a4, 0x0084, 0x0084,
  0x00a4, 0x00a4, 0x0084, 0x00a4, 0x00a4, 0x00a4, 0x00a4, 0x00a4, 0x00a4, 0x00a4, 0x08c4, 0x08c4,
  0x1926, 0x00a4, 0x00a4, 0x00a4, 0x00a4, 0x00a4, 0x00a4, 0x00a4, 0x00a4, 0x00a4, 0x00a4, 0x00a4,
  0x00a4, 0x00a4, 0x00a4, 0x00a4, 0x00a4, 0x00a4, 0x00a4, 0x0084, 0x0084, 0x00a4, 0x00a4, 0x00a4,
  0x00a4, 0x00a4, 0x00a4, 0x00a4, 0x00a4, 0x00a4, 0x00a4, 0x00a4, 0x00a4, 0x00a4, 0x00a4, 0x00a4,
  0x00a4, 0x00a4, 0x00a4, 0x00c5, 0x00a4, 0x00a4, 0x00a4, 0x00a4, 0x00a4, 0x00a4, 0x00a4, 0x00a4,
  0x00a4, 0x00a4, 0x00c5, 0x00c5, 0x00c5, 0x00c5, 0x00a4, 0x00a4, 0x00a4, 0x00a4, 0x00a4, 0x00c5,
  0x00c5, 0x00c5, 0x08c5, 0x00c5, 0x00c5, 0x00c5, 0x00c5, 0x00c5, 0x00c5, 0x00c5, 0x00c5, 0x00c5,
  0x00c5, 0x00c5, 0x00c5, 0x00c5, 0x00c5, 0x00c5, 0x00c5, 0x00c5, 0x00c5, 0x00c5, 0x00c5, 0x00c5,
  0x00e5, 0x00c5, 0x00c5, 0x00c5, 0x00c5, 0x00e5, 0x00c5, 0x00c5, 0x00c5, 0x00c5, 0x00c5, 0x00c5,
  0x00c5, 0x00c5, 0x00c5, 0x00c5, 0x00c5, 0x00c5, 0x00c5, 0x00c5, 0x00e5, 0x00e5, 0x08e6, 0x08e6,
  0x08e6, 0x08e6, 0x00e5, 0x00e5, 0x00e5, 0x08e6, 0x08e6, 0x08e6, 0x08e6, 0x08e6, 0x08e6, 0x08e6,
  0x08e6, 0x08e6, 0x08e6, 0x08e6, 0x08e6, 0x08e6, 0x08e6, 0x08e6, 0x08e6, 0x08e6, 0x08e6, 0x08e6,
  0x08e6, 0x08e6, 0x08e6, 0x00e5, 0x00e5, 0x08e6, 0x08e6, 0x08e6, 0x08e6, 0x08e6, 0x0906, 0x08e6,
  0x08e6, 0x08e6, 0x08e6, 0x08e6, 0x08e6, 0x08e6, 0x08e6, 0x08e6, 0x08e6, 0x08e6, 0x00e5, 0x08e6,
  0x08e6, 0x08e6, 0x08e6, 0x08e6, 0x08e6, 0x08e6, 0x0907, 0x08e6, 0x08e6, 0x08e6, 0x08e6, 0x0907,
  0x0906, 0x08e6, 0x08e6, 0x08e6, 0x0906, 0x08e6, 0x08e6, 0x00e5, 0x08e6, 0x08e6, 0x08e6, 0x08e6,
  0x08e6, 0x08e6, 0x08e6, 0x0906, 0x08e6, 0x08e6, 0x08e6, 0x08e6, 0x08e6, 0x08e6, 0x08e6, 0x08e6,
  0x00e5, 0x08e6, 0x08e6, 0x08e6, 0x08e6, 0x08e6, 0x08e6, 0x08e6, 0x08e6, 0x08e6, 0x08e6, 0x08e6,
  0x08e6, 0x08e6, 0x08e6, 0x08e6, 0x08e6, 0x08e6, 0x08e6, 0x08e6, 0x08e6, 0x08e6, 0x08e6, 0x00e5,
  0x00c5, 0x00e5, 0x00c5, 0x00e5, 0x00c5, 0x00e5, 0x00c5, 0x00c5, 0x00c5, 0x00c5, 0x00e5, 0x00c5,
  0x00c5, 0x00c5, 0x00c5, 0x00c5, 0x00c5, 0x00c5, 0x00c5, 0x00c5, 0x00c5, 0x00c5, 0x00c5, 0x08c5,
  0x08c5, 0x00c5, 0x00c5, 0x00c5, 0x00c5, 0x00c5, 0x00c5, 0x00c5, 0x00a4, 0x00a4, 0x00a4, 0x00a4,
  0x08c4, 0x08c5, 0x00a4, 0x00a4, 0x00a4, 0x00a4, 0x00a4, 0x00a4, 0x00a4, 0x00a4, 0x00a4, 0x00a4,
  0x00a4, 0x00a4, 0x00a4, 0x00a4, 0x00a4, 0x00a4, 0x00a4, 0x00a4, 0x00a4, 0x00a4, 0x00a4, 0x00a4,
  0x00a4, 0x00a4, 0x00a4, 0x00a4, 0x00a4, 0x00a4, 0x00a4, 0x00a4, 0x00a4, 0x00a4, 0x00a4, 0x00a4,
  0x00a4, 0x00a4, 0x00a4, 0x00a4, 0x00a4, 0x00a4, 0x00a4, 0x00a4, 0x00a4, 0x00a4, 0x00a4, 0x00a4,
  0x00a4, 0x00a4, 0x00a4, 0x00a4, 0x00a4, 0x00a4, 0x0084, 0x00a4, 0x10e5, 0x08c4, 0x00a4, 0x00a4,
  0x0084, 0x00a4, 0x00a4, 0x00a4, 0x00a4, 0x00a4, 0x08e5, 0x08c4, 0x1946, 0x00a4, 0x00a4, 0x00a4,
  0x00a4, 0x00a4, 0x00a4, 0x00a4, 0x00a4, 0x00a4, 0x00a4, 0x00a4, 0x00a4, 0x00a4, 0x00a4, 0x00a4,
  0x00a4, 0x00a4, 0x0084, 0x00a4, 0x00a4, 0x00a4, 0x00a4, 0x00a4, 0x00a4, 0x00a4, 0x00a4, 0x00a4,
  0x00a4, 0x00a4, 0x00a4, 0x00a4, 0x00a4, 0x00a4, 0x00a4, 0x00a4, 0x00a4, 0x00a4, 0x00c5, 0x00c5,
  0x00a4, 0x00a4, 0x00a4, 0x00a4, 0x00a4, 0x00a4, 0x00a4, 0x00a4, 0x00a4, 0x00a4, 0x00c5, 0x00c5,
  0x00c5, 0x00c5, 0x00c5, 0x00a4, 0x00c5, 0x00c5, 0x00c5, 0x00c5, 0x00c5, 0x00c5, 0x08c5, 0x00c5,
  0x08c5, 0x00c5, 0x00c5, 0x00c5, 0x00c5, 0x00c5, 0x00c5, 0x00c5, 0x00c5, 0x00c5, 0x00c5, 0x00c5,
  0x00c5, 0x00c5, 0x00c5, 0x00c5, 0x00c5, 0x00e5, 0x00c5, 0x08e6, 0x00e5, 0x00c5, 0x00e5, 0x00e5,
  0x00e5, 0x00e5, 0x08e6, 0x00e5, 0x00c5, 0x00c5, 0x00c5, 0x00c5, 0x00c5, 0x00c5, 0x00c5, 0x00e5,
  0x00e5, 0x00e5, 0x00e5, 0x00e5, 0x00c5, 0x00e5, 0x08e6, 0x08e6, 0x08e6, 0x08e6, 0x08e6, 0x08e6,
  0x08e6, 0x08e6, 0x08e6, 0x08e6, 0x08e6, 0x08e6, 0x08e6, 0x08e6, 0x08e6, 0x08e6, 0x08e6, 0x08e6,
  0x08e6, 0x08e6, 0x08e6, 0x0906, 0x08e6, 0x08e6, 0x08e6, 0x08e6, 0x08e6, 0x08e6, 0x08e6, 0x08e6,
  0x08e6, 0x0906, 0x0906, 0x08e6, 0x08e6, 0x0906, 0x0906, 0x1147, 0x0906, 0x0906, 0x08e6, 0x08e6,
  0x08e6, 0x0906, 0x0906, 0x08e6, 0x08e6, 0x08e6, 0x08e6, 0x08e6, 0x08e6, 0x08e6, 0x08e6, 0x08e6,
  0x08e6, 0x0906, 0x0907, 0x0906, 0x0906, 0x0906, 0x0906, 0x0906, 0x08e6, 0x08e6, 0x08e6, 0x08e6,
  0x08e6, 0x08e6, 0x08e6, 0x08e6, 0x08e6, 0x08e6, 0x08e6, 0x0906, 0x0906, 0x0906, 0x0906, 0x0907,
  0x0906, 0x08e6, 0x08e6, 0x0906, 0x08e6, 0x08e6, 0x08e6, 0x08e6, 0x08e6, 0x08e6, 0x08e6, 0x08e6,
  0x08e6, 0x08e6, 0x08e6, 0x08e6, 0x08e6, 0x08e6, 0x08e6, 0x08e6, 0x08e6, 0x08e6, 0x08e6, 0x08e6,
  0x08e6, 0x08e6, 0x08e6, 0x08e6, 0x08e6, 0x08e6, 0x08e6, 0x08e6, 0x08e6, 0x00e5, 0x08e6, 0x00e5,
  0x00e5, 0x00e5, 0x00c5, 0x00e5, 0x00c5, 0x00c5, 0x00c5, 0x00c5, 0x00c5, 0x00c5, 0x00e5, 0x00c5,
  0x00c5, 0x00c5, 0x00c5, 0x00c5, 0x00c5, 0x08c5, 0x08c5, 0x1946, 0x08e5, 0x00c5, 0x00c5, 0x00c5,
  0x00c5, 0x00c5, 0x00c5, 0x08c5, 0x00c5, 0x00c5, 0x00c5, 0x00a4, 0x00c5, 0x00c5, 0x00c5, 0x00c5,
  0x00c5, 0x00c5, 0x00c5, 0x00a4, 0x00a4, 0x00a4, 0x00a4, 0x00a4, 0x00a4, 0x00a4, 0x00a4, 0x00a4,
  0x00a4, 0x00a4, 0x00a4, 0x00a4, 0x00a4, 0x00a4, 0x00a4, 0x00a4, 0x00a4, 0x00a4, 0x00a4, 0x00a4,
  0x00a4, 0x00a4, 0x00a4, 0x00a4, 0x00a4, 0x00a4, 0x00a4, 0x00a4, 0x00a4, 0x00a4, 0x00a4, 0x00a4,
  0x00a4, 0x00a4, 0x00a4, 0x00a4, 0x00a4, 0x00a4, 0x00a4, 0x00a4, 0x00a4, 0x00a4, 0x00a4, 0x00a4,
  0x00a4, 0x00a4, 0x00a4, 0x00a4, 0x08c4, 0x08a4, 0x00a4, 0x00a4, 0x00a4, 0x00a4, 0x0084, 0x00a4,
  0x00a4, 0x00a4, 0x08c4, 0x08c4, 0x1967, 0x00a4, 0x00a4, 0x00a4, 0x00a4, 0x00a4, 0x00a4, 0x00a4,
  0x00a4, 0x00a4, 0x00a4, 0x00a4, 0x00a4, 0x00a4, 0x00a4, 0x00a4, 0x00a4, 0x00a4, 0x00a4, 0x00a4,
  0x00a4, 0x00a4, 0x00a4, 0x00a4, 0x00a4, 0x00a4, 0x00a4, 0x00a4, 0x00a4, 0x00a4, 0x00a4, 0x00a4,
  0x00a4, 0x00a4, 0x00a4, 0x00a4, 0x00a4, 0x00a4, 0x00c5, 0x00a4, 0x00a4, 0x00a4, 0x00a4, 0x00a4,
  0x00a4, 0x00c5, 0x00a4, 0x00a4, 0x00a4, 0x00c5, 0x00c5, 0x00c5, 0x00c5, 0x00c5, 0x00c5, 0x00c5,
  0x00c5, 0x00c5, 0x00c5, 0x00c5, 0x00c5, 0x00c5, 0x00c5, 0x00c5, 0x00c5, 0x00c5, 0x00c5, 0x00e5,
  0x00e5, 0x00c5, 0x00e5, 0x00c5, 0x00e5, 0x08e5, 0x00c5, 0x00c5, 0x00e5, 0x00e5, 0x00e5, 0x00e5,
  0x00e5, 0x00c5, 0x00e5, 0x00e5, 0x00e5, 0x00e5, 0x08e6, 0x08e6, 0x08e6, 0x08e6, 0x00e5, 0x00e5,
  0x00c5, 0x08e6, 0x00c5, 0x00c5, 0x00e5, 0x00e5, 0x00e5, 0x00c5, 0x00e5, 0x08e6, 0x08e6, 0x08e6,
  0x08e6, 0x08e6, 0x08e6, 0x08e6, 0x08e6, 0x08e6, 0x08e6, 0x08e6, 0x08e6, 0x08e6, 0x08e6, 0x08e6,
  0x08e6, 0x0906, 0x08e6, 0x0906, 0x0906, 0x0906, 0x08e6, 0x08e6, 0x0906, 0x08e6, 0x0906, 0x0906,
  0x0906, 0x08e6, 0x08e6, 0x0906, 0x08e6, 0x08e6, 0x08e6, 0x08e6, 0x0906, 0x0906, 0x0907, 0x0906,
  0x0906, 0x0906, 0x0906, 0x1147, 0x0907, 0x08e6, 0x08e6, 0x0906, 0x0906, 0x0906, 0x0906, 0x0906,
  0x0906, 0x0906, 0x08e6, 0x08e6, 0x0906, 0x0906, 0x0906, 0x0906, 0x0907, 0x0906, 0x0906, 0x0907,
  0x0906, 0x0906, 0x0906, 0x0906, 0x08e6, 0x0906, 0x08e6, 0x08e6, 0x08e6, 0x0906, 0x08e6, 0x08e6,
  0x0906, 0x0906, 0x0907, 0x0927, 0x0906, 0x0906, 0x0906, 0x0906, 0x0906, 0x0906, 0x0906, 0x0906,
  0x08e6, 0x08e6, 0x08e6, 0x08e6, 0x08e6, 0x08e6, 0x08e6, 0x08e6, 0x08e6, 0x08e6, 0x08e6, 0x08e6,
  0x08e6, 0x08e6, 0x08e6, 0x08e6, 0x08e6, 0x08e6, 0x08e6, 0x08e6, 0x08e6, 0x08e6, 0x08e6, 0x08e6,
  0x08e6, 0x08e6, 0x08e6, 0x08e6, 0x08e6, 0x08e6, 0x08e6, 0x08e6, 0x08e6, 0x08e6, 0x00c5, 0x00e5,
  0x00e5, 0x00e5, 0x00e5, 0x00c5, 0x00c5, 0x00e5, 0x00e5, 0x00e5, 0x00c5, 0x00c5, 0x00c5, 0x00c5,
  0x00c5, 0x00c5, 0x08c5, 0x08c5, 0x00c5, 0x00c5, 0x00c5, 0x00c5, 0x00c5, 0x00c5, 0x00c5, 0x00c5,
  0x00c5, 0x00c5, 0x00c5, 0x00c5, 0x00c5, 0x00c5, 0x08c5, 0x00c5, 0x00c5, 0x00c5, 0x00c5, 0x00a4,
  0x00a4, 0x00a4, 0x00c5, 0x00a4, 0x00a4, 0x00a4, 0x00c5, 0x00a4, 0x00a4, 0x00a4, 0x00a4, 0x00a4,
  0x00a4, 0x00a4, 0x00a4, 0x00a4, 0x00a4, 0x00a4, 0x00a4, 0x00a4, 0x00a4, 0x00a4, 0x00a4, 0x00a4,
  0x00a4, 0x00a4, 0x00a4, 0x00a4, 0x00a4, 0x00a4, 0x00a4, 0x00a4, 0x00a4, 0x00a4, 0x00a4, 0x00a4,
  0x00a4, 0x00a4, 0x00a4, 0x00a4, 0x00a4, 0x00a4, 0x00a4, 0x00a4, 0x00a4, 0x00a4, 0x00a4, 0x00a4,
  0x00a4, 0x00a4, 0x00a4, 0x00a4, 0x00a4, 0x00a4, 0x00a4, 0x00a4, 0x00a4, 0x00a4, 0x08c4, 0x08c4,
  0x1967, 0x00a4, 0x00a4, 0x00a4, 0x00a4, 0x00a4, 0x00a4, 0x00a4, 0x00a4, 0x00a4, 0x00a4, 0x00a4,
  0x00a4, 0x00a4, 0x00a4, 0x00a4, 0x00a4, 0x00a4, 0x00a4, 0x00a4, 0x00a4, 0x00a4, 0x00a4, 0x00a4,
  0x00a4, 0x00a4, 0x00a4, 0x00a4, 0x00a4, 0x00a4, 0x00a4, 0x00a4, 0x00a4, 0x00a4, 0x00a4, 0x00a4,
  0x00a4, 0x00c5, 0x00a4, 0x00c5, 0x00c5, 0x00c5, 0x00a4, 0x00c5, 0x00c5, 0x00c5, 0x00a4, 0x00a4,
  0x00c5, 0x00c5, 0x00c5, 0x00c5, 0x00c5, 0x00c5, 0x00c5, 0x00c5, 0x00c5, 0x00c5, 0x00c5, 0x00c5,
  0x00c5, 0x00c5, 0x00c5, 0x00c5, 0x00c5, 0x08e5, 0x00e5, 0x00e5, 0x00e5, 0x00e5, 0x08e6, 0x00e5,
  0x00e5, 0x00e5, 0x00e5, 0x00e5, 0x00e5, 0x08e6, 0x00e5, 0x00e5, 0x00e5, 0x00e5, 0x00e5, 0x00e5,
  0x00e5, 0x08e6, 0x08e6, 0x08e6, 0x08e6, 0x00e5, 0x00e5, 0x00e5, 0x00e5, 0x08e6, 0x08e6, 0x08e6,
  0x08e6, 0x08e6, 0x08e6, 0x08e6, 0x08e6, 0x08e6, 0x08e6, 0x08e6, 0x08e6, 0x08e6, 0x08e6, 0x08e6,
  0x08e6, 0x08e6, 0x08e6, 0x08e6, 0x08e6, 0x08e6, 0x08e6, 0x08e6, 0x08e6, 0x0906, 0x08e6, 0x08e6,
  0x08e6, 0x08e6, 0x0906, 0x0906, 0x0907, 0x0906, 0x0906, 0x0906, 0x0906, 0x0906, 0x0906, 0x0906,
  0x0907, 0x0906, 0x08e6, 0x08e6, 0x0906, 0x0906, 0x0906, 0x0906, 0x0907, 0x0906, 0x0906, 0x0906,
  0x0906, 0x0906, 0x0906, 0x0907, 0x0907, 0x0907, 0x0907, 0x0907, 0x0906, 0x0906, 0x0906, 0x0906,
  0x0906, 0x0906, 0x0906, 0x0906, 0x0907, 0x0907, 0x0907, 0x0907, 0x0907, 0x0907, 0x0907, 0x0906,
  0x0906, 0x0906, 0x0906, 0x0906, 0x0906, 0x0906, 0x0907, 0x0906, 0x0906, 0x0906, 0x0906, 0x0907,
  0x0906, 0x0906, 0x0906, 0x0906, 0x0906, 0x0906, 0x0907, 0x0906, 0x0906, 0x0906, 0x0906, 0x0906,
  0x0906, 0x0906, 0x0906, 0x0906, 0x0906, 0x0907, 0x08e6, 0x08e6, 0x0906, 0x08e6, 0x08e6, 0x08e6,
  0x08e6, 0x08e6, 0x08e6, 0x08e6, 0x08e6, 0x08e6, 0x08e6, 0x08e6, 0x08e6, 0x08e6, 0x08e6, 0x08e6,
  0x08e6, 0x08e6, 0x08e6, 0x08e6, 0x08e6, 0x08e6, 0x08e6, 0x00e5, 0x08e6, 0x08e6, 0x08e5, 0x08e6,
  0x00e5, 0x00e5, 0x00e5, 0x00e5, 0x00e5, 0x00e5, 0x00e5, 0x00e5, 0x00e5, 0x00e5, 0x00c5, 0x00c5,
  0x00c5, 0x00c5, 0x00c5, 0x00c5, 0x00c5, 0x00c5, 0x00c5, 0x00c5, 0x00c5, 0x00c5, 0x00c5, 0x08c5,
  0x00c5, 0x08c5, 0x08c5, 0x00c5, 0x00c5, 0x00c5, 0x00c5, 0x00c5, 0x00c5, 0x00c5, 0x00c5, 0x00c5,
  0x00c5, 0x00c5, 0x00c5, 0x00a4, 0x00a4, 0x00a4, 0x00a4, 0x00a4, 0x00a4, 0x00a4, 0x00a4, 0x00c5,
  0x00a4, 0x00a4, 0x00a4, 0x00a4, 0x00a4, 0x00a4, 0x00a4, 0x00a4, 0x00a4, 0x00a4, 0x00a4, 0x00a4,
  0x00a4, 0x00a4, 0x00a4, 0x00a4, 0x00a4, 0x00a4, 0x00a4, 0x00a4, 0x00a4, 0x00a4, 0x00a4, 0x00a4,
  0x00a4, 0x00a4, 0x00a4, 0x00a4, 0x00a4, 0x00a4, 0x00a4, 0x00a4, 0x00a4, 0x00a4, 0x00a4, 0x00a4,
  0x00a4, 0x00a4, 0x00a4, 0x00a4, 0x00a4, 0x00a4, 0x08c4, 0x08c4, 0x1967, 0x00a4, 0x00a4, 0x00a4,
  0x00a4, 0x00a4, 0x00a4, 0x00a4, 0x00a4, 0x00a4, 0x00a4, 0x00a4, 0x00a4, 0x00a4, 0x00a4, 0x00a4,
  0x00a4, 0x00a4, 0x00a4, 0x00a4, 0x00a4, 0x00a4, 0x00a4, 0x00a4, 0x00a4, 0x00a4, 0x00a4, 0x00a4,
  0x00a4, 0x00a4, 0x00a4, 0x00a4, 0x00a4, 0x00c5, 0x00a4, 0x00a4, 0x00a4, 0x00c5, 0x00c5, 0x00a4,
  0x00c5, 0x00c5, 0x00c5, 0x00c5, 0x00c5, 0x00c5, 0x00c5, 0x00c5, 0x00c5, 0x00c5, 0x00c5, 0x00c5,
  0x00c5, 0x00c5, 0x00c5, 0x00c5, 0x00c5, 0x00c5, 0x00c5, 0x00c5, 0x00c5, 0x00c5, 0x00e5, 0x00c5,
  0x00c5, 0x08e5, 0x00e5, 0x08e6, 0x08e6, 0x08e6, 0x08e6, 0x08e6, 0x08e6, 0x00e5, 0x08e6, 0x00e5,
  0x00e5, 0x08e6, 0x00e5, 0x00e5, 0x00e5, 0x08e6, 0x08e6, 0x08e6, 0x08e6, 0x08e6, 0x08e6, 0x08e6,
  0x08e6, 0x08e6, 0x08e6, 0x08e6, 0x08e6, 0x08e6, 0x08e6, 0x08e6, 0x08e6, 0x1127, 0x1967, 0x08e6,
  0x08e6, 0x08e6, 0x08e6, 0x08e6, 0x0906, 0x0906, 0x0906, 0x08e6, 0x08e6, 0x08e6, 0x08e6, 0x08e6,
  0x0906, 0x08e6, 0x08e6, 0x08e6, 0x08e6, 0x0906, 0x0906, 0x0906, 0x0906, 0x08e6, 0x0906, 0x0906,
  0x0906, 0x0907, 0x0907, 0x0906, 0x0907, 0x0906, 0x0906, 0x0907, 0x0907, 0x0906, 0x0906, 0x0906,
  0x0907, 0x0927, 0x0927, 0x0907, 0x0907, 0x0907, 0x0907, 0x0906, 0x0906, 0x0906, 0x0906, 0x0907,
  0x0907, 0x0927, 0x0907, 0x0907, 0x0907, 0x0907, 0x0906, 0x0907, 0x0906, 0x0907, 0x0907, 0x0907,
  0x0907, 0x0907, 0x1147, 0x0927, 0x0927, 0x0927, 0x0907, 0x0927, 0x0907, 0x0907, 0x0907, 0x0907,
  0x0907, 0x0927, 0x0907, 0x0907, 0x0907, 0x0907, 0x0906, 0x0907, 0x0907, 0x0907, 0x0907, 0x0907,
  0x0907, 0x0907, 0x0907, 0x0907, 0x0907, 0x0907, 0x0907, 0x0906, 0x0907, 0x0906, 0x0906, 0x0906,
  0x0906, 0x0906, 0x0906, 0x0906, 0x0906, 0x08e6, 0x08e6, 0x08e6, 0x08e6, 0x0906, 0x08e6, 0x08e6,
  0x0906, 0x0906, 0x0906, 0x0906, 0x08e6, 0x08e6, 0x08e6, 0x08e6, 0x08e6, 0x08e6, 0x08e6, 0x08e6,
  0x08e6, 0x08e6, 0x08e6, 0x08e6, 0x08e6, 0x0906, 0x08e6, 0x08e6, 0x08e6, 0x08e6, 0x08e6, 0x08e6,
  0x00e5, 0x08e6, 0x08e6, 0x08e6, 0x08e6, 0x08e6, 0x08e6, 0x00e5, 0x00e5, 0x00c5, 0x00c5, 0x00c5,
  0x00c5, 0x00c5, 0x00c5, 0x00c5, 0x00c5, 0x00c5, 0x08c5, 0x00c5, 0x00c5, 0x08c5, 0x08c5, 0x08c5,
  0x00c5, 0x00c5, 0x00c5, 0x00c5, 0x00c5, 0x00c5, 0x00c5, 0x00c5, 0x00c5, 0x00c5, 0x00c5, 0x00c5,
  0x00c5, 0x00a4, 0x00a4, 0x00a4, 0x00a4, 0x00a4, 0x00a4, 0x00c5, 0x00c5, 0x00c5, 0x00c5, 0x00a4,
  0x00a4, 0x00a4, 0x00a4, 0x00a4, 0x00a4, 0x00a4, 0x00a4, 0x00a4, 0x00a4, 0x00a4, 0x00a4, 0x00a4,
  0x00a4, 0x00a4, 0x00a4, 0x00a4, 0x00a4, 0x00a4, 0x00a4, 0x00a4, 0x00a4, 0x00a4, 0x00a4, 0x00a4,
  0x00a4, 0x00a4, 0x00a4, 0x00a4, 0x00a4, 0x00a4, 0x00a4, 0x00a4, 0x00a4, 0x00a4, 0x00a4, 0x00a4,
  0x00a4, 0x00a4, 0x08e5, 0x10e4, 0x1967, 0x00a4, 0x00a4, 0x00a4, 0x00a4, 0x00a4, 0x00a4, 0x00a4,
  0x00a4, 0x00a4, 0x00a4, 0x00a4, 0x00a4, 0x00a4, 0x00a4, 0x00a4, 0x00a4, 0x00a4, 0x00a4, 0x00a4,
  0x00a4, 0x00a4, 0x00a4, 0x00a4, 0x00a4, 0x00a4, 0x00a4, 0x00a4, 0x00a4, 0x00a4, 0x00a4, 0x00c5,
  0x00a4, 0x00c5, 0x00a4, 0x00a4, 0x00c5, 0x00c5, 0x00c5, 0x00c5, 0x00c5, 0x00c5, 0x00c5, 0x00c5,
  0x00c5, 0x00c5, 0x00c5, 0x00c5, 0x00c5, 0x00c5, 0x00c5, 0x00c5, 0x00c5, 0x00c5, 0x00c5, 0x00c5,
  0x00c5, 0x00c5, 0x00c5, 0x00c5, 0x00c5, 0x00e5, 0x00e5, 0x00e5, 0x08e6, 0x08e6, 0x08e6, 0x08e6,
  0x08e6, 0x08e6, 0x08e6, 0x08e6, 0x08e6, 0x08e6, 0x08e6, 0x08e6, 0x08e6, 0x08e6, 0x08e6, 0x00e5,
  0x08e6, 0x08e6, 0x08e6, 0x08e6, 0x08e6, 0x08e6, 0x08e6, 0x08e6, 0x08e6, 0x08e6, 0x08e6, 0x08e6,
  0x08e6, 0x08e6, 0x08e6, 0x08e6, 0x08e6, 0x0906, 0x0906, 0x0906, 0x0906, 0x0906, 0x0906, 0x0906,
  0x0906, 0x0906, 0x0906, 0x0906, 0x0906, 0x0906, 0x08e6, 0x0906, 0x0907, 0x0906, 0x0906, 0x0906,
  0x0906, 0x0906, 0x0906, 0x0906, 0x0906, 0x0906, 0x0906, 0x0906, 0x0907, 0x0906, 0x0907, 0x0906,
  0x0907, 0x0907, 0x0907, 0x0927, 0x0927, 0x0907, 0x0906, 0x0907, 0x0907, 0x0927, 0x0907, 0x0906,
  0x0907, 0x0907, 0x0907, 0x0906, 0x0906, 0x0906, 0x0907, 0x0906, 0x0907, 0x0907, 0x0907, 0x0907,
  0x0907, 0x0907, 0x0907, 0x0907, 0x0907, 0x0907, 0x0907, 0x0907, 0x0927, 0x0927, 0x0927, 0x0927,
  0x0927, 0x0927, 0x0907, 0x0927, 0x0907, 0x0907, 0x0907, 0x0927, 0x0927, 0x0927, 0x0927, 0x0907,
  0x0907, 0x0907, 0x0907, 0x0907, 0x0906, 0x0907, 0x0907, 0x0907, 0x0907, 0x0927, 0x0907, 0x0907,
  0x0907, 0x0907, 0x0907, 0x0907, 0x0907, 0x0927, 0x0927, 0x0907, 0x0907, 0x0907, 0x0907, 0x0907,
  0x0907, 0x0907, 0x0906, 0x0906, 0x0906, 0x0906, 0x08e6, 0x0906, 0x0906, 0x0906, 0x0906, 0x0906,
  0x0906, 0x0906, 0x0906, 0x0906, 0x0906, 0x08e6, 0x0906, 0x08e6, 0x08e6, 0x08e6, 0x08e6, 0x08e6,
  0x08e6, 0x08e6, 0x08e6, 0x08e6, 0x08e6, 0x08e6, 0x08e6, 0x08e6, 0x08e6, 0x08e6, 0x08e6, 0x08e6,
  0x08e6, 0x00e5, 0x00e5, 0x08e6, 0x08e6, 0x00e5, 0x00e5, 0x00e5, 0x00e5, 0x00e5, 0x00c5, 0x00c5,
  0x00c5, 0x00c5, 0x08c5, 0x00c5, 0x00c5, 0x00c5, 0x00c5, 0x00c5, 0x00c5, 0x00c5, 0x00c5, 0x00c5,
  0x00c5, 0x00c5, 0x00c5, 0x00c5, 0x00c5, 0x00c5, 0x00c5, 0x00a4, 0x00c5, 0x00a4, 0x00a4, 0x00a4,
  0x00c5, 0x00c5, 0x00a4, 0x00a4, 0x00c5, 0x00c5, 0x00c5, 0x00a4, 0x00a4, 0x00a4, 0x00a4, 0x00a4,
  0x00a4, 0x00a4, 0x00a4, 0x00a4, 0x00a4, 0x00a4, 0x00a4, 0x00a4, 0x00a4, 0x00a4, 0x00a4, 0x00a4,
  0x00a4, 0x00a4, 0x00a4, 0x00a4, 0x00a4, 0x00a4, 0x00a4, 0x00a4, 0x00a4, 0x00a4, 0x00a4, 0x00a4,
  0x00a4, 0x00a4, 0x00a4, 0x00a4, 0x00a4, 0x00a4, 0x00a4, 0x00a4, 0x00a4, 0x00a4, 0x08e5, 0x10e4,
  0x1967, 0x00a4, 0x00a4, 0x00a4, 0x00a4, 0x00a4, 0x00a4, 0x00a4, 0x00a4, 0x00a4, 0x00a4, 0x00a4,
  0x00a4, 0x00c5, 0x00c5, 0x00a4, 0x00a4, 0x00a4, 0x00a4, 0x00a4, 0x00a4, 0x00a4, 0x00a4, 0x00c5,
  0x00c5, 0x00a4, 0x00a4, 0x00a4, 0x00a4, 0x00c5, 0x00c5, 0x00c5, 0x00c5, 0x00c5, 0x00c5, 0x00c5,
  0x00a4, 0x00c5, 0x00c5, 0x00c5, 0x00c5, 0x00c5, 0x00c5, 0x00c5, 0x00c5, 0x00c5, 0x00c5, 0x00c5,
  0x00c5, 0x00c5, 0x00c5, 0x00c5, 0x00c5, 0x00c5, 0x00c5, 0x00c5, 0x00c5, 0x00e5, 0x00c5, 0x00c5,
  0x00c5, 0x00e5, 0x00e5, 0x08e6, 0x08e6, 0x08e6, 0x08e6, 0x08e6, 0x08e6, 0x08e6, 0x08e6, 0x08e6,
  0x08e6, 0x08e6, 0x08e6, 0x08e6, 0x08e6, 0x08e6, 0x08e6, 0x08e6, 0x08e6, 0x0906, 0x0906, 0x08e6,
  0x0906, 0x08e6, 0x08e6, 0x08e6, 0x08e6, 0x08e6, 0x0906, 0x0906, 0x0906, 0x0906, 0x0906, 0x0906,
  0x0906, 0x0906, 0x0906, 0x0907, 0x0907, 0x0907, 0x0907, 0x0906, 0x0906, 0x0907, 0x0907, 0x0907,
  0x0907, 0x0907, 0x0906, 0x0906, 0x0907, 0x0907, 0x0907, 0x0907, 0x0907, 0x0907, 0x0906, 0x0907,
  0x0907, 0x0907, 0x0907, 0x0907, 0x0907, 0x0906, 0x0906, 0x0907, 0x0907, 0x0907, 0x0927, 0x0907,
  0x0907, 0x0906, 0x0907, 0x0927, 0x0907, 0x0907, 0x0907, 0x0907, 0x0927, 0x0927, 0x0907, 0x0906,
  0x0906, 0x0906, 0x0906, 0x0906, 0x0907, 0x0907, 0x0907, 0x0907, 0x0927, 0x0927, 0x0927, 0x0927,
  0x0927, 0x0927, 0x0927, 0x0907, 0x0927, 0x0927, 0x0927, 0x0927, 0x0927, 0x0927, 0x0927, 0x0927,
  0x0907, 0x0927, 0x0927, 0x0927, 0x0927, 0x0927, 0x0927, 0x0927, 0x0927, 0x0927, 0x0927, 0x0927,
  0x0927, 0x0927, 0x0927, 0x0927, 0x0907, 0x0927, 0x0927, 0x0907, 0x0927, 0x0927, 0x0927, 0x0907,
  0x0907, 0x0927, 0x0907, 0x0907, 0x0927, 0x0927, 0x0907, 0x0907, 0x0907, 0x0907, 0x0927, 0x0907,
  0x0907, 0x0907, 0x0906, 0x0907, 0x0907, 0x0906, 0x0906, 0x0907, 0x0906, 0x0906, 0x0906, 0x0906,
  0x0906, 0x08e6, 0x0906, 0x08e6, 0x08e6, 0x08e6, 0x08e6, 0x08e6, 0x08e6, 0x08e6, 0x0906, 0x0906,
  0x08e6, 0x08e6, 0x08e6, 0x08e6, 0x08e6, 0x08e6, 0x08e6, 0x08e6, 0x08e6, 0x08e6, 0x08e6, 0x08e6,
  0x08e6, 0x08e6, 0x08e6, 0x00e5, 0x08e6, 0x08e6, 0x00e5, 0x08e6, 0x00e5, 0x00c5, 0x00e5, 0x00c5,
  0x00e5, 0x00c5, 0x00c5, 0x00c5, 0x00c5, 0x00c5, 0x00c5, 0x00c5, 0x00c5, 0x00c5, 0x00c5, 0x00c5,
  0x00c5, 0x00c5, 0x00c5, 0x00c5, 0x08e5, 0x00a4, 0x00a4, 0x00c5, 0x00c5, 0x00c5, 0x00c5, 0x00c5,
  0x00c5, 0x08c5, 0x08c5, 0x00c5, 0x00c5, 0x00a4, 0x00c5, 0x00a4, 0x00a4, 0x00a4, 0x00c5, 0x00c5,
  0x00a4, 0x00a4, 0x00a4, 0x00a4, 0x00a4, 0x00a4, 0x00a4, 0x00a4, 0x00a4, 0x00a4, 0x00a4, 0x00a4,
  0x00a4, 0x00a4, 0x00a4, 0x00a4, 0x00a4, 0x00a4, 0x00a4, 0x00a4, 0x00a4, 0x00a4, 0x00a4, 0x00a4,
  0x00a4, 0x00a4, 0x00a4, 0x00a4, 0x00a4, 0x00a4, 0x08e5, 0x10e4, 0x1967, 0x00a4, 0x00a4, 0x08c4,
  0x00a4, 0x00a4, 0x00a4, 0x00a4, 0x00c5, 0x00a4, 0x00a4, 0x00a4, 0x00a4, 0x00c5, 0x00c5, 0x00c5,
  0x00a4, 0x00a4, 0x00c5, 0x00a4, 0x00a4, 0x00c5, 0x00c5, 0x00c5, 0x00c5, 0x00c5, 0x00a4, 0x00c5,
  0x00c5, 0x00c5, 0x00c5, 0x00c5, 0x00c5, 0x00c5, 0x00c5, 0x00c5, 0x00c5, 0x00c5, 0x00c5, 0x00c5,
  0x00c5, 0x00c5, 0x00c5, 0x00c5, 0x00c5, 0x00c5, 0x00c5, 0x00c5, 0x00c5, 0x00c5, 0x00c5, 0x00c5,
  0x00c5, 0x00c5, 0x00c5, 0x00c5, 0x00c5, 0x00c5, 0x00c5, 0x00c5, 0x00e5, 0x08e6, 0x08e6, 0x08e6,
  0x08e6, 0x08e6, 0x08e6, 0x08e6, 0x08e6, 0x0906, 0x08e6, 0x08e6, 0x0906, 0x08e6, 0x08e6, 0x0906,
  0x08e6, 0x0906, 0x08e6, 0x08e6, 0x08e6, 0x0906, 0x0906, 0x08e6, 0x0906, 0x0906, 0x0906, 0x0906,
  0x08e6, 0x0906, 0x0906, 0x0906, 0x0906, 0x0907, 0x0906, 0x0906, 0x0906, 0x0907, 0x0907, 0x0907,
  0x0907, 0x0907, 0x0907, 0x0907, 0x0907, 0x0907, 0x0907, 0x0907, 0x0907, 0x0907, 0x0907, 0x0906,
  0x0907, 0x0907, 0x0907, 0x0907, 0x0907, 0x0907, 0x0907, 0x0907, 0x0907, 0x0907, 0x0906, 0x0906,
  0x0907, 0x0907, 0x0907, 0x0907, 0x0907, 0x0907, 0x0907, 0x0907, 0x0907, 0x0907, 0x0907, 0x0927,
  0x0907, 0x0907, 0x0907, 0x0906, 0x0906, 0x0907, 0x0927, 0x0927, 0x0906, 0x0907, 0x0907, 0x0907,
  0x0927, 0x0927, 0x0927, 0x0927, 0x0927, 0x0927, 0x0927, 0x0927, 0x0927, 0x0927, 0x0907, 0x0927,
  0x0927, 0x0907, 0x0927, 0x0927, 0x0907, 0x0927, 0x0927, 0x0927, 0x0927, 0x0927, 0x0927, 0x0927,
  0x0927, 0x0927, 0x0927, 0x0927, 0x0927, 0x0927, 0x0927, 0x0927, 0x0927, 0x0927, 0x0927, 0x0927,
  0x0907, 0x0927, 0x0927, 0x0927, 0x0927, 0x0927, 0x0927, 0x0927, 0x0907, 0x0927, 0x0927, 0x0927,
  0x0927, 0x0927, 0x0927, 0x0927, 0x0927, 0x0907, 0x0907, 0x0907, 0x0907, 0x0907, 0x0907, 0x0907,
  0x0907, 0x0907, 0x0906, 0x0907, 0x0907, 0x0907, 0x0906, 0x0906, 0x0906, 0x0906, 0x08e6, 0x0906,
  0x08e6, 0x0906, 0x08e6, 0x0906, 0x0906, 0x0906, 0x0906, 0x0906, 0x0906, 0x08e6, 0x08e6, 0x08e6,
  0x08e6, 0x08e6, 0x08e6, 0x08e6, 0x08e6, 0x08e6, 0x08e6, 0x08e6, 0x08e6, 0x08e6, 0x08e6, 0x08e6,
  0x08e6, 0x08e6, 0x08e6, 0x08e6, 0x08e6, 0x00e5, 0x00e5, 0x08e6, 0x00e5, 0x00e5, 0x00e5, 0x00e5,
  0x00c5, 0x00c5, 0x00c5, 0x00c5, 0x00c5, 0x00c5, 0x00c5, 0x00c5, 0x00c5, 0x00c5, 0x00c5, 0x00c5,
  0x00c5, 0x00a4, 0x00a4, 0x00c5, 0x00c5, 0x00c5, 0x00c5, 0x00c5, 0x00c5, 0x08c5, 0x08c5, 0x00c5,
  0x08c5, 0x00c5, 0x00c5, 0x00c5, 0x00c5, 0x00a4, 0x00c5, 0x00c5, 0x00c5, 0x00a4, 0x00c5, 0x00a4,
  0x00a4, 0x00a4, 0x00a4, 0x00a4, 0x00a4, 0x00a4, 0x00a4, 0x00a4, 0x00a4, 0x00a4, 0x00a4, 0x00a4,
  0x00a4, 0x00a4, 0x00a4, 0x00a4, 0x00a4, 0x00a4, 0x00a4, 0x00a4, 0x00a4, 0x00a4, 0x00a4, 0x00a4,
  0x00a4, 0x00a4, 0x08c5, 0x10e4, 0x1967, 0x00c5, 0x00c5, 0x08c4, 0x08c4, 0x00c5, 0x00a4, 0x00a4,
  0x00a4, 0x00a4, 0x00c5, 0x00c5, 0x00c5, 0x00c5, 0x00c5, 0x00c5, 0x00c5, 0x00c5, 0x00c5, 0x00c5,
  0x00a4, 0x00a4, 0x00c5, 0x00c5, 0x00c5, 0x00c5, 0x00c5, 0x00c5, 0x00c5, 0x00c5, 0x00c5, 0x00c5,
  0x00c5, 0x00c5, 0x00c5, 0x00c5, 0x00c5, 0x00c5, 0x00c5, 0x00c5, 0x00c5, 0x00c5, 0x00c5, 0x00c5,
  0x00c5, 0x00c5, 0x00c5, 0x00c5, 0x00c5, 0x00c5, 0x00c5, 0x00e5, 0x00c5, 0x00c5, 0x00e5, 0x00e5,
  0x00e5, 0x00e5, 0x00e5, 0x00e5, 0x08e6, 0x08e6, 0x08e6, 0x08e6, 0x08e6, 0x08e6, 0x0906, 0x0906,
  0x0906, 0x0906, 0x0906, 0x08e6, 0x0906, 0x08e6, 0x0906, 0x0906, 0x0906, 0x0906, 0x0906, 0x08e6,
  0x0906, 0x0907, 0x0906, 0x0906, 0x0906, 0x0906, 0x0907, 0x0907, 0x0906, 0x0907, 0x0907, 0x0907,
  0x0907, 0x0907, 0x0907, 0x0907, 0x0927, 0x0907, 0x0907, 0x0907, 0x0907, 0x0907, 0x0927, 0x0927,
  0x0927, 0x0907, 0x0907, 0x0907, 0x0907, 0x0927, 0x0927, 0x0927, 0x0927, 0x0927, 0x0907, 0x0907,
  0x0907, 0x0907, 0x0907, 0x0907, 0x0907, 0x0907, 0x0907, 0x0907, 0x0907, 0x0907, 0x0907, 0x0907,
  0x0907, 0x0927, 0x0927, 0x0927, 0x0927, 0x0927, 0x0927, 0x0927, 0x0927, 0x0927, 0x0927, 0x0907,
  0x0907, 0x0907, 0x0927, 0x0927, 0x0907, 0x0927, 0x0927, 0x0927, 0x0927, 0x0948, 0x0927, 0x0947,
  0x0927, 0x0927, 0x0927, 0x0927, 0x0927, 0x0927, 0x0907, 0x0907, 0x0927, 0x0927, 0x0927, 0x0927,
  0x0927, 0x0927, 0x0927, 0x0927, 0x0927, 0x0927, 0x0927, 0x0927, 0x0927, 0x0927, 0x0927, 0x0927,
  0x0927, 0x0927, 0x0927, 0x0927, 0x0927, 0x0927, 0x0927, 0x0927, 0x0927, 0x0927, 0x0927, 0x0927,
  0x0927, 0x0927, 0x0927, 0x0927, 0x0927, 0x0927, 0x0927, 0x0927, 0x0927, 0x0927, 0x0927, 0x0927,
  0x0927, 0x0927, 0x0907, 0x0927, 0x0927, 0x0927, 0x0927, 0x0927, 0x0907, 0x0907, 0x0907, 0x0907,
  0x0907, 0x0907, 0x0907, 0x0907, 0x0906, 0x0906, 0x0906, 0x0906, 0x0906, 0x0907, 0x0906, 0x0906,
  0x0906, 0x0906, 0x0906, 0x0907, 0x0907, 0x0906, 0x0906, 0x0906, 0x0906, 0x08e6, 0x08e6, 0x08e6,
  0x08e6, 0x08e6, 0x0906, 0x0906, 0x0906, 0x08e6, 0x08e6, 0x08e6, 0x08e6, 0x08e6, 0x08e6, 0x08e6,
  0x08e6, 0x08e6, 0x08e6, 0x08e6, 0x08e6, 0x08e6, 0x08e6, 0x00e5, 0x00c5, 0x00c5, 0x00c5, 0x00e5,
  0x08e6, 0x00e5, 0x00c5, 0x00c5, 0x00c5, 0x00c5, 0x00c5, 0x00c5, 0x00c5, 0x00c5, 0x00c5, 0x00c5,
  0x00c5, 0x00c5, 0x00c5, 0x00c5, 0x00c5, 0x08c5, 0x00c5, 0x00c5, 0x00c5, 0x00c5, 0x00c5, 0x00c5,
  0x00c5, 0x00c5, 0x00c5, 0x00c5, 0x00c5, 0x00c5, 0x00a4, 0x00c5, 0x00a4, 0x00a4, 0x00a4, 0x00a4,
  0x00a4, 0x00a4, 0x00a4, 0x00a4, 0x00a4, 0x00a4, 0x00a4, 0x00a4, 0x00a4, 0x00a4, 0x00a4, 0x00a4,
  0x00a4, 0x00a4, 0x00a4, 0x00a4, 0x00a4, 0x00a4, 0x00a4, 0x00a4, 0x00a4, 0x00a4, 0x08e5, 0x10e4,
  0x2187, 0x00c5, 0x00c5, 0x08c5, 0x00c5, 0x00c5, 0x00c5, 0x00c5, 0x00c5, 0x00c5, 0x00c5, 0x00c5,
  0x00c5, 0x00c5, 0x00c5, 0x00c5, 0x00c5, 0x00c5, 0x00c5, 0x00c5, 0x00c5, 0x00c5, 0x00c5, 0x00c5,
  0x00c5, 0x1127, 0x00c5, 0x00c5, 0x00c5, 0x00c5, 0x00c5, 0x00c5, 0x00c5, 0x00c5, 0x00c5, 0x00c5,
  0x00c5, 0x00c5, 0x00c5, 0x00c5, 0x00c5, 0x00c5, 0x00c5, 0x00c5, 0x00e5, 0x00c5, 0x00c5, 0x00c5,
  0x00e5, 0x08e6, 0x00e5, 0x08e6, 0x08e6, 0x00e5, 0x00e5, 0x00e5, 0x08e6, 0x08e6, 0x08e6, 0x08e6,
  0x08e6, 0x08e6, 0x08e6, 0x0906, 0x08e6, 0x08e6, 0x0906, 0x0906, 0x0906, 0x0906, 0x0906, 0x0906,
  0x0906, 0x0906, 0x0906, 0x0906, 0x0907, 0x0906, 0x0906, 0x0907, 0x0906, 0x0907, 0x0907, 0x0907,
  0x0906, 0x0906, 0x0907, 0x0927, 0x0907, 0x0927, 0x0907, 0x0907, 0x0907, 0x0927, 0x0927, 0x0907,
  0x0907, 0x0907, 0x0907, 0x0907, 0x0927, 0x0927, 0x0927, 0x0927, 0x0927, 0x0927, 0x0907, 0x0907,
  0x0907, 0x0927, 0x0927, 0x0927, 0x0927, 0x0927, 0x0927, 0x0907, 0x0907, 0x0907, 0x0907, 0x0907,
  0x0927, 0x0927, 0x0907, 0x0907, 0x0927, 0x0927, 0x0927, 0x0927, 0x0927, 0x0927, 0x0927, 0x0927,
  0x0927, 0x0927, 0x0907, 0x0927, 0x0927, 0x0927, 0x0927, 0x0927, 0x0927, 0x0927, 0x0927, 0x0907,
  0x0907, 0x0907, 0x0927, 0x0927, 0x0927, 0x0927, 0x0927, 0x0927, 0x0927, 0x0927, 0x0947, 0x0927,
  0x0927, 0x0927, 0x0927, 0x0927, 0x0927, 0x0927, 0x0927, 0x0927, 0x0927, 0x0927, 0x0927, 0x0927,
  0x0927, 0x0927, 0x0927, 0x0927, 0x0927, 0x0927, 0x0927, 0x0927, 0x0927, 0x0927, 0x0927, 0x0927,
  0x0927, 0x0927, 0x0927, 0x0927, 0x0927, 0x0927, 0x0927, 0x0927, 0x0927, 0x0927, 0x0927, 0x0927,
  0x0927, 0x0927, 0x0927, 0x0927, 0x0927, 0x0927, 0x0927, 0x0927, 0x0927, 0x0927, 0x0927, 0x0927,
  0x0927, 0x0927, 0x0927, 0x0927, 0x0927, 0x0927, 0x0927, 0x0927, 0x0907, 0x0907, 0x0927, 0x0927,
  0x0907, 0x0907, 0x0907, 0x0907, 0x0907, 0x0927, 0x0927, 0x0907, 0x0907, 0x0907, 0x0907, 0x0927,
  0x0927, 0x0906, 0x0906, 0x0906, 0x0906, 0x0906, 0x08e6, 0x0906, 0x0906, 0x0906, 0x0906, 0x0906,
  0x0906, 0x0906, 0x0906, 0x08e6, 0x08e6, 0x08e6, 0x08e6, 0x08e6, 0x08e6, 0x08e6, 0x08e6, 0x08e6,
  0x08e6, 0x08e6, 0x08e6, 0x08e6, 0x00e5, 0x08e6, 0x00e5, 0x00e5, 0x08e6, 0x00e5, 0x00e5, 0x00e5,
  0x00e5, 0x00e5, 0x00c5, 0x00e5, 0x08e6, 0x00c5, 0x00c5, 0x00c5, 0x00c5, 0x00c5, 0x00c5, 0x00c5,
  0x00c5, 0x00c5, 0x00c5, 0x00c5, 0x00c5, 0x00c5, 0x00c5, 0x00c5, 0x00c5, 0x00c5, 0x00c5, 0x00c5,
  0x00c5, 0x08e5, 0x00c5, 0x00c5, 0x00c5, 0x00c5, 0x00c5, 0x00a4, 0x00a4, 0x00a4, 0x00a4, 0x00a4,
  0x00a4, 0x00c5, 0x00c5, 0x00a4, 0x00c5, 0x00c5, 0x00a4, 0x00a4, 0x00a4, 0x00a4, 0x00a4, 0x00a4,
  0x00a4, 0x00a4, 0x00a4, 0x00a4, 0x00a4, 0x00c5, 0x08e5, 0x08e5, 0x2187, 0x00c5, 0x00c5, 0x08c5,
  0x00c5, 0x00c5, 0x08c5, 0x00c5, 0x00c5, 0x00c5, 0x00c5, 0x00c5, 0x00c5, 0x00c5, 0x00c5, 0x00c5,
  0x00c5, 0x00c5, 0x00c5, 0x00c5, 0x00c5, 0x00c5, 0x00c5, 0x00c5, 0x08c5, 0x00c5, 0x00c5, 0x00c5,
  0x00c5, 0x00c5, 0x00c5, 0x00c5, 0x00c5, 0x00c5, 0x00c5, 0x00c5, 0x00c5, 0x00c5, 0x00c5, 0x00c5,
  0x00c5, 0x00e5, 0x00e5, 0x00c5, 0x00e5, 0x00e5, 0x00e5, 0x00e5, 0x08e6, 0x08e6, 0x08e6, 0x08e6,
  0x08e6, 0x08e6, 0x08e6, 0x08e6, 0x08e6, 0x08e6, 0x08e6, 0x08e6, 0x08e6, 0x0906, 0x0906, 0x0906,
  0x0906, 0x0906, 0x0906, 0x08e6, 0x0906, 0x0906, 0x0906, 0x0906, 0x0906, 0x0906, 0x0907, 0x0907,
  0x0907, 0x0907, 0x0907, 0x0907, 0x0907, 0x0927, 0x0907, 0x0907, 0x0907, 0x0907, 0x0927, 0x0927,
  0x0927, 0x0927, 0x0907, 0x0927, 0x0927, 0x0927, 0x0927, 0x0927, 0x0927, 0x0927, 0x0907, 0x0927,
  0x0927, 0x0927, 0x0927, 0x0927, 0x0927, 0x0927, 0x0927, 0x0927, 0x0927, 0x0927, 0x0927, 0x0927,
  0x0927, 0x0927, 0x0927, 0x0907, 0x0927, 0x0927, 0x0927, 0x0927, 0x0927, 0x0927, 0x0927, 0x0927,
  0x0927, 0x0927, 0x0927, 0x0927, 0x0927, 0x0927, 0x0927, 0x0927, 0x0927, 0x0927, 0x0927, 0x0927,
  0x0927, 0x0927, 0x0927, 0x0927, 0x0927, 0x0927, 0x0927, 0x0907, 0x0907, 0x0927, 0x0927, 0x0927,
  0x0927, 0x0927, 0x0927, 0x0927, 0x0927, 0x0927, 0x0927, 0x0927, 0x0927, 0x0927, 0x0927, 0x0927,
  0x0927, 0x0927, 0x0927, 0x0927, 0x0927, 0x0927, 0x0927, 0x0927, 0x0927, 0x0927, 0x0927, 0x0927,
  0x0927, 0x0927, 0x0927, 0x0927, 0x0927, 0x0927, 0x0927, 0x0927, 0x0927, 0x0927, 0x0927, 0x0927,
  0x0927, 0x0927, 0x0927, 0x0927, 0x0927, 0x0927, 0x0927, 0x0927, 0x0927, 0x0927, 0x0927, 0x0927,
  0x0927, 0x0927, 0x0927, 0x0947, 0x0927, 0x0927, 0x0927, 0x0927, 0x0927, 0x0927, 0x0927, 0x0927,
  0x0927, 0x0927, 0x0927, 0x0927, 0x0927, 0x0927, 0x0927, 0x0927, 0x0927, 0x0927, 0x0907, 0x0927,
  0x0907, 0x0907, 0x0907, 0x0907, 0x0907, 0x0907, 0x0927, 0x0927, 0x0927, 0x0907, 0x0907, 0x0907,
  0x0907, 0x0907, 0x0907, 0x0906, 0x0906, 0x0906, 0x0906, 0x0906, 0x0906, 0x0906, 0x0907, 0x0906,
  0x0906, 0x0906, 0x0906, 0x0906, 0x08e6, 0x08e6, 0x08e6, 0x08e6, 0x08e6, 0x08e6, 0x08e6, 0x08e6,
  0x08e6, 0x08e6, 0x08e6, 0x08e6, 0x08e6, 0x00e5, 0x08e6, 0x00e5, 0x00e5, 0x00e5, 0x00e5, 0x00e5,
  0x00e5, 0x00c5, 0x00c5, 0x00c5, 0x00c5, 0x00c5, 0x00c5, 0x00c5, 0x00c5, 0x00c5, 0x00c5, 0x00c5,
  0x00c5, 0x00c5, 0x00c5, 0x00c5, 0x00c5, 0x00c5, 0x00c5, 0x00c5, 0x00c5, 0x00c5, 0x00c5, 0x00c5,
  0x00c5, 0x00c5, 0x00c5, 0x00a4, 0x00c5, 0x00c5, 0x00a4, 0x00c5, 0x00a4, 0x00a4, 0x00c5, 0x00c5,
  0x00c5, 0x00c5, 0x00c5, 0x00a4, 0x00a4, 0x00a4, 0x00a4, 0x00a4, 0x00a4, 0x00a4, 0x00a4, 0x00a4,
  0x00a4, 0x00a4, 0x08e5, 0x10e4, 0x2187, 0x00c5, 0x08c5, 0x00c5, 0x00c5, 0x00c5, 0x00c5, 0x00c5,
  0x08c5, 0x00c5, 0x00c5, 0x00c5, 0x00c5, 0x00c5, 0x00c5, 0x00c5, 0x00c5, 0x00c5, 0x00c5, 0x00c5,
  0x00c5, 0x00c5, 0x00c5, 0x00c5, 0x00c5, 0x00c5, 0x00c5, 0x00c5, 0x00c5, 0x00c5, 0x00c5, 0x00c5,
  0x00c5, 0x00e5, 0x00c5, 0x00c5, 0x00c5, 0x00c5, 0x00c5, 0x00c5, 0x00e5, 0x00e5, 0x00e5, 0x00e5,
  0x08e6, 0x00e5, 0x08e6, 0x00e5, 0x08e6, 0x08e6, 0x08e6, 0x08e6, 0x08e6, 0x08e6, 0x08e6, 0x08e6,
  0x08e6, 0x08e6, 0x0906, 0x08e6, 0x0906, 0x0906, 0x0906, 0x0906, 0x0906, 0x0906, 0x0906, 0x0906,
  0x0906, 0x0906, 0x0907, 0x0907, 0x0906, 0x0906, 0x0907, 0x0907, 0x0927, 0x0927, 0x0927, 0x0907,
  0x0907, 0x0927, 0x0927, 0x0927, 0x0927, 0x0927, 0x0927, 0x0927, 0x0927, 0x0927, 0x0927, 0x0927,
  0x0927, 0x0927, 0x0927, 0x0927, 0x0927, 0x0927, 0x0927, 0x0927, 0x0927, 0x0927, 0x0927, 0x0927,
  0x0927, 0x0927, 0x0927, 0x0927, 0x0927, 0x0927, 0x0927, 0x0927, 0x0927, 0x0907, 0x0907, 0x0927,
  0x0927, 0x0927, 0x0927, 0x0927, 0x0927, 0x0927, 0x0927, 0x0927, 0x0927, 0x0927, 0x0927, 0x0927,
  0x0927, 0x0927, 0x0927, 0x0927, 0x0927, 0x0927, 0x0927, 0x0947, 0x0927, 0x0927, 0x0927, 0x0927,
  0x0927, 0x0927, 0x0927, 0x0927, 0x0927, 0x0927, 0x0927, 0x0927, 0x0927, 0x0927, 0x0927, 0x0927,
  0x0927, 0x0927, 0x0927, 0x0927, 0x1147, 0x0927, 0x0927, 0x0947, 0x0947, 0x0927, 0x0927, 0x0927,
  0x0927, 0x0927, 0x0927, 0x0927, 0x0927, 0x0927, 0x0927, 0x0927, 0x0947, 0x0927, 0x0927, 0x0927,
  0x0927, 0x0927, 0x0927, 0x0927, 0x0947, 0x0927, 0x1168, 0x1147, 0x0927, 0x0927, 0x0927, 0x0927,
  0x0927, 0x0947, 0x0927, 0x0927, 0x0927, 0x0927, 0x0927, 0x0927, 0x0927, 0x0947, 0x0927, 0x1147,
  0x0947, 0x0947, 0x0947, 0x0927, 0x0927, 0x0927, 0x0927, 0x0927, 0x0927, 0x0927, 0x0927, 0x0927,
  0x0927, 0x0927, 0x0927, 0x0927, 0x0927, 0x0927, 0x0927, 0x0927, 0x0927, 0x0927, 0x0927, 0x0927,
  0x0927, 0x0927, 0x0927, 0x0907, 0x0907, 0x0927, 0x0927, 0x0907, 0x0907, 0x0907, 0x0907, 0x0907,
  0x0906, 0x0907, 0x0906, 0x0906, 0x0907, 0x0906, 0x0906, 0x0906, 0x0907, 0x0906, 0x0906, 0x0906,
  0x0906, 0x0906, 0x08e6, 0x08e6, 0x08e6, 0x08e6, 0x08e6, 0x08e6, 0x08e6, 0x08e6, 0x08e6, 0x08e6,
  0x08e6, 0x08e6, 0x08e6, 0x08e6, 0x08e6, 0x08e6, 0x08e6, 0x08e6, 0x08e6, 0x00e5, 0x00e5, 0x08e6,
  0x00c5, 0x00c5, 0x00c5, 0x00c5, 0x00c5, 0x00c5, 0x00c5, 0x00e5, 0x00e5, 0x00c5, 0x00c5, 0x00c5,
  0x00c5, 0x00c5, 0x00c5, 0x00c5, 0x00c5, 0x00c5, 0x00c5, 0x00c5, 0x00c5, 0x00c5, 0x00c5, 0x00a4,
  0x00c5, 0x00c5, 0x00c5, 0x00c5, 0x00c5, 0x00c5, 0x00c5, 0x00c5, 0x00c5, 0x00c5, 0x00c5, 0x00c5,
  0x00a4, 0x00c5, 0x00a4, 0x00a4, 0x00a4, 0x00c5, 0x00a4, 0x00a4, 0x00a4, 0x00a4, 0x08e5, 0x10e4,
  0x2187, 0x00c5, 0x08c5, 0x08c5, 0x00c5, 0x00c5, 0x00c5, 0x00c5, 0x00c5, 0x00c5, 0x00c5, 0x00c5,
  0x00c5, 0x00c5, 0x00c5, 0x00c5, 0x00c5, 0x00c5, 0x00c5, 0x00c5, 0x00c5, 0x00c5, 0x00c5, 0x00c5,
  0x00c5, 0x00c5, 0x00c5, 0x00c5, 0x00c5, 0x00e5, 0x00c5, 0x00c5, 0x00c5, 0x00e5, 0x00e5, 0x00e5,
  0x00e5, 0x00e5, 0x00e5, 0x08e6, 0x08e6, 0x08e6, 0x08e6, 0x08e6, 0x08e6, 0x08e6, 0x08e6, 0x08e6,
  0x08e6, 0x08e6, 0x08e6, 0x08e6, 0x08e6, 0x08e6, 0x08e6, 0x0906, 0x0906, 0x0906, 0x0906, 0x0906,
  0x0906, 0x0907, 0x0907, 0x0907, 0x0907, 0x0907, 0x0907, 0x0927, 0x0907, 0x0907, 0x0907, 0x0907,
  0x0907, 0x0907, 0x0927, 0x0927, 0x0927, 0x0927, 0x0927, 0x0927, 0x0927, 0x0927, 0x0927, 0x0927,
  0x0927, 0x0927, 0x0927, 0x0927, 0x0927, 0x0927, 0x0927, 0x0927, 0x0927, 0x0927, 0x0927, 0x0927,
  0x0927, 0x0927, 0x0927, 0x0927, 0x0927, 0x0927, 0x0927, 0x0927, 0x0927, 0x0927, 0x0927, 0x0927,
  0x0927, 0x0927, 0x0947, 0x0927, 0x0927, 0x0927, 0x0927, 0x0927, 0x0927, 0x0927, 0x0927, 0x0927,
  0x0927, 0x0927, 0x0927, 0x0947, 0x0947, 0x0927, 0x0927, 0x0927, 0x0927, 0x0927, 0x0927, 0x0927,
  0x0927, 0x0927, 0x0927, 0x0927, 0x0927, 0x0927, 0x0927, 0x0927, 0x0927, 0x0927, 0x0927, 0x0927,
  0x0927, 0x0927, 0x0927, 0x0927, 0x0927, 0x0927, 0x0927, 0x0927, 0x0947, 0x0927, 0x0927, 0x0927,
  0x0947, 0x0927, 0x0927, 0x0947, 0x0948, 0x0927, 0x0947, 0x0927, 0x0927, 0x0927, 0x0947, 0x0947,
  0x0947, 0x0927, 0x0927, 0x0927, 0x0947, 0x0927, 0x0927, 0x0927, 0x0927, 0x0927, 0x0947, 0x0947,
  0x0947, 0x0947, 0x0948, 0x0947, 0x0927, 0x0927, 0x0947, 0x0948, 0x0947, 0x0947, 0x0947, 0x0947,
  0x0947, 0x0927, 0x0927, 0x0927, 0x0947, 0x0947, 0x0947, 0x0947, 0x0947, 0x0948, 0x0948, 0x0948,
  0x0947, 0x0947, 0x0947, 0x0948, 0x0948, 0x0948, 0x0948, 0x0947, 0x0947, 0x0927, 0x0927, 0x0927,
  0x0927, 0x0927, 0x0927, 0x0927, 0x0927, 0x0927, 0x0927, 0x0927, 0x0927, 0x0927, 0x0927, 0x0927,
  0x0927, 0x0927, 0x0927, 0x0907, 0x0927, 0x0907, 0x0907, 0x0927, 0x0927, 0x0907, 0x0907, 0x0907,
  0x0907, 0x0907, 0x0907, 0x0906, 0x0907, 0x0907, 0x0907, 0x0907, 0x0906, 0x0906, 0x0907, 0x0906,
  0x0906, 0x0906, 0x0906, 0x0906, 0x08e6, 0x08e6, 0x08e6, 0x08e6, 0x08e6, 0x08e6, 0x08e6, 0x08e6,
  0x08e6, 0x08e6, 0x08e6, 0x08e6, 0x08e6, 0x08e6, 0x08e6, 0x08e6, 0x08e6, 0x00e5, 0x00e5, 0x00e5,
  0x00c5, 0x00e5, 0x00e5, 0x00e5, 0x00e5, 0x08e6, 0x00e5, 0x00e5, 0x00c5, 0x00c5, 0x00c5, 0x00c5,
  0x00c5, 0x00c5, 0x00c5, 0x00c5, 0x00c5, 0x00c5, 0x00c5, 0x00c5, 0x00c5, 0x00c5, 0x00c5, 0x00c5,
  0x00c5, 0x00c5, 0x00c5, 0x08c5, 0x08c5, 0x00c5, 0x00c5, 0x00c5, 0x00c5, 0x00c5, 0x00c5, 0x00c5,
  0x00c5, 0x00c5, 0x00c5, 0x00c5, 0x00c5, 0x00c5, 0x08e5, 0x10e4, 0x2187, 0x00c5, 0x00c5, 0x00c5,
  0x00c5, 0x00c5, 0x00c5, 0x00c5, 0x00c5, 0x00c5, 0x00c5, 0x00c5, 0x00c5, 0x00c5, 0x00c5, 0x00c5,
  0x00c5, 0x00c5, 0x00c5, 0x00c5, 0x00c5, 0x00c5, 0x00c5, 0x00c5, 0x00c5, 0x00e5, 0x00e5, 0x00e5,
  0x08e6, 0x00e5, 0x00e5, 0x00e5, 0x00e5, 0x08e6, 0x00e5, 0x00e5, 0x08e6, 0x08e6, 0x08e6, 0x08e6,
  0x08e6, 0x08e6, 0x08e6, 0x08e6, 0x08e6, 0x08e6, 0x08e6, 0x08e6, 0x08e6, 0x0906, 0x0906, 0x0906,
  0x0906, 0x0906, 0x0906, 0x0906, 0x0906, 0x0907, 0x0907, 0x0907, 0x0927, 0x0927, 0x0927, 0x0927,
  0x0907, 0x0927, 0x0907, 0x0927, 0x0927, 0x0927, 0x0927, 0x0927, 0x0927, 0x0927, 0x0927, 0x0927,
  0x0947, 0x0948, 0x0927, 0x0947, 0x0927, 0x0927, 0x0947, 0x0927, 0x0927, 0x0927, 0x0927, 0x0927,
  0x0927, 0x0927, 0x0927, 0x0927, 0x0927, 0x0947, 0x0947, 0x0947, 0x0947, 0x0947, 0x0927, 0x0947,
  0x0947, 0x0947, 0x0927, 0x0947, 0x0947, 0x0947, 0x0947, 0x0948, 0x0947, 0x0948, 0x0947, 0x0947,
  0x0927, 0x0927, 0x0927, 0x0927, 0x0927, 0x0927, 0x0947, 0x0927, 0x0927, 0x0927, 0x0927, 0x0947,
  0x0947, 0x0947, 0x0947, 0x0947, 0x0947, 0x0947, 0x0947, 0x0927, 0x0927, 0x0927, 0x0927, 0x0927,
  0x0927, 0x0927, 0x0927, 0x0927, 0x0927, 0x0947, 0x0947, 0x0947, 0x0947, 0x0927, 0x0927, 0x0927,
  0x0927, 0x0947, 0x0947, 0x0947, 0x0947, 0x0947, 0x0947, 0x0927, 0x0927, 0x0947, 0x0947, 0x0947,
  0x0947, 0x0948, 0x0948, 0x0948, 0x0947, 0x0927, 0x0947, 0x0947, 0x0947, 0x0948, 0x0948, 0x0948,
  0x0947, 0x0947, 0x0947, 0x0947, 0x0947, 0x0947, 0x0947, 0x0948, 0x0947, 0x0947, 0x0947, 0x0947,
  0x0947, 0x0947, 0x0948, 0x0948, 0x0948, 0x0948, 0x0947, 0x0947, 0x0947, 0x0947, 0x0947, 0x0947,
  0x0948, 0x0948, 0x0948, 0x0948, 0x0948, 0x0948, 0x0948, 0x0948, 0x0948, 0x0948, 0x0948, 0x0947,
  0x0948, 0x0947, 0x0948, 0x0948, 0x0947, 0x0948, 0x0947, 0x0947, 0x0947, 0x0948, 0x0948, 0x0947,
  0x0947, 0x0927, 0x0927, 0x0927, 0x0927, 0x0927, 0x0927, 0x0927, 0x0927, 0x0927, 0x0927, 0x0927,
  0x0927, 0x0927, 0x0927, 0x0927, 0x0907, 0x0907, 0x0907, 0x0927, 0x0907, 0x0907, 0x0907, 0x0907,
  0x0907, 0x0927, 0x0907, 0x0907, 0x0907, 0x0906, 0x0907, 0x0907, 0x0907, 0x0907, 0x0906, 0x0906,
  0x0906, 0x0906, 0x08e6, 0x08e6, 0x08e6, 0x08e6, 0x08e6, 0x08e6, 0x08e6, 0x08e6, 0x08e6, 0x08e6,
  0x08e6, 0x08e6, 0x08e6, 0x08e6, 0x08e6, 0x08e6, 0x08e6, 0x08e6, 0x00e5, 0x08e6, 0x08e6, 0x08e6,
  0x08e6, 0x08e6, 0x00e5, 0x00e5, 0x00c5, 0x00c5, 0x00e5, 0x00c5, 0x00c5, 0x00c5, 0x00c5, 0x00c5,
  0x00c5, 0x00c5, 0x00c5, 0x00c5, 0x00c5, 0x00c5, 0x00c5, 0x00c5, 0x00c5, 0x00c5, 0x00c5, 0x08c5,
  0x08c5, 0x00c5, 0x08c5, 0x00c5, 0x00c5, 0x08c5, 0x00c5, 0x00c5, 0x08c5, 0x00c5, 0x00c5, 0x00c5,
  0x00c5, 0x00c5, 0x08e5, 0x10e5, 0x21a8, 0x00c5, 0x00c5, 0x00e5, 0x00c5, 0x00e5, 0x00e5, 0x00c5,
  0x00e5, 0x00e5, 0x00e5, 0x00e5, 0x00e5, 0x00c5, 0x00c5, 0x00c5, 0x00c5, 0x00c5, 0x00c5, 0x00c5,
  0x00e5, 0x00e5, 0x00e5, 0x00e5, 0x00e5, 0x08e6, 0x00e5, 0x00e5, 0x08e6, 0x00e5, 0x00e5, 0x08e6,
  0x08e6, 0x08e6, 0x00e5, 0x08e6, 0x08e6, 0x08e6, 0x08e6, 0x08e6, 0x08e6, 0x0906, 0x1127, 0x08e6,
  0x08e6, 0x08e6, 0x08e6, 0x0906, 0x0906, 0x0906, 0x0907, 0x0907, 0x0906, 0x0907, 0x0907, 0x0907,
  0x0907, 0x0927, 0x0927, 0x0927, 0x0927, 0x0927, 0x0927, 0x0927, 0x0927, 0x0927, 0x0927, 0x0927,
  0x0927, 0x0927, 0x0927, 0x0927, 0x0927, 0x0927, 0x0927, 0x0927, 0x0948, 0x0948, 0x0947, 0x0947,
  0x0947, 0x0947, 0x0947, 0x0947, 0x0947, 0x0947, 0x0947, 0x0947, 0x0947, 0x0927, 0x0927, 0x0927,
  0x0927, 0x0947, 0x0948, 0x0947, 0x0948, 0x0948, 0x0947, 0x0947, 0x0947, 0x0947, 0x0947, 0x0947,
  0x0947, 0x0947, 0x0948, 0x0948, 0x0948, 0x0948, 0x0948, 0x0947, 0x0947, 0x0947, 0x0947, 0x0947,
  0x0927, 0x0947, 0x0947, 0x0947, 0x0947, 0x0947, 0x0948, 0x0948, 0x0947, 0x0947, 0x0927, 0x0947,
  0x0948, 0x0948, 0x0948, 0x0947, 0x0947, 0x0947, 0x0927, 0x0927, 0x0947, 0x0947, 0x0947, 0x0948,
  0x0947, 0x0927, 0x0927, 0x0947, 0x0947, 0x0948, 0x0948, 0x0948, 0x0947, 0x0947, 0x0947, 0x0948,
  0x0948, 0x0947, 0x0948, 0x0948, 0x0948, 0x0948, 0x0947, 0x0947, 0x0947, 0x0948, 0x0948, 0x0948,
  0x0947, 0x0947, 0x0948, 0x0947, 0x0947, 0x0948, 0x0948, 0x0948, 0x0948, 0x0948, 0x0948, 0x0948,
  0x0948, 0x0948, 0x0948, 0x0948, 0x0948, 0x0948, 0x0948, 0x0948, 0x0948, 0x0948, 0x0948, 0x0948,
  0x0948, 0x0948, 0x0948, 0x0948, 0x0948, 0x0948, 0x0948, 0x0947, 0x0948, 0x0948, 0x0948, 0x0948,
  0x0948, 0x0948, 0x0948, 0x0948, 0x0948, 0x0948, 0x0948, 0x0948, 0x0948, 0x0948, 0x0948, 0x0948,
  0x0948, 0x0948, 0x0948, 0x0948, 0x0948, 0x0948, 0x0948, 0x0948, 0x0947, 0x0947, 0x0948, 0x0948,
  0x0947, 0x0947, 0x0927, 0x0927, 0x0927, 0x0947, 0x0927, 0x0927, 0x0927, 0x0927, 0x0927, 0x0927,
  0x0927, 0x0927, 0x0927, 0x0927, 0x0927, 0x0927, 0x0927, 0x0927, 0x0907, 0x0907, 0x0907, 0x0927,
  0x0927, 0x0907, 0x0907, 0x0907, 0x0907, 0x0907, 0x0907, 0x0907, 0x0907, 0x0906, 0x0906, 0x0906,
  0x0906, 0x0927, 0x0906, 0x0906, 0x0906, 0x0906, 0x08e6, 0x08e6, 0x08e6, 0x08e6, 0x08e6, 0x08e6,
  0x08e6, 0x08e6, 0x08e6, 0x08e6, 0x08e6, 0x08e6, 0x08e6, 0x08e6, 0x08e6, 0x08e6, 0x08e6, 0x00e5,
  0x00e5, 0x00e5, 0x00e5, 0x00e5, 0x00e5, 0x00c5, 0x00c5, 0x00c5, 0x00c5, 0x00c5, 0x00c5, 0x00c5,
  0x00c5, 0x00c5, 0x00c5, 0x00c5, 0x00c5, 0x00c5, 0x00c5, 0x00c5, 0x08c5, 0x00c5, 0x08c5, 0x00c5,
  0x00c5, 0x00c5, 0x00c5, 0x00c5, 0x00c5, 0x08c5, 0x00c5, 0x00c5, 0x00c5, 0x00c5, 0x08e5, 0x10e5,
  0x2187, 0x00c5, 0x00c5, 0x00e5, 0x00e5, 0x00c5, 0x00c5, 0x00e5, 0x00e5, 0x00e5, 0x00e5, 0x00e5,
  0x00e5, 0x00e5, 0x00c5, 0x00c5, 0x00e5, 0x00e5, 0x00e5, 0x00e5, 0x00e5, 0x08e6, 0x08e6, 0x08e6,
  0x08e6, 0x08e6, 0x00e5, 0x08e6, 0x08e6, 0x08e6, 0x08e6, 0x08e6, 0x08e6, 0x08e6, 0x08e6, 0x08e6,
  0x08e6, 0x08e6, 0x08e6, 0x08e6, 0x08e6, 0x0906, 0x1127, 0x0906, 0x08e6, 0x08e6, 0x0906, 0x0906,
  0x0907, 0x0907, 0x0907, 0x0907, 0x0907, 0x0927, 0x0927, 0x0927, 0x0927, 0x0927, 0x0927, 0x0927,
  0x0927, 0x0927, 0x0927, 0x0927, 0x0927, 0x0927, 0x0927, 0x0927, 0x0927, 0x0927, 0x0927, 0x0927,
  0x0947, 0x0947, 0x0947, 0x0947, 0x0948, 0x0948, 0x0948, 0x0947, 0x0947, 0x0948, 0x0947, 0x0947,
  0x0948, 0x0948, 0x0948, 0x0948, 0x0948, 0x0947, 0x0947, 0x0947, 0x0947, 0x0948, 0x0948, 0x0948,
  0x0948, 0x0948, 0x0948, 0x0948, 0x0948, 0x0947, 0x0948, 0x0948, 0x0948, 0x0948, 0x0948, 0x0948,
  0x1168, 0x1168, 0x0948, 0x0948, 0x1168, 0x0948, 0x0948, 0x0948, 0x0948, 0x0947, 0x0948, 0x0948,
  0x0948, 0x0948, 0x1189, 0x1168, 0x0948, 0x0947, 0x0947, 0x0948, 0x0948, 0x0948, 0x0948, 0x0948,
  0x0948, 0x0948, 0x0948, 0x0948, 0x0948, 0x0948, 0x0948, 0x0948, 0x0948, 0x0948, 0x0948, 0x0948,
  0x0948, 0x0948, 0x0948, 0x0948, 0x0948, 0x0947, 0x0947, 0x0948, 0x0948, 0x1168, 0x0948, 0x0948,
  0x0948, 0x0948, 0x0948, 0x0948, 0x0948, 0x0948, 0x0948, 0x0948, 0x0948, 0x0948, 0x0948, 0x0948,
  0x0948, 0x0948, 0x0948, 0x0948, 0x0948, 0x0948, 0x0948, 0x0948, 0x0948, 0x0948, 0x0948, 0x0948,
  0x0948, 0x0948, 0x1168, 0x1168, 0x1168, 0x1168, 0x0948, 0x0948, 0x0948, 0x1168, 0x0948, 0x0948,
  0x0948, 0x0948, 0x0948, 0x0948, 0x0948, 0x0948, 0x0948, 0x0948, 0x0948, 0x0948, 0x1168, 0x1168,
  0x0948, 0x1168, 0x1168, 0x0948, 0x0948, 0x1168, 0x1168, 0x1168, 0x0948, 0x0948, 0x0948, 0x0948,
  0x0948, 0x0948, 0x0948, 0x0948, 0x0948, 0x0948, 0x0948, 0x0948, 0x0948, 0x0948, 0x0948, 0x0948,
  0x0947, 0x0947, 0x0947, 0x0927, 0x0927, 0x0927, 0x0927, 0x0927, 0x0927, 0x0927, 0x0927, 0x0927,
  0x0927, 0x0927, 0x0927, 0x0927, 0x0927, 0x0927, 0x0927, 0x0927, 0x0927, 0x0927, 0x0927, 0x0927,
  0x0927, 0x0907, 0x0907, 0x0907, 0x0927, 0x0907, 0x0907, 0x0907, 0x0907, 0x1147, 0x0907, 0x0906,
  0x0906, 0x0906, 0x0906, 0x08e6, 0x08e6, 0x08e6, 0x08e6, 0x08e6, 0x08e6, 0x08e6, 0x08e6, 0x08e6,
  0x08e6, 0x08e6, 0x08e6, 0x08e6, 0x08e6, 0x08e6, 0x08e6, 0x08e6, 0x08e6, 0x08e6, 0x08e6, 0x00e5,
  0x00e5, 0x00e5, 0x00e5, 0x00e5, 0x00e5, 0x00e5, 0x00e5, 0x00e5, 0x00c5, 0x00c5, 0x00c5, 0x00c5,
  0x00c5, 0x00c5, 0x00c5, 0x00c5, 0x00c5, 0x00c5, 0x00c5, 0x00c5, 0x00c5, 0x00c5, 0x00c5, 0x00c5,
  0x00c5, 0x00c5, 0x00c5, 0x00c5, 0x00c5, 0x00c5, 0x08e5, 0x10e5, 0x2187, 0x00e5, 0x00e5, 0x00e5,
  0x00e5, 0x00e5, 0x00e5, 0x08e6, 0x08e6, 0x08e6, 0x00e5, 0x00e5, 0x00e5, 0x00e5, 0x08e6, 0x08e6,
  0x00e5, 0x08e6, 0x08e6, 0x00e5, 0x00e5, 0x00e5, 0x08e6, 0x08e6, 0x08e6, 0x08e6, 0x08e6, 0x08e6,
  0x08e6, 0x08e6, 0x08e6, 0x08e6, 0x08e6, 0x08e6, 0x08e6, 0x08e6, 0x08e6, 0x0906, 0x0907, 0x0906,
  0x0906, 0x08e6, 0x08e6, 0x0906, 0x0906, 0x08e6, 0x0907, 0x0907, 0x0907, 0x0907, 0x0927, 0x0907,
  0x0907, 0x0907, 0x0927, 0x0927, 0x0927, 0x0927, 0x0927, 0x0927, 0x0927, 0x0927, 0x0927, 0x0927,
  0x0927, 0x0927, 0x0927, 0x0927, 0x0927, 0x0947, 0x0947, 0x0947, 0x0948, 0x0948, 0x0947, 0x0947,
  0x0948, 0x0948, 0x0948, 0x0948, 0x0948, 0x0948, 0x0948, 0x0948, 0x0948, 0x0948, 0x0948, 0x0948,
  0x0948, 0x0948, 0x0948, 0x0948, 0x0948, 0x0948, 0x0948, 0x0948, 0x0948, 0x0948, 0x0948, 0x0948,
  0x0948, 0x0948, 0x0948, 0x0948, 0x0948, 0x0948, 0x0948, 0x1168, 0x1168, 0x1168, 0x0948, 0x0948,
  0x0948, 0x0948, 0x0948, 0x0948, 0x0948, 0x0948, 0x0948, 0x0948, 0x0948, 0x0948, 0x0948, 0x1168,
  0x0948, 0x0948, 0x0948, 0x1168, 0x1168, 0x0948, 0x0948, 0x0948, 0x0948, 0x0948, 0x0948, 0x0948,
  0x0948, 0x1168, 0x0948, 0x0948, 0x0948, 0x0948, 0x0948, 0x0948, 0x0948, 0x0948, 0x0948, 0x0948,
  0x0948, 0x0948, 0x0948, 0x0948, 0x0948, 0x0948, 0x0948, 0x0948, 0x1168, 0x1168, 0x1168, 0x1168,
  0x1168, 0x1168, 0x1168, 0x0948, 0x0948, 0x1168, 0x1168, 0x1168, 0x0948, 0x1168, 0x1168, 0x1168,
  0x0948, 0x0948, 0x1168, 0x1168, 0x1168, 0x1168, 0x1168, 0x1168, 0x1168, 0x1168, 0x1168, 0x1168,
  0x1168, 0x1168, 0x1168, 0x1168, 0x1168, 0x1168, 0x1168, 0x1168, 0x1168, 0x1168, 0x0948, 0x0948,
  0x1168, 0x1168, 0x1168, 0x1168, 0x1168, 0x0948, 0x1168, 0x1168, 0x1168, 0x0948, 0x1168, 0x1168,
  0x0948, 0x1168, 0x1168, 0x1168, 0x1168, 0x1168, 0x0948, 0x0948, 0x0948, 0x0948, 0x0948, 0x0948,
  0x0948, 0x0948, 0x0948, 0x0948, 0x0948, 0x0948, 0x0948, 0x0948, 0x0948, 0x0948, 0x0948, 0x0947,
  0x0947, 0x0947, 0x0947, 0x0927, 0x0927, 0x0927, 0x0927, 0x0927, 0x0927, 0x0947, 0x0927, 0x0947,
  0x0927, 0x0927, 0x0927, 0x0927, 0x0927, 0x0927, 0x0927, 0x0927, 0x0927, 0x0927, 0x0927, 0x0927,
  0x0927, 0x0927, 0x0927, 0x0927, 0x0927, 0x0907, 0x0907, 0x0907, 0x0907, 0x0906, 0x0907, 0x0907,
  0x0906, 0x0906, 0x08e6, 0x08e6, 0x08e6, 0x0907, 0x08e6, 0x08e6, 0x08e6, 0x08e6, 0x08e6, 0x08e6,
  0x08e6, 0x08e6, 0x08e6, 0x08e6, 0x08e6, 0x08e6, 0x08e6, 0x08e6, 0x08e6, 0x08e6, 0x08e6, 0x08e6,
  0x08e6, 0x00e5, 0x00e5, 0x00e5, 0x00e5, 0x08e6, 0x00e5, 0x00e5, 0x00e5, 0x00c5, 0x00c5, 0x00c5,
  0x00c5, 0x00c5, 0x00c5, 0x00c5, 0x00c5, 0x00c5, 0x00c5, 0x00c5, 0x00c5, 0x00c5, 0x00c5, 0x00c5,
  0x00c5, 0x00c5, 0x08e5, 0x08e5, 0x21a8, 0x08e6, 0x08e6, 0x08e6, 0x08e6, 0x00e5, 0x00e5, 0x08e6,
  0x08e6, 0x08e6, 0x08e6, 0x08e6, 0x08e6, 0x08e6, 0x08e6, 0x08e6, 0x08e6, 0x08e6, 0x08e6, 0x08e6,
  0x08e6, 0x08e6, 0x08e6, 0x08e6, 0x08e6, 0x08e6, 0x08e6, 0x08e6, 0x08e6, 0x08e6, 0x08e6, 0x08e6,
  0x0906, 0x0906, 0x08e6, 0x08e6, 0x08e6, 0x0907, 0x0907, 0x0906, 0x0906, 0x0906, 0x0906, 0x0906,
  0x0906, 0x0907, 0x0927, 0x0927, 0x0927, 0x0927, 0x0927, 0x0927, 0x0927, 0x0927, 0x0927, 0x0927,
  0x0927, 0x0927, 0x0927, 0x0927, 0x0927, 0x0927, 0x0927, 0x0927, 0x0927, 0x0947, 0x0947, 0x0927,
  0x0947, 0x0948, 0x0947, 0x0947, 0x0948, 0x0948, 0x0948, 0x0948, 0x0948, 0x0948, 0x1168, 0x1168,
  0x0948, 0x0948, 0x1168, 0x1168, 0x1168, 0x1168, 0x1168, 0x0948, 0x1168, 0x0948, 0x0948, 0x0948,
  0x0948, 0x0948, 0x0948, 0x0948, 0x0948, 0x1168, 0x1168, 0x1168, 0x1169, 0x1169, 0x1168, 0x1168,
  0x1168, 0x1168, 0x1169, 0x1168, 0x1168, 0x1168, 0x0948, 0x1168, 0x1168, 0x0948, 0x1168, 0x1168,
  0x1168, 0x1168, 0x1168, 0x1168, 0x1169, 0x0948, 0x0948, 0x1168, 0x1168, 0x1168, 0x1168, 0x19a9,
  0x1168, 0x0948, 0x0948, 0x0948, 0x1168, 0x1168, 0x1168, 0x1168, 0x1168, 0x1168, 0x1168, 0x1168,
  0x1168, 0x0948, 0x1168, 0x1168, 0x1168, 0x1168, 0x1168, 0x0948, 0x0948, 0x1168, 0x0948, 0x0948,
  0x0948, 0x0948, 0x1168, 0x1168, 0x1168, 0x1168, 0x1168, 0x1168, 0x1168, 0x1168, 0x1168, 0x1168,
  0x1168, 0x1169, 0x1168, 0x1168, 0x1168, 0x1168, 0x1168, 0x1168, 0x1169, 0x1168, 0x1169, 0x1169,
  0x1168, 0x1168, 0x1168, 0x1169, 0x1169, 0x1169, 0x1169, 0x1168, 0x1169, 0x1169, 0x1168, 0x1169,
  0x1169, 0x1169, 0x1169, 0x1168, 0x1168, 0x1168, 0x1168, 0x1168, 0x1168, 0x1168, 0x1168, 0x1169,
  0x1169, 0x1168, 0x1168, 0x1168, 0x1168, 0x1168, 0x1168, 0x1168, 0x1168, 0x1168, 0x1168, 0x1168,
  0x1168, 0x1168, 0x1168, 0x1168, 0x0948, 0x0948, 0x0948, 0x0948, 0x0948, 0x1168, 0x0948, 0x0948,
  0x0948, 0x0948, 0x0948, 0x0948, 0x1168, 0x1168, 0x0948, 0x0948, 0x0948, 0x0948, 0x0948, 0x0947,
  0x0947, 0x0947, 0x0947, 0x0947, 0x0948, 0x0948, 0x0947, 0x0947, 0x0948, 0x0947, 0x0927, 0x0927,
  0x0927, 0x0927, 0x0927, 0x0927, 0x0927, 0x0927, 0x0947, 0x0927, 0x0927, 0x0927, 0x0927, 0x0927,
  0x0927, 0x0927, 0x0927, 0x0927, 0x0927, 0x0927, 0x0927, 0x0927, 0x0927, 0x0906, 0x0906, 0x0906,
  0x0906, 0x1127, 0x0906, 0x08e6, 0x08e6, 0x0906, 0x0906, 0x0906, 0x0906, 0x0906, 0x0906, 0x08e6,
  0x08e6, 0x08e6, 0x08e6, 0x08e6, 0x08e6, 0x08e6, 0x08e6, 0x08e6, 0x08e6, 0x08e6, 0x08e6, 0x08e6,
  0x08e6, 0x08e6, 0x08e6, 0x08e6, 0x00e5, 0x00e5, 0x00e5, 0x00e5, 0x00e5, 0x00e5, 0x00e5, 0x00e5,
  0x08e6, 0x08e6, 0x00e5, 0x08e6, 0x08e5, 0x00c5, 0x00c5, 0x00c5, 0x00c5, 0x00e5, 0x08e6, 0x10e4,
  0x21a8, 0x08e6, 0x08e6, 0x08e6, 0x08e6, 0x08e6, 0x08e6, 0x08e6, 0x08e6, 0x08e6, 0x08e6, 0x08e6,
  0x08e6, 0x08e6, 0x08e6, 0x08e6, 0x08e6, 0x08e6, 0x08e6, 0x08e6, 0x08e6, 0x08e6, 0x08e6, 0x08e6,
  0x08e6, 0x08e6, 0x0906, 0x0906, 0x0906, 0x08e6, 0x0906, 0x0906, 0x0906, 0x0906, 0x0906, 0x0906,
  0x0906, 0x0907, 0x0907, 0x0906, 0x0906, 0x0906, 0x0907, 0x0907, 0x0927, 0x0927, 0x0927, 0x0927,
  0x0927, 0x0927, 0x0927, 0x0927, 0x0927, 0x0927, 0x0927, 0x0927, 0x0927, 0x0927, 0x0927, 0x0947,
  0x0947, 0x0947, 0x0947, 0x0947, 0x0947, 0x0947, 0x0947, 0x0948, 0x0948, 0x0948, 0x0948, 0x0948,
  0x0948, 0x1168, 0x0948, 0x0948, 0x0948, 0x1168, 0x1168, 0x1168, 0x0948, 0x0948, 0x0948, 0x1168,
  0x1168, 0x1168, 0x1168, 0x0948, 0x1168, 0x1168, 0x1168, 0x1168, 0x1168, 0x0948, 0x0948, 0x1168,
  0x1168, 0x1168, 0x1168, 0x1168, 0x1168, 0x1169, 0x1168, 0x1168, 0x1168, 0x1168, 0x1168, 0x1168,
  0x1168, 0x1168, 0x1168, 0x1168, 0x1168, 0x1168, 0x1189, 0x1169, 0x1168, 0x1168, 0x1168, 0x1168,
  0x1168, 0x1168, 0x1168, 0x1189, 0x1169, 0x1168, 0x1168, 0x1168, 0x1168, 0x1168, 0x1168, 0x1168,
  0x1169, 0x1168, 0x1168, 0x1169, 0x1168, 0x1168, 0x1168, 0x1169, 0x1169, 0x1168, 0x1168, 0x1168,
  0x1168, 0x1168, 0x1168, 0x1168, 0x1168, 0x1168, 0x1168, 0x1168, 0x1168, 0x1168, 0x1168, 0x1168,
  0x1168, 0x1168, 0x1169, 0x1169, 0x1169, 0x1189, 0x1169, 0x1168, 0x1169, 0x1169, 0x1169, 0x1169,
  0x1169, 0x1169, 0x1169, 0x1169, 0x1189, 0x1169, 0x1169, 0x1169, 0x1169, 0x1169, 0x1189, 0x1189,
  0x1169, 0x1169, 0x1169, 0x1169, 0x1169, 0x1169, 0x1169, 0x1169, 0x1169, 0x1169, 0x1169, 0x1169,
  0x1169, 0x1169, 0x1169, 0x1168, 0x1168, 0x1168, 0x1169, 0x1169, 0x1169, 0x1169, 0x1168, 0x1168,
  0x1168, 0x1168, 0x1169, 0x1169, 0x1169, 0x1169, 0x1169, 0x1169, 0x1169, 0x1169, 0x1168, 0x1168,
  0x1168, 0x1168, 0x1168, 0x1168, 0x1168, 0x1168, 0x1168, 0x1168, 0x1168, 0x1168, 0x1168, 0x1168,
  0x1168, 0x1169, 0x1168, 0x1168, 0x1168, 0x1168, 0x0948, 0x0948, 0x0948, 0x0948, 0x0947, 0x0947,
  0x0948, 0x0948, 0x0947, 0x0947, 0x0948, 0x0947, 0x0947, 0x0947, 0x0927, 0x0947, 0x0947, 0x0947,
  0x0947, 0x0947, 0x0947, 0x0927, 0x0927, 0x0927, 0x0927, 0x0927, 0x0927, 0x0927, 0x0927, 0x0927,
  0x0927, 0x0927, 0x0927, 0x0907, 0x0927, 0x0907, 0x0907, 0x0906, 0x0906, 0x0906, 0x0906, 0x0906,
  0x0906, 0x0906, 0x0906, 0x0906, 0x0906, 0x0906, 0x0906, 0x08e6, 0x08e6, 0x08e6, 0x08e6, 0x08e6,
  0x08e6, 0x08e6, 0x08e6, 0x0906, 0x08e6, 0x08e6, 0x08e6, 0x08e6, 0x08e6, 0x08e6, 0x08e6, 0x08e6,
  0x08e6, 0x08e6, 0x08e6, 0x08e6, 0x08e6, 0x08e6, 0x08e6, 0x08e6, 0x08e6, 0x08e6, 0x08e6, 0x08e6,
  0x08e6, 0x00e5, 0x00c5, 0x00c5, 0x00e5, 0x00e5, 0x0906, 0x10e4, 0x21a8, 0x08e6, 0x08e6, 0x08e6,
  0x08e6, 0x08e6, 0x08e6, 0x08e6, 0x08e6, 0x08e6, 0x08e6, 0x08e6, 0x08e6, 0x08e6, 0x08e6, 0x08e6,
  0x08e6, 0x08e6, 0x08e6, 0x08e6, 0x08e6, 0x08e6, 0x08e6, 0x0906, 0x0906, 0x0906, 0x0906, 0x0906,
  0x0906, 0x08e6, 0x0906, 0x0906, 0x0906, 0x0906, 0x0906, 0x0906, 0x0907, 0x0927, 0x0906, 0x0906,
  0x0907, 0x0907, 0x0927, 0x0927, 0x0927, 0x0927, 0x0927, 0x0927, 0x0927, 0x0927, 0x0927, 0x0927,
  0x0947, 0x0947, 0x0927, 0x0947, 0x0947, 0x0947, 0x0947, 0x0947, 0x0947, 0x0947, 0x0947, 0x0948,
  0x0948, 0x0948, 0x0948, 0x0948, 0x0948, 0x0948, 0x0948, 0x0948, 0x0948, 0x1168, 0x1168, 0x1168,
  0x1168, 0x1168, 0x1168, 0x1168, 0x1168, 0x1168, 0x0948, 0x1168, 0x1168, 0x1168, 0x1169, 0x1168,
  0x1168, 0x1168, 0x1169, 0x1168, 0x1168, 0x1168, 0x0948, 0x0948, 0x0948, 0x1168, 0x1168, 0x1168,
  0x1169, 0x1169, 0x1169, 0x1169, 0x1169, 0x1168, 0x1168, 0x1168, 0x1168, 0x1168, 0x1168, 0x1168,
  0x1169, 0x1168, 0x1169, 0x1189, 0x1169, 0x1169, 0x1168, 0x1168, 0x1168, 0x1168, 0x1168, 0x1169,
  0x1169, 0x1168, 0x1168, 0x1168, 0x1169, 0x1169, 0x1169, 0x1169, 0x1189, 0x1169, 0x1169, 0x1169,
  0x1169, 0x1169, 0x1169, 0x1169, 0x1189, 0x1169, 0x1169, 0x1169, 0x1169, 0x1168, 0x1169, 0x1169,
  0x1169, 0x1169, 0x1169, 0x1168, 0x1169, 0x1169, 0x1169, 0x1169, 0x1189, 0x1189, 0x11a9, 0x1189,
  0x1189, 0x1189, 0x1189, 0x1189, 0x1189, 0x1189, 0x1189, 0x1189, 0x1189, 0x1189, 0x1189, 0x1189,
  0x1189, 0x1169, 0x1169, 0x1189, 0x1169, 0x1169, 0x1189, 0x1189, 0x1189, 0x1189, 0x1169, 0x1169,
  0x1189, 0x1189, 0x1189, 0x1189, 0x1189, 0x1189, 0x1169, 0x1189, 0x1189, 0x1189, 0x1189, 0x1189,
  0x1169, 0x1169, 0x1169, 0x1169, 0x1189, 0x1189, 0x1189, 0x1189, 0x1169, 0x1189, 0x1189, 0x1169,
  0x1189, 0x1169, 0x1169, 0x1169, 0x1169, 0x1169, 0x1169, 0x1169, 0x1169, 0x1169, 0x1168, 0x1169,
  0x1169, 0x1169, 0x1169, 0x1168, 0x1168, 0x1168, 0x1169, 0x1168, 0x1168, 0x1168, 0x1168, 0x1168,
  0x1168, 0x1168, 0x1168, 0x1168, 0x1168, 0x0948, 0x0948, 0x0948, 0x0948, 0x0948, 0x0948, 0x0947,
  0x0948, 0x0948, 0x0948, 0x0947, 0x0947, 0x0948, 0x0947, 0x0947, 0x0947, 0x0947, 0x0947, 0x0947,
  0x0927, 0x0947, 0x0927, 0x0927, 0x0947, 0x0927, 0x0927, 0x0927, 0x0927, 0x0927, 0x0927, 0x0927,
  0x0927, 0x0927, 0x0927, 0x0927, 0x0907, 0x0906, 0x1147, 0x0927, 0x0906, 0x0907, 0x0906, 0x0906,
  0x0906, 0x0906, 0x0906, 0x0906, 0x0906, 0x08e6, 0x08e6, 0x0906, 0x0906, 0x0906, 0x0906, 0x0906,
  0x0906, 0x08e6, 0x08e6, 0x08e6, 0x08e6, 0x08e6, 0x08e6, 0x08e6, 0x08e6, 0x08e6, 0x08e6, 0x08e6,
  0x08e6, 0x08e6, 0x08e6, 0x08e6, 0x08e6, 0x08e6, 0x08e6, 0x08e6, 0x08e6, 0x00c5, 0x00e5, 0x00e5,
  0x00e5, 0x00e5, 0x0906, 0x10e4, 0x21a8, 0x08e6, 0x08e6, 0x08e6, 0x08e6, 0x08e6, 0x08e6, 0x08e6,
  0x08e6, 0x08e6, 0x08e6, 0x08e6, 0x08e6, 0x0906, 0x0906, 0x08e6, 0x0906, 0x0906, 0x08e6, 0x08e6,
  0x08e6, 0x08e6, 0x0906, 0x0906, 0x0906, 0x0906, 0x0907, 0x0906, 0x0906, 0x0906, 0x0906, 0x0906,
  0x0906, 0x0906, 0x0907, 0x0907, 0x0907, 0x0907, 0x0907, 0x0907, 0x0907, 0x0927, 0x0927, 0x0927,
  0x0927, 0x0927, 0x0927, 0x0927, 0x0927, 0x0947, 0x0947, 0x0947, 0x0948, 0x0948, 0x0948, 0x0948,
  0x0948, 0x0948, 0x0948, 0x0947, 0x0948, 0x0948, 0x0948, 0x0948, 0x0948, 0x1168, 0x0948, 0x0948,
  0x0948, 0x1168, 0x1168, 0x1168, 0x1169, 0x1169, 0x1169, 0x1169, 0x1169, 0x1169, 0x1169, 0x1169,
  0x1168, 0x1168, 0x1168, 0x1168, 0x1168, 0x1168, 0x1168, 0x1168, 0x1168, 0x1168, 0x1168, 0x1168,
  0x1168, 0x1168, 0x1168, 0x1168, 0x1168, 0x1168, 0x1169, 0x1169, 0x1189, 0x1169, 0x1169, 0x1189,
  0x1189, 0x1169, 0x1169, 0x1169, 0x1168, 0x1169, 0x1169, 0x1189, 0x1189, 0x1189, 0x1189, 0x1189,
  0x1189, 0x1189, 0x1189, 0x1169, 0x1169, 0x1169, 0x1169, 0x1189, 0x1189, 0x1169, 0x1169, 0x1189,
  0x1189, 0x1189, 0x1189, 0x1189, 0x1189, 0x1189, 0x1189, 0x1189, 0x1189, 0x1189, 0x1189, 0x1189,
  0x1189, 0x1189, 0x1189, 0x1189, 0x1189, 0x1189, 0x1189, 0x1189, 0x1189, 0x1189, 0x1189, 0x1189,
  0x1189, 0x1189, 0x1189, 0x1189, 0x1189, 0x1189, 0x1189, 0x1189, 0x11a9, 0x1189, 0x11a9, 0x11a9,
  0x1189, 0x11a9, 0x11a9, 0x1189, 0x1189, 0x1189, 0x1189, 0x1189, 0x1189, 0x1189, 0x1189, 0x11a9,
  0x11a9, 0x1189, 0x1189, 0x11a9, 0x11aa, 0x11a9, 0x1189, 0x1189, 0x1189, 0x11a9, 0x11a9, 0x11a9,
  0x1189, 0x1189, 0x1189, 0x11a9, 0x11a9, 0x1189, 0x1189, 0x11a9, 0x1189, 0x11a9, 0x1189, 0x1189,
  0x1189, 0x1189, 0x1189, 0x11a9, 0x11a9, 0x11a9, 0x1189, 0x1189, 0x1189, 0x1189, 0x1189, 0x11a9,
  0x11a9, 0x1189, 0x1189, 0x1189, 0x1189, 0x1189, 0x1169, 0x1189, 0x11a9, 0x1189, 0x1169, 0x1169,
  0x1169, 0x1169, 0x1169, 0x1169, 0x1169, 0x1169, 0x1169, 0x1169, 0x1168, 0x1168, 0x1168, 0x1168,
  0x1168, 0x1168, 0x0948, 0x0948, 0x0948, 0x0948, 0x0948, 0x0948, 0x0948, 0x0948, 0x0948, 0x0948,
  0x0948, 0x0948, 0x0948, 0x0948, 0x0948, 0x0948, 0x0948, 0x0948, 0x0948, 0x0948, 0x0948, 0x0948,
  0x0947, 0x0947, 0x0947, 0x0947, 0x0927, 0x0927, 0x0927, 0x0927, 0x0927, 0x0927, 0x0927, 0x0927,
  0x0927, 0x0907, 0x0927, 0x0927, 0x0907, 0x0907, 0x0907, 0x0907, 0x0906, 0x0907, 0x0906, 0x0906,
  0x0906, 0x0906, 0x0906, 0x0906, 0x0906, 0x0906, 0x0906, 0x0906, 0x0906, 0x08e6, 0x08e6, 0x0906,
  0x0906, 0x08e6, 0x08e6, 0x0906, 0x08e6, 0x08e6, 0x08e6, 0x08e6, 0x08e6, 0x08e6, 0x08e6, 0x08e6,
  0x08e6, 0x08e6, 0x08e6, 0x08e6, 0x08e6, 0x00e5, 0x00e5, 0x00e5, 0x00e5, 0x00e5, 0x0906, 0x10e5,
  0x21a8, 0x08e6, 0x08e6, 0x08e6, 0x08e6, 0x08e6, 0x08e6, 0x08e6, 0x0906, 0x08e6, 0x08e6, 0x0906,
  0x0906, 0x0906, 0x0906, 0x08e6, 0x0906, 0x0906, 0x0906, 0x08e6, 0x08e6, 0x08e6, 0x08e6, 0x08e6,
  0x08e6, 0x0906, 0x0906, 0x0906, 0x0906, 0x0906, 0x0906, 0x0907, 0x0907, 0x0907, 0x0907, 0x0907,
  0x0927, 0x0927, 0x0927, 0x0927, 0x0927, 0x0927, 0x0927, 0x0927, 0x0927, 0x0927, 0x0947, 0x0947,
  0x0947, 0x0947, 0x0948, 0x0948, 0x0948, 0x0948, 0x0948, 0x0948, 0x0948, 0x0948, 0x0948, 0x0948,
  0x0948, 0x1168, 0x1168, 0x1168, 0x1168, 0x11a9, 0x1169, 0x1169, 0x1169, 0x1169, 0x1169, 0x1169,
  0x1169, 0x1189, 0x1169, 0x1169, 0x1169, 0x1169, 0x1189, 0x1169, 0x1169, 0x1169, 0x1169, 0x1169,
  0x1169, 0x1169, 0x1169, 0x1168, 0x1168, 0x1169, 0x1169, 0x1169, 0x1168, 0x1168, 0x1168, 0x1168,
  0x1169, 0x1169, 0x1169, 0x1189, 0x1189, 0x1189, 0x1189, 0x1189, 0x1189, 0x1189, 0x1189, 0x1189,
  0x1189, 0x1189, 0x1189, 0x1189, 0x1189, 0x11a9, 0x11a9, 0x11a9, 0x11a9, 0x1189, 0x1189, 0x1189,
  0x1189, 0x1189, 0x11a9, 0x11a9, 0x11a9, 0x1189, 0x1189, 0x1189, 0x1189, 0x11a9, 0x11a9, 0x1189,
  0x1189, 0x1189, 0x11a9, 0x11a9, 0x11a9, 0x11a9, 0x11a9, 0x1189, 0x1189, 0x11aa, 0x11aa, 0x11aa,
  0x11aa, 0x11a9, 0x11a9, 0x11a9, 0x11a9, 0x11a9, 0x11a9, 0x11a9, 0x11a9, 0x11a9, 0x11a9, 0x11aa,
  0x11aa, 0x11aa, 0x11a9, 0x11a9, 0x11a9, 0x11a9, 0x11aa, 0x11aa, 0x11aa, 0x11a9, 0x11aa, 0x11a9,
  0x11a9, 0x11a9, 0x1189, 0x11a9, 0x11a9, 0x11a9, 0x11a9, 0x11a9, 0x11a9, 0x11aa, 0x11a9, 0x11a9,
  0x11a9, 0x11a9, 0x11aa, 0x11a9, 0x11aa, 0x11aa, 0x11aa, 0x11aa, 0x11a9, 0x11a9, 0x11aa, 0x11aa,
  0x11a9, 0x11a9, 0x11a9, 0x11a9, 0x11aa, 0x11aa, 0x11a9, 0x11a9, 0x11aa, 0x11a9, 0x11a9, 0x11a9,
  0x11aa, 0x11a9, 0x11a9, 0x11a9, 0x11a9, 0x11a9, 0x11a9, 0x11a9, 0x11a9, 0x11a9, 0x1189, 0x11a9,
  0x11a9, 0x1189, 0x1189, 0x11a9, 0x11a9, 0x11a9, 0x1189, 0x1189, 0x1189, 0x1189, 0x1189, 0x1189,
  0x1189, 0x1169, 0x1189, 0x1189, 0x1169, 0x1169, 0x1169, 0x1168, 0x1168, 0x1168, 0x1168, 0x1168,
  0x0948, 0x0948, 0x1168, 0x0948, 0x0948, 0x0948, 0x0948, 0x0948, 0x0948, 0x0948, 0x1168, 0x1168,
  0x1168, 0x1168, 0x0948, 0x0948, 0x0948, 0x0948, 0x0948, 0x0948, 0x0947, 0x0947, 0x0947, 0x0947,
  0x0947, 0x0947, 0x0927, 0x0927, 0x0927, 0x0927, 0x0927, 0x0927, 0x0927, 0x0927, 0x0927, 0x0927,
  0x0927, 0x0927, 0x0927, 0x0927, 0x0927, 0x0927, 0x0927, 0x0907, 0x0907, 0x0907, 0x0907, 0x0907,
  0x0906, 0x0906, 0x0906, 0x0906, 0x0906, 0x0906, 0x0906, 0x0906, 0x0906, 0x0906, 0x08e6, 0x0906,
  0x0906, 0x0906, 0x08e6, 0x08e6, 0x08e6, 0x08e6, 0x08e6, 0x08e6, 0x08e6, 0x08e6, 0x08e6, 0x08e6,
  0x08e6, 0x08e6, 0x08e6, 0x08e6, 0x08e6, 0x08e6, 0x0906, 0x10e5, 0x21a8, 0x0906, 0x08e6, 0x0906,
  0x0906, 0x0906, 0x08e6, 0x08e6, 0x0906, 0x0906, 0x0906, 0x0906, 0x0906, 0x0906, 0x0906, 0x0906,
  0x0906, 0x0906, 0x0906, 0x08e6, 0x08c5, 0x00a4, 0x0083, 0x0083, 0x0084, 0x00a4, 0x00c5, 0x08e5,
  0x0906, 0x0927, 0x0927, 0x0927, 0x0927, 0x0927, 0x0927, 0x0927, 0x0927, 0x0927, 0x0927, 0x0927,
  0x0927, 0x0927, 0x0927, 0x0927, 0x0927, 0x0947, 0x0947, 0x0947, 0x0948, 0x0948, 0x0948, 0x0948,
  0x0948, 0x1168, 0x1168, 0x1168, 0x1168, 0x1168, 0x1168, 0x1168, 0x1168, 0x1168, 0x1168, 0x1168,
  0x1168, 0x1169, 0x1169, 0x1189, 0x1189, 0x1189, 0x1189, 0x1189, 0x1189, 0x1189, 0x1189, 0x11a9,
  0x11a9, 0x11a9, 0x1189, 0x1189, 0x1169, 0x1189, 0x1189, 0x1189, 0x1169, 0x1169, 0x1169, 0x1169,
  0x1169, 0x1189, 0x1169, 0x1169, 0x1169, 0x1169, 0x1169, 0x1169, 0x1189, 0x1189, 0x1189, 0x1189,
  0x1189, 0x1189, 0x1189, 0x1189, 0x1189, 0x1189, 0x1189, 0x1189, 0x1189, 0x11a9, 0x11a9, 0x11a9,
  0x11a9, 0x11a9, 0x11a9, 0x11a9, 0x11a9, 0x11a9, 0x11a9, 0x11a9, 0x11a9, 0x11a9, 0x11aa, 0x11aa,
  0x11a9, 0x11a9, 0x11aa, 0x11aa, 0x11aa, 0x11a9, 0x11aa, 0x11aa, 0x11aa, 0x11aa, 0x11aa, 0x11aa,
  0x11aa, 0x11aa, 0x11aa, 0x11a9, 0x11a9, 0x11aa, 0x11a9, 0x11aa, 0x11aa, 0x11aa, 0x11aa, 0x11aa,
  0x11aa, 0x11aa, 0x11aa, 0x11aa, 0x11aa, 0x11aa, 0x11ca, 0x11ca, 0x11ca, 0x11aa, 0x11aa, 0x11aa,
  0x11aa, 0x11aa, 0x11aa, 0x11aa, 0x11aa, 0x11aa, 0x11aa, 0x11aa, 0x11aa, 0x11aa, 0x11aa, 0x11a9,
  0x11aa, 0x11aa, 0x11aa, 0x11aa, 0x11aa, 0x11aa, 0x11aa, 0x11aa, 0x11aa, 0x11aa, 0x11aa, 0x11aa,
  0x11aa, 0x11ca, 0x11ca, 0x11aa, 0x11aa, 0x11aa, 0x11aa, 0x11aa, 0x11aa, 0x11aa, 0x11aa, 0x11aa,
  0x11aa, 0x11aa, 0x11ca, 0x11ca, 0x11ca, 0x11aa, 0x11aa, 0x11ca, 0x11aa, 0x11aa, 0x11aa, 0x11aa,
  0x11a9, 0x11a9, 0x11a9, 0x11a9, 0x11aa, 0x11aa, 0x11aa, 0x11aa, 0x11aa, 0x11a9, 0x11a9, 0x11aa,
  0x11a9, 0x11a9, 0x1189, 0x11a9, 0x11a9, 0x11a9, 0x11a9, 0x11a9, 0x1189, 0x1189, 0x1189, 0x1189,
  0x1189, 0x1189, 0x1189, 0x1169, 0x1169, 0x1169, 0x1169, 0x1168, 0x1168, 0x1168, 0x1168, 0x1168,
  0x1168, 0x1168, 0x1168, 0x1168, 0x1168, 0x1168, 0x1168, 0x1168, 0x1168, 0x1168, 0x1168, 0x1168,
  0x1168, 0x1168, 0x0948, 0x0948, 0x0948, 0x0948, 0x0948, 0x0948, 0x0947, 0x0947, 0x0947, 0x0927,
  0x0947, 0x0947, 0x0947, 0x0927, 0x0927, 0x0927, 0x0927, 0x0927, 0x0927, 0x0927, 0x0927, 0x0927,
  0x0927, 0x0927, 0x0927, 0x0927, 0x0927, 0x0927, 0x0927, 0x0907, 0x0907, 0x0907, 0x0906, 0x0907,
  0x0907, 0x0907, 0x0907, 0x0906, 0x0906, 0x0906, 0x0906, 0x0906, 0x0906, 0x0906, 0x0906, 0x0906,
  0x08e6, 0x08e6, 0x08e6, 0x08e6, 0x08e6, 0x08e6, 0x08e6, 0x08e6, 0x08e6, 0x08e6, 0x08e6, 0x08e6,
  0x08e6, 0x08e6, 0x0906, 0x10e5, 0x21a8, 0x0906, 0x0906, 0x0906, 0x0906, 0x0906, 0x0906, 0x0906,
  0x0906, 0x0906, 0x08e6, 0x08e6, 0x0906, 0x0906, 0x08e6, 0x08e6, 0x08e6, 0x08e5, 0x00c5, 0x00a4,
  0x0063, 0x0063, 0x0063, 0x0063, 0x0063, 0x0083, 0x0083, 0x0084, 0x08c5, 0x0907, 0x0927, 0x0927,
  0x0927, 0x0927, 0x0927, 0x0927, 0x0927, 0x0927, 0x0927, 0x0947, 0x0947, 0x0927, 0x0947, 0x0947,
  0x0947, 0x0947, 0x0947, 0x0948, 0x0948, 0x0948, 0x1168, 0x0948, 0x0948, 0x1168, 0x1168, 0x1168,
  0x1168, 0x1168, 0x1168, 0x1168, 0x1169, 0x1169, 0x1169, 0x1169, 0x1169, 0x1189, 0x1189, 0x11aa,
  0x11aa, 0x11a9, 0x11a9, 0x11a9, 0x11a9, 0x11a9, 0x11a9, 0x11a9, 0x11a9, 0x11a9, 0x1189, 0x1189,
  0x1189, 0x1189, 0x11a9, 0x1189, 0x1169, 0x1189, 0x1169, 0x1169, 0x1189, 0x1189, 0x1189, 0x1189,
  0x1189, 0x11a9, 0x11a9, 0x1189, 0x1189, 0x1189, 0x1189, 0x1189, 0x1189, 0x1189, 0x1189, 0x1189,
  0x11a9, 0x11a9, 0x11a9, 0x11aa, 0x11aa, 0x11aa, 0x11aa, 0x11aa, 0x11aa, 0x11aa, 0x11aa, 0x11aa,
  0x11aa, 0x11aa, 0x11aa, 0x11ca, 0x11aa, 0x11ca, 0x11ca, 0x11aa, 0x11aa, 0x11aa, 0x11aa, 0x11ca,
  0x11aa, 0x11aa, 0x11ca, 0x11aa, 0x11aa, 0x11aa, 0x11aa, 0x11ca, 0x11ca, 0x11ca, 0x11ca, 0x11aa,
  0x11ca, 0x11ca, 0x11aa, 0x11ca, 0x11ca, 0x11ca, 0x11aa, 0x11aa, 0x11aa, 0x11aa, 0x11ca, 0x11ca,
  0x11ca, 0x11ca, 0x11ca, 0x11ca, 0x11ca, 0x11ca, 0x11aa, 0x11aa, 0x11aa, 0x11ca, 0x11ca, 0x11ca,
  0x11ca, 0x11ca, 0x11ca, 0x11ca, 0x11ca, 0x11ca, 0x11ca, 0x11ca, 0x11ca, 0x11ca, 0x11ca, 0x11ca,
  0x11cb, 0x11cb, 0x11ca, 0x11ca, 0x11ca, 0x11ca, 0x11ca, 0x11ca, 0x11ca, 0x11ca, 0x11ca, 0x11ca,
  0x11ca, 0x11cb, 0x11ca, 0x11cb, 0x11cb, 0x11ca, 0x11ca, 0x11ca, 0x11ca, 0x11ca, 0x11ca, 0x11ca,
  0x11ca, 0x11ca, 0x11ca, 0x11ca, 0x11cb, 0x11ca, 0x11ca, 0x11ca, 0x11aa, 0x11aa, 0x11aa, 0x11aa,
  0x11aa, 0x11ca, 0x11ca, 0x11ca, 0x11ca, 0x11aa, 0x11ca, 0x11aa, 0x11aa, 0x11a9, 0x11a9, 0x11aa,
  0x11a9, 0x11a9, 0x11aa, 0x11aa, 0x11a9, 0x11a9, 0x11a9, 0x11a9, 0x11a9, 0x1189, 0x11a9, 0x1189,
  0x1189, 0x1189, 0x1169, 0x1189, 0x1169, 0x1168, 0x1168, 0x1168, 0x1168, 0x1168, 0x1168, 0x1168,
  0x1168, 0x1169, 0x1169, 0x1169, 0x1169, 0x1169, 0x1168, 0x1168, 0x1169, 0x1168, 0x1168, 0x0948,
  0x0948, 0x0948, 0x0948, 0x0948, 0x0948, 0x0948, 0x0948, 0x0947, 0x0948, 0x0948, 0x0947, 0x0947,
  0x0947, 0x0947, 0x0947, 0x0927, 0x0927, 0x0927, 0x0947, 0x0927, 0x0927, 0x0927, 0x0927, 0x0927,
  0x0927, 0x0927, 0x0927, 0x0927, 0x0927, 0x0927, 0x0907, 0x0907, 0x0907, 0x0907, 0x0907, 0x0906,
  0x0906, 0x0907, 0x0907, 0x0907, 0x0907, 0x0907, 0x0907, 0x0906, 0x0906, 0x08e6, 0x08e6, 0x08e6,
  0x08e6, 0x08e6, 0x08e6, 0x08e6, 0x08e6, 0x08e6, 0x08e6, 0x08e6, 0x08e6, 0x08e6, 0x0906, 0x10e5,
  0x21a8, 0x00e5, 0x08e5, 0x08e6, 0x08e6, 0x08e6, 0x0906, 0x0906, 0x0906, 0x0906, 0x0906, 0x08e6,
  0x00c5, 0x08a4, 0x00a4, 0x0083, 0x0083, 0x0063, 0x0063, 0x0063, 0x0063, 0x0062, 0x0063, 0x0063,
  0x0063, 0x0063, 0x0083, 0x0083, 0x0084, 0x08c5, 0x0906, 0x0907, 0x0907, 0x0907, 0x0927, 0x0947,
  0x0947, 0x0947, 0x0947, 0x0947, 0x0947, 0x0947, 0x0947, 0x0948, 0x0948, 0x0948, 0x0948, 0x0948,
  0x1168, 0x1168, 0x1168, 0x1168, 0x1168, 0x1168, 0x1168, 0x1168, 0x1169, 0x1169, 0x1169, 0x1169,
  0x1169, 0x1189, 0x1189, 0x1189, 0x1189, 0x1189, 0x11a9, 0x11a9, 0x11a9, 0x11a9, 0x11a9, 0x11a9,
  0x11aa, 0x11a9, 0x11a9, 0x11a9, 0x11a9, 0x11a9, 0x11a9, 0x11a9, 0x11a9, 0x11a9, 0x11a9, 0x11a9,
  0x11a9, 0x1189, 0x1189, 0x1189, 0x1189, 0x11a9, 0x11a9, 0x11a9, 0x11a9, 0x11a9, 0x11a9, 0x11a9,
  0x11a9, 0x11a9, 0x11a9, 0x11a9, 0x11a9, 0x11a9, 0x11a9, 0x11a9, 0x11a9, 0x11aa, 0x11aa, 0x11ca,
  0x11ca, 0x11cb, 0x11ca, 0x11ca, 0x11ca, 0x11ca, 0x11ca, 0x11aa, 0x11aa, 0x11aa, 0x11ca, 0x11ca,
  0x11ca, 0x11ca, 0x11ca, 0x11ca, 0x11ca, 0x11ca, 0x11cb, 0x11cb, 0x11cb, 0x11ca, 0x11ca, 0x11cb,
  0x11cb, 0x11cb, 0x11ca, 0x11cb, 0x11ca, 0x11cb, 0x11cb, 0x11cb, 0x11cb, 0x11ca, 0x11ca, 0x11cb,
  0x11cb, 0x11ca, 0x11ca, 0x11ca, 0x11ca, 0x11ca, 0x11cb, 0x11cb, 0x11cb, 0x11cb, 0x11ca, 0x11ca,
  0x11ca, 0x11cb, 0x11cb, 0x11ca, 0x11ca, 0x11ca, 0x11cb, 0x11ca, 0x11ca, 0x11cb, 0x11ca, 0x11cb,
  0x11cb, 0x11cb, 0x11cb, 0x11cb, 0x11cb, 0x11cb, 0x19eb, 0x19eb, 0x19eb, 0x19eb, 0x19eb, 0x11cb,
  0x19eb, 0x11cb, 0x11cb, 0x19eb, 0x11cb, 0x11cb, 0x11cb, 0x19eb, 0x19eb, 0x19eb, 0x11cb, 0x19eb,
  0x19eb, 0x19eb, 0x19eb, 0x11cb, 0x11cb, 0x11cb, 0x11cb, 0x11cb, 0x19eb, 0x11cb, 0x19eb, 0x19eb,
  0x19ec, 0x19eb, 0x19eb, 0x11cb, 0x11ca, 0x11ca, 0x11ca, 0x11ca, 0x11cb, 0x11cb, 0x11ca, 0x11ca,
  0x11ca, 0x11ca, 0x11ca, 0x11ca, 0x11ca, 0x11aa, 0x11aa, 0x11aa, 0x11aa, 0x11aa, 0x11aa, 0x11aa,
  0x11aa, 0x11aa, 0x11aa, 0x11aa, 0x11a9, 0x11aa, 0x11a9, 0x11a9, 0x11a9, 0x11a9, 0x11a9, 0x1189,
  0x1189, 0x1169, 0x1169, 0x1169, 0x1189, 0x1169, 0x1169, 0x1189, 0x1189, 0x1189, 0x1189, 0x1189,
  0x1169, 0x1169, 0x1169, 0x1169, 0x1169, 0x1169, 0x1169, 0x1169, 0x1168, 0x1168, 0x1168, 0x0948,
  0x0948, 0x0948, 0x0948, 0x0948, 0x0948, 0x0948, 0x0948, 0x0948, 0x0947, 0x0947, 0x0947, 0x0947,
  0x0947, 0x0947, 0x0947, 0x0947, 0x0927, 0x0927, 0x0947, 0x0947, 0x0947, 0x0947, 0x0927, 0x0927,
  0x0927, 0x0927, 0x0927, 0x0927, 0x0927, 0x0907, 0x0907, 0x0907, 0x0927, 0x0927, 0x0927, 0x0907,
  0x0907, 0x0906, 0x08e6, 0x08e6, 0x08e6, 0x08e6, 0x08e6, 0x08e6, 0x08e6, 0x08e6, 0x08e6, 0x08e6,
  0x08e6, 0x08e5, 0x08c5, 0x00c5, 0x08e5, 0x08e6, 0x0906, 0x10e5, 0x21a8, 0x0083, 0x0063, 0x0083,
  0x0083, 0x00a4, 0x08a4, 0x08c4, 0x08e5, 0x08e5, 0x00c5, 0x0084, 0x0063, 0x0063, 0x0063, 0x0062,
  0x0063, 0x0063, 0x0063, 0x0063, 0x0063, 0x0063, 0x0063, 0x0063, 0x0063, 0x0063, 0x0063, 0x0083,
  0x0083, 0x0083, 0x0083, 0x00a4, 0x00a4, 0x00a4, 0x00c5, 0x0906, 0x1147, 0x0947, 0x0948, 0x0948,
  0x0948, 0x0948, 0x0948, 0x0948, 0x0948, 0x1168, 0x1168, 0x1168, 0x1169, 0x1169, 0x1169, 0x1169,
  0x1169, 0x1169, 0x1169, 0x1169, 0x1169, 0x1169, 0x1189, 0x1189, 0x1189, 0x1189, 0x11a9, 0x11a9,
  0x11a9, 0x11aa, 0x11aa, 0x11aa, 0x11aa, 0x11aa, 0x11a9, 0x11aa, 0x11aa, 0x11a9, 0x11aa, 0x11aa,
  0x11aa, 0x11aa, 0x11a9, 0x11a9, 0x11a9, 0x11a9, 0x11a9, 0x11a9, 0x11a9, 0x11a9, 0x11a9, 0x11a9,
  0x11a9, 0x11a9, 0x11aa, 0x11aa, 0x11aa, 0x11aa, 0x11ca, 0x11ca, 0x11ca, 0x11ca, 0x11aa, 0x11aa,
  0x11aa, 0x11a9, 0x19a9, 0x19a9, 0x19a9, 0x11ca, 0x11cb, 0x11cb, 0x19eb, 0x19eb, 0x19eb, 0x19eb,
  0x11cb, 0x11cb, 0x11ca, 0x11cb, 0x11cb, 0x11cb, 0x11cb, 0x11cb, 0x11cb, 0x11cb, 0x11cb, 0x11cb,
  0x11cb, 0x19eb, 0x19eb, 0x19eb, 0x19eb, 0x19eb, 0x19eb, 0x19eb, 0x19eb, 0x19eb, 0x11cb, 0x11cb,
  0x11cb, 0x19eb, 0x19eb, 0x19eb, 0x11cb, 0x19eb, 0x19eb, 0x19eb, 0x19eb, 0x11cb, 0x19eb, 0x19eb,
  0x19eb, 0x19eb, 0x19eb, 0x19eb, 0x19eb, 0x19eb, 0x19eb, 0x19eb, 0x19eb, 0x19eb, 0x19eb, 0x19eb,
  0x19eb, 0x11cb, 0x19eb, 0x11cb, 0x11cb, 0x19eb, 0x19eb, 0x19eb, 0x19eb, 0x19eb, 0x19eb, 0x19eb,
  0x19ec, 0x19eb, 0x19ec, 0x19ec, 0x19ec, 0x19ec, 0x19ec, 0x19ec, 0x19ec, 0x19ec, 0x19ec, 0x19ec,
  0x19ec, 0x19eb, 0x19eb, 0x19ec, 0x19ec, 0x19ec, 0x19eb, 0x19eb, 0x19eb, 0x19ec, 0x19ec, 0x19ec,
  0x19ec, 0x19ec, 0x19eb, 0x19ec, 0x19ec, 0x19ec, 0x19ec, 0x19ec, 0x19ec, 0x19ec, 0x19ec, 0x19eb,
  0x19eb, 0x19eb, 0x19eb, 0x19eb, 0x19eb, 0x19eb, 0x11cb, 0x11cb, 0x11cb, 0x11cb, 0x11cb, 0x11cb,
  0x11cb, 0x11ca, 0x11ca, 0x11ca, 0x11ca, 0x11cb, 0x11ca, 0x11ca, 0x11ca, 0x11aa, 0x11ca, 0x11ca,
  0x11aa, 0x11aa, 0x11aa, 0x11aa, 0x11aa, 0x11aa, 0x11a9, 0x11a9, 0x11a9, 0x1189, 0x1189, 0x11a9,
  0x11a9, 0x1189, 0x1189, 0x1189, 0x1189, 0x11a9, 0x11a9, 0x1189, 0x1189, 0x1189, 0x1189, 0x1189,
  0x1189, 0x1189, 0x1189, 0x1169, 0x1169, 0x1169, 0x1168, 0x1168, 0x1168, 0x1168, 0x0948, 0x1168,
  0x1168, 0x1168, 0x1168, 0x0948, 0x0948, 0x0948, 0x0948, 0x0948, 0x0948, 0x0948, 0x0948, 0x0948,
  0x0947, 0x0948, 0x0948, 0x0948, 0x0948, 0x0948, 0x0947, 0x0947, 0x0947, 0x0927, 0x0927, 0x0927,
  0x0927, 0x0927, 0x0927, 0x0927, 0x0927, 0x0927, 0x0927, 0x08e6, 0x00c5, 0x00a4, 0x0063, 0x0083,
  0x0083, 0x0063, 0x00a4, 0x00a4, 0x08c4, 0x08e6, 0x0906, 0x08e6, 0x00c5, 0x0084, 0x0063, 0x0063,
  0x0083, 0x00a4, 0x10e5, 0x1105, 0x21a8, 0x0063, 0x0062, 0x0063, 0x0063, 0x0063, 0x0063, 0x0083,
  0x0083, 0x0083, 0x0083, 0x0063, 0x0063, 0x0063, 0x0062, 0x0062, 0x0062, 0x0063, 0x0063, 0x0063,
  0x0062, 0x0062, 0x0063, 0x0063, 0x0063, 0x0063, 0x0063, 0x0063, 0x0083, 0x0063, 0x0063, 0x0083,
  0x0083, 0x0083, 0x0083, 0x0083, 0x00a4, 0x08e6, 0x0906, 0x0907, 0x0906, 0x0906, 0x0906, 0x0906,
  0x0906, 0x0927, 0x1147, 0x1147, 0x1168, 0x1168, 0x1169, 0x1189, 0x1189, 0x1189, 0x1189, 0x1189,
  0x1189, 0x1189, 0x1189, 0x1189, 0x11a9, 0x11a9, 0x11aa, 0x11aa, 0x11aa, 0x11ca, 0x11ca, 0x11ca,
  0x11aa, 0x11aa, 0x11ca, 0x11ca, 0x11ca, 0x11aa, 0x11aa, 0x11aa, 0x11ca, 0x11ca, 0x11aa, 0x11aa,
  0x11aa, 0x11aa, 0x11a9, 0x11aa, 0x11aa, 0x11aa, 0x11aa, 0x11aa, 0x11a9, 0x11a9, 0x11aa, 0x11aa,
  0x11ca, 0x11ca, 0x11ca, 0x11cb, 0x11cb, 0x11cb, 0x11cb, 0x11ca, 0x11ca, 0x19a9, 0x1168, 0x0927,
  0x0907, 0x1168, 0x11ca, 0x19eb, 0x19eb, 0x19eb, 0x19eb, 0x19eb, 0x19eb, 0x19eb, 0x19eb, 0x19eb,
  0x19eb, 0x19eb, 0x19eb, 0x19eb, 0x19eb, 0x19ec, 0x19ec, 0x19eb, 0x19eb, 0x19eb, 0x19eb, 0x19eb,
  0x19eb, 0x19eb, 0x19eb, 0x19ec, 0x19ec, 0x19ec, 0x19eb, 0x19eb, 0x19eb, 0x19eb, 0x19eb, 0x19eb,
  0x19eb, 0x19ec, 0x19ec, 0x19ec, 0x19ec, 0x19ec, 0x19ec, 0x19ec, 0x19ec, 0x19ec, 0x19ec, 0x19ec,
  0x19ec, 0x19ec, 0x19ec, 0x19ec, 0x19ec, 0x19ec, 0x19ec, 0x19ec, 0x19ec, 0x19ec, 0x19ec, 0x19eb,
  0x19eb, 0x19ec, 0x19ec, 0x19ec, 0x19ec, 0x19ec, 0x19ec, 0x19ec, 0x19ec, 0x19ec, 0x19ec, 0x19ec,
  0x19ec, 0x19ec, 0x1a0c, 0x1a0c, 0x1a0c, 0x1a0c, 0x19ec, 0x1a0c, 0x1a0c, 0x19ec, 0x19ec, 0x19ec,
  0x19ec, 0x19ec, 0x19eb, 0x19ec, 0x19ec, 0x19ec, 0x19ec, 0x19ec, 0x1a0c, 0x19ec, 0x19ec, 0x1a0c,
  0x1a0c, 0x1a0c, 0x1a0c, 0x1a0c, 0x1a0c, 0x19ec, 0x19ec, 0x19ec, 0x19ec, 0x19ec, 0x19ec, 0x19ec,
  0x19ec, 0x19ec, 0x19eb, 0x19eb, 0x19eb, 0x19eb, 0x19eb, 0x19eb, 0x19eb, 0x19eb, 0x19eb, 0x19eb,
  0x19eb, 0x19eb, 0x11cb, 0x11cb, 0x11cb, 0x11cb, 0x11cb, 0x11ca, 0x11ca, 0x11ca, 0x11ca, 0x11aa,
  0x11ca, 0x11aa, 0x11aa, 0x11aa, 0x11aa, 0x11a9, 0x11a9, 0x11a9, 0x11aa, 0x11a9, 0x11a9, 0x11a9,
  0x1189, 0x11a9, 0x11a9, 0x1189, 0x1189, 0x1189, 0x11a9, 0x11a9, 0x1189, 0x1189, 0x1189, 0x1189,
  0x1189, 0x1189, 0x1169, 0x1169, 0x1169, 0x1168, 0x1168, 0x1168, 0x1168, 0x1168, 0x0948, 0x0947,
  0x0948, 0x0948, 0x1168, 0x1168, 0x0948, 0x0948, 0x0948, 0x0948, 0x0948, 0x0948, 0x0948, 0x0948,
  0x0948, 0x0948, 0x0948, 0x0948, 0x0948, 0x0947, 0x0947, 0x0947, 0x0947, 0x0947, 0x0947, 0x0947,
  0x0927, 0x0927, 0x08e6, 0x00a4, 0x0083, 0x0083, 0x0063, 0x0062, 0x0062, 0x0062, 0x0063, 0x0062,
  0x0063, 0x0083, 0x00a4, 0x00a4, 0x0084, 0x0063, 0x0063, 0x0063, 0x0062, 0x0062, 0x08e5, 0x1105,
  0x21a8, 0x0083, 0x0062, 0x0062, 0x0063, 0x0063, 0x0063, 0x0063, 0x0063, 0x0063, 0x0063, 0x0063,
  0x0063, 0x0063, 0x0063, 0x0063, 0x0063, 0x0063, 0x0063, 0x0063, 0x0063, 0x0063, 0x0062, 0x0063,
  0x0063, 0x0063, 0x0063, 0x0063, 0x0063, 0x0083, 0x0083, 0x0083, 0x0083, 0x0083, 0x0083, 0x0083,
  0x0083, 0x00a4, 0x00a4, 0x00a4, 0x00a4, 0x00a4, 0x00a4, 0x0084, 0x00a4, 0x08a4, 0x08c4, 0x08c4,
  0x08c5, 0x0907, 0x1168, 0x19a9, 0x11a9, 0x11a9, 0x11a9, 0x11a9, 0x1189, 0x11a9, 0x11a9, 0x11a9,
  0x11aa, 0x11aa, 0x11aa, 0x11ca, 0x11ca, 0x11ca, 0x11cb, 0x11cb, 0x11ca, 0x11ca, 0x11cb, 0x11cb,
  0x11ca, 0x11ca, 0x11ca, 0x11ca, 0x11ca, 0x11ca, 0x11ca, 0x11ca, 0x11ca, 0x11ca, 0x11ca, 0x11ca,
  0x11ca, 0x11ca, 0x11cb, 0x11ca, 0x11ca, 0x11ca, 0x11ca, 0x11aa, 0x11ca, 0x11ca, 0x11cb, 0x19eb,
  0x19eb, 0x19eb, 0x11cb, 0x11ca, 0x1189, 0x0907, 0x08e5, 0x08c4, 0x08c5, 0x08e5, 0x0907, 0x0947,
  0x1169, 0x11ca, 0x19eb, 0x19eb, 0x19eb, 0x19eb, 0x19eb, 0x19ec, 0x19ec, 0x19ec, 0x19ec, 0x19ec,
  0x19ec, 0x1a0c, 0x19ec, 0x19ec, 0x19ec, 0x19ec, 0x19ec, 0x19ec, 0x19ec, 0x19ec, 0x19ec, 0x19ec,
  0x1a0c, 0x1a0c, 0x19ec, 0x19ec, 0x19ec, 0x19ec, 0x1a0c, 0x19ec, 0x19ec, 0x1a0c, 0x1a0c, 0x19ec,
  0x1a0c, 0x1a0c, 0x1a0c, 0x1a0c, 0x1a0c, 0x1a0c, 0x1a0c, 0x1a0c, 0x1a0c, 0x1a0c, 0x1a0c, 0x1a0c,
  0x1a0c, 0x1a0c, 0x1a0c, 0x1a0c, 0x1a0c, 0x1a0c, 0x1a0c, 0x1a0c, 0x19ec, 0x19ec, 0x19ec, 0x1a0c,
  0x1a0c, 0x1a0c, 0x1a0c, 0x1a0c, 0x1a0c, 0x1a0c, 0x1a0c, 0x1a0c, 0x1a0c, 0x1a0c, 0x1a0c, 0x1a0c,
  0x1a2d, 0x1a2d, 0x1a0c, 0x1a0c, 0x1a2d, 0x1a0c, 0x1a0c, 0x1a0c, 0x1a0c, 0x1a0c, 0x1a0c, 0x1a0c,
  0x1a0c, 0x1a0c, 0x1a0c, 0x1a0c, 0x1a0c, 0x1a0c, 0x1a0c, 0x1a0c, 0x1a0c, 0x1a0c, 0x1a0c, 0x1a0c,
  0x1a0c, 0x1a0c, 0x1a0c, 0x1a0c, 0x1a0c, 0x1a0c, 0x1a0c, 0x1a0c, 0x1a0c, 0x19ec, 0x19ec, 0x19ec,
  0x19ec, 0x19ec, 0x19ec, 0x19ec, 0x19ec, 0x19ec, 0x19ec, 0x19ec, 0x19eb, 0x19ec, 0x19eb, 0x19eb,
  0x19eb, 0x19eb, 0x11cb, 0x11cb, 0x11cb, 0x11ca, 0x11ca, 0x11ca, 0x11ca, 0x11ca, 0x11ca, 0x11ca,
  0x11aa, 0x11aa, 0x11aa, 0x11aa, 0x11aa, 0x11aa, 0x11a9, 0x11a9, 0x11aa, 0x11aa, 0x11aa, 0x11a9,
  0x11a9, 0x11a9, 0x11a9, 0x11a9, 0x11a9, 0x11a9, 0x11a9, 0x11a9, 0x11a9, 0x11a9, 0x1189, 0x1189,
  0x1189, 0x1169, 0x1169, 0x1168, 0x0948, 0x0906, 0x00c5, 0x00c5, 0x00c5, 0x0907, 0x1147, 0x0948,
  0x1168, 0x1168, 0x1168, 0x0948, 0x0948, 0x0948, 0x0948, 0x0948, 0x0948, 0x0948, 0x0948, 0x0948,
  0x0948, 0x0948, 0x0947, 0x0947, 0x0947, 0x0927, 0x0907, 0x0907, 0x0906, 0x08c5, 0x00a4, 0x0083,
  0x0083, 0x0062, 0x0063, 0x0062, 0x0062, 0x0063, 0x0062, 0x0062, 0x0063, 0x0063, 0x0063, 0x0063,
  0x0063, 0x0062, 0x0062, 0x0062, 0x0062, 0x0063, 0x08c4, 0x1105, 0x21a8, 0x0063, 0x0062, 0x0062,
  0x0062, 0x0062, 0x0062, 0x0062, 0x0063, 0x0063, 0x0063, 0x0063, 0x0063, 0x0063, 0x0063, 0x0063,
  0x0063, 0x0063, 0x0063, 0x0063, 0x0063, 0x0063, 0x0062, 0x0062, 0x0063, 0x0063, 0x0063, 0x0063,
  0x0063, 0x0063, 0x0063, 0x0083, 0x0083, 0x0083, 0x0083, 0x0083, 0x0083, 0x0083, 0x0083, 0x00a4,
  0x0083, 0x0083, 0x0083, 0x00a4, 0x00a4, 0x0083, 0x00a4, 0x00a4, 0x00a4, 0x00a4, 0x08e6, 0x1147,
  0x1189, 0x19a9, 0x11a9, 0x11a9, 0x11a9, 0x11a9, 0x11aa, 0x11ca, 0x11ca, 0x11ca, 0x11ca, 0x11ca,
  0x11cb, 0x11cb, 0x19eb, 0x19eb, 0x19eb, 0x19eb, 0x11cb, 0x11cb, 0x11ca, 0x11ca, 0x19a9, 0x1189,
  0x11ca, 0x11cb, 0x19eb, 0x11cb, 0x11cb, 0x11cb, 0x11cb, 0x11cb, 0x11cb, 0x19eb, 0x11cb, 0x11cb,
  0x11cb, 0x11cb, 0x11ca, 0x11cb, 0x11cb, 0x19eb, 0x19eb, 0x19eb, 0x19eb, 0x11ca, 0x1169, 0x0907,
  0x00e5, 0x08c4, 0x08a4, 0x08a4, 0x08c4, 0x08c4, 0x08c5, 0x08c5, 0x00c5, 0x08e6, 0x0927, 0x11a9,
  0x220b, 0x19ec, 0x1a0c, 0x1a0c, 0x1a0c, 0x1a0c, 0x1a0c, 0x1a0c, 0x1a0c, 0x1a0c, 0x1a0c, 0x1a0c,
  0x1a0c, 0x1a0c, 0x1a0c, 0x1a0c, 0x1a0c, 0x1a0c, 0x1a0c, 0x1a0c, 0x1a2d, 0x1a0c, 0x1a0c, 0x1a0c,
  0x1a0c, 0x1a0c, 0x1a0c, 0x1a0c, 0x1a0c, 0x1a0c, 0x1a2d, 0x1a2d, 0x1a2d, 0x1a2d, 0x1a2d, 0x1a2d,
  0x1a2d, 0x1a2d, 0x1a2d, 0x1a2d, 0x1a2d, 0x1a2d, 0x1a2d, 0x1a2d, 0x1a2d, 0x1a0c, 0x1a0c, 0x1a0c,
  0x1a0c, 0x1a0c, 0x1a2d, 0x1a2d, 0x1a0c, 0x1a0c, 0x1a0c, 0x1a0c, 0x1a0c, 0x1a0c, 0x1a2d, 0x1a2d,
  0x1a2d, 0x1a0c, 0x1a0c, 0x1a2d, 0x1a2d, 0x1a2d, 0x1a2d, 0x1a2d, 0x1a2d, 0x1a2d, 0x1a2d, 0x1a2d,
  0x1a2d, 0x1a2d, 0x1a2d, 0x1a2d, 0x1a2d, 0x1a2d, 0x1a2d, 0x1a2d, 0x1a2d, 0x1a2d, 0x1a2d, 0x1a2d,
  0x1a2d, 0x1a2d, 0x1a2d, 0x1a2d, 0x1a2d, 0x1a2d, 0x1a2d, 0x1a2d, 0x1a2d, 0x1a2d, 0x1a2d, 0x1a2d,
  0x1a2d, 0x1a0c, 0x1a0c, 0x1a0c, 0x1a0c, 0x1a0c, 0x1a0c, 0x1a0c, 0x1a0c, 0x1a0c, 0x1a0c, 0x1a0c,
  0x1a0c, 0x1a0c, 0x19ec, 0x19ec, 0x19ec, 0x19ec, 0x19ec, 0x19ec, 0x19ec, 0x19ec, 0x19eb, 0x19eb,
  0x19eb, 0x11cb, 0x11cb, 0x11cb, 0x11cb, 0x11cb, 0x11ca, 0x11ca, 0x11ca, 0x11ca, 0x11ca, 0x11ca,
  0x11ca, 0x11ca, 0x11aa, 0x11aa, 0x19a9, 0x19a9, 0x11a9, 0x11aa, 0x11aa, 0x11aa, 0x11aa, 0x11aa,
  0x11aa, 0x11a9, 0x11aa, 0x11a9, 0x11aa, 0x11aa, 0x11aa, 0x11a9, 0x11a9, 0x1189, 0x0948, 0x0906,
  0x00c5, 0x00c5, 0x08a4, 0x00a4, 0x00a4, 0x00a4, 0x00a4, 0x00e5, 0x0907, 0x1147, 0x1147, 0x0948,
  0x0948, 0x1168, 0x0948, 0x0948, 0x0948, 0x0948, 0x0948, 0x0948, 0x0927, 0x08e6, 0x00c5, 0x00c5,
  0x00c5, 0x00a4, 0x00a4, 0x0083, 0x0083, 0x0083, 0x0083, 0x0083, 0x0063, 0x0062, 0x0062, 0x0062,
  0x0062, 0x0062, 0x0062, 0x0062, 0x0062, 0x0062, 0x0062, 0x0062, 0x0062, 0x0062, 0x0062, 0x0062,
  0x0062, 0x0062, 0x08c4, 0x10e4, 0x29a7, 0x0063, 0x0062, 0x0062, 0x0062, 0x0062, 0x0062, 0x0062,
  0x0062, 0x0062, 0x0063, 0x0063, 0x0063, 0x0063, 0x0063, 0x0063, 0x0063, 0x0063, 0x0063, 0x0063,
  0x0063, 0x0063, 0x0063, 0x0062, 0x0063, 0x0063, 0x0063, 0x0063, 0x0063, 0x0063, 0x0063, 0x0083,
  0x0083, 0x0083, 0x0083, 0x0083, 0x0083, 0x0083, 0x00a4, 0x0083, 0x0083, 0x0083, 0x0083, 0x00a4,
  0x00a4, 0x0083, 0x0083, 0x0083, 0x00a4, 0x00a4, 0x08a4, 0x08c5, 0x08e6, 0x1168, 0x19a9, 0x11aa,
  0x11aa, 0x11aa, 0x11ca, 0x11cb, 0x11cb, 0x11cb, 0x11cb, 0x19eb, 0x19eb, 0x19eb, 0x19eb, 0x19ec,
  0x19eb, 0x19eb, 0x19eb, 0x11ca, 0x1168, 0x0927, 0x08e6, 0x00e5, 0x0906, 0x1147, 0x19a9, 0x19eb,
  0x19eb, 0x19eb, 0x19eb, 0x19eb, 0x19eb, 0x19eb, 0x19eb, 0x11cb, 0x19eb, 0x19eb, 0x19eb, 0x19eb,
  0x19eb, 0x19eb, 0x11cb, 0x1189, 0x1147, 0x0906, 0x00c5, 0x00c5, 0x08c4, 0x08a4, 0x08a4, 0x08a4,
  0x08a4, 0x08c4, 0x08a4, 0x08c4, 0x08c4, 0x08c5, 0x08e5, 0x0906, 0x1189, 0x220b, 0x2a6d, 0x226e,
  0x226e, 0x1a2d, 0x1a2d, 0x1a2d, 0x1a2d, 0x1a2d, 0x1a2d, 0x1a2d, 0x1a2d, 0x1a2d, 0x1a2d, 0x1a2d,
  0x1a2d, 0x1a2d, 0x1a2d, 0x1a2d, 0x1a2d, 0x1a2d, 0x1a2d, 0x1a2d, 0x1a2d, 0x1a2d, 0x1a2d, 0x1a2d,
  0x1a2d, 0x1a2d, 0x226e, 0x226e, 0x226e, 0x226e, 0x1a2d, 0x1a2d, 0x1a2d, 0x226e, 0x226e, 0x226e,
  0x1a2d, 0x1a2d, 0x1a2d, 0x1a2d, 0x1a2d, 0x1a2d, 0x1a2d, 0x1a2d, 0x1a2d, 0x1a2d, 0x1a2d, 0x1a2d,
  0x1a2d, 0x1a2d, 0x1a2d, 0x1a2d, 0x1a2d, 0x1a2d, 0x1a2d, 0x1a2d, 0x1a2d, 0x1a2d, 0x1a2d, 0x1a2d,
  0x1a2d, 0x1a2d, 0x1a2d, 0x226e, 0x226e, 0x226e, 0x1a2d, 0x1a2d, 0x226e, 0x226e, 0x226e, 0x226e,
  0x226e, 0x226e, 0x1a2d, 0x1a2d, 0x1a2d, 0x226e, 0x1a2d, 0x1a2d, 0x226e, 0x228e, 0x226e, 0x226e,
  0x226e, 0x226e, 0x226e, 0x226e, 0x226e, 0x226e, 0x226e, 0x226e, 0x1a2d, 0x1a2d, 0x1a2d, 0x1a2d,
  0x1a2d, 0x1a2d, 0x1a2d, 0x1a2d, 0x1a2d, 0x1a2d, 0x1a2d, 0x1a2d, 0x1a2d, 0x1a2d, 0x1a0c, 0x1a0c,
  0x1a0c, 0x1a0c, 0x1a0c, 0x1a0c, 0x19ec, 0x19ec, 0x19ec, 0x19ec, 0x19ec, 0x19eb, 0x19ec, 0x19ec,
  0x19eb, 0x19eb, 0x19eb, 0x19eb, 0x11cb, 0x11cb, 0x11cb, 0x19eb, 0x19eb, 0x11cb, 0x11ca, 0x19a9,
  0x0927, 0x08e6, 0x08e6, 0x1147, 0x1168, 0x19a9, 0x19a9, 0x11aa, 0x11aa, 0x11aa, 0x11aa, 0x11aa,
  0x11ca, 0x11aa, 0x19a9, 0x19a9, 0x1168, 0x0907, 0x00c5, 0x00c5, 0x08a4, 0x08a4, 0x08a4, 0x00a4,
  0x0083, 0x0083, 0x0083, 0x0084, 0x00a4, 0x00a4, 0x00a4, 0x00c5, 0x08e5, 0x0906, 0x0907, 0x1147,
  0x0948, 0x0947, 0x0907, 0x00c5, 0x00c5, 0x08a4, 0x00a4, 0x00a4, 0x00a4, 0x0083, 0x0063, 0x0063,
  0x0083, 0x0063, 0x0062, 0x0062, 0x0062, 0x0062, 0x0062, 0x0062, 0x0062, 0x0062, 0x0062, 0x0062,
  0x0062, 0x0062, 0x0062, 0x0062, 0x0063, 0x0063, 0x0062, 0x0062, 0x0042, 0x0062, 0x08a4, 0x10e4,
  0x29a7, 0x0063, 0x0062, 0x0062, 0x0062, 0x0062, 0x0062, 0x0062, 0x0062, 0x0062, 0x0062, 0x0062,
  0x0062, 0x0063, 0x0062, 0x0062, 0x0063, 0x0063, 0x0063, 0x0063, 0x0063, 0x0063, 0x0063, 0x0063,
  0x0083, 0x0063, 0x0083, 0x0063, 0x0063, 0x0063, 0x0083, 0x0083, 0x0083, 0x0083, 0x0083, 0x0083,
  0x0083, 0x0083, 0x00a4, 0x00a4, 0x00a4, 0x00a4, 0x00a4, 0x00a4, 0x00a4, 0x0083, 0x00a4, 0x00a4,
  0x00a4, 0x00a4, 0x00a4, 0x08a4, 0x08a4, 0x08c5, 0x0906, 0x1168, 0x1168, 0x19a9, 0x19a9, 0x1189,
  0x1168, 0x1168, 0x11a9, 0x11ca, 0x19eb, 0x19eb, 0x19eb, 0x19eb, 0x11ca, 0x1168, 0x1168, 0x1147,
  0x00c5, 0x00a4, 0x08a4, 0x08c4, 0x08c5, 0x00c5, 0x08e6, 0x0927, 0x1168, 0x19a9, 0x19eb, 0x220b,
  0x220b, 0x19ec, 0x19eb, 0x19eb, 0x19eb, 0x19ec, 0x220b, 0x19eb, 0x1168, 0x0906, 0x08e6, 0x00c5,
  0x00a4, 0x00a4, 0x08a4, 0x08a4, 0x08a4, 0x08a4, 0x08a4, 0x08a4, 0x08c4, 0x08a4, 0x08a4, 0x08a4,
  0x08c4, 0x08c4, 0x08c5, 0x08e5, 0x0906, 0x19a9, 0x2a6d, 0x2a6d, 0x226e, 0x226e, 0x226e, 0x226e,
  0x1a2d, 0x1a2d, 0x1a2d, 0x1a2d, 0x226e, 0x226e, 0x226e, 0x226e, 0x226e, 0x226e, 0x226e, 0x226e,
  0x226e, 0x228e, 0x226e, 0x226e, 0x226e, 0x226e, 0x226e, 0x226e, 0x226e, 0x226e, 0x226e, 0x226e,
  0x228e, 0x228e, 0x226e, 0x226e, 0x226e, 0x226e, 0x228e, 0x228e, 0x228e, 0x226e, 0x228e, 0x228e,
  0x226e, 0x226e, 0x226e, 0x226e, 0x226e, 0x226e, 0x226e, 0x226e, 0x226e, 0x226e, 0x226e, 0x226e,
  0x226e, 0x226e, 0x226e, 0x226e, 0x226e, 0x226e, 0x226e, 0x226e, 0x226e, 0x226e, 0x226e, 0x226e,
  0x226e, 0x226e, 0x226e, 0x228e, 0x228e, 0x226e, 0x228e, 0x226e, 0x226e, 0x226e, 0x226e, 0x226e,
  0x226e, 0x226e, 0x226e, 0x226e, 0x226e, 0x228e, 0x228e, 0x228e, 0x228e, 0x228e, 0x226e, 0x226e,
  0x226e, 0x228e, 0x228e, 0x226e, 0x226e, 0x226e, 0x226e, 0x226e, 0x226e, 0x226e, 0x226e, 0x226e,
  0x1a2d, 0x1a2d, 0x1a2d, 0x1a2d, 0x1a2d, 0x1a2d, 0x1a2d, 0x1a2d, 0x1a2d, 0x1a2d, 0x1a2d, 0x1a0c,
  0x1a0c, 0x1a0c, 0x1a0c, 0x1a0c, 0x19ec, 0x19ec, 0x19ec, 0x19ec, 0x19ec, 0x19eb, 0x19ec, 0x19ec,
  0x19ec, 0x19ec, 0x19ec, 0x19ec, 0x19eb, 0x19a9, 0x0948, 0x0906, 0x08e5, 0x00c5, 0x00a4, 0x00a4,
  0x08c4, 0x08e5, 0x0906, 0x1147, 0x1168, 0x19a9, 0x19a9, 0x19a9, 0x19a9, 0x1147, 0x0907, 0x08e6,
  0x00c5, 0x08c5, 0x08c4, 0x08a4, 0x08a4, 0x08a4, 0x00a4, 0x0083, 0x0083, 0x0083, 0x00a4, 0x00a4,
  0x00a4, 0x00a4, 0x00a4, 0x00a4, 0x00a4, 0x00a4, 0x00a4, 0x00a4, 0x00c5, 0x00c5, 0x00a4, 0x00a4,
  0x00a4, 0x00a4, 0x00a4, 0x00a4, 0x0083, 0x0063, 0x0063, 0x0063, 0x0063, 0x0063, 0x0062, 0x0062,
  0x0062, 0x0062, 0x0062, 0x0062, 0x0062, 0x0062, 0x0062, 0x0062, 0x0062, 0x0062, 0x0062, 0x0062,
  0x0063, 0x0062, 0x0062, 0x0062, 0x0062, 0x0062, 0x08c4, 0x1105, 0x21a8, 0x0063, 0x0062, 0x0062,
  0x0062, 0x0062, 0x0062, 0x0062, 0x0062, 0x0062, 0x0062, 0x0062, 0x0062, 0x0062, 0x0062, 0x0062,
  0x0062, 0x0063, 0x0063, 0x0063, 0x0063, 0x0063, 0x0063, 0x0083, 0x0083, 0x0083, 0x0083, 0x0063,
  0x0063, 0x0083, 0x0083, 0x0083, 0x0083, 0x0083, 0x0083, 0x0083, 0x0083, 0x0083, 0x0083, 0x00a4,
  0x0083, 0x00a4, 0x00a4, 0x00a4, 0x00a4, 0x00a4, 0x00a4, 0x00a4, 0x00a4, 0x00a4, 0x00a4, 0x00a4,
  0x08a4, 0x08a4, 0x08c4, 0x08c5, 0x08c5, 0x08c5, 0x00c5, 0x00c5, 0x00c5, 0x00c5, 0x00c5, 0x08e6,
  0x08e6, 0x08e6, 0x0907, 0x0907, 0x08e6, 0x08c5, 0x08c4, 0x08c4, 0x08a4, 0x00a4, 0x08a4, 0x08a4,
  0x08c4, 0x08c4, 0x08c5, 0x08c5, 0x00c5, 0x08e6, 0x0927, 0x19a9, 0x19a9, 0x220b, 0x220b, 0x220b,
  0x220b, 0x220b, 0x19eb, 0x0927, 0x00c5, 0x08a4, 0x08a4, 0x00a4, 0x08a4, 0x08a4, 0x08a4, 0x08a4,
  0x08a4, 0x08a4, 0x08a4, 0x08a4, 0x08a4, 0x08a4, 0x08a4, 0x08a4, 0x08c4, 0x08c4, 0x08c5, 0x08e5,
  0x08e6, 0x0907, 0x19a9, 0x2a6d, 0x32ce, 0x2a6d, 0x2a6d, 0x226e, 0x226e, 0x226e, 0x226e, 0x226e,
  0x226e, 0x226e, 0x226e, 0x228e, 0x228e, 0x228e, 0x228e, 0x228e, 0x228e, 0x228e, 0x228e, 0x228e,
  0x226e, 0x226e, 0x228e, 0x228e, 0x228e, 0x228e, 0x228e, 0x228e, 0x228e, 0x228e, 0x228e, 0x228e,
  0x228e, 0x228e, 0x228e, 0x228e, 0x228e, 0x228e, 0x228e, 0x228e, 0x228e, 0x228e, 0x228e, 0x228e,
  0x228e, 0x226e, 0x228e, 0x228e, 0x228e, 0x228e, 0x228e, 0x228e, 0x228e, 0x228e, 0x228e, 0x228e,
  0x228e, 0x228e, 0x228e, 0x228e, 0x228e, 0x228e, 0x228e, 0x228e, 0x228e, 0x228e, 0x228e, 0x228e,
  0x228e, 0x228e, 0x228e, 0x228e, 0x228e, 0x228e, 0x228e, 0x228e, 0x228e, 0x228e, 0x22af, 0x22af,
  0x1a2d, 0x19eb, 0x228e, 0x228e, 0x228e, 0x228e, 0x228e, 0x228e, 0x228e, 0x228e, 0x228e, 0x228e,
  0x228e, 0x228e, 0x228e, 0x228e, 0x228e, 0x228e, 0x228e, 0x226e, 0x226e, 0x226e, 0x226e, 0x226e,
  0x226e, 0x1a2d, 0x1a2d, 0x1a2d, 0x1a2d, 0x226e, 0x226e, 0x1a2d, 0x1a2d, 0x1a2d, 0x1a2d, 0x1a0c,
  0x1a0c, 0x1a0c, 0x19ec, 0x19ec, 0x19ec, 0x19ec, 0x19eb, 0x19ec, 0x11cb, 0x19a9, 0x19a9, 0x1189,
  0x0948, 0x0907, 0x0906, 0x08e6, 0x08c5, 0x08c4, 0x00a4, 0x00a4, 0x00a4, 0x00a4, 0x00a4, 0x08a4,
  0x08c5, 0x08e6, 0x0906, 0x0907, 0x08e6, 0x08c5, 0x08c5, 0x08c4, 0x08c4, 0x08a4, 0x08a4, 0x08a4,
  0x08a4, 0x00a4, 0x0084, 0x0083, 0x0083, 0x0083, 0x00a4, 0x00a4, 0x00a4, 0x00a4, 0x08a4, 0x08a4,
  0x08a4, 0x08a4, 0x00a4, 0x00a4, 0x00a4, 0x00a4, 0x00a4, 0x00a4, 0x0084, 0x00a4, 0x00a4, 0x0083,
  0x0063, 0x0062, 0x0063, 0x0063, 0x0063, 0x0063, 0x0062, 0x0062, 0x0062, 0x0062, 0x0062, 0x0062,
  0x0062, 0x0063, 0x0062, 0x0063, 0x0062, 0x0062, 0x0063, 0x0063, 0x0063, 0x0062, 0x0063, 0x0063,
  0x0062, 0x0062, 0x08c4, 0x1105, 0x2987, 0x0063, 0x0062, 0x0062, 0x0062, 0x0062, 0x0062, 0x0062,
  0x0062, 0x0062, 0x0062, 0x0062, 0x0062, 0x0062, 0x0062, 0x0062, 0x0062, 0x0063, 0x0063, 0x0063,
  0x0083, 0x0063, 0x0083, 0x0083, 0x0083, 0x0083, 0x0083, 0x0083, 0x0083, 0x0083, 0x0083, 0x0083,
  0x0083, 0x0083, 0x0083, 0x0083, 0x0083, 0x0083, 0x0083, 0x00a4, 0x0083, 0x00a4, 0x00a4, 0x00a4,
  0x00a4, 0x00a4, 0x00a4, 0x00a4, 0x00a4, 0x00a4, 0x08a4, 0x00a4, 0x08a4, 0x08a4, 0x08c4, 0x08a4,
  0x08c4, 0x08a4, 0x08a4, 0x08a4, 0x08a4, 0x08a4, 0x08a4, 0x08a4, 0x08a4, 0x08a4, 0x08a4, 0x08a4,
  0x08a4, 0x00a4, 0x00a4, 0x08a4, 0x08a4, 0x08a4, 0x08a4, 0x08c4, 0x08c4, 0x08c4, 0x08c4, 0x08c4,
  0x08c4, 0x08c5, 0x08c5, 0x08c5, 0x00e5, 0x0906, 0x1168, 0x19a9, 0x19a9, 0x19a9, 0x08e6, 0x00a4,
  0x08a4, 0x08a4, 0x08a4, 0x08a4, 0x08a4, 0x08a4, 0x08a4, 0x08a4, 0x08a4, 0x08c4, 0x08a4, 0x08c4,
  0x08a4, 0x00a4, 0x08a4, 0x08a4, 0x08c4, 0x08c4, 0x00c5, 0x08c5, 0x08e5, 0x08e6, 0x0907, 0x1168,
  0x220b, 0x19eb, 0x220b, 0x220b, 0x2a6d, 0x2a6d, 0x2a6d, 0x228e, 0x228e, 0x228e, 0x228e, 0x22af,
  0x22af, 0x22af, 0x22af, 0x22af, 0x22af, 0x22af, 0x22af, 0x228e, 0x228e, 0x228e, 0x228e, 0x228e,
  0x22af, 0x22af, 0x22af, 0x22af, 0x22af, 0x22af, 0x22af, 0x22af, 0x22af, 0x22af, 0x22af, 0x22af,
  0x22af, 0x22af, 0x22af, 0x22af, 0x228e, 0x22af, 0x228e, 0x22af, 0x228e, 0x228e, 0x22af, 0x22af,
  0x22af, 0x22af, 0x22af, 0x22af, 0x22af, 0x22af, 0x22af, 0x22af, 0x22af, 0x22af, 0x22af, 0x22af,
  0x22af, 0x22af, 0x22af, 0x22af, 0x22af, 0x22af, 0x22af, 0x22af, 0x22af, 0x22af, 0x22af, 0x22af,
  0x22af, 0x22af, 0x22af, 0x22af, 0x22af, 0x22af, 0x22af, 0x32ce, 0x1168, 0x00e5, 0x220b, 0x22af,
  0x22af, 0x22af, 0x22af, 0x22af, 0x22af, 0x22af, 0x22af, 0x22af, 0x228e, 0x228e, 0x22af, 0x22af,
  0x22af, 0x22af, 0x22af, 0x22af, 0x228e, 0x228e, 0x228e, 0x228e, 0x226e, 0x226e, 0x226e, 0x226e,
  0x226e, 0x226e, 0x226e, 0x226e, 0x226e, 0x226e, 0x226e, 0x1a2d, 0x1a2d, 0x1a0c, 0x1a0c, 0x1a0c,
  0x220b, 0x220b, 0x19a9, 0x1168, 0x08e6, 0x08e6, 0x08e6, 0x08e6, 0x0906, 0x08e6, 0x08e6, 0x08e5,
  0x08c4, 0x08c4, 0x08c4, 0x08a4, 0x08a4, 0x08a4, 0x00a4, 0x00a4, 0x00a4, 0x08a4, 0x08a4, 0x08a4,
  0x08a4, 0x08a4, 0x08a4, 0x08a4, 0x08a4, 0x08a4, 0x08a4, 0x08a4, 0x00a4, 0x00a4, 0x0084, 0x00a4,
  0x0083, 0x00a4, 0x00a4, 0x00a4, 0x00a4, 0x08a4, 0x08a4, 0x08a4, 0x08a4, 0x08a4, 0x08a4, 0x08a4,
  0x08a4, 0x00a4, 0x00a4, 0x00a4, 0x00a4, 0x00a4, 0x0083, 0x0063, 0x0063, 0x0062, 0x0063, 0x0063,
  0x0063, 0x0063, 0x0063, 0x0063, 0x0063, 0x0063, 0x0063, 0x0063, 0x0063, 0x0063, 0x0062, 0x0063,
  0x0063, 0x0063, 0x0063, 0x0063, 0x0062, 0x0062, 0x0062, 0x0062, 0x0062, 0x0062, 0x08c4, 0x1105,
  0x29a7, 0x0063, 0x0062, 0x0062, 0x0062, 0x0062, 0x0062, 0x0062, 0x0062, 0x0062, 0x0062, 0x0062,
  0x0062, 0x0062, 0x0062, 0x0062, 0x0063, 0x0063, 0x0063, 0x0063, 0x0063, 0x0063, 0x0063, 0x0083,
  0x0083, 0x0083, 0x0083, 0x0083, 0x0083, 0x0083, 0x0083, 0x0083, 0x0083, 0x0083, 0x0083, 0x0083,
  0x0083, 0x0083, 0x00a4, 0x00a4, 0x00a4, 0x00a4, 0x00a4, 0x00a4, 0x00a4, 0x00a4, 0x00a4, 0x00a4,
  0x00a4, 0x00a4, 0x08a4, 0x08a4, 0x00a4, 0x00a4, 0x08a4, 0x08a4, 0x08a4, 0x00a4, 0x00a4, 0x00a4,
  0x08a4, 0x00a4, 0x08a4, 0x08a4, 0x00a4, 0x00a4, 0x00a4, 0x00a4, 0x00a4, 0x00a4, 0x00a4, 0x00a4,
  0x08a4, 0x08a4, 0x08a4, 0x08c4, 0x08c4, 0x08c4, 0x08a4, 0x08c4, 0x08c4, 0x08c4, 0x08c4, 0x08c4,
  0x08c4, 0x08c4, 0x00c5, 0x08c4, 0x08c4, 0x08c4, 0x08a4, 0x08a4, 0x08a4, 0x08a4, 0x08a4, 0x08a4,
  0x08a4, 0x08a4, 0x08a4, 0x00a4, 0x00a4, 0x00a4, 0x00a4, 0x00a4, 0x08a4, 0x08a4, 0x00a4, 0x00a4,
  0x08c4, 0x08c4, 0x08c5, 0x08c5, 0x08c5, 0x08c5, 0x08e6, 0x08e6, 0x08e6, 0x08e6, 0x0906, 0x0927,
  0x1168, 0x1189, 0x19a9, 0x220b, 0x32ce, 0x32ce, 0x32ce, 0x2af0, 0x2af0, 0x2af0, 0x22af, 0x2af0,
  0x2af0, 0x2af0, 0x22af, 0x22af, 0x22af, 0x22af, 0x22af, 0x2af0, 0x2af0, 0x2af0, 0x2af0, 0x2af0,
  0x2af0, 0x2af0, 0x2af0, 0x2af0, 0x2af0, 0x2af0, 0x2af0, 0x2af0, 0x2af0, 0x22af, 0x22af, 0x22af,
  0x22af, 0x22af, 0x22af, 0x22af, 0x22af, 0x22af, 0x22af, 0x22af, 0x22af, 0x22af, 0x2af0, 0x22af,
  0x2af0, 0x2af0, 0x2af0, 0x22af, 0x22af, 0x22af, 0x2af0, 0x2af0, 0x2af0, 0x2af0, 0x2af0, 0x22af,
  0x22af, 0x22af, 0x22af, 0x22af, 0x2af0, 0x2af0, 0x2af0, 0x2af0, 0x2af0, 0x2af0, 0x2af0, 0x2af0,
  0x2af0, 0x2af0, 0x2af0, 0x32ce, 0x424a, 0x10e4, 0x220b, 0x32ce, 0x2af0, 0x2af0, 0x2af0, 0x2af0,
  0x2af0, 0x2af0, 0x2af0, 0x22af, 0x22af, 0x22af, 0x22af, 0x22af, 0x22af, 0x22af, 0x2af0, 0x2af0,
  0x2af0, 0x2af0, 0x22af, 0x22af, 0x228e, 0x2a6d, 0x2a6d, 0x2a6d, 0x2a6d, 0x2a6d, 0x220b, 0x19eb,
  0x220b, 0x1a0c, 0x226e, 0x2a6d, 0x226e, 0x226e, 0x1a2d, 0x220b, 0x19a9, 0x1147, 0x08e5, 0x00c5,
  0x08c4, 0x08c5, 0x08e5, 0x08e6, 0x08e6, 0x08e5, 0x08e5, 0x08c4, 0x08c4, 0x08c4, 0x08c4, 0x08a4,
  0x08a4, 0x08a4, 0x08a4, 0x08a4, 0x00a4, 0x00a4, 0x00a4, 0x08a4, 0x00a4, 0x00a4, 0x00a4, 0x08a4,
  0x00a4, 0x00a4, 0x00a4, 0x00a4, 0x00a4, 0x00a4, 0x00a4, 0x00a4, 0x0083, 0x00a4, 0x00a4, 0x00a4,
  0x00a4, 0x08a4, 0x08a4, 0x08a4, 0x08a4, 0x08a4, 0x08a4, 0x08a4, 0x08a4, 0x00a4, 0x00a4, 0x0083,
  0x0083, 0x0083, 0x0063, 0x0063, 0x0063, 0x0063, 0x0062, 0x0062, 0x0063, 0x0063, 0x0063, 0x0063,
  0x0063, 0x0063, 0x0062, 0x0063, 0x0063, 0x0063, 0x0062, 0x0062, 0x0063, 0x0063, 0x0063, 0x0063,
  0x0062, 0x0063, 0x0063, 0x0063, 0x0062, 0x0062, 0x08c4, 0x1105, 0x29a7, 0x0063, 0x0062, 0x0062,
  0x0062, 0x0062, 0x0062, 0x0062, 0x0062, 0x0062, 0x0062, 0x0062, 0x0062, 0x0062, 0x0062, 0x0062,
  0x0062, 0x0063, 0x0063, 0x0063, 0x0062, 0x0063, 0x0063, 0x0083, 0x0083, 0x0083, 0x0083, 0x0083,
  0x0083, 0x0083, 0x0083, 0x0083, 0x0083, 0x0083, 0x00a4, 0x00a4, 0x0083, 0x0083, 0x00a4, 0x00a4,
  0x00a4, 0x00a4, 0x00a4, 0x00a4, 0x08a4, 0x00a4, 0x00a4, 0x00a4, 0x00a4, 0x00a4, 0x00a4, 0x08a4,
  0x08a4, 0x00a4, 0x08a4, 0x00a4, 0x00a4, 0x00a4, 0x00a4, 0x00a4, 0x00a4, 0x00a4, 0x08a4, 0x00a4,
  0x00a4, 0x00a4, 0x00a4, 0x00a4, 0x00a4, 0x00a4, 0x00a4, 0x08a4, 0x08a4, 0x08a4, 0x08c4, 0x08c4,
  0x08c4, 0x08c4, 0x08c4, 0x08c4, 0x08c4, 0x08c4, 0x08c4, 0x08c4, 0x08c4, 0x08a4, 0x08a4, 0x08c4,
  0x08c4, 0x08a4, 0x08a4, 0x08a4, 0x08a4, 0x08a4, 0x08a4, 0x08a4, 0x08a4, 0x08a4, 0x08a4, 0x08a4,
  0x08a4, 0x08a4, 0x00a4, 0x08c4, 0x08a4, 0x00a4, 0x00a4, 0x08c4, 0x08c4, 0x00c5, 0x08c5, 0x08c5,
  0x08c5, 0x08c5, 0x08c5, 0x08e5, 0x08e5, 0x08e5, 0x0906, 0x0906, 0x0906, 0x0906, 0x0906, 0x1147,
  0x19a9, 0x220b, 0x2a6d, 0x32ce, 0x32ce, 0x2a6d, 0x220b, 0x11ca, 0x220b, 0x220b, 0x2a6d, 0x32ce,
  0x2af0, 0x2af0, 0x2af0, 0x2af0, 0x2b11, 0x2b11, 0x2af0, 0x2b11, 0x2af0, 0x2b11, 0x2b11, 0x2b11,
  0x2b11, 0x2b11, 0x2b11, 0x2b11, 0x2af0, 0x2af0, 0x2af0, 0x2af0, 0x2af0, 0x2af0, 0x2af0, 0x2af0,
  0x2b11, 0x2af0, 0x2af0, 0x2af0, 0x2af0, 0x2b11, 0x2af0, 0x2af0, 0x2b11, 0x2b11, 0x2b11, 0x2b11,
  0x2b11, 0x2b11, 0x2b11, 0x2b11, 0x2b11, 0x2b11, 0x2b11, 0x2b11, 0x2af0, 0x2b11, 0x2af0, 0x2af0,
  0x2b11, 0x2b11, 0x2b11, 0x2b11, 0x2b11, 0x2b11, 0x2b11, 0x2b11, 0x2b11, 0x2b11, 0x2b11, 0x32ce,
  0x31e8, 0x2166, 0x2a6d, 0x3b10, 0x2b11, 0x2b11, 0x2b11, 0x2b11, 0x2b11, 0x2b11, 0x2b11, 0x2af0,
  0x2af0, 0x2af0, 0x2af0, 0x2af0, 0x2af0, 0x2af0, 0x2af0, 0x2af0, 0x2b11, 0x2af0, 0x2af0, 0x2a6d,
  0x11cb, 0x1169, 0x0948, 0x1147, 0x1147, 0x1147, 0x0907, 0x0907, 0x0927, 0x0948, 0x1169, 0x11cb,
  0x220b, 0x220b, 0x19eb, 0x1168, 0x0907, 0x08e5, 0x08c5, 0x08c4, 0x08c4, 0x08c5, 0x08e5, 0x08e5,
  0x08c5, 0x08c5, 0x08c4, 0x08c4, 0x08a4, 0x08c4, 0x08c4, 0x08a4, 0x08a4, 0x08a4, 0x08a4, 0x08a4,
  0x08a4, 0x00a4, 0x08a4, 0x08a4, 0x00a4, 0x00a4, 0x00a4, 0x08a4, 0x00a4, 0x00a4, 0x00a4, 0x00a4,
  0x00a4, 0x00a4, 0x00a4, 0x00a4, 0x00a4, 0x00a4, 0x00a4, 0x08a4, 0x08a4, 0x08a4, 0x08a4, 0x08a4,
  0x08a4, 0x08a4, 0x08a4, 0x08a4, 0x00a4, 0x0083, 0x0083, 0x0083, 0x0083, 0x0063, 0x0063, 0x0063,
  0x0063, 0x0063, 0x0063, 0x0063, 0x0063, 0x0063, 0x0063, 0x0063, 0x0063, 0x0063, 0x0063, 0x0063,
  0x0063, 0x0062, 0x0063, 0x0063, 0x0063, 0x0063, 0x0063, 0x0062, 0x0062, 0x0062, 0x0063, 0x0063,
  0x0062, 0x0062, 0x08e5, 0x1905, 0x29a7, 0x0063, 0x0062, 0x0062, 0x0062, 0x0062, 0x0062, 0x0062,
  0x0062, 0x0062, 0x0062, 0x0062, 0x0062, 0x0062, 0x0062, 0x0062, 0x0062, 0x0062, 0x0062, 0x0063,
  0x0062, 0x0063, 0x0063, 0x0063, 0x0063, 0x0063, 0x0083, 0x0083, 0x0083, 0x0063, 0x0083, 0x0083,
  0x0083, 0x0083, 0x00a4, 0x00a4, 0x00a4, 0x00a4, 0x00a4, 0x00a4, 0x00a4, 0x00a4, 0x00a4, 0x00a4,
  0x00a4, 0x00a4, 0x00a4, 0x00a4, 0x00a4, 0x00a4, 0x00a4, 0x00a4, 0x08a4, 0x00a4, 0x08a4, 0x00a4,
  0x00a4, 0x08a4, 0x00a4, 0x00a4, 0x00a4, 0x00a4, 0x00a4, 0x00a4, 0x08a4, 0x08a4, 0x00a4, 0x08a4,
  0x08a4, 0x08a4, 0x08a4, 0x08a4, 0x08a4, 0x08c4, 0x08c4, 0x08c4, 0x08c4, 0x08c4, 0x08c4, 0x08c4,
  0x08c4, 0x08c4, 0x08c4, 0x08c4, 0x08c4, 0x08c4, 0x08c4, 0x08c4, 0x08c4, 0x08a4, 0x08c4, 0x08a4,
  0x08a4, 0x08a4, 0x08a4, 0x08a4, 0x08a4, 0x08a4, 0x08a4, 0x08a4, 0x08c4, 0x08c4, 0x08c4, 0x08c4,
  0x08c4, 0x08c4, 0x08c4, 0x08c4, 0x08c4, 0x08c5, 0x08e5, 0x08e5, 0x08c5, 0x08c5, 0x08c5, 0x08e5,
  0x08e5, 0x08e5, 0x08e5, 0x08e6, 0x0906, 0x0906, 0x0906, 0x0906, 0x0906, 0x0907, 0x1147, 0x1147,
  0x0907, 0x08e6, 0x08e6, 0x08e6, 0x0906, 0x0906, 0x0907, 0x1169, 0x2a6d, 0x3b10, 0x3b10, 0x2b11,
  0x2b11, 0x2b11, 0x2b11, 0x2b11, 0x3352, 0x3352, 0x3352, 0x3352, 0x3352, 0x3352, 0x3352, 0x2b11,
  0x2b11, 0x2b11, 0x2b11, 0x2b11, 0x2b11, 0x2b11, 0x2b11, 0x3352, 0x3352, 0x2b11, 0x2b11, 0x2b11,
  0x2b11, 0x2b11, 0x2b11, 0x2b11, 0x2b11, 0x3352, 0x3352, 0x3352, 0x3352, 0x3352, 0x3352, 0x3352,
  0x3352, 0x3352, 0x3352, 0x3352, 0x3352, 0x2b11, 0x3352, 0x3352, 0x2b11, 0x3352, 0x3352, 0x3352,
  0x2b11, 0x3352, 0x3352, 0x3352, 0x3352, 0x3352, 0x3352, 0x32ce, 0x3a09, 0x2166, 0x3a4b, 0x3b10,
  0x3b10, 0x2b11, 0x3352, 0x3352, 0x3352, 0x3352, 0x3352, 0x3352, 0x2b11, 0x2b11, 0x2af0, 0x2af0,
  0x2af0, 0x2af0, 0x3b10, 0x3b10, 0x3b10, 0x2a6d, 0x220b, 0x1169, 0x0948, 0x1147, 0x1127, 0x0906,
  0x0906, 0x08e6, 0x08e6, 0x08e6, 0x08e6, 0x0906, 0x0906, 0x0906, 0x0907, 0x1147, 0x0907, 0x08e6,
  0x08e6, 0x08e5, 0x08c5, 0x08c5, 0x08e5, 0x08e5, 0x08e5, 0x08c4, 0x08c4, 0x08c4, 0x00c5, 0x08c4,
  0x08c4, 0x08c4, 0x08c4, 0x08a4, 0x08a4, 0x08c4, 0x08c4, 0x08a4, 0x08a4, 0x08a4, 0x08a4, 0x08a4,
  0x00a4, 0x00a4, 0x00a4, 0x00a4, 0x00a4, 0x00a4, 0x00a4, 0x00a4, 0x00a4, 0x00a4, 0x00a4, 0x00a4,
  0x00a4, 0x08a4, 0x00a4, 0x00a4, 0x00a4, 0x08a4, 0x08a4, 0x08a4, 0x08a4, 0x08a4, 0x08a4, 0x00a4,
  0x0083, 0x0083, 0x0083, 0x0083, 0x0083, 0x0083, 0x0083, 0x0083, 0x0063, 0x0063, 0x0063, 0x0063,
  0x0063, 0x0063, 0x0063, 0x0063, 0x0063, 0x0063, 0x0063, 0x0063, 0x0063, 0x0063, 0x0063, 0x0062,
  0x0063, 0x0063, 0x0063, 0x0063, 0x0063, 0x0063, 0x0063, 0x0063, 0x0062, 0x0063, 0x08e5, 0x1925,
  0x29a7, 0x0063, 0x0062, 0x0062, 0x0062, 0x0062, 0x0062, 0x0062, 0x0062, 0x0062, 0x0062, 0x0062,
  0x0062, 0x0063, 0x0062, 0x0062, 0x0062, 0x0062, 0x0062, 0x0062, 0x0062, 0x0062, 0x0063, 0x0063,
  0x0063, 0x0063, 0x0063, 0x0083, 0x0063, 0x0063, 0x0063, 0x0083, 0x0083, 0x0083, 0x00a4, 0x00a4,
  0x00a4, 0x00a4, 0x00a4, 0x08a4, 0x00a4, 0x00a4, 0x00a4, 0x08a4, 0x08a4, 0x00a4, 0x08a4, 0x08a4,
  0x00a4, 0x00a4, 0x00a4, 0x00a4, 0x00a4, 0x08a4, 0x00a4, 0x00a4, 0x00a4, 0x08a4, 0x08a4, 0x08a4,
  0x00a4, 0x00a4, 0x00a4, 0x08a4, 0x08a4, 0x08a4, 0x08a4, 0x08a4, 0x08a4, 0x08a4, 0x08a4, 0x08a4,
  0x08c4, 0x08c5, 0x08c5, 0x08c5, 0x08c4, 0x08c4, 0x08a4, 0x08a4, 0x08a4, 0x08a4, 0x08c4, 0x08c4,
  0x08c4, 0x08c4, 0x08c4, 0x08c4, 0x08c4, 0x08c4, 0x08c4, 0x08c4, 0x08c4, 0x08c4, 0x08c4, 0x08c4,
  0x08c4, 0x08c4, 0x08c4, 0x08c4, 0x08c4, 0x08c4, 0x08c4, 0x08c4, 0x08c4, 0x08c4, 0x08c4, 0x08c5,
  0x08c5, 0x08c5, 0x08c5, 0x08e5, 0x08e5, 0x08e5, 0x08e5, 0x08e5, 0x08e5, 0x08e5, 0x08e5, 0x08e5,
  0x08e5, 0x08e6, 0x08e6, 0x0906, 0x0906, 0x0906, 0x08e6, 0x08e5, 0x08e5, 0x08c5, 0x08e5, 0x08e6,
  0x08e6, 0x08e6, 0x0906, 0x0906, 0x0927, 0x19a9, 0x32ce, 0x3b10, 0x2b11, 0x2b11, 0x3352, 0x3352,
  0x3352, 0x3393, 0x3393, 0x3352, 0x3352, 0x3352, 0x4372, 0x4372, 0x3352, 0x3352, 0x3352, 0x3352,
  0x3352, 0x3352, 0x3352, 0x3352, 0x3393, 0x3393, 0x3393, 0x3352, 0x3352, 0x3352, 0x3352, 0x3352,
  0x3352, 0x3352, 0x3393, 0x3393, 0x3393, 0x3393, 0x3393, 0x3393, 0x3393, 0x3393, 0x3393, 0x3393,
  0x3393, 0x3393, 0x3393, 0x3352, 0x3352, 0x3352, 0x3352, 0x32ce, 0x2a6d, 0x3b10, 0x3393, 0x3393,
  0x3393, 0x3393, 0x3b10, 0x2a6d, 0x31e8, 0x1105, 0x21a8, 0x31e9, 0x220b, 0x32ce, 0x3352, 0x3352,
  0x3393, 0x3393, 0x4372, 0x4372, 0x4372, 0x3352, 0x32ce, 0x32ce, 0x32ce, 0x2a6d, 0x220b, 0x220b,
  0x11cb, 0x1169, 0x0948, 0x1147, 0x1147, 0x1127, 0x1127, 0x0906, 0x08e6, 0x08e6, 0x08e5, 0x08e5,
  0x08e5, 0x08e6, 0x08e6, 0x08e6, 0x08e6, 0x08e6, 0x08e6, 0x08e6, 0x08e5, 0x08e5, 0x08e6, 0x08e6,
  0x08e6, 0x08e5, 0x08c5, 0x08c4, 0x08c4, 0x08c4, 0x00c5, 0x08c4, 0x08c4, 0x08c4, 0x08c4, 0x08c4,
  0x08c4, 0x08c4, 0x08c4, 0x08a4, 0x08a4, 0x08a4, 0x08a4, 0x08a4, 0x08a4, 0x08a4, 0x08a4, 0x08a4,
  0x08a4, 0x00a4, 0x08a4, 0x00a4, 0x00a4, 0x08a4, 0x08a4, 0x08a4, 0x08a4, 0x08a4, 0x08a4, 0x08a4,
  0x08a4, 0x08a4, 0x00a4, 0x08a4, 0x08c4, 0x08a4, 0x00a4, 0x0083, 0x0083, 0x0083, 0x0083, 0x0083,
  0x0083, 0x0083, 0x0083, 0x0083, 0x0063, 0x0063, 0x0063, 0x0063, 0x0063, 0x0063, 0x0063, 0x0063,
  0x0063, 0x0063, 0x0063, 0x0063, 0x0063, 0x0063, 0x0063, 0x0062, 0x0063, 0x0063, 0x0063, 0x0063,
  0x0063, 0x0063, 0x0063, 0x0063, 0x0062, 0x0063, 0x08c4, 0x1925, 0x29a7, 0x0063, 0x0062, 0x0062,
  0x0062, 0x0062, 0x0062, 0x0062, 0x0062, 0x0062, 0x0062, 0x0062, 0x0062, 0x0062, 0x0062, 0x0062,
  0x0062, 0x0062, 0x0062, 0x0062, 0x0062, 0x0062, 0x0062, 0x0063, 0x0062, 0x0083, 0x0063, 0x0062,
  0x0062, 0x0063, 0x0063, 0x0063, 0x0083, 0x0083, 0x0083, 0x0083, 0x00a4, 0x08a4, 0x08a4, 0x08a4,
  0x08a4, 0x00a4, 0x08a4, 0x08a4, 0x08a4, 0x08a4, 0x08a4, 0x08a4, 0x08a4, 0x08a4, 0x08a4, 0x00a4,
  0x00a4, 0x00a4, 0x00a4, 0x08a4, 0x00a4, 0x00a4, 0x00a4, 0x00a4, 0x00a4, 0x00a4, 0x08a4, 0x08a4,
  0x08a4, 0x08a4, 0x08a4, 0x08a4, 0x08a4, 0x08a4, 0x08a4, 0x08a4, 0x08c4, 0x08c4, 0x08c4, 0x08c4,
  0x08c4, 0x08a4, 0x08a4, 0x08a4, 0x08a4, 0x08a4, 0x08a4, 0x08c4, 0x08c4, 0x08c4, 0x08c4, 0x08c4,
  0x08c4, 0x08c4, 0x08c4, 0x08c4, 0x08c5, 0x08c5, 0x08c5, 0x08c5, 0x08c4, 0x08c4, 0x08c4, 0x08c4,
  0x08c4, 0x08c4, 0x08c4, 0x08c4, 0x08c4, 0x08c4, 0x08c4, 0x08c5, 0x08c5, 0x08c5, 0x08c5, 0x08c5,
  0x08c5, 0x08e5, 0x08e5, 0x08e5, 0x08e5, 0x08e5, 0x08e5, 0x08e5, 0x08e5, 0x08e5, 0x08e5, 0x08e5,
  0x08e6, 0x0906, 0x08e6, 0x08e6, 0x08e5, 0x08e5, 0x08e5, 0x08e5, 0x08e5, 0x08e5, 0x08e6, 0x08e6,
  0x0906, 0x0907, 0x1147, 0x220b, 0x32ce, 0x3b10, 0x4372, 0x3393, 0x4372, 0x3b10, 0x2a6d, 0x220b,
  0x220b, 0x11cb, 0x220b, 0x2a6d, 0x32ce, 0x3b10, 0x4372, 0x3393, 0x3393, 0x3352, 0x3393, 0x3393,
  0x3393, 0x3bd4, 0x3bd4, 0x3bd4, 0x3393, 0x3393, 0x3393, 0x3393, 0x3393, 0x3393, 0x3393, 0x3bd4,
  0x3bd4, 0x3bd4, 0x3bd4, 0x3bd4, 0x3bd4, 0x3bd4, 0x3bd4, 0x3393, 0x3393, 0x3bd4, 0x3393, 0x3393,
  0x3393, 0x4372, 0x2a6d, 0x1127, 0x1106, 0x1147, 0x32ce, 0x3393, 0x3393, 0x3393, 0x19eb, 0x08e6,
  0x10e5, 0x08e5, 0x08a4, 0x08c4, 0x1925, 0x2a6d, 0x4372, 0x3b10, 0x3b10, 0x3b10, 0x32ce, 0x32ce,
  0x2a6d, 0x220b, 0x11a9, 0x1168, 0x1168, 0x0948, 0x1147, 0x1147, 0x1147, 0x1147, 0x1147, 0x1147,
  0x1147, 0x0907, 0x0906, 0x0906, 0x08e6, 0x08e5, 0x08e5, 0x08c5, 0x08e5, 0x08e5, 0x08e5, 0x08e5,
  0x08e6, 0x08e6, 0x08e6, 0x08e6, 0x08e6, 0x08e6, 0x0906, 0x0906, 0x08e6, 0x08c5, 0x08c4, 0x08c4,
  0x08c4, 0x08c4, 0x08c4, 0x08c4, 0x00c5, 0x08c5, 0x08c4, 0x08c4, 0x08c4, 0x08c4, 0x00c5, 0x08c4,
  0x08a4, 0x08a4, 0x08c4, 0x08a4, 0x08c4, 0x08c4, 0x08c4, 0x08c4, 0x08a4, 0x08a4, 0x08a4, 0x08a4,
  0x00a4, 0x08a4, 0x08a4, 0x08a4, 0x08a4, 0x00a4, 0x08a4, 0x08a4, 0x08a4, 0x00a4, 0x00a4, 0x00a4,
  0x00a4, 0x00a4, 0x0083, 0x0083, 0x0083, 0x0083, 0x0083, 0x0083, 0x0083, 0x0083, 0x0083, 0x0083,
  0x0063, 0x0063, 0x0083, 0x0083, 0x0063, 0x0083, 0x0063, 0x0083, 0x0063, 0x0083, 0x0063, 0x0063,
  0x0063, 0x0063, 0x0063, 0x0063, 0x0063, 0x0063, 0x0063, 0x0063, 0x0063, 0x0063, 0x0062, 0x0062,
  0x0063, 0x0063, 0x08c4, 0x1905, 0x29a7, 0x0063, 0x0062, 0x0062, 0x0062, 0x0062, 0x0062, 0x0062,
  0x0062, 0x0062, 0x0063, 0x0062, 0x0062, 0x0062, 0x0062, 0x0062, 0x0082, 0x0062, 0x0062, 0x0083,
  0x0063, 0x0062, 0x0063, 0x0082, 0x0083, 0x0062, 0x0063, 0x0063, 0x0063, 0x0063, 0x0063, 0x0063,
  0x0063, 0x0083, 0x0083, 0x0083, 0x00a4, 0x08a4, 0x08a4, 0x08a4, 0x08a4, 0x08a4, 0x08a4, 0x08a4,
  0x08a4, 0x08a4, 0x08a4, 0x08a4, 0x08c4, 0x08a4, 0x08a4, 0x08a4, 0x08a4, 0x08a4, 0x08a4, 0x08a4,
  0x08a4, 0x00a4, 0x00a4, 0x00a4, 0x00a4, 0x08a4, 0x08a4, 0x08a4, 0x08a4, 0x08a4, 0x08a4, 0x08a4,
  0x08a4, 0x08a4, 0x08a4, 0x08a4, 0x08c4, 0x08c4, 0x08c4, 0x08c4, 0x08c4, 0x08a4, 0x08a4, 0x08a4,
  0x08c4, 0x08c4, 0x08c4, 0x08a4, 0x08a4, 0x08c4, 0x08c4, 0x08c4, 0x08c5, 0x08c4, 0x08c4, 0x08c5,
  0x08c5, 0x08c5, 0x08c5, 0x08c5, 0x08c5, 0x08c5, 0x08c5, 0x08c5, 0x08c5, 0x08c5, 0x08c5, 0x08c5,
  0x08c5, 0x08c5, 0x08c5, 0x08c5, 0x08c5, 0x08c5, 0x08c5, 0x08e5, 0x08e5, 0x08e5, 0x08e5, 0x08e5,
  0x08e5, 0x08e5, 0x08e5, 0x08e5, 0x08e5, 0x08e5, 0x08e5, 0x08e5, 0x08e5, 0x08e6, 0x08e6, 0x08e6,
  0x08e6, 0x08e6, 0x08e6, 0x08e6, 0x08e6, 0x08e6, 0x08e5, 0x08e5, 0x08e5, 0x08e6, 0x0906, 0x0906,
  0x1147, 0x19eb, 0x2a6d, 0x32ce, 0x2a6d, 0x19a9, 0x0927, 0x0906, 0x0906, 0x0907, 0x0907, 0x0907,
  0x0927, 0x19a9, 0x2a6d, 0x3b10, 0x4372, 0x3b10, 0x32ce, 0x2a6d, 0x4372, 0x3bd4, 0x4414, 0x4414,
  0x3bd4, 0x3bd4, 0x3bd4, 0x3bd4, 0x3bd4, 0x3bd4, 0x3bd4, 0x3bd4, 0x4414, 0x4414, 0x4414, 0x4414,
  0x4414, 0x3bd4, 0x3bd4, 0x3bd4, 0x3bd4, 0x3bd4, 0x3bd4, 0x3bd4, 0x32ce, 0x2a6d, 0x322a, 0x2966,
  0x2966, 0x2187, 0x32ce, 0x4372, 0x3393, 0x4372, 0x19a9, 0x2166, 0x31a7, 0x2167, 0x08e5, 0x1926,
  0x3a09, 0x322a, 0x2a6d, 0x19eb, 0x19a9, 0x1189, 0x1189, 0x1168, 0x1168, 0x1168, 0x0948, 0x1147,
  0x1147, 0x1147, 0x0927, 0x1127, 0x0906, 0x0906, 0x0906, 0x0906, 0x0907, 0x0906, 0x0906, 0x0906,
  0x08e6, 0x08e6, 0x08e6, 0x08e5, 0x08e6, 0x08e5, 0x08e5, 0x08e5, 0x08e6, 0x08e6, 0x08e6, 0x08e6,
  0x0906, 0x08e6, 0x08e6, 0x08e5, 0x08e5, 0x08c5, 0x08c5, 0x08c4, 0x08c5, 0x08c5, 0x08c5, 0x08c5,
  0x08c4, 0x08c4, 0x08c4, 0x08c4, 0x08c4, 0x08c5, 0x08c5, 0x08c5, 0x08c4, 0x08c4, 0x08c4, 0x08c4,
  0x08c4, 0x08c4, 0x08c4, 0x08c4, 0x08c4, 0x08a4, 0x08a4, 0x08c4, 0x08c4, 0x08a4, 0x08a4, 0x08a4,
  0x08a4, 0x08c4, 0x08a4, 0x00a4, 0x00a4, 0x00a4, 0x00a4, 0x00a4, 0x0083, 0x0083, 0x0083, 0x0083,
  0x0083, 0x0083, 0x0083, 0x0083, 0x0083, 0x0083, 0x0083, 0x0083, 0x0063, 0x0083, 0x0083, 0x0083,
  0x0083, 0x0083, 0x0083, 0x0083, 0x0083, 0x0083, 0x0063, 0x0063, 0x0063, 0x0062, 0x0063, 0x0063,
  0x0063, 0x0063, 0x0063, 0x0063, 0x0063, 0x0063, 0x0062, 0x0063, 0x0063, 0x0063, 0x08e5, 0x1925,
  0x31a7, 0x0063, 0x0062, 0x0062, 0x0062, 0x0062, 0x0062, 0x0062, 0x0062, 0x0062, 0x0062, 0x0062,
  0x0062, 0x0062, 0x0062, 0x0062, 0x0082, 0x0062, 0x0062, 0x0082, 0x0063, 0x0062, 0x0062, 0x0083,
  0x0062, 0x0063, 0x0063, 0x0063, 0x0062, 0x0063, 0x0063, 0x0063, 0x0063, 0x0063, 0x0083, 0x0083,
  0x0083, 0x0083, 0x0083, 0x00a4, 0x00a4, 0x00a4, 0x08a4, 0x08a4, 0x08a4, 0x08a4, 0x08c4, 0x08c4,
  0x08c4, 0x08c4, 0x08c4, 0x08c4, 0x08a4, 0x08a4, 0x08a4, 0x08a4, 0x08c4, 0x08a4, 0x08a4, 0x00a4,
  0x08a4, 0x08a4, 0x08a4, 0x08a4, 0x08a4, 0x08a4, 0x08a4, 0x08a4, 0x08a4, 0x08c4, 0x08c4, 0x08c4,
  0x08c4, 0x08c5, 0x08c4, 0x08c4, 0x08c4, 0x08c4, 0x08c4, 0x08c5, 0x08c4, 0x08c4, 0x08c4, 0x08c4,
  0x08a4, 0x08a4, 0x08a4, 0x08c4, 0x08c4, 0x08c5, 0x08c5, 0x08c5, 0x08c5, 0x08e5, 0x08e5, 0x08e5,
  0x08c5, 0x08e5, 0x08e5, 0x08c5, 0x08c5, 0x08c5, 0x08c5, 0x08c5, 0x08c5, 0x08e5, 0x08c5, 0x08c5,
  0x08c5, 0x08c5, 0x08c5, 0x08e5, 0x08e5, 0x08e5, 0x08e5, 0x08e5, 0x08e5, 0x08e5, 0x08e5, 0x08e5,
  0x08e6, 0x08e5, 0x08e5, 0x08e5, 0x08e5, 0x08e5, 0x08e5, 0x08e5, 0x08e5, 0x08e6, 0x08e6, 0x08e6,
  0x08e6, 0x0906, 0x0906, 0x08e6, 0x08e6, 0x08e6, 0x08e6, 0x08e6, 0x0906, 0x0906, 0x0907, 0x1147,
  0x0907, 0x0906, 0x0906, 0x0906, 0x0906, 0x0906, 0x0906, 0x0906, 0x0906, 0x0906, 0x0907, 0x1168,
  0x1168, 0x1147, 0x0927, 0x0947, 0x11a9, 0x220b, 0x3b10, 0x4372, 0x3bd4, 0x3bd4, 0x3bd4, 0x3bd4,
  0x3bd4, 0x3393, 0x3b10, 0x4372, 0x4372, 0x3bd4, 0x4414, 0x4414, 0x4414, 0x4414, 0x4414, 0x4414,
  0x4414, 0x4372, 0x32ce, 0x32ce, 0x1168, 0x2187, 0x29a7, 0x39c7, 0x3186, 0x1105, 0x2a6d, 0x32ce,
  0x2a6d, 0x2a6d, 0x1926, 0x10e5, 0x1105, 0x29a7, 0x2167, 0x1106, 0x31a7, 0x2187, 0x1147, 0x1147,
  0x1147, 0x1147, 0x1147, 0x1147, 0x1147, 0x0948, 0x0948, 0x1147, 0x1147, 0x0927, 0x0907, 0x0906,
  0x0906, 0x0906, 0x08e6, 0x08e5, 0x08e6, 0x0906, 0x0906, 0x0906, 0x0906, 0x0906, 0x08e6, 0x08e6,
  0x08e6, 0x08e6, 0x08e6, 0x08e6, 0x08e5, 0x08e5, 0x08e6, 0x08e6, 0x08e6, 0x08e6, 0x08e5, 0x08e5,
  0x08e5, 0x08c5, 0x08c5, 0x08c5, 0x08c5, 0x08c5, 0x08c5, 0x08c5, 0x08c5, 0x08c5, 0x08c5, 0x08c5,
  0x08c5, 0x08c5, 0x08c5, 0x08c4, 0x08c5, 0x08c5, 0x08c5, 0x08c4, 0x08c4, 0x08c4, 0x08c4, 0x08c4,
  0x08c5, 0x08c4, 0x08c4, 0x08c4, 0x08a4, 0x08a4, 0x08c4, 0x08c4, 0x08c4, 0x08c4, 0x00a4, 0x08a4,
  0x08a4, 0x08a4, 0x08a4, 0x08a4, 0x00a4, 0x0083, 0x0083, 0x0083, 0x0083, 0x0083, 0x0083, 0x0083,
  0x0083, 0x0083, 0x0083, 0x0083, 0x0083, 0x0083, 0x0083, 0x0063, 0x0063, 0x0063, 0x0083, 0x0063,
  0x0063, 0x0083, 0x0083, 0x0083, 0x0063, 0x0063, 0x0063, 0x0063, 0x0063, 0x0063, 0x0063, 0x0063,
  0x0063, 0x0063, 0x0063, 0x0063, 0x0063, 0x0063, 0x10e5, 0x1925, 0x31a7, 0x0063, 0x0062, 0x0062,
  0x0062, 0x0062, 0x0062, 0x0062, 0x0062, 0x0062, 0x0062, 0x0062, 0x0062, 0x0062, 0x0062, 0x0082,
  0x0082, 0x0062, 0x0062, 0x0062, 0x0062, 0x0062, 0x0063, 0x0062, 0x0063, 0x0063, 0x0063, 0x0063,
  0x0063, 0x0083, 0x0063, 0x0063, 0x0063, 0x0083, 0x0083, 0x0083, 0x0083, 0x00a4, 0x0083, 0x0083,
  0x0083, 0x00a4, 0x00a4, 0x00a4, 0x08a4, 0x08a4, 0x08a4, 0x08c4, 0x08c4, 0x08c4, 0x00a4, 0x08c4,
  0x08c4, 0x08c4, 0x08c4, 0x08a4, 0x08c4, 0x08c4, 0x08c4, 0x08a4, 0x08a4, 0x08a4, 0x08a4, 0x08a4,
  0x08c4, 0x08a4, 0x08c4, 0x08c4, 0x08a4, 0x08a4, 0x08c4, 0x08c4, 0x08c4, 0x08c5, 0x08c4, 0x08c4,
  0x08c5, 0x08c5, 0x08c4, 0x08e5, 0x08c5, 0x08c4, 0x08c4, 0x08c4, 0x08c4, 0x08a4, 0x08c4, 0x08c4,
  0x08c4, 0x08c4, 0x08c5, 0x08c5, 0x08c5, 0x08c5, 0x08e5, 0x08e5, 0x08c5, 0x08c5, 0x08e5, 0x08e5,
  0x08c5, 0x08c5, 0x08c5, 0x08c5, 0x08c5, 0x08e5, 0x08c5, 0x08c5, 0x08c5, 0x08e5, 0x08c5, 0x08e5,
  0x08e5, 0x08e5, 0x08e6, 0x08e6, 0x08e6, 0x08e6, 0x08e6, 0x08e6, 0x08e5, 0x08e5, 0x08e5, 0x08e6,
  0x08e6, 0x08e5, 0x08e5, 0x08e5, 0x08e5, 0x08e5, 0x08e6, 0x08e6, 0x0906, 0x0906, 0x0906, 0x0906,
  0x0906, 0x08e6, 0x08e6, 0x08e6, 0x08e6, 0x0906, 0x0906, 0x0906, 0x0906, 0x0906, 0x0906, 0x0906,
  0x0906, 0x0907, 0x0906, 0x0906, 0x0906, 0x0906, 0x0906, 0x0906, 0x0907, 0x0907, 0x0907, 0x0907,
  0x0947, 0x0948, 0x1189, 0x19a9, 0x11cb, 0x2a6d, 0x32ce, 0x32ce, 0x2a6d, 0x11ca, 0x11a9, 0x11ca,
  0x19eb, 0x19ec, 0x2a6d, 0x3b10, 0x4372, 0x3bd4, 0x3bd4, 0x3b10, 0x2a6d, 0x19a9, 0x1127, 0x0906,
  0x1127, 0x1967, 0x1946, 0x39e8, 0x2145, 0x10c4, 0x1127, 0x19a9, 0x1168, 0x1168, 0x08e6, 0x1925,
  0x2966, 0x39c7, 0x2966, 0x1105, 0x1905, 0x1106, 0x1147, 0x1147, 0x1127, 0x0906, 0x08e5, 0x0906,
  0x1147, 0x1147, 0x0947, 0x1147, 0x1147, 0x1127, 0x0907, 0x0907, 0x0907, 0x0906, 0x08e5, 0x1905,
  0x1946, 0x1926, 0x1926, 0x0906, 0x08e6, 0x08e6, 0x08e6, 0x1106, 0x1106, 0x08e6, 0x08e6, 0x08e6,
  0x08e6, 0x08e5, 0x08e5, 0x08e5, 0x08e6, 0x08e6, 0x08e5, 0x08e6, 0x08e6, 0x08e5, 0x08e5, 0x08e5,
  0x08c5, 0x08c5, 0x08c5, 0x08c5, 0x08e5, 0x08e5, 0x08e5, 0x08e5, 0x08e5, 0x08c5, 0x08c5, 0x08c5,
  0x08c5, 0x08c5, 0x08c5, 0x08c5, 0x08c5, 0x08c5, 0x08c5, 0x08c5, 0x08c5, 0x08c5, 0x08c4, 0x08c4,
  0x08c4, 0x08c4, 0x08c4, 0x08a4, 0x08a4, 0x08a4, 0x08a4, 0x08a4, 0x08a4, 0x08a4, 0x08a4, 0x08a4,
  0x00a4, 0x00a4, 0x00a4, 0x00a4, 0x0083, 0x00a4, 0x0083, 0x0083, 0x0083, 0x0083, 0x0083, 0x0083,
  0x0083, 0x0083, 0x0083, 0x0083, 0x0083, 0x0083, 0x0083, 0x0083, 0x0083, 0x0083, 0x0083, 0x0083,
  0x0063, 0x0063, 0x0063, 0x0063, 0x0063, 0x0063, 0x0063, 0x0063, 0x0083, 0x0063, 0x0063, 0x0063,
  0x0063, 0x0083, 0x10e5, 0x1926, 0x31a7, 0x0063, 0x0062, 0x0062, 0x0062, 0x0062, 0x0062, 0x0062,
  0x0062, 0x0062, 0x0062, 0x0062, 0x0062, 0x0062, 0x0062, 0x0062, 0x0062, 0x0062, 0x0063, 0x0062,
  0x0063, 0x0082, 0x0062, 0x0062, 0x0062, 0x0063, 0x0063, 0x0063, 0x0063, 0x0083, 0x0063, 0x0063,
  0x0063, 0x0083, 0x0083, 0x0083, 0x0083, 0x0083, 0x0083, 0x0083, 0x00a4, 0x00a4, 0x0083, 0x0083,
  0x0083, 0x00a4, 0x00a4, 0x08a4, 0x08a4, 0x08a4, 0x08a4, 0x08c4, 0x08c4, 0x08c4, 0x08c4, 0x08c4,
  0x08c4, 0x08c4, 0x08c4, 0x08a4, 0x08a4, 0x08a4, 0x08a4, 0x08a4, 0x08a4, 0x08a4, 0x08a4, 0x08a4,
  0x08a4, 0x08a4, 0x08c4, 0x08c4, 0x08c4, 0x08c4, 0x08c4, 0x08c4, 0x08c5, 0x08c4, 0x08c4, 0x10e5,
  0x08e5, 0x08c4, 0x08c4, 0x08c4, 0x08c4, 0x08c4, 0x08c4, 0x08c4, 0x08c4, 0x08c4, 0x08c5, 0x08c5,
  0x08c5, 0x08c5, 0x08e5, 0x08e5, 0x08e5, 0x08e5, 0x08e5, 0x08e5, 0x08e5, 0x08c5, 0x08e5, 0x08e5,
  0x08e5, 0x08e5, 0x08e5, 0x08e5, 0x08e5, 0x08e5, 0x08e5, 0x08e6, 0x08e6, 0x08e6, 0x0906, 0x08e6,
  0x08e6, 0x2166, 0x31e8, 0x1106, 0x08e6, 0x08e6, 0x08e6, 0x08e6, 0x08e6, 0x08e6, 0x08e6, 0x08e6,
  0x08e6, 0x08e6, 0x08e6, 0x08e6, 0x08e5, 0x08e6, 0x31e8, 0x1967, 0x0906, 0x0906, 0x0906, 0x0906,
  0x0906, 0x0906, 0x0906, 0x0906, 0x0906, 0x0906, 0x0906, 0x0906, 0x0907, 0x0906, 0x0906, 0x0906,
  0x0906, 0x0906, 0x1127, 0x1127, 0x1147, 0x1147, 0x1127, 0x0927, 0x0947, 0x0947, 0x0948, 0x0948,
  0x1147, 0x1147, 0x1147, 0x0948, 0x1168, 0x1168, 0x1168, 0x19a9, 0x322a, 0x3a4b, 0x31e9, 0x1168,
  0x1189, 0x19a9, 0x19a9, 0x0947, 0x0906, 0x1926, 0x2987, 0x1106, 0x1946, 0x29a7, 0x31a7, 0x31a7,
  0x10c4, 0x2145, 0x1925, 0x1967, 0x1127, 0x1147, 0x1106, 0x31a7, 0x4228, 0x39c7, 0x3186, 0x1905,
  0x31a7, 0x1946, 0x1127, 0x1127, 0x1105, 0x10e4, 0x08a4, 0x08e5, 0x1127, 0x1147, 0x1147, 0x1147,
  0x1127, 0x29a7, 0x1946, 0x0906, 0x0907, 0x1127, 0x08c4, 0x10c4, 0x10e4, 0x10c4, 0x08c4, 0x08e6,
  0x08e6, 0x08e6, 0x08e6, 0x08e6, 0x08e6, 0x08e5, 0x08e5, 0x1105, 0x10e5, 0x08e5, 0x08e6, 0x08e6,
  0x08e6, 0x08e6, 0x08e6, 0x08e6, 0x08e6, 0x08e5, 0x08e5, 0x08e5, 0x08e5, 0x08e5, 0x08e6, 0x10e5,
  0x08e5, 0x08e5, 0x08e5, 0x08e5, 0x08e5, 0x08e5, 0x08e5, 0x08e5, 0x08e5, 0x08e5, 0x08e5, 0x08e5,
  0x08e5, 0x08c5, 0x08c5, 0x08e5, 0x08e5, 0x08e5, 0x08e5, 0x08c4, 0x08c4, 0x08c4, 0x08a4, 0x08a4,
  0x08a4, 0x08a4, 0x08c4, 0x08a4, 0x08a4, 0x08a4, 0x08a4, 0x08a4, 0x08a4, 0x00a4, 0x00a4, 0x00a4,
  0x00a4, 0x00a4, 0x00a4, 0x00a4, 0x00a4, 0x00a4, 0x0083, 0x0083, 0x0083, 0x0083, 0x0083, 0x0083,
  0x0083, 0x0083, 0x0083, 0x0083, 0x0083, 0x0083, 0x0083, 0x0083, 0x0063, 0x0083, 0x0063, 0x0063,
  0x0063, 0x0083, 0x0083, 0x0083, 0x0063, 0x0083, 0x0083, 0x0083, 0x0083, 0x0063, 0x10e5, 0x1926,
  0x29c8, 0x0063, 0x0062, 0x0062, 0x0062, 0x0062, 0x0062, 0x0062, 0x0062, 0x0062, 0x0062, 0x0082,
  0x0063, 0x0062, 0x0082, 0x0063, 0x0062, 0x0063, 0x0063, 0x0063, 0x0083, 0x0082, 0x0083, 0x0062,
  0x0062, 0x0062, 0x0062, 0x0083, 0x0063, 0x0062, 0x0063, 0x0083, 0x0063, 0x0083, 0x0083, 0x0083,
  0x0083, 0x0083, 0x0083, 0x0083, 0x00a4, 0x00a4, 0x0083, 0x0083, 0x0083, 0x0083, 0x00a4, 0x00a4,
  0x00a4, 0x00a4, 0x00a4, 0x08a4, 0x08a4, 0x08a4, 0x08a4, 0x08c4, 0x08c4, 0x08c4, 0x08a4, 0x08a4,
  0x08a4, 0x08a4, 0x08a4, 0x08a4, 0x08a4, 0x08a4, 0x08a4, 0x08a4, 0x08a4, 0x00a4, 0x08a4, 0x08a4,
  0x00a4, 0x08a4, 0x08a4, 0x08a4, 0x08a4, 0x08c4, 0x08c4, 0x1905, 0x08a4, 0x08c4, 0x08c4, 0x08c4,
  0x08c4, 0x08c4, 0x08c4, 0x08e5, 0x08c5, 0x08c5, 0x10e5, 0x1105, 0x08c5, 0x08e5, 0x08e5, 0x08e5,
  0x08e5, 0x08e5, 0x08e5, 0x08c4, 0x08c4, 0x08c4, 0x08c5, 0x08c5, 0x08e6, 0x08e6, 0x08e5, 0x08e5,
  0x08e5, 0x08e5, 0x08e5, 0x08e6, 0x08e6, 0x08e6, 0x0906, 0x0906, 0x08e5, 0x1925, 0x2167, 0x2167,
  0x2166, 0x08e5, 0x08e5, 0x08e5, 0x08e5, 0x08e5, 0x08e5, 0x08e6, 0x08e6, 0x08e5, 0x08e5, 0x08e5,
  0x08c4, 0x10e5, 0x3a09, 0x1946, 0x08e6, 0x0906, 0x1127, 0x0906, 0x0906, 0x0906, 0x0906, 0x0906,
  0x0906, 0x0906, 0x0906, 0x0906, 0x0906, 0x0906, 0x08e6, 0x08e5, 0x2166, 0x1967, 0x0906, 0x0907,
  0x1147, 0x1168, 0x1168, 0x1168, 0x1168, 0x1168, 0x1967, 0x0906, 0x0906, 0x1147, 0x1168, 0x1168,
  0x1168, 0x1147, 0x1127, 0x0906, 0x31e8, 0x3a09, 0x29a7, 0x0906, 0x0907, 0x1127, 0x1127, 0x1106,
  0x1967, 0x1925, 0x1105, 0x10e5, 0x1946, 0x10e4, 0x3186, 0x2966, 0x10e4, 0x10e4, 0x08c4, 0x2145,
  0x31e8, 0x1926, 0x1105, 0x1905, 0x08c4, 0x10e4, 0x31a7, 0x2145, 0x39e8, 0x2146, 0x10e5, 0x08c4,
  0x10e4, 0x1905, 0x10c4, 0x08c4, 0x0906, 0x1127, 0x1127, 0x0906, 0x10e5, 0x2145, 0x1905, 0x08e5,
  0x0906, 0x0906, 0x08e5, 0x2145, 0x10e4, 0x2146, 0x08a4, 0x08e6, 0x0906, 0x0906, 0x08e6, 0x08e5,
  0x08c5, 0x08c4, 0x08c4, 0x08c4, 0x08c4, 0x08c5, 0x08e5, 0x08e5, 0x08c5, 0x08c5, 0x08c5, 0x08e5,
  0x08e5, 0x08e6, 0x08e6, 0x08e5, 0x08e5, 0x08c5, 0x2167, 0x31a7, 0x08c4, 0x08e5, 0x1925, 0x1105,
  0x08c5, 0x08e5, 0x08e5, 0x08e5, 0x08e5, 0x10e5, 0x10e5, 0x08e5, 0x08c4, 0x08c4, 0x08c4, 0x08e5,
  0x08c4, 0x08e5, 0x08c5, 0x08c4, 0x08c4, 0x08c4, 0x08c4, 0x08c4, 0x08c4, 0x08c4, 0x08c4, 0x08a4,
  0x08a4, 0x08a4, 0x08a4, 0x08a4, 0x08c4, 0x08a4, 0x00a4, 0x00a4, 0x00a4, 0x00a4, 0x00a4, 0x00a4,
  0x00a4, 0x00a4, 0x00a4, 0x0083, 0x0083, 0x0083, 0x0083, 0x0083, 0x0083, 0x0083, 0x0083, 0x0083,
  0x0083, 0x0083, 0x0083, 0x0083, 0x0083, 0x0083, 0x0083, 0x0063, 0x0063, 0x0083, 0x0083, 0x0063,
  0x0063, 0x0063, 0x0083, 0x0083, 0x0083, 0x0083, 0x1105, 0x1926, 0x29c8, 0x0083, 0x0063, 0x0063,
  0x0062, 0x0062, 0x0062, 0x0063, 0x0063, 0x0063, 0x0062, 0x0062, 0x0083, 0x0062, 0x0062, 0x0063,
  0x0083, 0x0082, 0x0082, 0x0082, 0x0082, 0x0082, 0x0063, 0x0063, 0x0063, 0x0063, 0x0063, 0x0062,
  0x0063, 0x0063, 0x0063, 0x0083, 0x0083, 0x0083, 0x0083, 0x0083, 0x0083, 0x0083, 0x0083, 0x00a4,
  0x00a4, 0x00a4, 0x08a3, 0x0083, 0x0083, 0x0083, 0x00a4, 0x00a4, 0x00a4, 0x00a4, 0x00a4, 0x00a4,
  0x00a4, 0x00a4, 0x08a4, 0x08a4, 0x08a4, 0x08a4, 0x08a4, 0x10c4, 0x08a4, 0x00a4, 0x00a4, 0x00a4,
  0x00a4, 0x08a4, 0x00a4, 0x00a4, 0x08a4, 0x00a4, 0x00a4, 0x00a4, 0x00a4, 0x08a3, 0x10c4, 0x2145,
  0x08a4, 0x00a4, 0x08a4, 0x08a4, 0x08a4, 0x08a4, 0x08c4, 0x1905, 0x08a4, 0x1925, 0x2167, 0x08e5,
  0x08c5, 0x08c4, 0x1105, 0x1946, 0x08e5, 0x10e5, 0x1946, 0x10e5, 0x08e5, 0x08e6, 0x08e5, 0x2166,
  0x4a8b, 0x31a7, 0x31a7, 0x08e5, 0x1925, 0x1106, 0x1106, 0x08e6, 0x08e5, 0x08e5, 0x08e5, 0x10e5,
  0x08e5, 0x08c5, 0x08c5, 0x08c5, 0x08c4, 0x08c4, 0x08e5, 0x10e4, 0x08e5, 0x08c4, 0x08c4, 0x08c5,
  0x08c5, 0x08e5, 0x1926, 0x1926, 0x08e5, 0x08e5, 0x08e5, 0x2145, 0x2966, 0x1946, 0x29a7, 0x1106,
  0x08e5, 0x08e6, 0x08e6, 0x08e6, 0x08e6, 0x08e6, 0x08e6, 0x08e6, 0x0906, 0x0906, 0x0906, 0x0906,
  0x08e6, 0x08e5, 0x08c4, 0x08c4, 0x1926, 0x1926, 0x08e5, 0x08e5, 0x08e6, 0x0906, 0x1147, 0x1168,
  0x1127, 0x1127, 0x2187, 0x1106, 0x08e5, 0x0906, 0x1168, 0x1168, 0x1147, 0x0906, 0x08c5, 0x08c4,
  0x10e5, 0x1106, 0x1105, 0x1106, 0x08e6, 0x1926, 0x1106, 0x2167, 0x1926, 0x1106, 0x1106, 0x10e5,
  0x08e5, 0x08c4, 0x2145, 0x10c4, 0x10e4, 0x08c4, 0x08c4, 0x1925, 0x2987, 0x1105, 0x10e5, 0x2145,
  0x1925, 0x1905, 0x2966, 0x1925, 0x2146, 0x1905, 0x08e5, 0x10e4, 0x18e4, 0x10e4, 0x10c4, 0x08c4,
  0x08e5, 0x08e6, 0x1106, 0x1925, 0x2966, 0x2145, 0x29a7, 0x08e5, 0x08e6, 0x08e6, 0x08c4, 0x3186,
  0x39c7, 0x2125, 0x08a4, 0x08e6, 0x0906, 0x08e6, 0x08e5, 0x08e5, 0x08c4, 0x08c4, 0x08c4, 0x08c4,
  0x08c4, 0x08e5, 0x08c4, 0x08e5, 0x10e5, 0x08e5, 0x08c4, 0x08c4, 0x08c4, 0x08c5, 0x08c5, 0x08c5,
  0x08c4, 0x08c4, 0x1105, 0x1925, 0x08c4, 0x08c4, 0x08c4, 0x1925, 0x08c4, 0x08c4, 0x08c4, 0x08c4,
  0x08c4, 0x08e5, 0x08e5, 0x08a4, 0x10c4, 0x1925, 0x10e4, 0x10e4, 0x08a4, 0x08c4, 0x08c5, 0x08c4,
  0x08a4, 0x08a4, 0x08a3, 0x08a4, 0x08a4, 0x00a4, 0x08a4, 0x00a4, 0x00a4, 0x00a4, 0x00a4, 0x0083,
  0x08a4, 0x00a4, 0x00a4, 0x00a4, 0x00a4, 0x00a4, 0x08a4, 0x00a4, 0x08a4, 0x00a4, 0x00a4, 0x00a4,
  0x00a4, 0x00a4, 0x0083, 0x0083, 0x0083, 0x0083, 0x0083, 0x0083, 0x0083, 0x0083, 0x0083, 0x0083,
  0x0083, 0x0083, 0x0083, 0x0083, 0x0083, 0x0083, 0x0083, 0x0083, 0x0063, 0x0063, 0x0083, 0x0083,
  0x0083, 0x0083, 0x1105, 0x1926, 0x29c8, 0x00a4, 0x0083, 0x0083, 0x0083, 0x0083, 0x0083, 0x0083,
  0x08a3, 0x08a3, 0x08a3, 0x08a3, 0x0883, 0x0083, 0x08a3, 0x18e4, 0x08a3, 0x08a3, 0x10c4, 0x08a3,
  0x0083, 0x0083, 0x08a3, 0x08a3, 0x0063, 0x0063, 0x0083, 0x0063, 0x0083, 0x0083, 0x08a3, 0x08a3,
  0x08a3, 0x08a3, 0x08a3, 0x08a4, 0x08a3, 0x08a4, 0x08a4, 0x08c4, 0x10e4, 0x3186, 0x3186, 0x00a4,
  0x00a4, 0x00a4, 0x08a4, 0x10c4, 0x2145, 0x08a4, 0x00a4, 0x08a4, 0x08a4, 0x08a4, 0x08a4, 0x1925,
  0x3186, 0x4a49, 0x1905, 0x10e4, 0x10c4, 0x08a3, 0x08a3, 0x08a3, 0x08a3, 0x00a4, 0x00a4, 0x10e4,
  0x10e4, 0x00a4, 0x00a4, 0x00a4, 0x00a4, 0x00a4, 0x08a4, 0x1905, 0x10c4, 0x08a3, 0x08a4, 0x08c4,
  0x10e4, 0x08c4, 0x08c4, 0x1905, 0x08c4, 0x2146, 0x31a7, 0x08e5, 0x08c5, 0x08c5, 0x08c4, 0x08c4,
  0x08c5, 0x1105, 0x424a, 0x1925, 0x08c4, 0x08c5, 0x08c5, 0x2146, 0x4a49, 0x31a7, 0x3186, 0x10e4,
  0x29a7, 0x2166, 0x1106, 0x08e5, 0x08c5, 0x08c4, 0x08c4, 0x1905, 0x1925, 0x08c4, 0x08c4, 0x08c4,
  0x08c4, 0x1105, 0x2166, 0x1926, 0x08e5, 0x08c4, 0x08c4, 0x08c4, 0x1926, 0x29a7, 0x1106, 0x1106,
  0x08e5, 0x08e5, 0x08c4, 0x2146, 0x2966, 0x2146, 0x29a7, 0x1926, 0x08e5, 0x08e5, 0x08e5, 0x08e5,
  0x08e5, 0x08e5, 0x08e5, 0x08e5, 0x08e5, 0x08e5, 0x08c5, 0x08c5, 0x08c5, 0x08c4, 0x08c4, 0x08c4,
  0x08c4, 0x08c4, 0x08c5, 0x08c5, 0x08e5, 0x08e6, 0x08e6, 0x08e6, 0x2145, 0x39c7, 0x10e4, 0x08e5,
  0x08e6, 0x08e6, 0x0907, 0x1127, 0x1926, 0x08e5, 0x08c4, 0x10e4, 0x2167, 0x1105, 0x1926, 0x1925,
  0x08e5, 0x08e5, 0x10e5, 0x1106, 0x1925, 0x2966, 0x1925, 0x2145, 0x10e5, 0x10e5, 0x10c4, 0x2966,
  0x3186, 0x10e4, 0x08e5, 0x10e5, 0x2987, 0x1925, 0x08e5, 0x18e4, 0x4228, 0x39c7, 0x3186, 0x1925,
  0x10e5, 0x08e5, 0x10e5, 0x2145, 0x2145, 0x08a3, 0x08a4, 0x10c4, 0x10e4, 0x08e6, 0x08e6, 0x2966,
  0x39e8, 0x2145, 0x10e4, 0x08e5, 0x08e6, 0x08e6, 0x1925, 0x4228, 0x39c7, 0x2145, 0x08c4, 0x08e5,
  0x1925, 0x2966, 0x2966, 0x2146, 0x10e4, 0x2966, 0x31a7, 0x2146, 0x08c4, 0x08c4, 0x08c4, 0x08e5,
  0x08e5, 0x08e5, 0x08e5, 0x08c5, 0x08e5, 0x08e5, 0x08e5, 0x08c4, 0x08e5, 0x08c4, 0x08c4, 0x08c4,
  0x08c4, 0x08c4, 0x08a4, 0x10e4, 0x08c4, 0x08c4, 0x08c4, 0x08c4, 0x08c4, 0x08c4, 0x08c4, 0x08c4,
  0x2966, 0x4a49, 0x31a7, 0x3186, 0x08c4, 0x08c4, 0x08c4, 0x08a4, 0x3186, 0x4228, 0x4a49, 0x39c7,
  0x1904, 0x2966, 0x10e4, 0x00a4, 0x00a4, 0x00a4, 0x00a4, 0x0083, 0x08a3, 0x08a4, 0x08a4, 0x08a4,
  0x08a4, 0x08a4, 0x08a4, 0x08c4, 0x08c4, 0x08a4, 0x08a4, 0x08a4, 0x08c4, 0x08a4, 0x08a4, 0x08a4,
  0x08a4, 0x08a4, 0x08a4, 0x08a4, 0x08a4, 0x08a4, 0x08a4, 0x08a4, 0x08a3, 0x08a4, 0x08a3, 0x00a4,
  0x0083, 0x0083, 0x0083, 0x0083, 0x0083, 0x08a3, 0x08a3, 0x0083, 0x0083, 0x0083, 0x1106, 0x1946,
  0x31e9, 0x1105, 0x10e5, 0x1105, 0x1905, 0x1925, 0x10e4, 0x10e4, 0x10e4, 0x10e4, 0x2125, 0x1925,
  0x1905, 0x1905, 0x1925, 0x3186, 0x1925, 0x2145, 0x2966, 0x1925, 0x1905, 0x1105, 0x1925, 0x1905,
  0x10e4, 0x10e4, 0x1105, 0x1905, 0x1925, 0x1925, 0x1925, 0x1926, 0x1925, 0x1905, 0x1905, 0x1926,
  0x1925, 0x1926, 0x1946, 0x2146, 0x1925, 0x1925, 0x2146, 0x10e4, 0x10e5, 0x08e5, 0x10e5, 0x1105,
  0x2146, 0x10e4, 0x1105, 0x1925, 0x10e4, 0x00a4, 0x08a3, 0x2145, 0x39c7, 0x3186, 0x08a4, 0x0083,
  0x00a4, 0x00a4, 0x1905, 0x39c7, 0x39e8, 0x08a4, 0x08a4, 0x1925, 0x10e4, 0x08a4, 0x10e4, 0x1105,
  0x10e4, 0x2966, 0x10e4, 0x08a4, 0x10e4, 0x3186, 0x10e4, 0x2966, 0x1905, 0x08c4, 0x08c4, 0x08c4,
  0x08c4, 0x08c4, 0x08c4, 0x08e5, 0x08e5, 0x08c4, 0x08c4, 0x08c4, 0x08c4, 0x08a4, 0x1925, 0x1905,
  0x08a4, 0x08a4, 0x08a4, 0x10e4, 0x39e8, 0x10e4, 0x08a4, 0x08a4, 0x1105, 0x08e5, 0x08c4, 0x08c4,
  0x08c4, 0x2145, 0x08c4, 0x08c4, 0x08a4, 0x08c4, 0x1925, 0x08e5, 0x08e5, 0x1925, 0x1925, 0x08c4,
  0x08c5, 0x08c4, 0x08c4, 0x08c4, 0x08c4, 0x2146, 0x08c4, 0x08c4, 0x08c4, 0x08c4, 0x08c4, 0x1105,
  0x2145, 0x1925, 0x29a7, 0x08e5, 0x08c5, 0x08c5, 0x08c5, 0x08e5, 0x08e5, 0x08e5, 0x08e5, 0x08e5,
  0x08e5, 0x08e5, 0x10e5, 0x10e5, 0x08c5, 0x08e5, 0x08c4, 0x08c4, 0x08c4, 0x08e5, 0x08e5, 0x08e5,
  0x08c4, 0x08c4, 0x08c4, 0x08c4, 0x39e8, 0x52cb, 0x1905, 0x10e5, 0x08e6, 0x08e5, 0x08e5, 0x1106,
  0x29c8, 0x2987, 0x08c4, 0x08c4, 0x1105, 0x1105, 0x2146, 0x2146, 0x10e5, 0x08e5, 0x10e5, 0x08e5,
  0x1905, 0x2966, 0x2966, 0x31a7, 0x1105, 0x08e5, 0x10e4, 0x2125, 0x2966, 0x1925, 0x10e5, 0x08e5,
  0x10e4, 0x08e5, 0x08e5, 0x10c4, 0x2145, 0x2125, 0x1925, 0x1925, 0x10e5, 0x08e5, 0x1105, 0x1905,
  0x2966, 0x2145, 0x08e5, 0x08c4, 0x08e5, 0x08e6, 0x08e6, 0x2966, 0x4a49, 0x526a, 0x39e8, 0x08e5,
  0x08e5, 0x08c5, 0x2145, 0x4a49, 0x3186, 0x4228, 0x1105, 0x08c4, 0x2966, 0x31a7, 0x526a, 0x39c7,
  0x10e4, 0x2145, 0x2145, 0x10e4, 0x08e5, 0x08c4, 0x08c4, 0x08c4, 0x1105, 0x1105, 0x08e5, 0x08e5,
  0x1105, 0x1926, 0x1105, 0x1105, 0x10e5, 0x08e5, 0x08c4, 0x08a4, 0x08a4, 0x08a4, 0x08a4, 0x1905,
  0x08c4, 0x08c4, 0x08c4, 0x08c4, 0x08c4, 0x08c4, 0x08c4, 0x08a4, 0x10c4, 0x2125, 0x1904, 0x18e4,
  0x10e4, 0x08c4, 0x08c4, 0x08a4, 0x1905, 0x2125, 0x2125, 0x18e4, 0x10c4, 0x10e4, 0x08a4, 0x08a4,
  0x00a4, 0x0083, 0x0083, 0x0083, 0x08a3, 0x00a4, 0x08a4, 0x08a4, 0x08a4, 0x08c4, 0x31e8, 0x10e4,
  0x08c4, 0x08c4, 0x08a4, 0x08a4, 0x10c4, 0x10e4, 0x10e4, 0x1105, 0x1925, 0x10e4, 0x10e4, 0x10e4,
  0x08c4, 0x08a4, 0x10c4, 0x4228, 0x3186, 0x2145, 0x3186, 0x08a4, 0x10c4, 0x08a3, 0x08a3, 0x2145,
  0x10c4, 0x10c4, 0x08a3, 0x0083, 0x0883, 0x08a3, 0x1925, 0x1946, 0x31e9, 0x08e5, 0x08c4, 0x10e4,
  0x10e4, 0x10e4, 0x10c4, 0x08a3, 0x08a3, 0x10e4, 0x1905, 0x1926, 0x1925, 0x1925, 0x10e4, 0x10e4,
  0x10c4, 0x10e4, 0x10e4, 0x10e4, 0x1105, 0x1105, 0x1925, 0x1925, 0x1925, 0x2145, 0x1105, 0x1105,
  0x1925, 0x1905, 0x1925, 0x1905, 0x1105, 0x1105, 0x1105, 0x1105, 0x10e5, 0x10e5, 0x10e4, 0x10e4,
  0x08a4, 0x08a4, 0x10e4, 0x10e4, 0x08e5, 0x08e5, 0x08e5, 0x08c4, 0x08a4, 0x08a4, 0x08a3, 0x0083,
  0x0083, 0x0062, 0x0062, 0x0062, 0x0083, 0x0083, 0x0083, 0x0083, 0x0083, 0x00a4, 0x10c4, 0x2966,
  0x39e8, 0x08a4, 0x08a4, 0x08a4, 0x08a4, 0x08a4, 0x1105, 0x1925, 0x10e4, 0x2145, 0x10c4, 0x00a4,
  0x10e4, 0x39c7, 0x18e4, 0x2145, 0x10e4, 0x08c4, 0x08c4, 0x08c4, 0x08c4, 0x08a4, 0x08c4, 0x1925,
  0x10e5, 0x08c4, 0x10e5, 0x08c4, 0x08c4, 0x10e4, 0x2146, 0x10e4, 0x08a4, 0x08a4, 0x1905, 0x10e4,
  0x31a7, 0x2145, 0x3186, 0x3186, 0x2166, 0x1925, 0x08e5, 0x08e5, 0x08c4, 0x10e4, 0x08e5, 0x1106,
  0x10e5, 0x08c4, 0x08e5, 0x08e5, 0x08e6, 0x1106, 0x1105, 0x10e5, 0x08e5, 0x08c5, 0x08c4, 0x08c4,
  0x08a4, 0x08a4, 0x08a4, 0x08a4, 0x08c4, 0x08c4, 0x08c4, 0x08e5, 0x08e5, 0x08e5, 0x08c4, 0x08a4,
  0x08c4, 0x08c4, 0x08e5, 0x10e5, 0x1925, 0x08e5, 0x08e5, 0x08c5, 0x08c4, 0x08e5, 0x1106, 0x10e5,
  0x08e5, 0x08e5, 0x08e5, 0x08e5, 0x08e5, 0x08e5, 0x08e5, 0x08e5, 0x08a4, 0x08a4, 0x08a4, 0x1905,
  0x31a7, 0x39e8, 0x1905, 0x1105, 0x08e6, 0x08c5, 0x08c5, 0x08e5, 0x1926, 0x2145, 0x08e5, 0x08e5,
  0x08e5, 0x1105, 0x1105, 0x10e5, 0x1105, 0x1105, 0x08e5, 0x08e5, 0x1105, 0x1925, 0x10e4, 0x10e4,
  0x10e5, 0x08e5, 0x08e5, 0x1105, 0x31a7, 0x39e8, 0x2987, 0x10e5, 0x08e5, 0x08e5, 0x08e5, 0x08c4,
  0x10e5, 0x1105, 0x1106, 0x10e5, 0x10e5, 0x10e5, 0x1105, 0x2145, 0x39e8, 0x2966, 0x1926, 0x1925,
  0x10e5, 0x08e5, 0x08e5, 0x2145, 0x39c7, 0x39c7, 0x2145, 0x08e5, 0x08c4, 0x08c4, 0x2125, 0x39e8,
  0x3186, 0x2145, 0x10e4, 0x1925, 0x39c7, 0x4a49, 0x39e8, 0x1925, 0x2966, 0x3186, 0x3186, 0x10e4,
  0x31a7, 0x39e8, 0x08c4, 0x08e5, 0x1925, 0x39e8, 0x1905, 0x1925, 0x10e4, 0x10c4, 0x2146, 0x31a7,
  0x08e5, 0x08c4, 0x08c4, 0x08c4, 0x08a4, 0x08a4, 0x08a4, 0x08a4, 0x08c4, 0x10e4, 0x08e5, 0x08e5,
  0x08c4, 0x08c4, 0x08c4, 0x1925, 0x2145, 0x4228, 0x3186, 0x3186, 0x39c7, 0x10e4, 0x08a4, 0x08a4,
  0x2146, 0x1905, 0x2146, 0x1905, 0x08a4, 0x08a3, 0x00a4, 0x0083, 0x08a3, 0x08a3, 0x08a3, 0x00a4,
  0x00a4, 0x08a3, 0x08a3, 0x08a4, 0x08a4, 0x08a4, 0x10e4, 0x10c4, 0x10c4, 0x10c4, 0x18e4, 0x10c4,
  0x10c4, 0x08a4, 0x08a4, 0x10c4, 0x10e4, 0x10c4, 0x08a4, 0x10c4, 0x10c4, 0x08a3, 0x2966, 0x39c7,
  0x18e4, 0x08a3, 0x18e4, 0x08a3, 0x2966, 0x18e4, 0x08a3, 0x1904, 0x10e4, 0x08a3, 0x0083, 0x0083,
  0x0083, 0x0083, 0x1105, 0x2146, 0x31e8, 0x0083, 0x0083, 0x0083, 0x0083, 0x0083, 0x0062, 0x0062,
  0x0062, 0x0062, 0x08a3, 0x08a4, 0x08a4, 0x08a3, 0x0062, 0x0062, 0x0062, 0x0883, 0x08c3, 0x08a3,
  0x08a3, 0x08a4, 0x10c4, 0x10c4, 0x10e4, 0x10e4, 0x10e4, 0x10e4, 0x10e4, 0x10e4, 0x08c4, 0x08c4,
  0x08a4, 0x08a4, 0x08a4, 0x08a4, 0x08a4, 0x08a4, 0x08a4, 0x08a4, 0x08a4, 0x00a4, 0x00a4, 0x08a3,
  0x00a4, 0x00a4, 0x0083, 0x0063, 0x0063, 0x0063, 0x0063, 0x0063, 0x0062, 0x0062, 0x0063, 0x0063,
  0x0063, 0x0063, 0x0063, 0x0063, 0x0062, 0x0083, 0x00a4, 0x08a4, 0x08a4, 0x08a4, 0x00a4, 0x00a4,
  0x00a4, 0x00a4, 0x08a3, 0x00a4, 0x0083, 0x0083, 0x0083, 0x0083, 0x0083, 0x0063, 0x0063, 0x0083,
  0x08a4, 0x08a4, 0x08a4, 0x08c4, 0x08c4, 0x08c4, 0x08c4, 0x10e4, 0x08e5, 0x08e5, 0x1925, 0x08c4,
  0x08c4, 0x08c4, 0x10e4, 0x08c4, 0x08a4, 0x10e4, 0x2966, 0x1904, 0x39c7, 0x2145, 0x1925, 0x10e4,
  0x10e5, 0x1905, 0x31a7, 0x1905, 0x08e5, 0x1926, 0x1925, 0x1926, 0x1926, 0x1106, 0x1105, 0x1105,
  0x10e5, 0x10e5, 0x1105, 0x1946, 0x1106, 0x08e5, 0x08c5, 0x08e5, 0x1925, 0x31e8, 0x1925, 0x08c4,
  0x1925, 0x1925, 0x1105, 0x1925, 0x10e5, 0x08e5, 0x10e4, 0x1905, 0x08c4, 0x08c4, 0x1925, 0x2987,
  0x1926, 0x10e5, 0x1925, 0x1105, 0x08c4, 0x08c4, 0x10e4, 0x1105, 0x2966, 0x1946, 0x1926, 0x1926,
  0x1925, 0x10e4, 0x1925, 0x1925, 0x10e4, 0x08a4, 0x08a4, 0x10e4, 0x39e8, 0x4a49, 0x2125, 0x1905,
  0x10e5, 0x08e5, 0x08e5, 0x10e5, 0x2145, 0x2987, 0x10e5, 0x08e5, 0x10e5, 0x1925, 0x1105, 0x08e5,
  0x1105, 0x1925, 0x10e5, 0x1105, 0x1905, 0x1905, 0x10e5, 0x1905, 0x2987, 0x1105, 0x10e5, 0x1925,
  0x39e8, 0x2966, 0x1926, 0x1106, 0x1105, 0x1105, 0x10e5, 0x08e5, 0x10e5, 0x1105, 0x10e5, 0x10e5,
  0x10e5, 0x1105, 0x10e5, 0x1925, 0x4228, 0x39c7, 0x2166, 0x2146, 0x08e5, 0x08c4, 0x08e5, 0x31a7,
  0x6b4d, 0x6b4d, 0x3186, 0x08c4, 0x08a4, 0x08c4, 0x2125, 0x526a, 0x5acb, 0x2145, 0x1905, 0x39c7,
  0x3186, 0x4a49, 0x2966, 0x1925, 0x10e4, 0x2966, 0x2966, 0x08a4, 0x39e8, 0x4228, 0x08c4, 0x1925,
  0x1925, 0x2145, 0x3186, 0x39e8, 0x4228, 0x10e4, 0x10e4, 0x1925, 0x10e4, 0x08c4, 0x2145, 0x2146,
  0x08a4, 0x08a4, 0x2966, 0x2125, 0x2145, 0x2146, 0x10e4, 0x08c4, 0x10e4, 0x10e4, 0x08c4, 0x10e4,
  0x39c7, 0x2966, 0x2966, 0x4a49, 0x6b4d, 0x2966, 0x08a4, 0x10e4, 0x2146, 0x1904, 0x2966, 0x2145,
  0x2145, 0x2125, 0x08a3, 0x08a3, 0x08a3, 0x2145, 0x39c7, 0x10e4, 0x08a3, 0x3186, 0x2966, 0x39e8,
  0x3186, 0x10c4, 0x10c4, 0x10a3, 0x18e4, 0x2145, 0x18e4, 0x18e4, 0x10a3, 0x18e4, 0x10c4, 0x10e4,
  0x10c4, 0x08a3, 0x08a3, 0x0883, 0x0883, 0x0083, 0x10a3, 0x10a3, 0x0083, 0x0083, 0x0083, 0x0083,
  0x10a3, 0x10c4, 0x0883, 0x08a3, 0x1904, 0x08a3, 0x0083, 0x0083, 0x08a3, 0x0083, 0x1105, 0x2146,
  0x29c8, 0x0063, 0x0062, 0x0062, 0x0062, 0x0062, 0x0062, 0x0062, 0x0062, 0x0062, 0x0042, 0x0062,
  0x0082, 0x0042, 0x0062, 0x0062, 0x0062, 0x0862, 0x08c3, 0x08a3, 0x0862, 0x0882, 0x0882, 0x08a3,
  0x08a3, 0x08c3, 0x10a3, 0x08a3, 0x08a3, 0x10e4, 0x10c4, 0x08a3, 0x0082, 0x0082, 0x0083, 0x0083,
  0x0063, 0x0063, 0x0063, 0x0063, 0x0062, 0x0063, 0x0063, 0x0062, 0x0062, 0x0063, 0x0063, 0x0063,
  0x0063, 0x0063, 0x0063, 0x0063, 0x0063, 0x0063, 0x0063, 0x0063, 0x0083, 0x0063, 0x0063, 0x0063,
  0x0063, 0x0063, 0x0083, 0x08a4, 0x08a4, 0x08c4, 0x08a3, 0x0083, 0x08a3, 0x08a4, 0x00a4, 0x0083,
  0x0083, 0x0083, 0x0063, 0x0083, 0x0063, 0x0062, 0x0062, 0x0063, 0x0083, 0x0083, 0x0083, 0x0083,
  0x00a4, 0x08a4, 0x08a4, 0x00a4, 0x08a4, 0x08a4, 0x08a4, 0x00a4, 0x00a4, 0x00a4, 0x08a4, 0x08a4,
  0x08a4, 0x08a4, 0x10c4, 0x08c4, 0x08c4, 0x08a4, 0x00a4, 0x08c4, 0x10e5, 0x1106, 0x1926, 0x08c4,
  0x08a4, 0x08c4, 0x08c4, 0x08e5, 0x08e5, 0x10e5, 0x1105, 0x1105, 0x10e4, 0x08e5, 0x10e5, 0x1105,
  0x10e5, 0x08c4, 0x08c4, 0x08e5, 0x1925, 0x29a7, 0x1926, 0x1106, 0x424a, 0x39e8, 0x2966, 0x526a,
  0x2145, 0x1905, 0x4228, 0x526a, 0x1105, 0x10e5, 0x2987, 0x39c7, 0x1925, 0x1926, 0x4a8b, 0x4228,
  0x1925, 0x1105, 0x2167, 0x39e8, 0x7b8d, 0x526a, 0x29c8, 0x31e8, 0x31e8, 0x2166, 0x4228, 0x3186,
  0x1905, 0x10c4, 0x10c4, 0x10e4, 0x2966, 0x39e8, 0x2966, 0x2966, 0x2145, 0x1105, 0x1925, 0x2966,
  0x39e8, 0x2166, 0x1105, 0x10e5, 0x1905, 0x2145, 0x1925, 0x10e5, 0x10e5, 0x1105, 0x1105, 0x1925,
  0x1905, 0x2167, 0x1925, 0x1925, 0x2987, 0x1105, 0x1926, 0x1926, 0x1926, 0x10e5, 0x10e5, 0x1105,
  0x1106, 0x1926, 0x10e4, 0x08e5, 0x08e5, 0x08e5, 0x08c4, 0x08c4, 0x10e5, 0x1106, 0x1106, 0x1905,
  0x2966, 0x2145, 0x1105, 0x08e5, 0x08e5, 0x08e5, 0x08e5, 0x10e4, 0x2145, 0x2145, 0x10e4, 0x08c4,
  0x08c4, 0x08e5, 0x08c4, 0x10e4, 0x1905, 0x10e4, 0x08c4, 0x10e4, 0x10e4, 0x10e4, 0x10c4, 0x10c4,
  0x08a4, 0x10e4, 0x10e4, 0x08a4, 0x08a4, 0x08c4, 0x08c4, 0x1905, 0x1905, 0x10e4, 0x39c7, 0x39e8,
  0x39c7, 0x10e4, 0x10e4, 0x2146, 0x2966, 0x1905, 0x3186, 0x31a7, 0x08c4, 0x10c4, 0x2966, 0x2966,
  0x2966, 0x1905, 0x10e4, 0x08c4, 0x2145, 0x2966, 0x10e4, 0x10e4, 0x39e8, 0x39c7, 0x2966, 0x4228,
  0x5acb, 0x2966, 0x08a4, 0x1905, 0x2966, 0x2145, 0x39c7, 0x3186, 0x39c7, 0x2145, 0x10c4, 0x0083,
  0x0083, 0x10c4, 0x2966, 0x2125, 0x08a3, 0x2125, 0x2125, 0x3186, 0x3186, 0x10c4, 0x10a3, 0x2966,
  0x4228, 0x3186, 0x2125, 0x39c7, 0x10c4, 0x2145, 0x2125, 0x10e4, 0x18e4, 0x08a3, 0x08a3, 0x0883,
  0x0083, 0x0883, 0x08a3, 0x08a3, 0x08a3, 0x0883, 0x0083, 0x0083, 0x0082, 0x0083, 0x0083, 0x0883,
  0x0883, 0x08a3, 0x0083, 0x0083, 0x08a3, 0x08a3, 0x1105, 0x2166, 0x29a7, 0x0062, 0x0062, 0x0042,
  0x0042, 0x0062, 0x0042, 0x0042, 0x0042, 0x0042, 0x0042, 0x0042, 0x0062, 0x0062, 0x0062, 0x0062,
  0x0041, 0x0041, 0x0882, 0x10c4, 0x10a3, 0x0882, 0x0862, 0x0862, 0x0882, 0x08a3, 0x10e3, 0x08a3,
  0x08a3, 0x08a3, 0x08c3, 0x10e4, 0x10c4, 0x10e3, 0x08a3, 0x0062, 0x0062, 0x0062, 0x0062, 0x0062,
  0x0062, 0x0063, 0x0063, 0x0063, 0x0063, 0x0063, 0x0063, 0x0063, 0x0063, 0x0063, 0x0063, 0x0063,
  0x0063, 0x0063, 0x0063, 0x0063, 0x0063, 0x0063, 0x0063, 0x0063, 0x0063, 0x0083, 0x0083, 0x00a4,
  0x08a4, 0x08c4, 0x08c4, 0x0083, 0x0083, 0x00a4, 0x08a4, 0x08a4, 0x08a3, 0x0083, 0x0083, 0x08a4,
  0x08a3, 0x0083, 0x0063, 0x0063, 0x0083, 0x0083, 0x0083, 0x0083, 0x0083, 0x0083, 0x00a4, 0x0083,
  0x0083, 0x00a4, 0x00a4, 0x08a4, 0x08a4, 0x08a4, 0x08a4, 0x08a4, 0x00a4, 0x00a4, 0x0083, 0x0083,
  0x00a4, 0x00a4, 0x0083, 0x0083, 0x08a4, 0x08a4, 0x08c4, 0x08e5, 0x08e5, 0x10e5, 0x08e5, 0x08c4,
  0x08a3, 0x0063, 0x0083, 0x0083, 0x0083, 0x0083, 0x08a4, 0x10e5, 0x1106, 0x1106, 0x08c4, 0x00a4,
  0x08a4, 0x08e5, 0x08e5, 0x08c4, 0x1925, 0x31a7, 0x3186, 0x4a49, 0x2146, 0x2167, 0x31e8, 0x31a7,
  0x1106, 0x08e6, 0x1106, 0x1925, 0x1926, 0x1926, 0x29c8, 0x31e8, 0x21a8, 0x1967, 0x1967, 0x31a7,
  0x526a, 0x39c7, 0x2187, 0x2187, 0x2187, 0x29a7, 0x4a49, 0x4228, 0x39c7, 0x2966, 0x4228, 0x3186,
  0x3186, 0x39c7, 0x4a49, 0x31a7, 0x2145, 0x10e4, 0x4228, 0x5acb, 0x4228, 0x1925, 0x10e5, 0x10e5,
  0x3186, 0x4a49, 0x5acb, 0x3186, 0x3186, 0x2145, 0x2966, 0x4a49, 0x2966, 0x1905, 0x10e4, 0x08e5,
  0x08e5, 0x1106, 0x2187, 0x2166, 0x1106, 0x10e5, 0x08e5, 0x1106, 0x2167, 0x2167, 0x39e8, 0x3186,
  0x2146, 0x1946, 0x1105, 0x08e5, 0x10e5, 0x1105, 0x1946, 0x39e8, 0x526a, 0x39c7, 0x29a7, 0x1925,
  0x1926, 0x10e5, 0x08e5, 0x08e5, 0x08e5, 0x08e5, 0x08e5, 0x08c4, 0x08e5, 0x08e5, 0x08c4, 0x10e4,
  0x1105, 0x08c4, 0x08c4, 0x08c4, 0x08c4, 0x08c4, 0x08c4, 0x08c4, 0x08a4, 0x08a4, 0x08c4, 0x08a4,
  0x08a4, 0x00a4, 0x08a4, 0x08a4, 0x08a4, 0x08a4, 0x10e4, 0x10e4, 0x10e4, 0x10e4, 0x10e4, 0x10e4,
  0x10e4, 0x08c4, 0x10c4, 0x08a4, 0x08a4, 0x10e4, 0x10e4, 0x10e4, 0x10e4, 0x10e4, 0x10c4, 0x08a4,
  0x08a3, 0x08a4, 0x08a4, 0x08a4, 0x08a4, 0x08a3, 0x08a3, 0x10c4, 0x18e4, 0x10c4, 0x08a4, 0x00a4,
  0x08a4, 0x08a3, 0x0883, 0x0082, 0x0083, 0x0083, 0x0083, 0x0083, 0x0063, 0x0083, 0x08a3, 0x08a3,
  0x08a3, 0x0083, 0x0083, 0x08a3, 0x08a3, 0x08a3, 0x08a3, 0x2125, 0x3186, 0x2145, 0x10c4, 0x2966,
  0x08a3, 0x18e4, 0x18e4, 0x0083, 0x0883, 0x0883, 0x0083, 0x08a3, 0x08a4, 0x08a4, 0x10c4, 0x08a4,
  0x08a3, 0x0083, 0x0083, 0x0083, 0x0062, 0x0083, 0x0062, 0x0062, 0x0062, 0x0062, 0x0083, 0x0083,
  0x08a3, 0x0083, 0x1105, 0x2166, 0x29a7, 0x10a3, 0x0882, 0x0862, 0x0862, 0x0882, 0x0062, 0x0021,
  0x0042, 0x0062, 0x0062, 0x0042, 0x0062, 0x0062, 0x0062, 0x0062, 0x0041, 0x0062, 0x0862, 0x08a3,
  0x10a3, 0x08c3, 0x08a3, 0x0862, 0x0862, 0x0862, 0x0882, 0x0882, 0x08a3, 0x08a3, 0x08a3, 0x08c3,
  0x10e3, 0x10c4, 0x10e4, 0x10e4, 0x08c3, 0x0083, 0x0062, 0x0062, 0x0062, 0x0063, 0x0063, 0x0063,
  0x0063, 0x0063, 0x0063, 0x0063, 0x0062, 0x0063, 0x0063, 0x0063, 0x0063, 0x0063, 0x0063, 0x0063,
  0x0063, 0x0063, 0x0083, 0x0063, 0x0063, 0x0083, 0x0063, 0x0083, 0x08a3, 0x08a4, 0x08a4, 0x08a4,
  0x00a4, 0x0083, 0x00a4, 0x08a3, 0x00a4, 0x00a4, 0x08a3, 0x08a3, 0x08a4, 0x08c4, 0x08a4, 0x00a4,
  0x0083, 0x0083, 0x0083, 0x0063, 0x0083, 0x0083, 0x0083, 0x0083, 0x0083, 0x08a4, 0x08e5, 0x10e5,
  0x10e5, 0x08e5, 0x00a4, 0x00a4, 0x00a4, 0x0083, 0x0083, 0x0083, 0x00a4, 0x08a4, 0x08a4, 0x00a4,
  0x0083, 0x0083, 0x0083, 0x08c4, 0x08e5, 0x08e5, 0x08e5, 0x08c4, 0x10c4, 0x08c4, 0x08a4, 0x0083,
  0x0083, 0x0083, 0x0083, 0x08a3, 0x08c4, 0x10e5, 0x10e5, 0x08c4, 0x08a4, 0x08a4, 0x0083, 0x00a4,
  0x08a3, 0x1105, 0x1925, 0x3186, 0x1925, 0x1946, 0x29c8, 0x21a8, 0x1926, 0x1106, 0x1106, 0x10e5,
  0x08e5, 0x08e5, 0x1967, 0x21a8, 0x19a9, 0x1168, 0x2187, 0x2187, 0x29a7, 0x1967, 0x1967, 0x1967,
  0x1967, 0x2987, 0x4228, 0x526a, 0x4228, 0x3186, 0x526a, 0x39c7, 0x4228, 0x39e8, 0x2966, 0x3186,
  0x31a7, 0x2145, 0x6b4d, 0x7b8d, 0x39c7, 0x1905, 0x1105, 0x1105, 0x39c7, 0x526a, 0x6b4d, 0x39e8,
  0x39e8, 0x2966, 0x3186, 0x6b4d, 0x5acb, 0x10e4, 0x10c4, 0x10e4, 0x10e4, 0x1905, 0x31a7, 0x424a,
  0x31a7, 0x10e4, 0x08c4, 0x1925, 0x2166, 0x31a7, 0x7b8d, 0x526a, 0x39c7, 0x31a7, 0x1925, 0x10c4,
  0x08c4, 0x08e5, 0x2167, 0x424a, 0x3a09, 0x31a7, 0x2987, 0x29c8, 0x3a09, 0x29a7, 0x1105, 0x10e4,
  0x2125, 0x3186, 0x1925, 0x10e4, 0x10e4, 0x08e5, 0x10e4, 0x3186, 0x3186, 0x1904, 0x10e4, 0x10e4,
  0x1925, 0x2145, 0x10e4, 0x10e4, 0x08c4, 0x2125, 0x2125, 0x08a4, 0x10c4, 0x10c4, 0x08a4, 0x10e4,
  0x10e4, 0x08a4, 0x08a4, 0x08a4, 0x08a4, 0x08a4, 0x08a4, 0x00a4, 0x00a4, 0x0083, 0x0083, 0x0083,
  0x08a3, 0x10c4, 0x10e4, 0x08a4, 0x00a4, 0x00a4, 0x0083, 0x0083, 0x0083, 0x0063, 0x0063, 0x0083,
  0x0083, 0x0083, 0x0083, 0x0083, 0x0083, 0x0083, 0x0083, 0x0083, 0x08a3, 0x0083, 0x0083, 0x0063,
  0x0063, 0x0063, 0x0063, 0x0083, 0x0083, 0x0083, 0x08a3, 0x08a3, 0x08a3, 0x08a3, 0x08a3, 0x08a3,
  0x08a3, 0x08a4, 0x00a4, 0x08a4, 0x08a4, 0x08a4, 0x08a3, 0x0083, 0x08a3, 0x08a3, 0x0083, 0x0083,
  0x0083, 0x0083, 0x0883, 0x0083, 0x0083, 0x08a3, 0x08a3, 0x0883, 0x0883, 0x0083, 0x0083, 0x0883,
  0x0083, 0x0083, 0x0083, 0x0082, 0x0082, 0x0083, 0x0083, 0x0883, 0x08a3, 0x08a3, 0x1105, 0x2146,
  0x31a7, 0x10a3, 0x10a3, 0x10c4, 0x18e4, 0x1904, 0x10c4, 0x0882, 0x0062, 0x0062, 0x0062, 0x0062,
  0x0062, 0x0062, 0x0062, 0x0062, 0x0041, 0x0062, 0x0862, 0x0862, 0x08a3, 0x10c4, 0x10e3, 0x08c3,
  0x0882, 0x08a3, 0x08a3, 0x0882, 0x08a3, 0x0882, 0x0882, 0x08a3, 0x08a3, 0x08a3, 0x10e3, 0x10e4,
  0x18e4, 0x18e4, 0x10e3, 0x08a3, 0x0062, 0x0062, 0x0062, 0x0063, 0x0062, 0x0063, 0x0063, 0x0063,
  0x0062, 0x0062, 0x0063, 0x0063, 0x0063, 0x0083, 0x0083, 0x0063, 0x0063, 0x0063, 0x0063, 0x0063,
  0x0063, 0x0063, 0x0083, 0x08a4, 0x08a4, 0x08a3, 0x00a4, 0x08a4, 0x08a4, 0x08a4, 0x08a3, 0x0083,
  0x0083, 0x0083, 0x0083, 0x08a3, 0x08a3, 0x00a4, 0x08a4, 0x08c4, 0x08a4, 0x00a4, 0x0083, 0x0083,
  0x0083, 0x0083, 0x0083, 0x0083, 0x0083, 0x08a4, 0x08c4, 0x08e5, 0x10e5, 0x08e5, 0x08c4, 0x08a4,
  0x0083, 0x0083, 0x0083, 0x0083, 0x08a4, 0x08c4, 0x08c4, 0x08c4, 0x08a4, 0x0083, 0x0083, 0x00a4,
  0x08a4, 0x08a4, 0x08a4, 0x08a3, 0x0083, 0x08a3, 0x08a4, 0x08a4, 0x0083, 0x0083, 0x0063, 0x0083,
  0x00a4, 0x08a4, 0x08a4, 0x08a4, 0x08a4, 0x08a4, 0x1905, 0x1905, 0x2966, 0x31e8, 0x10e4, 0x10e4,
  0x08a4, 0x08e5, 0x1926, 0x1926, 0x08e5, 0x08c4, 0x08a4, 0x00a4, 0x00a4, 0x0083, 0x08a4, 0x10e5,
  0x1106, 0x1926, 0x1926, 0x1967, 0x21a8, 0x2187, 0x2187, 0x2187, 0x3a09, 0x3a09, 0x526a, 0x4a49,
  0x39c7, 0x5acb, 0x7b8d, 0x39e8, 0x31a7, 0x2966, 0x10e4, 0x1925, 0x31a7, 0x4228, 0x2966, 0x2966,
  0x2966, 0x2966, 0x2966, 0x2966, 0x39c7, 0x6b4d, 0x9450, 0x4228, 0x4a49, 0x3186, 0x2125, 0x39c7,
  0x39e8, 0x1905, 0x1105, 0x10e4, 0x1905, 0x1925, 0x2145, 0x2966, 0x2145, 0x39e8, 0x31a7, 0x1905,
  0x2166, 0x31a7, 0x7b8d, 0x4a49, 0x2145, 0x3186, 0x2146, 0x31a7, 0x2966, 0x1946, 0x2987, 0x52cb,
  0x5acb, 0x4228, 0x29a7, 0x39e8, 0x424a, 0x39e8, 0x1946, 0x3186, 0x4a49, 0x6b4d, 0x4a49, 0x2987,
  0x1946, 0x1925, 0x3186, 0x5acb, 0x6b4d, 0x39e8, 0x1926, 0x2145, 0x5b0c, 0x6b4d, 0x3186, 0x2145,
  0x08a4, 0x4a49, 0x4a49, 0x10e4, 0x3186, 0x31a7, 0x10c4, 0x2145, 0x2966, 0x10e4, 0x08a4, 0x08a4,
  0x08a4, 0x08a4, 0x08c4, 0x00a4, 0x00a4, 0x08a3, 0x08a3, 0x0083, 0x0083, 0x0083, 0x0083, 0x0083,
  0x0083, 0x0083, 0x0083, 0x0083, 0x0083, 0x0083, 0x0083, 0x0083, 0x0083, 0x0083, 0x08a3, 0x08a4,
  0x10e4, 0x08a4, 0x00a4, 0x0083, 0x08a3, 0x08a3, 0x0083, 0x0083, 0x0083, 0x0083, 0x08a3, 0x08a3,
  0x0083, 0x0083, 0x0083, 0x0083, 0x0083, 0x0083, 0x08a3, 0x08a3, 0x10e4, 0x10e4, 0x10e4, 0x10e4,
  0x1905, 0x1925, 0x1905, 0x10c4, 0x10c4, 0x10c4, 0x08a3, 0x08a4, 0x08a3, 0x0083, 0x0883, 0x10c4,
  0x10e4, 0x08a3, 0x08a3, 0x08a4, 0x1905, 0x10c4, 0x08a4, 0x10c4, 0x10c4, 0x08a3, 0x08a4, 0x10c4,
  0x10c4, 0x10c4, 0x10c4, 0x10c4, 0x10c4, 0x10c4, 0x1105, 0x2146, 0x29a7, 0x0082, 0x0862, 0x0882,
  0x18e4, 0x1904, 0x18e4, 0x18e4, 0x10a3, 0x0862, 0x0862, 0x0862, 0x0062, 0x0062, 0x0062, 0x0062,
  0x0062, 0x0062, 0x0062, 0x0862, 0x0882, 0x08a3, 0x10a3, 0x08a3, 0x0882, 0x08a3, 0x0882, 0x08a3,
  0x10a3, 0x08a3, 0x08a3, 0x10e3, 0x10a3, 0x08c3, 0x10e3, 0x10e3, 0x10e3, 0x10e4, 0x18e4, 0x18e4,
  0x08c3, 0x0083, 0x0062, 0x0063, 0x0062, 0x0063, 0x0063, 0x0063, 0x0062, 0x0062, 0x0063, 0x0063,
  0x0063, 0x0063, 0x0063, 0x0063, 0x0083, 0x0063, 0x0063, 0x0083, 0x0063, 0x0063, 0x0083, 0x10c4,
  0x10e4, 0x08c4, 0x08a3, 0x00a4, 0x00a4, 0x00a4, 0x00a4, 0x00a4, 0x0083, 0x0083, 0x08a3, 0x00a4,
  0x00a4, 0x00a4, 0x08a3, 0x08a4, 0x08a4, 0x08a4, 0x08a4, 0x00a4, 0x0083, 0x0083, 0x0083, 0x0083,
  0x0083, 0x0083, 0x00a4, 0x00a4, 0x08a3, 0x08a4, 0x08c4, 0x08c4, 0x08a3, 0x08a3, 0x08a3, 0x08a3,
  0x08a4, 0x08c4, 0x08c4, 0x08c4, 0x00a4, 0x0083, 0x00a4, 0x00a4, 0x08c4, 0x10e4, 0x08a4, 0x08a4,
  0x0083, 0x0083, 0x0083, 0x0063, 0x0063, 0x0083, 0x0083, 0x08a4, 0x10e4, 0x10c4, 0x3186, 0x2145,
  0x1925, 0x2966, 0x3186, 0x2145, 0x2146, 0x1905, 0x10e4, 0x1905, 0x08a4, 0x08a3, 0x08a3, 0x08a3,
  0x10c4, 0x10e4, 0x08c4, 0x08a4, 0x10c4, 0x10c4, 0x08a4, 0x08a4, 0x08a3, 0x08a4, 0x1905, 0x10e4,
  0x1905, 0x10e4, 0x1946, 0x31a7, 0x31e8, 0x2145, 0x2145, 0x2966, 0x10c4, 0x3186, 0x39c7, 0x39c7,
  0x39e8, 0x2145, 0x2966, 0x2145, 0x39c7, 0x52cb, 0x4228, 0x4a8b, 0x52cb, 0x6b4d, 0x6b4d, 0x526a,
  0x39c7, 0x4228, 0x5acb, 0x3186, 0x6b4d, 0x4228, 0x2145, 0x2966, 0x2966, 0x4228, 0x2966, 0x2966,
  0x4228, 0x2966, 0x4228, 0x4a49, 0x2145, 0x4a49, 0x39e8, 0x39c7, 0x4228, 0x3186, 0x4228, 0x39e8,
  0x1904, 0x4a49, 0x4228, 0x424a, 0x424a, 0x52cb, 0x3186, 0x7b8d, 0x9450, 0x5acb, 0x3186, 0x39c7,
  0x5b0c, 0x4a49, 0x2167, 0x31a7, 0x526a, 0x6b4d, 0x4a49, 0x2166, 0x1946, 0x2166, 0x4a49, 0x9450,
  0x7b8d, 0x526a, 0x2167, 0x2146, 0x4a49, 0x4228, 0x2966, 0x1925, 0x08c4, 0x2966, 0x2966, 0x08c4,
  0x1925, 0x2145, 0x10e5, 0x08e5, 0x08c4, 0x08c4, 0x08e5, 0x1105, 0x10e5, 0x08e5, 0x08e5, 0x08c4,
  0x08c4, 0x08c4, 0x08c4, 0x08a4, 0x08c4, 0x08e5, 0x10e5, 0x1106, 0x1106, 0x10e5, 0x08e5, 0x08a4,
  0x08a4, 0x08a4, 0x00a4, 0x0083, 0x00a4, 0x0083, 0x1105, 0x1925, 0x2146, 0x10c4, 0x00a4, 0x00a4,
  0x00a4, 0x08a3, 0x08a3, 0x0083, 0x00a4, 0x08a3, 0x00a4, 0x08a3, 0x0083, 0x00a4, 0x08a3, 0x08a3,
  0x08a3, 0x0083, 0x0083, 0x08a3, 0x31a7, 0x39e8, 0x39c7, 0x39e8, 0x4a49, 0x4a8b, 0x4a8b, 0x39c7,
  0x39e8, 0x4a49, 0x31a7, 0x1926, 0x1926, 0x1105, 0x1905, 0x4228, 0x526a, 0x10c4, 0x2145, 0x526a,
  0x4228, 0x2145, 0x31a7, 0x4a49, 0x31a7, 0x1926, 0x1926, 0x1925, 0x10e4, 0x10c4, 0x08a3, 0x0083,
  0x0883, 0x08a3, 0x10e4, 0x2146, 0x2987, 0x0062, 0x0062, 0x0862, 0x08a3, 0x10c4, 0x1904, 0x10c4,
  0x08c3, 0x0882, 0x0882, 0x08a3, 0x0882, 0x0882, 0x0882, 0x0862, 0x0062, 0x0062, 0x0862, 0x0862,
  0x0862, 0x0862, 0x0882, 0x0882, 0x0882, 0x0882, 0x0882, 0x08c3, 0x10c4, 0x08a3, 0x0882, 0x0882,
  0x0882, 0x08a3, 0x10e3, 0x10e3, 0x10e3, 0x10e3, 0x18e4, 0x10e4, 0x10e3, 0x10e3, 0x0083, 0x0062,
  0x0062, 0x0062, 0x0063, 0x0062, 0x0063, 0x0062, 0x0063, 0x0083, 0x0083, 0x0063, 0x0083, 0x0083,
  0x0083, 0x0083, 0x0083, 0x0083, 0x0063, 0x0063, 0x0083, 0x08a3, 0x08c4, 0x08c4, 0x08a4, 0x08a4,
  0x0083, 0x0083, 0x0083, 0x00a4, 0x00a4, 0x00a4, 0x00a4, 0x08a4, 0x00a4, 0x00a4, 0x00a4, 0x00a4,
  0x00a4, 0x00a4, 0x0083, 0x00a4, 0x00a4, 0x00a4, 0x0083, 0x0083, 0x0083, 0x0083, 0x0083, 0x08a4,
  0x10c4, 0x2125, 0x10c4, 0x2145, 0x1904, 0x10c4, 0x2145, 0x31a7, 0x526a, 0x4228, 0x10c4, 0x00a4,
  0x08a4, 0x08a4, 0x10e4, 0x1925, 0x2125, 0x39c7, 0x1925, 0x08a4, 0x08a4, 0x08a3, 0x1904, 0x18e4,
  0x0063, 0x1905, 0x2146, 0x39c7, 0x39e8, 0x2145, 0x4a49, 0x39e8, 0x1925, 0x1105, 0x10c4, 0x10c4,
  0x1905, 0x10c4, 0x10e4, 0x10e4, 0x1105, 0x1925, 0x1925, 0x2125, 0x2966, 0x39c7, 0x1905, 0x1905,
  0x5b0c, 0x4a8b, 0x2966, 0x39e8, 0x4228, 0x4a49, 0x39e8, 0x31a7, 0x39e8, 0x2966, 0x39e8, 0x4228,
  0x2966, 0x2166, 0x1925, 0x08a3, 0x10c4, 0x31a7, 0x31a7, 0x39c7, 0x39c7, 0x31a7, 0x3a09, 0x31a7,
  0x424a, 0x4a8b, 0x3186, 0x2146, 0x2966, 0x3186, 0x526a, 0x4a49, 0x39c7, 0x2966, 0x31a7, 0x2145,
  0x2966, 0x2966, 0x3186, 0x39e8, 0x31a7, 0x39c7, 0x31a7, 0x2966, 0x39e8, 0x39e8, 0x39e8, 0x526a,
  0x2966, 0x1904, 0x4228, 0x39e8, 0x2966, 0x2125, 0x4a49, 0x4a8b, 0x29a7, 0x6bb0, 0x52cb, 0x31a7,
  0x31a7, 0x4a8b, 0x4a8b, 0x39e8, 0x4228, 0x4a49, 0x39e8, 0x31a7, 0x31a7, 0x2167, 0x2167, 0x31e8,
  0x526a, 0x5b0c, 0x4228, 0x2987, 0x31e8, 0x3186, 0x4228, 0x6b4d, 0x6b4d, 0x31a7, 0x1925, 0x1925,
  0x31a7, 0x5acb, 0x6b4d, 0x29a7, 0x1946, 0x29a7, 0x2187, 0x1967, 0x1967, 0x2167, 0x2187, 0x2187,
  0x21a8, 0x21a8, 0x3a4b, 0x3a4b, 0x2187, 0x1967, 0x1946, 0x1926, 0x1926, 0x1926, 0x1946, 0x1926,
  0x1926, 0x1926, 0x1926, 0x1926, 0x1967, 0x1967, 0x1967, 0x1967, 0x1967, 0x1967, 0x1926, 0x1106,
  0x1925, 0x2146, 0x2146, 0x2145, 0x2966, 0x10e4, 0x08c4, 0x08a4, 0x10e4, 0x1905, 0x2145, 0x2966,
  0x3186, 0x2146, 0x1946, 0x1946, 0x1946, 0x1925, 0x1926, 0x1905, 0x10e4, 0x08a3, 0x08a4, 0x08a4,
  0x10e4, 0x10c4, 0x10c4, 0x1905, 0x2145, 0x2166, 0x2146, 0x2145, 0x3186, 0x4228, 0x1925, 0x10e4,
  0x10e4, 0x10e4, 0x2125, 0x39c7, 0x2145, 0x08a3, 0x1904, 0x4228, 0x2966, 0x4228, 0x2145, 0x2966,
  0x2146, 0x1905, 0x10e4, 0x08a3, 0x08a3, 0x0083, 0x0062, 0x0062, 0x0062, 0x0062, 0x10e4, 0x2146,
  0x2987, 0x0062, 0x0062, 0x0062, 0x0862, 0x0882, 0x10a3, 0x10c4, 0x2145, 0x10a3, 0x0862, 0x0862,
  0x0062, 0x0882, 0x10a3, 0x10a3, 0x10a3, 0x08a3, 0x0862, 0x0862, 0x0862, 0x0862, 0x0862, 0x0862,
  0x0862, 0x0862, 0x0882, 0x0862, 0x0882, 0x08a3, 0x0882, 0x0882, 0x0882, 0x08c3, 0x08a3, 0x08c3,
  0x10e3, 0x10e4, 0x18e4, 0x10e4, 0x10e4, 0x10e4, 0x10c4, 0x0883, 0x0883, 0x0083, 0x0063, 0x0062,
  0x0063, 0x0063, 0x0063, 0x0063, 0x0063, 0x0083, 0x0083, 0x0063, 0x0083, 0x0083, 0x0083, 0x0063,
  0x0083, 0x0063, 0x0063, 0x0083, 0x0883, 0x08a3, 0x08a3, 0x00a4, 0x08a4, 0x08a4, 0x08a4, 0x10c4,
  0x2966, 0x1905, 0x08c4, 0x08c4, 0x0083, 0x0083, 0x0083, 0x00a4, 0x08a4, 0x00a4, 0x08a3, 0x08a3,
  0x08a3, 0x00a4, 0x00a4, 0x0083, 0x08a3, 0x2145, 0x2146, 0x1925, 0x2966, 0x2966, 0x1904, 0x39c7,
  0x526a, 0x4228, 0x31a7, 0x31a7, 0x4228, 0x4a49, 0x1905, 0x08a3, 0x08a3, 0x10e4, 0x2966, 0x39c7,
  0x39c7, 0x39e8, 0x2966, 0x10c4, 0x3186, 0x4a8b, 0x39c7, 0x3186, 0x10c4, 0x10e4, 0x1925, 0x2145,
  0x2145, 0x2145, 0x4228, 0x2145, 0x10c4, 0x10c4, 0x08a3, 0x08a3, 0x08a3, 0x10c4, 0x2966, 0x10c4,
  0x10e4, 0x2966, 0x3186, 0x4228, 0x39e8, 0x39c7, 0x2145, 0x10e4, 0x39c7, 0x31a7, 0x1925, 0x2145,
  0x2966, 0x3186, 0x2145, 0x2145, 0x2146, 0x1926, 0x2966, 0x2987, 0x1925, 0x1905, 0x1905, 0x1105,
  0x1905, 0x10c4, 0x2145, 0x4a49, 0x31a7, 0x2145, 0x1926, 0x1926, 0x1946, 0x2166, 0x10e4, 0x1925,
  0x1925, 0x10c4, 0x18e4, 0x39e8, 0x39e8, 0x1904, 0x1905, 0x29a7, 0x2167, 0x1925, 0x2146, 0x2987,
  0x2145, 0x2166, 0x2145, 0x31a7, 0x3186, 0x4228, 0x2966, 0x39c7, 0x2145, 0x2145, 0x39c7, 0x2966,
  0x10e4, 0x08c4, 0x10e5, 0x1946, 0x1946, 0x2987, 0x2987, 0x31e8, 0x29a7, 0x3a09, 0x39e8, 0x3a09,
  0x1905, 0x2125, 0x1925, 0x1926, 0x2167, 0x2167, 0x1967, 0x2987, 0x3a09, 0x4a49, 0x31e8, 0x3a09,
  0x5b0c, 0x3a09, 0x31a7, 0x4228, 0x39e8, 0x2145, 0x10e4, 0x10e5, 0x2166, 0x5b0c, 0x7c31, 0x424a,
  0x322a, 0x52ed, 0x4a8b, 0x31e9, 0x31e9, 0x31e9, 0x29c8, 0x31e9, 0x31e9, 0x31e9, 0x428b, 0x3a4b,
  0x322a, 0x29c8, 0x1105, 0x08e5, 0x08c4, 0x10e4, 0x10e4, 0x31e8, 0x31e8, 0x10e4, 0x10e5, 0x10e5,
  0x1105, 0x1926, 0x1926, 0x1926, 0x1946, 0x1946, 0x1926, 0x1967, 0x2166, 0x4a49, 0x31a7, 0x31a7,
  0x39c7, 0x1905, 0x10e4, 0x10c4, 0x2987, 0x2966, 0x3186, 0x39e8, 0x4228, 0x2145, 0x1926, 0x1926,
  0x1905, 0x10e4, 0x10e4, 0x10e4, 0x10e4, 0x1904, 0x10c4, 0x10a3, 0x2145, 0x18e4, 0x10c4, 0x10c4,
  0x10e4, 0x10e4, 0x10e4, 0x10e4, 0x10e4, 0x10e4, 0x10e4, 0x10c4, 0x08a4, 0x10c4, 0x08a4, 0x08a3,
  0x0083, 0x0083, 0x08a3, 0x08a3, 0x18e4, 0x2966, 0x1925, 0x1925, 0x1905, 0x10c4, 0x10c4, 0x08a3,
  0x0883, 0x0082, 0x0062, 0x0062, 0x0062, 0x0062, 0x10e4, 0x2145, 0x2987, 0x0082, 0x0062, 0x0041,
  0x0041, 0x0062, 0x0862, 0x0862, 0x1904, 0x10c4, 0x08a3, 0x0862, 0x0041, 0x0041, 0x0062, 0x0882,
  0x18e4, 0x10c4, 0x10a3, 0x10a3, 0x08a3, 0x0882, 0x0862, 0x0862, 0x0862, 0x0862, 0x0862, 0x0862,
  0x0862, 0x0882, 0x08a3, 0x0882, 0x0882, 0x08a3, 0x08a3, 0x08a3, 0x08a3, 0x08c3, 0x10a3, 0x10e3,
  0x10c4, 0x18e4, 0x10e3, 0x08a3, 0x08c3, 0x10e3, 0x08a3, 0x0883, 0x0083, 0x0883, 0x0083, 0x0083,
  0x0083, 0x0083, 0x0083, 0x0083, 0x0083, 0x0083, 0x1904, 0x2125, 0x2966, 0x1904, 0x0883, 0x08a3,
  0x2125, 0x10c4, 0x0083, 0x08a3, 0x08a3, 0x3186, 0x39e8, 0x6b4d, 0x6b4d, 0x4a49, 0x10e4, 0x08c4,
  0x00a4, 0x00a4, 0x08a3, 0x08a4, 0x10c4, 0x2145, 0x39e8, 0x2966, 0x1905, 0x08a3, 0x08a3, 0x2125,
  0x39c7, 0x10e4, 0x3186, 0x08a3, 0x2125, 0x2966, 0x10c4, 0x2966, 0x52cb, 0x4a49, 0x39e8, 0x2966,
  0x39e8, 0x2125, 0x2145, 0x5b0c, 0x3186, 0x2145, 0x2966, 0x39e8, 0x5acb, 0x3186, 0x2966, 0x10c4,
  0x2146, 0x31e8, 0x1925, 0x1105, 0x10e4, 0x10e4, 0x1105, 0x10e4, 0x10c4, 0x10c4, 0x3186, 0x1905,
  0x08a3, 0x08a3, 0x08a3, 0x0883, 0x2145, 0x2966, 0x4228, 0x3186, 0x39c7, 0x3186, 0x2125, 0x2125,
  0x1904, 0x10e4, 0x08c3, 0x08c3, 0x10c4, 0x10e4, 0x10e4, 0x10e4, 0x08c4, 0x10e4, 0x4228, 0x2145,
  0x08a4, 0x10e4, 0x1905, 0x1925, 0x1105, 0x1105, 0x1905, 0x1105, 0x10e4, 0x1925, 0x31a7, 0x3186,
  0x2145, 0x10e4, 0x1105, 0x10e5, 0x1106, 0x1946, 0x08e5, 0x10e4, 0x10c4, 0x10a3, 0x1904, 0x2146,
  0x2167, 0x1926, 0x10e4, 0x29c8, 0x31e9, 0x1925, 0x1946, 0x1905, 0x10e4, 0x1925, 0x10e4, 0x2146,
  0x2145, 0x39e8, 0x39c7, 0x10e4, 0x10e4, 0x10e4, 0x10e4, 0x08a4, 0x08c4, 0x10e5, 0x1105, 0x1946,
  0x21a8, 0x1967, 0x1926, 0x2167, 0x1946, 0x2167, 0x10e4, 0x1905, 0x2145, 0x10e4, 0x1925, 0x1905,
  0x31e8, 0x31e8, 0x31e8, 0x29a7, 0x2987, 0x31a7, 0x21a8, 0x21a8, 0x2167, 0x1925, 0x1905, 0x2125,
  0x2145, 0x39e8, 0x2966, 0x4228, 0x4a49, 0x39c7, 0x31a7, 0x2966, 0x4a8b, 0x424a, 0x52cb, 0x4a8b,
  0x428b, 0x3a4b, 0x4acd, 0x3a4b, 0x322a, 0x29c8, 0x29c8, 0x2187, 0x2187, 0x2187, 0x2187, 0x29c8,
  0x21a8, 0x29c8, 0x29c8, 0x31e9, 0x31e8, 0x29a7, 0x2187, 0x2187, 0x2167, 0x29a7, 0x424a, 0x31e8,
  0x29c8, 0x29c8, 0x1967, 0x1106, 0x1925, 0x5b0c, 0x39c7, 0x1925, 0x1905, 0x1926, 0x2167, 0x1905,
  0x08c4, 0x08c4, 0x08c4, 0x10e4, 0x10e4, 0x1925, 0x1925, 0x1105, 0x1905, 0x10e4, 0x10e4, 0x08c4,
  0x2125, 0x4a49, 0x3186, 0x4a49, 0x526a, 0x4a49, 0x39e8, 0x2987, 0x2167, 0x2167, 0x3a09, 0x3a09,
  0x31a7, 0x31a7, 0x4228, 0x2146, 0x2145, 0x2145, 0x3186, 0x3186, 0x10c4, 0x10e4, 0x2145, 0x2146,
  0x1904, 0x1904, 0x1904, 0x1904, 0x10c4, 0x0882, 0x08a3, 0x08a3, 0x0883, 0x0082, 0x0062, 0x0062,
  0x0062, 0x0062, 0x10e4, 0x1925, 0x2987, 0x0882, 0x0862, 0x0041, 0x0041, 0x0041, 0x0041, 0x0041,
  0x0062, 0x0882, 0x0882, 0x0062, 0x0041, 0x0041, 0x0062, 0x0862, 0x0882, 0x10a3, 0x18e4, 0x10c4,
  0x18e4, 0x10a3, 0x0862, 0x0862, 0x0862, 0x0862, 0x0862, 0x0862, 0x0862, 0x0882, 0x0862, 0x0882,
  0x0882, 0x0882, 0x0882, 0x08a3, 0x10a3, 0x08a3, 0x0882, 0x08a3, 0x08c3, 0x08c3, 0x10e3, 0x10e3,
  0x08c3, 0x10e3, 0x10e3, 0x08c3, 0x08a3, 0x08a3, 0x08a3, 0x08a4, 0x10c4, 0x10c4, 0x10e4, 0x10e4,
  0x10c4, 0x10e4, 0x4228, 0x4a49, 0x4a49, 0x4a49, 0x39e8, 0x3186, 0x5b0c, 0x39e8, 0x08a3, 0x0083,
  0x08a3, 0x4228, 0x4228, 0x4a49, 0x39c7, 0x1905, 0x08a4, 0x08a4, 0x00a4, 0x00a4, 0x08a3, 0x2966,
  0x2145, 0x2145, 0x31a7, 0x10c4, 0x08a3, 0x1904, 0x3186, 0x2145, 0x31a7, 0x10c4, 0x3186, 0x10a3,
  0x18e4, 0x39e8, 0x10e4, 0x10c4, 0x1905, 0x4a49, 0x4228, 0x2145, 0x31a7, 0x2966, 0x3186, 0x52cb,
  0x39e8, 0x08a3, 0x0883, 0x08a3, 0x10c4, 0x0083, 0x08a3, 0x08a4, 0x10e4, 0x1905, 0x1925, 0x1946,
  0x2987, 0x10e4, 0x08a4, 0x08a3, 0x08a3, 0x08a3, 0x08a3, 0x10c4, 0x10c4, 0x2145, 0x3186, 0x2125,
  0x2125, 0x2125, 0x2125, 0x2125, 0x10e4, 0x08a3, 0x08c3, 0x08a4, 0x08c3, 0x08c3, 0x08c3, 0x08c3,
  0x10e3, 0x10e4, 0x10e4, 0x10e3, 0x10e3, 0x08c3, 0x2145, 0x10c4, 0x08a3, 0x08c4, 0x08a4, 0x10c4,
  0x10c4, 0x1105, 0x1925, 0x1905, 0x2966, 0x1926, 0x10c4, 0x08a3, 0x08c4, 0x08e5, 0x08e5, 0x08c4,
  0x08c4, 0x08c4, 0x08a4, 0x08a3, 0x08a3, 0x2966, 0x2966, 0x1905, 0x1926, 0x1925, 0x08c4, 0x1925,
  0x2187, 0x1925, 0x1946, 0x1105, 0x10e4, 0x1105, 0x10c4, 0x10e4, 0x1105, 0x2966, 0x4a8b, 0x2966,
  0x2167, 0x1106, 0x1925, 0x1905, 0x08a3, 0x08a3, 0x08a4, 0x10e5, 0x29c8, 0x322a, 0x21a8, 0x2187,
  0x1967, 0x1926, 0x1926, 0x1905, 0x10e4, 0x08a3, 0x1905, 0x1925, 0x3a09, 0x39e8, 0x31a7, 0x2987,
  0x424a, 0x5b4e, 0x5b4e, 0x636f, 0x428b, 0x322a, 0x3a09, 0x424a, 0x2966, 0x31a7, 0x39c7, 0x39e8,
  0x39e8, 0x4a49, 0x10e4, 0x1105, 0x4228, 0x39c7, 0x3a09, 0x31a7, 0x2987, 0x2987, 0x31e8, 0x29c8,
  0x21a8, 0x2187, 0x2187, 0x1946, 0x1946, 0x1926, 0x1925, 0x1926, 0x2167, 0x31e9, 0x3a4b, 0x31e9,
  0x21a8, 0x2187, 0x1967, 0x1926, 0x10e5, 0x2167, 0x31e8, 0x31e9, 0x31e9, 0x29c8, 0x21a8, 0x21a8,
  0x2187, 0x31a7, 0x2987, 0x2167, 0x2167, 0x2166, 0x2166, 0x2166, 0x2187, 0x2187, 0x2167, 0x1926,
  0x1925, 0x1946, 0x1926, 0x1926, 0x2966, 0x31a7, 0x2167, 0x1926, 0x2145, 0x2966, 0x2145, 0x39c7,
  0x3186, 0x526a, 0x4228, 0x1905, 0x1105, 0x10c4, 0x3186, 0x31a7, 0x3186, 0x1904, 0x2966, 0x2987,
  0x3186, 0x10e4, 0x2145, 0x2966, 0x2145, 0x2146, 0x2125, 0x10c4, 0x10c4, 0x10e4, 0x1904, 0x10e4,
  0x0882, 0x0862, 0x0882, 0x0883, 0x0082, 0x0062, 0x0062, 0x0062, 0x0062, 0x0082, 0x10c4, 0x1925,
  0x2167, 0x0082, 0x0062, 0x0041, 0x0041, 0x0041, 0x0041, 0x0041, 0x0041, 0x0062, 0x0862, 0x0862,
  0x0062, 0x0062, 0x0862, 0x0862, 0x0882, 0x08a3, 0x1904, 0x10a3, 0x0862, 0x0862, 0x0862, 0x0862,
  0x0862, 0x0862, 0x0862, 0x0862, 0x0862, 0x0862, 0x0862, 0x0862, 0x0882, 0x0882, 0x0862, 0x0882,
  0x08a3, 0x08a3, 0x0882, 0x08a3, 0x10a3, 0x08c3, 0x08a3, 0x08c3, 0x08a3, 0x0883, 0x0883, 0x0082,
  0x08a3, 0x0883, 0x0082, 0x0883, 0x0883, 0x0883, 0x08a3, 0x10c4, 0x10e4, 0x1905, 0x1905, 0x10e4,
  0x2966, 0x39e8, 0x3186, 0x10c4, 0x2125, 0x10a3, 0x0083, 0x0083, 0x0083, 0x08a4, 0x1105, 0x1926,
  0x10e4, 0x08c4, 0x08a4, 0x08a4, 0x08a4, 0x08a4, 0x08a3, 0x10c4, 0x08a4, 0x08a4, 0x10e4, 0x1905,
  0x08a4, 0x1925, 0x2987, 0x2145, 0x2145, 0x1905, 0x10e4, 0x08a3, 0x18e4, 0x3186, 0x2146, 0x10c4,
  0x1925, 0x39c7, 0x2146, 0x10e4, 0x1105, 0x10e4, 0x10e4, 0x08c4, 0x08a3, 0x08a3, 0x0883, 0x0083,
  0x0083, 0x0083, 0x08a3, 0x08a4, 0x08c4, 0x10e4, 0x10e5, 0x1105, 0x10e4, 0x08a4, 0x08a3, 0x10c4,
  0x18e4, 0x10c4, 0x2125, 0x18e4, 0x10e4, 0x18e4, 0x2145, 0x10e4, 0x10e3, 0x08a3, 0x0883, 0x08c3,
  0x08c3, 0x10e3, 0x10e3, 0x10e3, 0x08c3, 0x08c3, 0x08c3, 0x10e3, 0x10e3, 0x10e4, 0x10e3, 0x08c3,
  0x08c3, 0x10c4, 0x08c4, 0x08a4, 0x08a3, 0x08a3, 0x08a3, 0x08a3, 0x18e4, 0x3186, 0x31a7, 0x10e4,
  0x1925, 0x08c4, 0x08c4, 0x08c4, 0x1946, 0x21a8, 0x2187, 0x1926, 0x08c4, 0x08a4, 0x08a4, 0x10c4,
  0x2145, 0x2145, 0x10c4, 0x08a3, 0x2125, 0x1904, 0x10e4, 0x10e4, 0x1905, 0x3186, 0x2145, 0x10e4,
  0x2146, 0x2145, 0x31a7, 0x2966, 0x2987, 0x39c7, 0x4228, 0x4228, 0x2145, 0x1105, 0x1105, 0x10e4,
  0x10c4, 0x2145, 0x10c4, 0x08c4, 0x1926, 0x322a, 0x31e9, 0x2187, 0x0906, 0x1926, 0x2187, 0x2167,
  0x10e4, 0x08a4, 0x08a4, 0x08a4, 0x2166, 0x29a7, 0x3a09, 0x424a, 0x39e8, 0x3a09, 0x3a09, 0x322a,
  0x29c8, 0x21a8, 0x2167, 0x1946, 0x10e5, 0x10e5, 0x10e5, 0x08e5, 0x08c4, 0x10e4, 0x10e5, 0x08e5,
  0x08e5, 0x08c4, 0x08c4, 0x08a4, 0x08c4, 0x08a4, 0x08c4, 0x08e5, 0x10e5, 0x1946, 0x2187, 0x2187,
  0x2167, 0x1967, 0x21a8, 0x21a8, 0x21a8, 0x21a8, 0x2187, 0x1106, 0x08c4, 0x08a4, 0x08a4, 0x08a4,
  0x0083, 0x10e4, 0x2145, 0x3186, 0x1905, 0x1105, 0x08c4, 0x08c4, 0x08a4, 0x08a4, 0x08a4, 0x08a4,
  0x08c4, 0x08c4, 0x1105, 0x1105, 0x10e4, 0x1105, 0x10e4, 0x10e4, 0x10e4, 0x08c4, 0x08a4, 0x00a4,
  0x08a4, 0x08c4, 0x1105, 0x1105, 0x1925, 0x31a7, 0x29a7, 0x2966, 0x4228, 0x39e8, 0x4a49, 0x4228,
  0x39c7, 0x2966, 0x2125, 0x1925, 0x08a4, 0x08a4, 0x08a4, 0x1925, 0x2145, 0x1905, 0x1905, 0x1904,
  0x1904, 0x2125, 0x18e4, 0x08a3, 0x18e4, 0x18e4, 0x10a3, 0x0862, 0x0041, 0x0882, 0x0862, 0x0862,
  0x0062, 0x0062, 0x0062, 0x0062, 0x0082, 0x0082, 0x10c4, 0x1905, 0x2166, 0x0062, 0x0041, 0x0041,
  0x0041, 0x0041, 0x0041, 0x0041, 0x0041, 0x0041, 0x0041, 0x0062, 0x0062, 0x0041, 0x0041, 0x0062,
  0x0062, 0x0862, 0x0882, 0x0882, 0x0862, 0x0862, 0x0062, 0x0062, 0x0862, 0x0862, 0x0862, 0x0862,
  0x0862, 0x0882, 0x0882, 0x0882, 0x0882, 0x0862, 0x0862, 0x0862, 0x0862, 0x0862, 0x0882, 0x0882,
  0x0882, 0x10a3, 0x10e3, 0x08a3, 0x0082, 0x0082, 0x0883, 0x08a3, 0x08a3, 0x08a3, 0x08a3, 0x0883,
  0x0882, 0x0082, 0x0082, 0x0083, 0x08a3, 0x10c4, 0x1904, 0x1905, 0x10e4, 0x10e4, 0x10c4, 0x08a3,
  0x0883, 0x0883, 0x0083, 0x0083, 0x08a4, 0x08e5, 0x1105, 0x1925, 0x1925, 0x1925, 0x10e5, 0x10e5,
  0x08c4, 0x1105, 0x1925, 0x10e4, 0x08c4, 0x08c4, 0x2166, 0x29a7, 0x1105, 0x2166, 0x2987, 0x1925,
  0x2146, 0x1904, 0x39e8, 0x10e4, 0x10c4, 0x2125, 0x1925, 0x08a4, 0x08c4, 0x08c4, 0x1105, 0x29a7,
  0x2166, 0x08a4, 0x08a3, 0x08a4, 0x08a4, 0x0083, 0x0083, 0x08a3, 0x08a4, 0x08a4, 0x0083, 0x0083,
  0x08a4, 0x08c4, 0x10e4, 0x1905, 0x08c4, 0x08a4, 0x2125, 0x31a7, 0x2145, 0x10a3, 0x0883, 0x0082,
  0x08a3, 0x08c3, 0x10e3, 0x08c3, 0x08c3, 0x08a3, 0x08c3, 0x08a3, 0x0883, 0x08a3, 0x08c3, 0x08c3,
  0x08c3, 0x08c3, 0x08c3, 0x08c3, 0x08c3, 0x08c3, 0x08a3, 0x08c3, 0x10c4, 0x2167, 0x29a7, 0x2167,
  0x08a4, 0x08a3, 0x2966, 0x2966, 0x2966, 0x3186, 0x1105, 0x08e5, 0x08e5, 0x08e5, 0x10e5, 0x1105,
  0x1967, 0x21a8, 0x21a8, 0x1967, 0x10e5, 0x08c4, 0x08a4, 0x31a7, 0x4a49, 0x3a09, 0x31e8, 0x31e8,
  0x3a09, 0x3186, 0x31a7, 0x2145, 0x1946, 0x31a7, 0x2987, 0x2145, 0x31e8, 0x322a, 0x31a7, 0x2987,
  0x2987, 0x4a8b, 0x4a49, 0x4228, 0x39e8, 0x31a7, 0x31e8, 0x31e8, 0x29a7, 0x31e8, 0x1946, 0x08c4,
  0x08e5, 0x1925, 0x1946, 0x1926, 0x1105, 0x1946, 0x2167, 0x2167, 0x2166, 0x1925, 0x1105, 0x1105,
  0x1926, 0x2187, 0x2167, 0x31a7, 0x52cb, 0x424a, 0x08e5, 0x08e5, 0x1106, 0x1105, 0x08e5, 0x08e5,
  0x08e5, 0x08e5, 0x08e6, 0x08e5, 0x08e5, 0x08c5, 0x08e5, 0x10e5, 0x1105, 0x08c4, 0x08a4, 0x2966,
  0x4a49, 0x3186, 0x08a4, 0x08c4, 0x08a4, 0x00a4, 0x00a4, 0x08a4, 0x08a4, 0x08a4, 0x08c4, 0x08c4,
  0x08e5, 0x08c4, 0x08a4, 0x10c4, 0x526a, 0x526a, 0x526a, 0x526a, 0x2145, 0x08a3, 0x10e4, 0x39c7,
  0x3186, 0x1904, 0x2125, 0x10e4, 0x10e4, 0x10e4, 0x10e4, 0x08c4, 0x08c4, 0x10e4, 0x4a8b, 0x4a49,
  0x2966, 0x10e4, 0x1925, 0x1926, 0x08a4, 0x08a4, 0x08a4, 0x00a4, 0x00a4, 0x00a4, 0x08a4, 0x08a4,
  0x08a4, 0x08c4, 0x1105, 0x1925, 0x1925, 0x10e4, 0x1904, 0x2145, 0x2145, 0x2966, 0x2145, 0x10e4,
  0x08a4, 0x10c4, 0x10c4, 0x10e4, 0x10e4, 0x10e4, 0x2125, 0x2145, 0x1904, 0x10e4, 0x10e4, 0x10c4,
  0x10a3, 0x08c3, 0x0862, 0x0062, 0x0882, 0x0882, 0x0041, 0x0041, 0x0041, 0x0041, 0x0062, 0x0862,
  0x0862, 0x0882, 0x10c4, 0x1905, 0x2146, 0x0022, 0x0021, 0x0021, 0x0041, 0x0041, 0x0041, 0x0041,
  0x0041, 0x0041, 0x0041, 0x0041, 0x0041, 0x0041, 0x0041, 0x0062, 0x0041, 0x0062, 0x0862, 0x0862,
  0x0862, 0x0862, 0x0862, 0x0862, 0x0862, 0x0862, 0x0062, 0x0041, 0x0862, 0x0882, 0x0882, 0x0882,
  0x0882, 0x0862, 0x0862, 0x0862, 0x0862, 0x0062, 0x0862, 0x0062, 0x0882, 0x08a3, 0x10e3, 0x08a3,
  0x0862, 0x0862, 0x0082, 0x0883, 0x08a3, 0x08a3, 0x0082, 0x0082, 0x0082, 0x0082, 0x0062, 0x0082,
  0x0883, 0x08a3, 0x08c3, 0x08a3, 0x10e3, 0x10e3, 0x10c4, 0x10e4, 0x10e4, 0x10c4, 0x08a4, 0x0083,
  0x0083, 0x0083, 0x08a4, 0x10e4, 0x10e4, 0x08c4, 0x10c4, 0x08a4, 0x0083, 0x08c4, 0x1105, 0x2145,
  0x2966, 0x31a7, 0x1905, 0x10e4, 0x31a7, 0x3186, 0x1904, 0x10c4, 0x2146, 0x10e4, 0x10e4, 0x08a4,
  0x08a3, 0x08a3, 0x08a3, 0x08a3, 0x08a4, 0x08a3, 0x4a49, 0x4228, 0x08a4, 0x10c4, 0x2145, 0x10c4,
  0x08a4, 0x08a4, 0x08a4, 0x1904, 0x10e4, 0x10e4, 0x10c4, 0x08a3, 0x08a4, 0x1905, 0x2966, 0x39c7,
  0x08c4, 0x08e5, 0x10e4, 0x10e3, 0x08c3, 0x08a3, 0x10e3, 0x08c3, 0x08a3, 0x08c3, 0x08c3, 0x10e3,
  0x08c3, 0x08c3, 0x08a3, 0x0883, 0x08a3, 0x08a3, 0x08a3, 0x08a3, 0x08a3, 0x08a3, 0x08c3, 0x08c3,
  0x08c3, 0x08c3, 0x08a3, 0x08a4, 0x08c4, 0x1105, 0x1105, 0x10e4, 0x10e4, 0x1105, 0x2987, 0x31e9,
  0x21a8, 0x2167, 0x1967, 0x1967, 0x2187, 0x29c8, 0x31e9, 0x31e9, 0x31e9, 0x31e9, 0x31e9, 0x31e9,
  0x29c8, 0x1946, 0x10c4, 0x3186, 0x424a, 0x29a7, 0x1946, 0x1925, 0x10e4, 0x1926, 0x1946, 0x08a4,
  0x08c4, 0x1946, 0x2167, 0x1105, 0x3a09, 0x42ac, 0x29c8, 0x08a4, 0x08a4, 0x2966, 0x4a49, 0x31a7,
  0x4a49, 0x31a7, 0x31e9, 0x29c8, 0x29c8, 0x1946, 0x1926, 0x39e8, 0x39c7, 0x2145, 0x39e8, 0x3a09,
  0x31a7, 0x10e4, 0x2145, 0x18e4, 0x2966, 0x1105, 0x08e5, 0x10e5, 0x1946, 0x2987, 0x31a7, 0x4228,
  0x39e8, 0x52cb, 0x31a7, 0x1925, 0x2166, 0x1926, 0x1905, 0x1105, 0x08c4, 0x08c4, 0x08e5, 0x08e5,
  0x08e6, 0x08e5, 0x29a7, 0x52cb, 0x4a49, 0x10e4, 0x10e4, 0x18e4, 0x2966, 0x2145, 0x08a3, 0x4228,
  0x31a7, 0x08a3, 0x00a4, 0x00a4, 0x0083, 0x00a4, 0x00a4, 0x00a4, 0x08a4, 0x10e4, 0x00a4, 0x00a4,
  0x2145, 0x4228, 0x4228, 0x39c7, 0x31a7, 0x10e4, 0x08c4, 0x08a4, 0x10c4, 0x2145, 0x39c7, 0x39c7,
  0x4228, 0x2145, 0x1926, 0x08a4, 0x08a3, 0x10c4, 0x3186, 0x4228, 0x4228, 0x10c4, 0x0083, 0x0083,
  0x0083, 0x00a4, 0x00a4, 0x00a4, 0x10c4, 0x10c4, 0x08a4, 0x08a4, 0x08c4, 0x10e5, 0x1105, 0x1105,
  0x1105, 0x10e4, 0x10e4, 0x10e4, 0x10e4, 0x10e4, 0x10e4, 0x10c4, 0x10c4, 0x10c4, 0x08a3, 0x08a3,
  0x10e4, 0x2125, 0x2145, 0x2125, 0x10e3, 0x10e3, 0x18e4, 0x10a3, 0x0882, 0x0882, 0x0062, 0x0862,
  0x0862, 0x0021, 0x0021, 0x0021, 0x0041, 0x0062, 0x0862, 0x0862, 0x0882, 0x08a3, 0x10c4, 0x1905,
  0x2146, 0x0042, 0x0041, 0x0021, 0x0041, 0x0041, 0x0041, 0x0041, 0x0041, 0x0041, 0x0041, 0x0041,
  0x0041, 0x0041, 0x0041, 0x0041, 0x0041, 0x0041, 0x0062, 0x0062, 0x0862, 0x0862, 0x0862, 0x0882,
  0x0882, 0x0882, 0x0882, 0x0062, 0x0062, 0x0862, 0x0882, 0x0862, 0x0862, 0x0862, 0x0862, 0x0862,
  0x0862, 0x0862, 0x0862, 0x0062, 0x0062, 0x0862, 0x0882, 0x0882, 0x0882, 0x0882, 0x0082, 0x0082,
  0x0082, 0x0882, 0x0082, 0x0082, 0x0862, 0x0862, 0x0062, 0x0082, 0x0083, 0x0883, 0x08a3, 0x08a3,
  0x08a3, 0x08c3, 0x10e3, 0x10e4, 0x10e4, 0x10e4, 0x10e4, 0x10e4, 0x10c4, 0x0883, 0x2125, 0x526a,
  0x2966, 0x0083, 0x31a7, 0x2966, 0x0083, 0x00a4, 0x10e4, 0x31a7, 0x39e8, 0x4228, 0x18e4, 0x08a3,
  0x18e4, 0x10c4, 0x08a3, 0x08a3, 0x08a4, 0x08a4, 0x10c4, 0x08a4, 0x08a3, 0x0083, 0x18e4, 0x39e8,
  0x1904, 0x1905, 0x1905, 0x18e4, 0x08a3, 0x10e4, 0x2966, 0x1925, 0x10e4, 0x08c4, 0x1905, 0x52cb,
  0x2966, 0x31a7, 0x39e8, 0x10e4, 0x1905, 0x2145, 0x10c4, 0x10e4, 0x08a4, 0x08c4, 0x08a4, 0x08c3,
  0x08c3, 0x08c3, 0x08c3, 0x08c3, 0x08c3, 0x08c3, 0x08a3, 0x08c3, 0x08c3, 0x08c3, 0x08a3, 0x08c3,
  0x08c3, 0x08c3, 0x08c3, 0x08a3, 0x08c3, 0x10e3, 0x10e3, 0x08a4, 0x08a4, 0x10c4, 0x08c4, 0x08c4,
  0x10c4, 0x10c4, 0x10e4, 0x1925, 0x2146, 0x10e4, 0x10e4, 0x1105, 0x1106, 0x10e5, 0x10e4, 0x1925,
  0x1967, 0x21a8, 0x29c8, 0x5b4e, 0x4a8b, 0x2167, 0x2187, 0x1967, 0x1926, 0x1925, 0x2145, 0x39e8,
  0x31a7, 0x1925, 0x1926, 0x1106, 0x10e5, 0x1926, 0x1926, 0x08a4, 0x08c4, 0x10e4, 0x10e4, 0x10c4,
  0x29a7, 0x3a4b, 0x29c8, 0x10e4, 0x10e4, 0x1925, 0x39c7, 0x39c7, 0x4a49, 0x39e8, 0x31e8, 0x31e8,
  0x31a7, 0x29c8, 0x2987, 0x2987, 0x2966, 0x2145, 0x3186, 0x18e4, 0x1904, 0x39c7, 0x4228, 0x39c7,
  0x39e8, 0x2987, 0x10e4, 0x08e5, 0x2987, 0x424a, 0x4a8b, 0x5b4e, 0x2145, 0x2987, 0x31e8, 0x3a09,
  0x3186, 0x2966, 0x39e8, 0x3186, 0x08e5, 0x08e5, 0x1106, 0x1926, 0x1106, 0x1106, 0x1926, 0x31a7,
  0x2987, 0x1925, 0x31a7, 0x39e8, 0x4a49, 0x2966, 0x10c4, 0x1904, 0x10e4, 0x10e4, 0x08a3, 0x08a3,
  0x2125, 0x2145, 0x08a4, 0x0083, 0x2145, 0x52cb, 0x08a3, 0x08a3, 0x10c4, 0x10e4, 0x1904, 0x2145,
  0x2125, 0x10e4, 0x10e4, 0x08c4, 0x08a4, 0x08a4, 0x10c4, 0x10a3, 0x10c4, 0x08a3, 0x0083, 0x0083,
  0x0083, 0x10c4, 0x39e8, 0x52cb, 0x2966, 0x10e4, 0x08a3, 0x08a3, 0x08a3, 0x08a4, 0x08a4, 0x2966,
  0x39c7, 0x3186, 0x2125, 0x39c7, 0x39c7, 0x2966, 0x08c4, 0x10e4, 0x1905, 0x1925, 0x2145, 0x1904,
  0x10e4, 0x10e3, 0x0883, 0x0082, 0x0062, 0x0082, 0x0082, 0x10e3, 0x2145, 0x2145, 0x2125, 0x1904,
  0x10e4, 0x1904, 0x1904, 0x10e3, 0x0882, 0x0062, 0x0041, 0x0021, 0x0021, 0x0021, 0x0021, 0x0041,
  0x0062, 0x0862, 0x0862, 0x0862, 0x0882, 0x0883, 0x10c4, 0x1905, 0x2146, 0x0042, 0x0041, 0x0041,
  0x0041, 0x0041, 0x0041, 0x0041, 0x0041, 0x0041, 0x0041, 0x0041, 0x0062, 0x0041, 0x0041, 0x0041,
  0x0041, 0x0041, 0x0062, 0x0862, 0x0862, 0x0862, 0x0862, 0x0882, 0x0882, 0x0882, 0x0882, 0x0882,
  0x0862, 0x0862, 0x0862, 0x0862, 0x0882, 0x0882, 0x0882, 0x0882, 0x0862, 0x0862, 0x0862, 0x0062,
  0x0062, 0x0062, 0x0862, 0x0862, 0x0862, 0x0862, 0x0862, 0x0882, 0x0882, 0x0882, 0x0882, 0x0882,
  0x0862, 0x0082, 0x0062, 0x0062, 0x0062, 0x0082, 0x0883, 0x08a3, 0x08a3, 0x08a3, 0x10e3, 0x10e4,
  0x10e4, 0x10e3, 0x10e4, 0x10e4, 0x10e3, 0x08c3, 0x10c4, 0x2966, 0x10c4, 0x0883, 0x2966, 0x2145,
  0x0082, 0x0883, 0x08a4, 0x10c4, 0x10c4, 0x18e4, 0x18e4, 0x18e4, 0x0883, 0x0083, 0x0083, 0x0883,
  0x08a3, 0x39e8, 0x4228, 0x2966, 0x10c4, 0x0883, 0x2145, 0x52cb, 0x2966, 0x2966, 0x08a3, 0x08a3,
  0x10e4, 0x1925, 0x2145, 0x2145, 0x2166, 0x1905, 0x2145, 0x31a7, 0x2146, 0x1925, 0x1904, 0x10c4,
  0x08a3, 0x08a3, 0x08a3, 0x08a3, 0x00a4, 0x00a4, 0x08a4, 0x08a4, 0x10e4, 0x39c7, 0x2145, 0x08c3,
  0x08c3, 0x08c3, 0x2966, 0x10a3, 0x08c3, 0x08c3, 0x18e4, 0x2145, 0x10e4, 0x10e3, 0x10e3, 0x08c3,
  0x10e4, 0x2146, 0x1925, 0x1925, 0x1925, 0x10e5, 0x08c4, 0x10c4, 0x18e4, 0x39c7, 0x31a7, 0x2146,
  0x10e4, 0x08a4, 0x08e5, 0x1967, 0x1967, 0x10e5, 0x0083, 0x08a3, 0x08a4, 0x1105, 0x3a09, 0x39e8,
  0x2167, 0x2187, 0x29c8, 0x2166, 0x1904, 0x1904, 0x3186, 0x3a09, 0x2987, 0x1946, 0x1925, 0x1926,
  0x1925, 0x1926, 0x1946, 0x1946, 0x1967, 0x2166, 0x10e4, 0x10c4, 0x10e4, 0x1905, 0x08c4, 0x10e4,
  0x10e4, 0x10e4, 0x2125, 0x4a49, 0x3186, 0x4a8b, 0x29a7, 0x2146, 0x1925, 0x1925, 0x1105, 0x1925,
  0x1905, 0x10c4, 0x1904, 0x08a3, 0x10a3, 0x2125, 0x1905, 0x31a7, 0x2167, 0x2987, 0x1946, 0x10e5,
  0x08e5, 0x10e4, 0x10e4, 0x1925, 0x1926, 0x1105, 0x10e4, 0x1926, 0x31a7, 0x4a8b, 0x5b4e, 0x4a49,
  0x2987, 0x1905, 0x21a8, 0x31e9, 0x29c8, 0x21a8, 0x2187, 0x2167, 0x2166, 0x1105, 0x1905, 0x2146,
  0x2145, 0x18e4, 0x1904, 0x2966, 0x2145, 0x10e4, 0x08a3, 0x10e4, 0x4228, 0x4228, 0x3186, 0x31a7,
  0x10c4, 0x2966, 0x08c3, 0x10e3, 0x10e4, 0x10e4, 0x10e4, 0x10e4, 0x10e3, 0x0883, 0x0062, 0x0083,
  0x0083, 0x0083, 0x08a3, 0x08a3, 0x08c3, 0x08c3, 0x08a4, 0x08a4, 0x08a4, 0x08a3, 0x08a3, 0x2125,
  0x18e4, 0x4a49, 0x3186, 0x2966, 0x1904, 0x10e4, 0x2145, 0x3186, 0x2145, 0x2966, 0x2966, 0x2966,
  0x2966, 0x2145, 0x1905, 0x2145, 0x2145, 0x1925, 0x1904, 0x10e4, 0x08c3, 0x08a3, 0x0082, 0x0082,
  0x0082, 0x0082, 0x0082, 0x10e4, 0x18e4, 0x10e3, 0x10e3, 0x18e4, 0x1904, 0x2125, 0x2125, 0x08a3,
  0x0082, 0x0041, 0x0021, 0x0021, 0x0021, 0x0041, 0x0041, 0x0062, 0x0862, 0x0862, 0x0862, 0x0062,
  0x0862, 0x0882, 0x08c4, 0x1905, 0x2146, 0x0042, 0x0021, 0x0041, 0x0041, 0x0041, 0x0041, 0x0041,
  0x0021, 0x0041, 0x0041, 0x0041, 0x0041, 0x0021, 0x0021, 0x0041, 0x0041, 0x0041, 0x0041, 0x0041,
  0x0062, 0x0862, 0x0862, 0x0862, 0x0862, 0x0862, 0x0882, 0x0882, 0x0882, 0x0862, 0x0862, 0x0862,
  0x0882, 0x0882, 0x0862, 0x0882, 0x0882, 0x0882, 0x0862, 0x0062, 0x0062, 0x0062, 0x0062, 0x0862,
  0x0862, 0x0862, 0x0862, 0x0862, 0x0862, 0x0882, 0x0882, 0x0882, 0x0882, 0x0882, 0x0862, 0x0062,
  0x0062, 0x0862, 0x0862, 0x0082, 0x0082, 0x0883, 0x08a3, 0x10e3, 0x10e3, 0x10e3, 0x10e3, 0x10e3,
  0x08a3, 0x08a3, 0x08a3, 0x0082, 0x0883, 0x08a3, 0x10c4, 0x08a3, 0x08a3, 0x08a3, 0x08a3, 0x10e4,
  0x10e4, 0x39c7, 0x39e8, 0x526a, 0x3186, 0x10a3, 0x10c4, 0x4228, 0x39e8, 0x2145, 0x3186, 0x4a49,
  0x2145, 0x08a3, 0x08a3, 0x08a3, 0x08a3, 0x08a3, 0x08a3, 0x08a3, 0x08a3, 0x10a3, 0x10c4, 0x10e3,
  0x1905, 0x1946, 0x1926, 0x10e4, 0x10c4, 0x08a4, 0x08c3, 0x08a3, 0x0083, 0x0083, 0x08a3, 0x08c3,
  0x10e4, 0x2125, 0x08a4, 0x10e4, 0x4228, 0x52cb, 0x2966, 0x10e4, 0x10e3, 0x18e4, 0x4a49, 0x1904,
  0x10e3, 0x1904, 0x52cb, 0x5b0c, 0x3186, 0x3186, 0x4a49, 0x1904, 0x39c7, 0x52cb, 0x2145, 0x2146,
  0x1946, 0x1105, 0x2146, 0x39e8, 0x3186, 0x31a7, 0x29a7, 0x2166, 0x10e5, 0x08e5, 0x1105, 0x2187,
  0x29c8, 0x1926, 0x00a4, 0x08c4, 0x08c4, 0x08c4, 0x1925, 0x1105, 0x10e5, 0x21a8, 0x29c8, 0x1946,
  0x39e8, 0x2966, 0x3a09, 0x31e8, 0x2187, 0x1946, 0x1925, 0x1925, 0x1926, 0x1967, 0x2167, 0x1967,
  0x1967, 0x2167, 0x08a4, 0x10e4, 0x1946, 0x1925, 0x08a4, 0x08c4, 0x08a4, 0x08a4, 0x10c4, 0x424a,
  0x4228, 0x39e8, 0x4a8b, 0x4a8b, 0x31e9, 0x29c8, 0x1967, 0x10e4, 0x10c4, 0x08a3, 0x08a3, 0x10c4,
  0x1926, 0x1925, 0x1925, 0x29c8, 0x31e9, 0x31e9, 0x29c8, 0x1926, 0x08a4, 0x00a4, 0x00a4, 0x10e4,
  0x21a8, 0x2187, 0x1905, 0x10e4, 0x2987, 0x31e8, 0x424a, 0x52cb, 0x5b4e, 0x424a, 0x2987, 0x29a7,
  0x1926, 0x1105, 0x1105, 0x1105, 0x08c4, 0x08a3, 0x08a4, 0x2145, 0x4228, 0x10c4, 0x2966, 0x2145,
  0x10c4, 0x0083, 0x0083, 0x0083, 0x08a3, 0x10c4, 0x39c7, 0x39c7, 0x1904, 0x18e4, 0x10e3, 0x10e3,
  0x10e3, 0x10e4, 0x1905, 0x10e4, 0x08c3, 0x0082, 0x0062, 0x0062, 0x0062, 0x0042, 0x0062, 0x0062,
  0x0082, 0x0082, 0x0883, 0x08a3, 0x08a3, 0x08a3, 0x08a3, 0x08a3, 0x08a3, 0x2966, 0x1904, 0x2125,
  0x2125, 0x2966, 0x39c7, 0x39c7, 0x1904, 0x1904, 0x1925, 0x1904, 0x10c4, 0x10e3, 0x08c3, 0x08c3,
  0x10c4, 0x18e4, 0x10e4, 0x10e3, 0x08a3, 0x0883, 0x0082, 0x0082, 0x0082, 0x0082, 0x08c3, 0x10e3,
  0x0882, 0x0882, 0x0882, 0x0882, 0x0882, 0x08a3, 0x08a3, 0x0882, 0x0862, 0x0041, 0x0041, 0x0062,
  0x0041, 0x0062, 0x0862, 0x0862, 0x0062, 0x0062, 0x0862, 0x0862, 0x0862, 0x0882, 0x08a4, 0x1905,
  0x2146, 0x0042, 0x0021, 0x0041, 0x0041, 0x0041, 0x0041, 0x0041, 0x0041, 0x0041, 0x0041, 0x0021,
  0x0041, 0x0041, 0x0041, 0x0041, 0x0041, 0x0041, 0x0041, 0x0041, 0x0041, 0x0062, 0x0862, 0x0862,
  0x0862, 0x0862, 0x0862, 0x0862, 0x0862, 0x0862, 0x0862, 0x0862, 0x0862, 0x0882, 0x0882, 0x0882,
  0x0882, 0x08a3, 0x0883, 0x0082, 0x0862, 0x0062, 0x0062, 0x0062, 0x0062, 0x0062, 0x0062, 0x0062,
  0x0062, 0x0862, 0x0862, 0x0862, 0x0862, 0x0882, 0x0882, 0x0082, 0x0062, 0x0062, 0x0862, 0x0862,
  0x0082, 0x0082, 0x0082, 0x08a3, 0x08c3, 0x08c3, 0x08c3, 0x08a3, 0x08a3, 0x10e3, 0x10c4, 0x08c3,
  0x0883, 0x0883, 0x08a3, 0x08a3, 0x08a3, 0x10a3, 0x10e4, 0x10e4, 0x10e4, 0x10e4, 0x10e3, 0x2145,
  0x2966, 0x10c4, 0x2966, 0x526a, 0x39c7, 0x08a3, 0x10c4, 0x10e4, 0x1905, 0x10e4, 0x10e4, 0x10c4,
  0x08a4, 0x08a3, 0x0083, 0x0083, 0x0082, 0x0083, 0x10e4, 0x10e3, 0x10e3, 0x10e4, 0x1905, 0x1905,
  0x10e4, 0x10e4, 0x10c4, 0x08a3, 0x0083, 0x0083, 0x0083, 0x0083, 0x39c7, 0x4a49, 0x10e3, 0x10c4,
  0x2966, 0x2125, 0x10e3, 0x10e3, 0x10e4, 0x39c7, 0x4228, 0x08c3, 0x08c3, 0x3186, 0x52cb, 0x3186,
  0x1904, 0x39c7, 0x31a7, 0x10e4, 0x10e4, 0x2125, 0x08a3, 0x10c4, 0x10e4, 0x31a7, 0x3a09, 0x4a49,
  0x3a09, 0x2187, 0x29c8, 0x21a8, 0x2187, 0x1967, 0x08e5, 0x1967, 0x21a8, 0x1967, 0x1967, 0x2187,
  0x2187, 0x10e5, 0x1946, 0x10e4, 0x1105, 0x2166, 0x1905, 0x10c4, 0x29a7, 0x39e8, 0x4a8b, 0x2166,
  0x2187, 0x2167, 0x1946, 0x1946, 0x1967, 0x2167, 0x1946, 0x21a8, 0x21a8, 0x2166, 0x08a3, 0x1105,
  0x2167, 0x1967, 0x08c4, 0x08c4, 0x08a4, 0x08a4, 0x08a4, 0x39c7, 0x5b0c, 0x2966, 0x4a49, 0x4a8b,
  0x31e9, 0x21a8, 0x2167, 0x31a7, 0x2966, 0x10c4, 0x18e4, 0x0883, 0x10e4, 0x1905, 0x10e5, 0x1967,
  0x2187, 0x2187, 0x2987, 0x1925, 0x08c4, 0x08a4, 0x08a3, 0x08a4, 0x10e4, 0x1105, 0x08c4, 0x10c4,
  0x1925, 0x1946, 0x1926, 0x1926, 0x31e8, 0x424a, 0x3a09, 0x39c7, 0x2966, 0x08a3, 0x08a3, 0x0883,
  0x0083, 0x0083, 0x0083, 0x10c4, 0x3186, 0x08a3, 0x0883, 0x0883, 0x0083, 0x0083, 0x0883, 0x08a3,
  0x10c4, 0x1904, 0x1904, 0x18e4, 0x10e4, 0x10e3, 0x08c3, 0x10e3, 0x1925, 0x2145, 0x1904, 0x08c3,
  0x0082, 0x0042, 0x0042, 0x0042, 0x0042, 0x0042, 0x0042, 0x0062, 0x0062, 0x0062, 0x0062, 0x0062,
  0x0082, 0x0082, 0x0083, 0x0082, 0x0883, 0x08c3, 0x10e3, 0x10e4, 0x1904, 0x1904, 0x1904, 0x18e4,
  0x10e4, 0x10e3, 0x10e4, 0x10a3, 0x08a3, 0x08a3, 0x08a3, 0x0882, 0x08a3, 0x08a3, 0x08a3, 0x0883,
  0x0082, 0x0082, 0x0082, 0x0082, 0x0082, 0x0883, 0x08c3, 0x08a3, 0x0062, 0x0062, 0x0062, 0x0062,
  0x0041, 0x0041, 0x0062, 0x0062, 0x0862, 0x0862, 0x0862, 0x0862, 0x0062, 0x0062, 0x0062, 0x0062,
  0x0062, 0x0062, 0x0862, 0x0862, 0x0862, 0x0862, 0x08a4, 0x1905, 0x1946, 0x0042, 0x0041, 0x0021,
  0x0041, 0x0041, 0x0041, 0x0041, 0x0041, 0x0041, 0x0041, 0x0041, 0x0041, 0x0041, 0x0041, 0x0041,
  0x0021, 0x0041, 0x0041, 0x0041, 0x0041, 0x0041, 0x0062, 0x0062, 0x0062, 0x0862, 0x0882, 0x0882,
  0x0862, 0x0062, 0x0041, 0x0062, 0x0862, 0x0862, 0x0882, 0x0882, 0x0882, 0x0882, 0x0862, 0x0862,
  0x0862, 0x0862, 0x0862, 0x0862, 0x0062, 0x0062, 0x0041, 0x0041, 0x0062, 0x0862, 0x0062, 0x0862,
  0x0862, 0x0862, 0x0862, 0x0862, 0x0062, 0x0862, 0x0082, 0x0082, 0x0082, 0x0062, 0x0082, 0x08a3,
  0x08a3, 0x08a3, 0x08c3, 0x08c3, 0x08a3, 0x10e3, 0x1904, 0x10e4, 0x08a3, 0x0883, 0x0883, 0x0083,
  0x08a3, 0x08a3, 0x08a3, 0x08a4, 0x10c4, 0x10c4, 0x10c4, 0x10c4, 0x10c4, 0x10e4, 0x10e4, 0x1904,
  0x10c4, 0x10c4, 0x08a4, 0x08a3, 0x08a3, 0x08a3, 0x08a3, 0x0883, 0x0083, 0x0083, 0x0062, 0x0062,
  0x0062, 0x0062, 0x10c4, 0x10e4, 0x10e3, 0x08c3, 0x08c3, 0x10e3, 0x10e3, 0x10e4, 0x10e4, 0x10c4,
  0x08a4, 0x08a3, 0x08a4, 0x10e4, 0x10c4, 0x10c4, 0x08c3, 0x08c3, 0x08c3, 0x08c3, 0x08c3, 0x08c3,
  0x10e3, 0x2145, 0x3186, 0x08a3, 0x08a3, 0x18e4, 0x3186, 0x08a3, 0x08a4, 0x10e4, 0x10e4, 0x2145,
  0x1904, 0x08a3, 0x10a3, 0x39c7, 0x39e8, 0x31a7, 0x3a09, 0x31e8, 0x1925, 0x08c4, 0x1926, 0x1926,
  0x1926, 0x08c4, 0x00a4, 0x1105, 0x29c8, 0x2187, 0x21a8, 0x31e9, 0x31e9, 0x1926, 0x1946, 0x10c4,
  0x08a3, 0x2966, 0x2125, 0x1925, 0x2166, 0x31e8, 0x31e8, 0x21a8, 0x21a8, 0x21a8, 0x21a8, 0x2187,
  0x21a8, 0x21a8, 0x2187, 0x21a8, 0x2187, 0x1967, 0x1946, 0x2187, 0x31e9, 0x31e9, 0x1967, 0x08c4,
  0x08a4, 0x00a4, 0x00a4, 0x10e4, 0x4228, 0x3186, 0x31a7, 0x4a49, 0x3186, 0x10c4, 0x2966, 0x52cb,
  0x4a8b, 0x4a49, 0x4a8b, 0x10c4, 0x2966, 0x4228, 0x1946, 0x1926, 0x10e5, 0x3a09, 0x52cb, 0x424a,
  0x1967, 0x1105, 0x39c7, 0x2966, 0x08a4, 0x00a4, 0x0083, 0x08a4, 0x1946, 0x29a7, 0x1946, 0x1946,
  0x1967, 0x1967, 0x1926, 0x39e8, 0x4228, 0x39c7, 0x3186, 0x10c4, 0x08a3, 0x0083, 0x0883, 0x0883,
  0x0062, 0x0062, 0x0083, 0x0883, 0x08a3, 0x08a3, 0x08c3, 0x10e4, 0x10e4, 0x10e3, 0x10e3, 0x10e3,
  0x10e3, 0x10e4, 0x10e4, 0x1904, 0x1925, 0x10e4, 0x10e3, 0x0082, 0x0062, 0x0042, 0x0042, 0x0042,
  0x0042, 0x0062, 0x0062, 0x0062, 0x0042, 0x0042, 0x0042, 0x0042, 0x0042, 0x0041, 0x0062, 0x0883,
  0x08c3, 0x10a3, 0x10c4, 0x10e3, 0x10e4, 0x10e3, 0x10e3, 0x08c3, 0x0883, 0x0883, 0x0862, 0x0862,
  0x0082, 0x0882, 0x08a3, 0x08a3, 0x08a3, 0x0882, 0x0082, 0x0082, 0x0062, 0x0062, 0x0062, 0x0082,
  0x0883, 0x08a3, 0x0862, 0x0041, 0x0062, 0x0862, 0x0062, 0x0041, 0x0041, 0x0041, 0x0062, 0x0862,
  0x0882, 0x0862, 0x0862, 0x0862, 0x0062, 0x0062, 0x0062, 0x0041, 0x0041, 0x0062, 0x0062, 0x0062,
  0x0062, 0x0082, 0x08a4, 0x1905, 0x1946, 0x0042, 0x0041, 0x0021, 0x0041, 0x0041, 0x0041, 0x0041,
  0x0041, 0x0021, 0x0041, 0x0041, 0x0041, 0x0041, 0x0041, 0x0041, 0x0041, 0x0041, 0x0041, 0x0041,
  0x0041, 0x0041, 0x0062, 0x0062, 0x0041, 0x0062, 0x0862, 0x0862, 0x0862, 0x0862, 0x0062, 0x0062,
  0x0062, 0x0862, 0x0862, 0x0882, 0x0882, 0x0882, 0x0882, 0x0882, 0x0862, 0x0862, 0x0862, 0x0862,
  0x0862, 0x0862, 0x0862, 0x0062, 0x0062, 0x0062, 0x0862, 0x0862, 0x0062, 0x0862, 0x0862, 0x0862,
  0x0862, 0x0862, 0x0082, 0x0882, 0x0882, 0x0883, 0x0082, 0x0082, 0x0082, 0x0883, 0x08a3, 0x08a3,
  0x08a3, 0x08a3, 0x10a3, 0x18e4, 0x18e4, 0x08a3, 0x0083, 0x0883, 0x0883, 0x08a3, 0x08a3, 0x0883,
  0x08a3, 0x08a3, 0x08a4, 0x08a4, 0x08a4, 0x10c4, 0x08a3, 0x08a3, 0x08c3, 0x08a3, 0x0883, 0x0082,
  0x0082, 0x0082, 0x0082, 0x0082, 0x0082, 0x0062, 0x0062, 0x0062, 0x0062, 0x0062, 0x08a3, 0x1905,
  0x10e4, 0x08a3, 0x0883, 0x08a3, 0x08c3, 0x08c3, 0x08c3, 0x10e3, 0x10c4, 0x10c4, 0x10e4, 0x1926,
  0x1925, 0x1925, 0x1925, 0x1925, 0x10e4, 0x08a3, 0x08a3, 0x08c3, 0x08c3, 0x10e4, 0x2125, 0x08a3,
  0x08a3, 0x08a3, 0x08a3, 0x08a3, 0x08a4, 0x10c4, 0x2145, 0x4a49, 0x3186, 0x2145, 0x39c7, 0x31a7,
  0x31a7, 0x1926, 0x1905, 0x10e4, 0x08a4, 0x08e5, 0x1926, 0x21a8, 0x2187, 0x08c4, 0x08a3, 0x08a4,
  0x08c4, 0x08c4, 0x1926, 0x2187, 0x1967, 0x08c4, 0x00a4, 0x00a4, 0x08a3, 0x2125, 0x4a49, 0x2966,
  0x3186, 0x3186, 0x1925, 0x1926, 0x1926, 0x1925, 0x1106, 0x1925, 0x1946, 0x2167, 0x1946, 0x1926,
  0x1967, 0x1946, 0x2166, 0x1967, 0x10e5, 0x1105, 0x10e4, 0x10e5, 0x08e5, 0x08a4, 0x10e4, 0x10c4,
  0x29a7, 0x2146, 0x10e4, 0x31a7, 0x3a09, 0x10c4, 0x08a3, 0x1925, 0x31e8, 0x322a, 0x31e8, 0x1926,
  0x1905, 0x1905, 0x1105, 0x10e5, 0x00a4, 0x10e4, 0x2125, 0x2145, 0x1106, 0x08c4, 0x2125, 0x18e4,
  0x08a4, 0x08a4, 0x08a3, 0x08a3, 0x10e4, 0x2166, 0x10e4, 0x10e4, 0x1946, 0x1105, 0x08e5, 0x10e4,
  0x1905, 0x3186, 0x4228, 0x4228, 0x2966, 0x10c4, 0x3186, 0x39c7, 0x1904, 0x08a3, 0x08c3, 0x10e3,
  0x10e3, 0x10e3, 0x10e3, 0x08c3, 0x08c3, 0x10e3, 0x10e3, 0x10e3, 0x10e4, 0x10e4, 0x10e4, 0x10e4,
  0x10e3, 0x08a3, 0x0083, 0x0082, 0x0062, 0x0042, 0x0042, 0x0042, 0x0042, 0x0042, 0x0062, 0x0042,
  0x0042, 0x0042, 0x0022, 0x0042, 0x0042, 0x0062, 0x0882, 0x08a3, 0x08a3, 0x0883, 0x0082, 0x0082,
  0x0082, 0x0883, 0x0082, 0x0082, 0x0062, 0x0062, 0x0062, 0x0062, 0x0082, 0x08a3, 0x0082, 0x0062,
  0x0062, 0x0082, 0x0062, 0x0062, 0x0062, 0x0062, 0x0062, 0x08a3, 0x08a3, 0x0882, 0x0862, 0x0862,
  0x0882, 0x0882, 0x0862, 0x0062, 0x0062, 0x0062, 0x0862, 0x0882, 0x0882, 0x0862, 0x0862, 0x0862,
  0x0862, 0x0062, 0x0062, 0x0062, 0x0062, 0x0041, 0x0041, 0x0041, 0x0062, 0x0882, 0x08a4, 0x1905,
  0x1946, 0x0042, 0x0041, 0x0041, 0x0041, 0x0041, 0x0041, 0x0021, 0x0041, 0x0041, 0x0021, 0x0041,
  0x0041, 0x0041, 0x0041, 0x0041, 0x0041, 0x0041, 0x0041, 0x0041, 0x0041, 0x0062, 0x0062, 0x0041,
  0x0041, 0x0062, 0x0062, 0x0062, 0x0062, 0x0862, 0x0862, 0x0062, 0x0062, 0x0062, 0x0862, 0x0862,
  0x0862, 0x0862, 0x0882, 0x0882, 0x0882, 0x0882, 0x0882, 0x0882, 0x0862, 0x0862, 0x0862, 0x0862,
  0x0862, 0x0062, 0x0862, 0x0862, 0x0862, 0x0862, 0x0862, 0x0862, 0x0082, 0x0062, 0x0062, 0x0082,
  0x0082, 0x0883, 0x0883, 0x0883, 0x08a3, 0x08a3, 0x0082, 0x08a3, 0x08a3, 0x0082, 0x0882, 0x10a3,
  0x10e4, 0x10e4, 0x08a3, 0x0083, 0x0082, 0x0082, 0x0083, 0x0083, 0x0883, 0x0083, 0x0083, 0x08a3,
  0x0883, 0x0883, 0x0883, 0x08a3, 0x08a3, 0x08a3, 0x0882, 0x0082, 0x0082, 0x0062, 0x0062, 0x0062,
  0x0062, 0x0062, 0x0062, 0x0083, 0x0083, 0x0082, 0x0082, 0x10e4, 0x1905, 0x10a3, 0x0882, 0x0883,
  0x0082, 0x08a3, 0x08a3, 0x08c3, 0x08c3, 0x10e4, 0x10e4, 0x10e3, 0x10e3, 0x10e3, 0x10e4, 0x1925,
  0x1926, 0x1905, 0x1105, 0x10c4, 0x08a3, 0x08a3, 0x08a3, 0x0083, 0x0083, 0x08a3, 0x08c3, 0x10c4,
  0x4228, 0x1925, 0x08c4, 0x1905, 0x2146, 0x2167, 0x2166, 0x2146, 0x2145, 0x10c4, 0x08a3, 0x08c4,
  0x1105, 0x2187, 0x29c8, 0x2187, 0x1106, 0x08c4, 0x1106, 0x1967, 0x1106, 0x10e5, 0x29c8, 0x31e9,
  0x1926, 0x08a4, 0x08a4, 0x08a4, 0x00a4, 0x1904, 0x31a7, 0x31a7, 0x4228, 0x10c4, 0x0083, 0x08a4,
  0x2987, 0x424a, 0x10e4, 0x4a8b, 0x3a09, 0x2987, 0x0083, 0x2145, 0x3a09, 0x10c4, 0x1925, 0x424a,
  0x1925, 0x31a7, 0x31a7, 0x2166, 0x1905, 0x10c4, 0x39e8, 0x2966, 0x10e4, 0x10e4, 0x08a3, 0x10e4,
  0x2987, 0x1905, 0x10c4, 0x10c4, 0x1925, 0x29c8, 0x31e9, 0x31e9, 0x31e8, 0x29c8, 0x1946, 0x08a4,
  0x0083, 0x0083, 0x0083, 0x0083, 0x0083, 0x0083, 0x0083, 0x0083, 0x08a4, 0x10c4, 0x10c4, 0x10c4,
  0x10c4, 0x08a4, 0x08a3, 0x08a3, 0x1925, 0x10e4, 0x08a4, 0x08c4, 0x08c4, 0x1905, 0x1905, 0x2966,
  0x31a7, 0x2145, 0x1904, 0x1904, 0x1905, 0x10e4, 0x10e4, 0x10e3, 0x08a3, 0x08a3, 0x08c3, 0x10e3,
  0x10e3, 0x10c4, 0x10a3, 0x08a3, 0x08c3, 0x08a3, 0x08a3, 0x08a3, 0x0082, 0x0062, 0x0082, 0x0083,
  0x0082, 0x0042, 0x0042, 0x0042, 0x0062, 0x0062, 0x0042, 0x0042, 0x0042, 0x0062, 0x0062, 0x0062,
  0x0062, 0x0082, 0x0082, 0x0082, 0x0062, 0x0062, 0x0062, 0x0082, 0x0082, 0x0062, 0x0062, 0x0082,
  0x0082, 0x0082, 0x0082, 0x0882, 0x08a3, 0x0082, 0x0062, 0x0862, 0x0062, 0x0062, 0x0062, 0x0062,
  0x0082, 0x0862, 0x0882, 0x08a3, 0x0882, 0x0062, 0x0862, 0x0862, 0x0882, 0x0882, 0x0862, 0x0862,
  0x0862, 0x0882, 0x0882, 0x0882, 0x0862, 0x0862, 0x0862, 0x0862, 0x0062, 0x0062, 0x0062, 0x0062,
  0x0062, 0x0062, 0x0041, 0x0041, 0x0062, 0x0862, 0x08a3, 0x1905, 0x2146, 0x0042, 0x0041, 0x0041,
  0x0041, 0x0021, 0x0021, 0x0041, 0x0041, 0x0041, 0x0041, 0x0041, 0x0041, 0x0041, 0x0041, 0x0041,
  0x0041, 0x0041, 0x0041, 0x0041, 0x0041, 0x0041, 0x0041, 0x0041, 0x0041, 0x0041, 0x0062, 0x0062,
  0x0062, 0x0062, 0x0062, 0x0041, 0x0062, 0x0862, 0x0862, 0x0862, 0x0062, 0x0062, 0x0062, 0x0862,
  0x0862, 0x0862, 0x0882, 0x0882, 0x08a3, 0x0082, 0x0062, 0x0862, 0x0862, 0x0862, 0x0882, 0x0862,
  0x0862, 0x0862, 0x0862, 0x0062, 0x0062, 0x0062, 0x0062, 0x0062, 0x0062, 0x0082, 0x0082, 0x0083,
  0x0082, 0x0082, 0x0082, 0x08a3, 0x08a3, 0x0883, 0x0082, 0x0082, 0x0883, 0x08c3, 0x08c3, 0x0082,
  0x0062, 0x0062, 0x0082, 0x0082, 0x0883, 0x08a3, 0x0883, 0x0063, 0x0083, 0x0083, 0x0062, 0x0083,
  0x0883, 0x0883, 0x0883, 0x0883, 0x0082, 0x0062, 0x0062, 0x0062, 0x0042, 0x0042, 0x0062, 0x0083,
  0x0063, 0x0082, 0x0082, 0x08a3, 0x10e4, 0x10e4, 0x08c3, 0x0883, 0x0883, 0x0883, 0x08a3, 0x08a3,
  0x08a3, 0x08c3, 0x10e3, 0x10c4, 0x08a3, 0x08a3, 0x10e3, 0x10e3, 0x08c3, 0x10e3, 0x10e4, 0x1905,
  0x1105, 0x1905, 0x1925, 0x10e4, 0x10c4, 0x08a4, 0x08c3, 0x10e4, 0x4228, 0x1905, 0x10e4, 0x10e4,
  0x10e4, 0x1926, 0x10e4, 0x08a3, 0x08a3, 0x0083, 0x0083, 0x08a3, 0x08a4, 0x08c4, 0x2146, 0x10e4,
  0x08a3, 0x1105, 0x31e8, 0x1967, 0x10e5, 0x1925, 0x1946, 0x1105, 0x00a4, 0x08a3, 0x3186, 0x39c7,
  0x08a3, 0x39e8, 0x2966, 0x2145, 0x2145, 0x0083, 0x0062, 0x08a3, 0x10e4, 0x2166, 0x08c4, 0x1925,
  0x2166, 0x1925, 0x0083, 0x08a4, 0x1905, 0x08a3, 0x08a4, 0x2145, 0x10e4, 0x10c4, 0x10e4, 0x08c4,
  0x08a4, 0x08a3, 0x10e4, 0x2145, 0x10c4, 0x08a3, 0x0083, 0x0083, 0x1105, 0x1925, 0x39c7, 0x39e8,
  0x3186, 0x1105, 0x1106, 0x1106, 0x1925, 0x1925, 0x08e5, 0x00a4, 0x0083, 0x0083, 0x08a3, 0x08a3,
  0x0083, 0x0083, 0x00a4, 0x00a4, 0x08a4, 0x08a4, 0x08a3, 0x08a3, 0x10c4, 0x08a3, 0x0883, 0x0083,
  0x08a4, 0x08a3, 0x0083, 0x08a4, 0x10c4, 0x10e4, 0x1105, 0x1905, 0x1925, 0x10e4, 0x10e4, 0x10e3,
  0x08a3, 0x0883, 0x08a3, 0x0082, 0x0062, 0x08a3, 0x10e3, 0x10e3, 0x10e3, 0x08a3, 0x0062, 0x0082,
  0x08a3, 0x0082, 0x0082, 0x0082, 0x0082, 0x0042, 0x0042, 0x0042, 0x0042, 0x0042, 0x0042, 0x0041,
  0x0041, 0x0042, 0x0062, 0x0062, 0x0062, 0x0062, 0x0062, 0x0062, 0x0062, 0x0062, 0x0062, 0x0062,
  0x0062, 0x0083, 0x0883, 0x0062, 0x0062, 0x0062, 0x0082, 0x0082, 0x0082, 0x0082, 0x0082, 0x08c3,
  0x08a3, 0x0062, 0x0062, 0x0062, 0x0062, 0x0041, 0x0041, 0x0862, 0x0862, 0x0862, 0x0862, 0x0882,
  0x0862, 0x0882, 0x0882, 0x0882, 0x0882, 0x0862, 0x0862, 0x0882, 0x0882, 0x0882, 0x0862, 0x0862,
  0x0862, 0x0862, 0x0862, 0x0862, 0x0041, 0x0041, 0x0062, 0x0041, 0x0041, 0x0041, 0x0021, 0x0021,
  0x0041, 0x0062, 0x08a3, 0x1905, 0x2146, 0x0062, 0x0041, 0x0041, 0x0021, 0x0021, 0x0021, 0x0041,
  0x0041, 0x0041, 0x0041, 0x0041, 0x0041, 0x0041, 0x0041, 0x0041, 0x0041, 0x0062, 0x0062, 0x0062,
  0x0062, 0x0041, 0x0041, 0x0041, 0x0041, 0x0041, 0x0062, 0x0062, 0x0062, 0x0062, 0x0041, 0x0062,
  0x0082, 0x08a3, 0x08c3, 0x10e3, 0x08c3, 0x08a3, 0x0082, 0x0862, 0x0062, 0x0062, 0x0062, 0x0062,
  0x08a3, 0x08a3, 0x0883, 0x0062, 0x0062, 0x0082, 0x0862, 0x0862, 0x0862, 0x0862, 0x0862, 0x0862,
  0x0862, 0x0062, 0x0862, 0x0862, 0x0062, 0x0062, 0x0082, 0x0082, 0x0883, 0x0082, 0x0062, 0x0082,
  0x08a3, 0x0882, 0x08a3, 0x0082, 0x0062, 0x0082, 0x08a3, 0x08a3, 0x0082, 0x0042, 0x0062, 0x0082,
  0x0082, 0x0883, 0x0883, 0x0883, 0x0083, 0x0083, 0x0063, 0x0063, 0x0083, 0x0083, 0x0883, 0x0883,
  0x0083, 0x0063, 0x0083, 0x0083, 0x0062, 0x0062, 0x0062, 0x0062, 0x0062, 0x0063, 0x0083, 0x0082,
  0x0883, 0x10e3, 0x08c3, 0x0883, 0x0083, 0x0883, 0x08a3, 0x08a3, 0x08a3, 0x08a3, 0x08a3, 0x08a3,
  0x08a3, 0x08a3, 0x08a3, 0x08a3, 0x08a3, 0x08a3, 0x08a3, 0x10e3, 0x10e3, 0x10c4, 0x10e4, 0x1926,
  0x2145, 0x1926, 0x10e4, 0x10c4, 0x10c4, 0x08c4, 0x08a4, 0x08a3, 0x08a3, 0x08a4, 0x08a4, 0x08a4,
  0x08e5, 0x10e5, 0x1105, 0x1105, 0x10e4, 0x10e4, 0x39e8, 0x2966, 0x10c4, 0x2145, 0x52cb, 0x1105,
  0x2145, 0x3186, 0x08a4, 0x10c4, 0x2125, 0x39c7, 0x4a49, 0x2145, 0x08a3, 0x1905, 0x10e4, 0x10c4,
  0x0883, 0x10c4, 0x0882, 0x18e4, 0x08a3, 0x0083, 0x0083, 0x0083, 0x08a3, 0x00a4, 0x0083, 0x0083,
  0x08a3, 0x08a3, 0x0083, 0x08a3, 0x08a4, 0x0083, 0x0083, 0x0083, 0x0083, 0x0083, 0x08a4, 0x08a3,
  0x0083, 0x08a3, 0x08a3, 0x0083, 0x10c4, 0x10e4, 0x2145, 0x5b0c, 0x31a7, 0x08c4, 0x08c4, 0x08c4,
  0x1105, 0x4a8b, 0x1925, 0x08a4, 0x08a4, 0x08a3, 0x2966, 0x2966, 0x08a3, 0x08a3, 0x0083, 0x0083,
  0x08a4, 0x08a4, 0x08a3, 0x08a4, 0x10e4, 0x08a3, 0x10c4, 0x08a3, 0x08a4, 0x08a3, 0x10e3, 0x10e4,
  0x1905, 0x1905, 0x1925, 0x1904, 0x10e3, 0x08c3, 0x08a3, 0x0082, 0x0062, 0x0042, 0x0082, 0x08a3,
  0x08c3, 0x08c3, 0x10e3, 0x08c3, 0x08a3, 0x0083, 0x0082, 0x0062, 0x0082, 0x0082, 0x0062, 0x0042,
  0x0042, 0x0042, 0x0042, 0x0042, 0x0042, 0x0042, 0x0042, 0x0041, 0x0021, 0x0041, 0x0021, 0x0022,
  0x0022, 0x0042, 0x0062, 0x0062, 0x0082, 0x0082, 0x0082, 0x0883, 0x0082, 0x0082, 0x0062, 0x0062,
  0x0082, 0x0082, 0x0062, 0x0062, 0x0062, 0x0082, 0x0082, 0x0082, 0x0062, 0x0062, 0x0062, 0x0062,
  0x0062, 0x0041, 0x0062, 0x0862, 0x0862, 0x0862, 0x0862, 0x0862, 0x0882, 0x10e3, 0x0883, 0x0882,
  0x0882, 0x0882, 0x0882, 0x0882, 0x0862, 0x0862, 0x0041, 0x0862, 0x0062, 0x0862, 0x0862, 0x0062,
  0x0041, 0x0062, 0x0062, 0x0062, 0x0041, 0x0021, 0x0041, 0x0021, 0x0041, 0x0062, 0x10c4, 0x1925,
  0x2987, 0x1925, 0x0062, 0x0021, 0x0021, 0x0041, 0x0041, 0x0041, 0x0041, 0x0041, 0x0021, 0x0041,
  0x0041, 0x0041, 0x0041, 0x0041, 0x0062, 0x0062, 0x0062, 0x0041, 0x0041, 0x0041, 0x0062, 0x0041,
  0x0041, 0x0041, 0x0062, 0x0062, 0x0062, 0x0062, 0x0062, 0x0062, 0x0082, 0x08a3, 0x08a3, 0x08a3,
  0x08c3, 0x08c3, 0x08c3, 0x10e3, 0x08a3, 0x0082, 0x0062, 0x0062, 0x0882, 0x08a3, 0x08a3, 0x08a3,
  0x0883, 0x0083, 0x0082, 0x0062, 0x0862, 0x0862, 0x0862, 0x0862, 0x0862, 0x0062, 0x0062, 0x0862,
  0x0862, 0x0862, 0x0082, 0x0082, 0x0082, 0x08a3, 0x0082, 0x0062, 0x0082, 0x0082, 0x0883, 0x0883,
  0x0082, 0x0082, 0x0082, 0x0883, 0x0883, 0x0083, 0x0062, 0x0082, 0x0082, 0x0083, 0x0083, 0x0883,
  0x0083, 0x0083, 0x0063, 0x0063, 0x0063, 0x0063, 0x0063, 0x0063, 0x0063, 0x0063, 0x0063, 0x0063,
  0x0063, 0x0062, 0x0063, 0x0063, 0x0062, 0x0062, 0x0062, 0x0062, 0x0082, 0x0083, 0x08a3, 0x08c3,
  0x08c3, 0x08a3, 0x08a3, 0x08c3, 0x08c3, 0x08a3, 0x08c3, 0x08a3, 0x08a3, 0x08a3, 0x0883, 0x08a3,
  0x08a3, 0x0883, 0x0883, 0x0883, 0x08a3, 0x08c3, 0x08c3, 0x08c3, 0x10e3, 0x10e4, 0x10c4, 0x10e4,
  0x10e4, 0x10c4, 0x08a4, 0x08c4, 0x08c4, 0x10e4, 0x10e4, 0x1105, 0x10e5, 0x10e4, 0x10e4, 0x1905,
  0x1105, 0x10e4, 0x10e4, 0x1105, 0x1105, 0x10e4, 0x31a7, 0x2966, 0x31a7, 0x39e8, 0x10e4, 0x1905,
  0x31a7, 0x526a, 0x2966, 0x08a3, 0x08a3, 0x08a3, 0x10c4, 0x0083, 0x08a3, 0x4228, 0x2966, 0x4a8b,
  0x2145, 0x0083, 0x0083, 0x00a4, 0x08a3, 0x00a4, 0x00a4, 0x00a4, 0x08a3, 0x08a3, 0x0083, 0x0083,
  0x0083, 0x0083, 0x0083, 0x0083, 0x0083, 0x0083, 0x0083, 0x0083, 0x0083, 0x0083, 0x0083, 0x0083,
  0x08a3, 0x08a3, 0x08a3, 0x10e4, 0x10c4, 0x08a3, 0x08a4, 0x10e4, 0x1105, 0x2966, 0x10e4, 0x10e5,
  0x10e5, 0x10c4, 0x2966, 0x2966, 0x4228, 0x10e4, 0x0083, 0x0083, 0x08a3, 0x08a3, 0x0083, 0x08a3,
  0x0083, 0x08a3, 0x10c4, 0x10c4, 0x10c4, 0x10e4, 0x10e4, 0x1904, 0x10e4, 0x10e4, 0x10e4, 0x08a3,
  0x08c3, 0x0883, 0x0083, 0x0083, 0x0083, 0x0083, 0x08a3, 0x08a3, 0x08c3, 0x0883, 0x0062, 0x0082,
  0x0082, 0x0062, 0x0082, 0x0883, 0x0082, 0x0042, 0x0062, 0x0042, 0x0042, 0x0062, 0x0062, 0x0062,
  0x0042, 0x0042, 0x0022, 0x0042, 0x0042, 0x0042, 0x0042, 0x0041, 0x0022, 0x0042, 0x0082, 0x0062,
  0x0082, 0x08a3, 0x0883, 0x0062, 0x0062, 0x0062, 0x0062, 0x0062, 0x0062, 0x0082, 0x0082, 0x0082,
  0x0082, 0x0082, 0x0062, 0x0062, 0x0862, 0x0062, 0x0042, 0x0021, 0x0041, 0x0062, 0x0082, 0x0862,
  0x0862, 0x0062, 0x0062, 0x0862, 0x08c3, 0x08c3, 0x10e3, 0x10e3, 0x0882, 0x08a3, 0x0883, 0x0862,
  0x0862, 0x0062, 0x0862, 0x0862, 0x0862, 0x0062, 0x0062, 0x0062, 0x0062, 0x0062, 0x0041, 0x0062,
  0x0041, 0x0041, 0x0041, 0x0021, 0x0062, 0x10c4, 0x2167, 0x1905, 0x10c4, 0x29a7, 0x1926, 0x0062,
  0x0041, 0x0041, 0x0041, 0x0042, 0x0062, 0x0062, 0x0041, 0x0062, 0x0042, 0x0042, 0x0042, 0x0062,
  0x0062, 0x0062, 0x0062, 0x0062, 0x0062, 0x0042, 0x0062, 0x0042, 0x0062, 0x0042, 0x0062, 0x0062,
  0x0062, 0x0062, 0x0062, 0x0062, 0x0082, 0x0883, 0x08a3, 0x08a3, 0x08c3, 0x0883, 0x08a3, 0x08a3,
  0x0083, 0x0083, 0x0083, 0x0883, 0x0082, 0x0883, 0x0883, 0x08a3, 0x08a3, 0x08a3, 0x08a3, 0x0883,
  0x0082, 0x0082, 0x0062, 0x0062, 0x0062, 0x0062, 0x0062, 0x0062, 0x0062, 0x0062, 0x0062, 0x0062,
  0x0082, 0x0083, 0x0083, 0x0062, 0x0083, 0x0083, 0x0083, 0x0083, 0x0083, 0x0083, 0x0083, 0x0883,
  0x0883, 0x0083, 0x0083, 0x0062, 0x0083, 0x0083, 0x0083, 0x0083, 0x0083, 0x0083, 0x0083, 0x0083,
  0x0083, 0x0083, 0x0083, 0x0063, 0x0063, 0x0063, 0x0063, 0x0083, 0x0063, 0x0063, 0x0063, 0x0063,
  0x0063, 0x0083, 0x0063, 0x0063, 0x0083, 0x0083, 0x0083, 0x0083, 0x08a3, 0x08a3, 0x08a3, 0x08a3,
  0x08a3, 0x08a3, 0x08a3, 0x08a4, 0x08a4, 0x08a4, 0x08a4, 0x08a4, 0x08a3, 0x08a3, 0x08a3, 0x08a3,
  0x08c3, 0x08a3, 0x08a4, 0x08a4, 0x08a3, 0x08c3, 0x08a3, 0x08c3, 0x08a4, 0x10c4, 0x10e4, 0x10e4,
  0x10e4, 0x10e4, 0x10c4, 0x10c4, 0x08c4, 0x08a4, 0x08a4, 0x08a4, 0x08a4, 0x08a4, 0x08a4, 0x08a4,
  0x08a4, 0x10c4, 0x1905, 0x3186, 0x2987, 0x1105, 0x1105, 0x10e4, 0x10e4, 0x10e4, 0x10e4, 0x08c4,
  0x08a4, 0x08a4, 0x08a4, 0x08a4, 0x08a4, 0x10e4, 0x10e4, 0x2125, 0x10c4, 0x08a4, 0x08a4, 0x08a4,
  0x08a4, 0x08a4, 0x08a4, 0x08a4, 0x08a4, 0x08a4, 0x08a4, 0x00a4, 0x00a4, 0x00a4, 0x00a4, 0x00a4,
  0x00a4, 0x00a4, 0x00a4, 0x00a4, 0x00a4, 0x00a4, 0x0083, 0x08a3, 0x08a3, 0x08a3, 0x08a3, 0x08a3,
  0x08a3, 0x08a3, 0x08a3, 0x08a4, 0x10e4, 0x1905, 0x08a4, 0x08a4, 0x08c4, 0x08a4, 0x08a3, 0x1905,
  0x31a7, 0x10c4, 0x0083, 0x0083, 0x0083, 0x0083, 0x0083, 0x0083, 0x08a3, 0x08a4, 0x10e4, 0x10e4,
  0x10e4, 0x10e4, 0x10e4, 0x10e3, 0x08c3, 0x08a3, 0x08a3, 0x08a3, 0x0083, 0x0083, 0x0083, 0x08a3,
  0x08a4, 0x08a3, 0x08a3, 0x08a3, 0x0883, 0x0083, 0x0062, 0x0083, 0x0083, 0x0083, 0x0883, 0x0083,
  0x0082, 0x0062, 0x0062, 0x0062, 0x0082, 0x0082, 0x0082, 0x0062, 0x0042, 0x0042, 0x0042, 0x0062,
  0x0042, 0x0042, 0x0042, 0x0042, 0x0042, 0x0083, 0x08a3, 0x0883, 0x0883, 0x0082, 0x0042, 0x0062,
  0x0062, 0x0082, 0x0082, 0x0062, 0x0062, 0x0082, 0x0082, 0x0083, 0x0063, 0x0062, 0x0062, 0x0062,
  0x0062, 0x0062, 0x0062, 0x0062, 0x0083, 0x0883, 0x0883, 0x0082, 0x0062, 0x0082, 0x0082, 0x0083,
  0x08a3, 0x10c4, 0x10e4, 0x10c4, 0x0083, 0x08a3, 0x0083, 0x0083, 0x0062, 0x0082, 0x0082, 0x0862,
  0x0062, 0x0062, 0x0062, 0x0062, 0x0062, 0x0062, 0x0041, 0x0062, 0x0062, 0x0062, 0x0041, 0x0042,
  0x10e4, 0x2987, 0x10e4, 0x10c4, 0x08a3, 0x10e4, 0x29a7, 0x1946, 0x10e4, 0x10e4, 0x10e4, 0x10e4,
  0x10e4, 0x10e4, 0x10e4, 0x1105, 0x1925, 0x1925, 0x1925, 0x1926, 0x1926, 0x1946, 0x1926, 0x1946,
  0x1946, 0x1946, 0x1946, 0x1946, 0x1946, 0x1967, 0x1967, 0x2166, 0x2167, 0x2167, 0x2167, 0x2167,
  0x2167, 0x2187, 0x2187, 0x2187, 0x2187, 0x2187, 0x2167, 0x2167, 0x2167, 0x2167, 0x2166, 0x2166,
  0x1926, 0x1105, 0x1905, 0x1905, 0x29a7, 0x2146, 0x10e4, 0x10e4, 0x10e4, 0x10e4, 0x10e4, 0x10c4,
  0x10c4, 0x10c4, 0x10c4, 0x10c4, 0x10c4, 0x10c4, 0x10c4, 0x10c4, 0x10e4, 0x10e4, 0x10c4, 0x10e4,
  0x10e4, 0x10e4, 0x10e4, 0x10e4, 0x10e4, 0x10e4, 0x10e4, 0x10e4, 0x10e4, 0x10e4, 0x10e4, 0x10e4,
  0x10e4, 0x10e4, 0x10e4, 0x10e4, 0x10e4, 0x10e4, 0x10e4, 0x10e4, 0x10e4, 0x10e4, 0x10e4, 0x10e4,
  0x10e4, 0x10e4, 0x10e4, 0x1905, 0x10e4, 0x10e4, 0x1905, 0x1905, 0x1905, 0x1905, 0x1905, 0x1905,
  0x1905, 0x1925, 0x1925, 0x1925, 0x1925, 0x1925, 0x1925, 0x1925, 0x1926, 0x1926, 0x2145, 0x2145,
  0x2146, 0x2146, 0x2146, 0x2146, 0x1946, 0x2166, 0x2166, 0x2166, 0x2166, 0x2166, 0x2166, 0x2166,
  0x2166, 0x2167, 0x2167, 0x2167, 0x2987, 0x29a7, 0x29a7, 0x29a7, 0x29a7, 0x29a7, 0x29a7, 0x29a7,
  0x29c8, 0x29c8, 0x31a7, 0x29c8, 0x29c8, 0x29c8, 0x29c8, 0x29c8, 0x31e8, 0x31e8, 0x31e8, 0x31e9,
  0x31e9, 0x31e9, 0x3a09, 0x3a09, 0x3a09, 0x3a09, 0x3a09, 0x3a09, 0x3a09, 0x3a09, 0x3a09, 0x3a09,
  0x3a09, 0x3a09, 0x3a09, 0x3a09, 0x31e9, 0x31e8, 0x31e8, 0x31e9, 0x31e8, 0x31e8, 0x29c8, 0x31a7,
  0x31a7, 0x29a7, 0x29a7, 0x29a7, 0x29a7, 0x2987, 0x2987, 0x2167, 0x2167, 0x2166, 0x2166, 0x2166,
  0x2166, 0x2166, 0x2166, 0x2146, 0x1946, 0x2146, 0x2146, 0x2146, 0x2146, 0x2146, 0x2146, 0x2145,
  0x2145, 0x2146, 0x2145, 0x1926, 0x1926, 0x2145, 0x2145, 0x2145, 0x1925, 0x1925, 0x1925, 0x1925,
  0x1925, 0x1925, 0x1925, 0x1905, 0x1925, 0x1905, 0x1925, 0x1925, 0x1925, 0x1905, 0x1905, 0x1905,
  0x1905, 0x10e4, 0x1905, 0x1905, 0x1905, 0x1905, 0x10e4, 0x1905, 0x10e4, 0x1905, 0x10e4, 0x10e4,
  0x10e4, 0x10e4, 0x10e4, 0x10e4, 0x10e4, 0x10e4, 0x10e4, 0x10e4, 0x10e4, 0x10c4, 0x10e4, 0x10e4,
  0x10c4, 0x10e4, 0x10c4, 0x10c4, 0x10c4, 0x10c4, 0x10c4, 0x10c4, 0x10c4, 0x10c4, 0x10c4, 0x10c4,
  0x10c4, 0x10c4, 0x10c4, 0x10c4, 0x10c4, 0x10c4, 0x10c4, 0x10c4, 0x10c4, 0x10a3, 0x1905, 0x2146,
  0x10e4, 0x10e4, 0x1105, 0x1926, 0x2146, 0x2166, 0x2167, 0x2187, 0x2187, 0x2167, 0x2167, 0x2167,
  0x2167, 0x2166, 0x2166, 0x2166, 0x2166, 0x1946, 0x1946, 0x1946, 0x1946, 0x2166, 0x1967, 0x1967,
  0x1967, 0x1967, 0x1946, 0x1946, 0x1946, 0x1946, 0x1946, 0x1926, 0x1926, 0x1926, 0x1925, 0x1905,
  0x1905, 0x10e4, 0x10e4, 0x10e4, 0x10e4, 0x10e4, 0x10e4, 0x1905, 0x29a7, 0x1926, 0x10c4, 0x10e4
};