// array size is 76800
const uint16_t default_startmenu_background_1[] PROGMEM = {
  0x0000, 0x0021, 0x0021, 0x0021, 0x0001, 0x0021, 0x0021, 0x0021, 0x0001, 0x0001, 0x0001, 0x0021,
  0x0021, 0x0021, 0x0001, 0x0021, 0x0021, 0x0021, 0x0001, 0x0001, 0x0021, 0x0021, 0x0021, 0x0001,
  0x0021, 0x0021, 0x0021, 0x0021, 0x0021, 0x0021, 0x0021, 0x0021, 0x0021, 0x0021, 0x0001, 0x0021,
  0x0021, 0x0021, 0x0021, 0x0021, 0x0000, 0x0021, 0x0021, 0x0001, 0x0021, 0x0021, 0x0001, 0x0001,
  0x0001, 0x0021, 0x0021, 0x0021, 0x0021, 0x0021, 0x0021, 0x0021, 0x0021, 0x0001, 0x0001, 0x0021,
  0x0001, 0x0021, 0x0021, 0x0021, 0x0001, 0x0021, 0x0021, 0x0001, 0x0021, 0x0001, 0x0021, 0x0021,
  0x0021, 0x0021, 0x0021, 0x0001, 0x0021, 0x0001, 0x0000, 0x0021, 0x0021, 0x0021, 0x0021, 0x0000,
  0x0001, 0x0001, 0x0001, 0x0001, 0x0001, 0x0001, 0x0001, 0x0001, 0x0001, 0x0001, 0x0001, 0x0021,
  0x0021, 0x0001, 0x0021, 0x0021, 0x0021, 0x0021, 0x0021, 0x0021, 0x0001, 0x0021, 0x0001, 0x0001,
  0x0021, 0x0001, 0x0021, 0x0021, 0x0021, 0x0021, 0x0001, 0x0001, 0x0001, 0x0001, 0x0021, 0x0001,
  0x0021, 0x0001, 0x0001, 0x0001, 0x0021, 0x0001, 0x0021, 0x0001, 0x0001, 0x0001, 0x0021, 0x0001,
  0x0001, 0x0021, 0x0021, 0x0021, 0x0021, 0x0021, 0x0001, 0x0001, 0x0001, 0x0021, 0x0021, 0x0021,
  0x0021, 0x0001, 0x0000, 0x0000, 0x0021, 0x0001, 0x0021, 0x0021, 0x0021, 0x0021, 0x0021, 0x0021,
  0x0021, 0x0021, 0x0021, 0x0021, 0x0021, 0x0021, 0x0021, 0x0021, 0x0021, 0x0021, 0x0021, 0x0021,
  0x0021, 0x0021, 0x0021, 0x0001, 0x0021, 0x0021, 0x0021, 0x0021, 0x0021, 0x0021, 0x0021, 0x0001,
  0x0021, 0x0021, 0x0021, 0x0021, 0x0021, 0x0021, 0x0021, 0x0021, 0x0021, 0x0021, 0x0021, 0x0021,
  0x0021, 0x0021, 0x0021, 0x0021, 0x0021, 0x0021, 0x0021, 0x0021, 0x0021, 0x0021, 0x0021, 0x0021,
  0x0001, 0x0021, 0x0021, 0x0021, 0x0021, 0x0021, 0x0021, 0x0001, 0x0001, 0x0021, 0x0001, 0x0001,
  0x0021, 0x0001, 0x0001, 0x0021, 0x0021, 0x0001, 0x0021, 0x0021, 0x0021, 0x0021, 0x0021, 0x0021,
  0x0021, 0x0021, 0x0021, 0x0021, 0x0021, 0x0021, 0x0021, 0x0021, 0x0021, 0x0021, 0x0021, 0x0021,
  0x0000, 0x0021, 0x0021, 0x0021, 0x0021, 0x0021, 0x0021, 0x0021, 0x0021, 0x0021, 0x0021, 0x0021,
  0x0021, 0x0021, 0x0021, 0x0021, 0x0021, 0x0021, 0x0021, 0x0021, 0x0021, 0x0021, 0x0021, 0x0021,
  0x0021, 0x0021, 0x0021, 0x0021, 0x0021, 0x0001, 0x0001, 0x0001, 0x0000, 0x0001, 0x0001, 0x0001,
  0x0001, 0x0001, 0x0021, 0x0001, 0x0021, 0x0021, 0x0021, 0x0021, 0x0001, 0x0001, 0x0021, 0x0000,
  0x0021, 0x0001, 0x0001, 0x0001, 0x0001, 0x0001, 0x0021, 0x0021, 0x0001, 0x0001, 0x0000, 0x0000,
  0x0021, 0x0001, 0x0000, 0x0001, 0x0001, 0x0001, 0x0021, 0x0001, 0x0000, 0x0001, 0x0001, 0x0021,
  0x0021, 0x0021, 0x0001, 0x0001, 0x0000, 0x0000, 0x0001, 0x0021, 0x0001, 0x0001, 0x0001, 0x0021,
  0x0021, 0x0021, 0x0021, 0x0021, 0x0001, 0x0001, 0x0001, 0x0001, 0x0001, 0x0021, 0x0021, 0x0021,
  0x0021, 0x0021, 0x0021, 0x0001, 0x0021, 0x0021, 0x0021, 0x0021, 0x0021, 0x0021, 0x0021, 0x0021,
  0x0021, 0x0021, 0x0021, 0x0021, 0x0021, 0x0021, 0x0021, 0x0021, 0x0021, 0x0021, 0x0021, 0x0021,
  0x0001, 0x0001, 0x0021, 0x0021, 0x0021, 0x0000, 0x0001, 0x0001, 0x0001, 0x0001, 0x0001, 0x0021,
  0x0021, 0x0021, 0x0021, 0x0021, 0x0001, 0x0021, 0x0001, 0x0001, 0x0001, 0x0021, 0x0001, 0x0021,
  0x0021, 0x0001, 0x0021, 0x0021, 0x0001, 0x0001, 0x0001, 0x0021, 0x0021, 0x0021, 0x0021, 0x0021,
  0x0001, 0x0001, 0x0001, 0x0021, 0x0021, 0x0021, 0x0021, 0x0021, 0x0001, 0x0001, 0x0021, 0x0021,
  0x0001, 0x0001, 0x0001, 0x0001, 0x0001, 0x0001, 0x0021, 0x0001, 0x0001, 0x0021, 0x0021, 0x0021,
  0x0021, 0x0021, 0x0001, 0x0021, 0x0001, 0x0021, 0x0001, 0x0001, 0x0000, 0x0001, 0x0001, 0x0021,
  0x0021, 0x0021, 0x0001, 0x0001, 0x0001, 0x0001, 0x0021, 0x0001, 0x0001, 0x0001, 0x0001, 0x0001,
  0x0021, 0x0001, 0x0021, 0x0021, 0x0021, 0x0021, 0x0001, 0x0021, 0x0001, 0x0021, 0x0021, 0x0021,
  0x0001, 0x0001, 0x0021, 0x0001, 0x0001, 0x0001, 0x0021, 0x0021, 0x0021, 0x0001, 0x0001, 0x0000,
  0x0001, 0x0021, 0x0021, 0x0021, 0x0021, 0x0021, 0x0021, 0x0021, 0x0021, 0x0021, 0x0021, 0x0021,
  0x0021, 0x0021, 0x0021, 0x0021, 0x0021, 0x0021, 0x0021, 0x0021, 0x0021, 0x0021, 0x0021, 0x0001,
  0x0021, 0x0021, 0x0021, 0x0021, 0x0021, 0x0001, 0x0021, 0x0021, 0x0021, 0x0021, 0x0021, 0x0021,
  0x0021, 0x0021, 0x0021, 0x0021, 0x0021, 0x0021, 0x0021, 0x0021, 0x0021, 0x0021, 0x0021, 0x0021,
  0x0021, 0x0021, 0x0021, 0x0021, 0x0021, 0x0021, 0x0001, 0x0001, 0x0021, 0x0021, 0x0021, 0x0021,
  0x0021, 0x0021, 0x0001, 0x0001, 0x0021, 0x0021, 0x0021, 0x0001, 0x0001, 0x0001, 0x0001, 0x0001,
  0x0021, 0x0021, 0x0021, 0x0021, 0x0001, 0x0021, 0x0021, 0x0021, 0x0021, 0x0021, 0x0021, 0x0021,
  0x0021, 0x0021, 0x0021, 0x0021, 0x0021, 0x0021, 0x0021, 0x0001, 0x0021, 0x0021, 0x0021, 0x0021,
  0x0021, 0x0021, 0x0021, 0x0021, 0x0021, 0x0021, 0x0021, 0x0021, 0x0021, 0x0021, 0x0021, 0x0021,
  0x0021, 0x0021, 0x0021, 0x0021, 0x0021, 0x0021, 0x0021, 0x0021, 0x0021, 0x0021, 0x0001, 0x0021,
  0x0021, 0x0001, 0x0001, 0x0021, 0x0000, 0x0001, 0x0001, 0x0001, 0x0001, 0x0001, 0x0001, 0x0001,
  0x0001, 0x0021, 0x0001, 0x0021, 0x0001, 0x0001, 0x0021, 0x0021, 0x0021, 0x0001, 0x0001, 0x0001,
  0x0021, 0x0021, 0x0021, 0x0001, 0x0001, 0x0001, 0x0021, 0x0001, 0x0001, 0x0001, 0x0001, 0x0001,
  0x0001, 0x0001, 0x0021, 0x0000, 0x0001, 0x0001, 0x0021, 0x0021, 0x0001, 0x0001, 0x0001, 0x0001,
  0x0001, 0x0001, 0x0000, 0x0001, 0x0000, 0x0001, 0x0001, 0x0021, 0x0001, 0x0021, 0x0021, 0x0021,
  0x0021, 0x0001, 0x0021, 0x0001, 0x0001, 0x0001, 0x0001, 0x0021, 0x0021, 0x0021, 0x0001, 0x0001,
  0x0021, 0x0021, 0x0021, 0x0021, 0x0021, 0x0021, 0x0021, 0x0021, 0x0021, 0x0021, 0x0021, 0x0021,
  0x0021, 0x0021, 0x0021, 0x0021, 0x0021, 0x0021, 0x0021, 0x0021, 0x0021, 0x0021, 0x0021, 0x0001,
  0x0021, 0x0021, 0x0001, 0x0001, 0x0001, 0x0001, 0x0021, 0x0001, 0x0021, 0x0001, 0x0021, 0x0001,
  0x0021, 0x0021, 0x0021, 0x0001, 0x0001, 0x0021, 0x0021, 0x0001, 0x0001, 0x0021, 0x0021, 0x0021,
  0x0001, 0x0001, 0x0021, 0x0021, 0x0021, 0x0021, 0x0021, 0x0021, 0x0001, 0x0021, 0x0001, 0x0001,
  0x0021, 0x0021, 0x0021, 0x0001, 0x0001, 0x0001, 0x0001, 0x0021, 0x0001, 0x0001, 0x0001, 0x0001,
  0x0001, 0x0001, 0x0001, 0x0001, 0x0021, 0x0021, 0x0021, 0x0021, 0x0021, 0x0001, 0x0001, 0x0001,
  0x0021, 0x0021, 0x0001, 0x0001, 0x0001, 0x0001, 0x0001, 0x0001, 0x0021, 0x0001, 0x0001, 0x0001,
  0x0000, 0x0021, 0x0021, 0x0001, 0x0001, 0x0001, 0x0001, 0x0001, 0x0001, 0x0021, 0x0021, 0x0021,
  0x0021, 0x0001, 0x0001, 0x0021, 0x0021, 0x0001, 0x0021, 0x0021, 0x0021, 0x0021, 0x0001, 0x0001,
  0x0001, 0x0001, 0x0021, 0x0021, 0x0021, 0x0001, 0x0001, 0x0001, 0x0021, 0x0001, 0x0021, 0x0021,
  0x0021, 0x0021, 0x0021, 0x0001, 0x0021, 0x0021, 0x0021, 0x0021, 0x0021, 0x0021, 0x0021, 0x0021,
  0x0021, 0x0021, 0x0021, 0x0021, 0x0021, 0x0021, 0x0021, 0x0021, 0x0021, 0x0021, 0x0001, 0x0021,
  0x0021, 0x0021, 0x0021, 0x0021, 0x0021, 0x0001, 0x0021, 0x0021, 0x0021, 0x0021, 0x0021, 0x0021,
  0x0021, 0x0021, 0x0021, 0x0021, 0x0021, 0x0021, 0x0021, 0x0021, 0x0021, 0x0021, 0x0021, 0x0021,
  0x0001, 0x0021, 0x0021, 0x0021, 0x0021, 0x0021, 0x0021, 0x0021, 0x0021, 0x0021, 0x0001, 0x0001,
  0x0021, 0x0021, 0x0021, 0x0021, 0x0021, 0x0021, 0x0001, 0x0021, 0x0021, 0x0021, 0x0021, 0x0001,
  0x0001, 0x0021, 0x0021, 0x0001, 0x0000, 0x0021, 0x0021, 0x0021, 0x0021, 0x0021, 0x0021, 0x0021,
  0x0021, 0x0021, 0x0021, 0x0001, 0x0021, 0x0021, 0x0021, 0x0021, 0x0021, 0x0021, 0x0021, 0x0021,
  0x0021, 0x0021, 0x0021, 0x0021, 0x0021, 0x0021, 0x0021, 0x0021, 0x0021, 0x0021, 0x0021, 0x0021,
  0x0021, 0x0021, 0x0021, 0x0021, 0x0021, 0x0021, 0x0021, 0x0001, 0x0001, 0x0001, 0x0001, 0x0001,
  0x0001, 0x0001, 0x0021, 0x0001, 0x0001, 0x0021, 0x0001, 0x0001, 0x0001, 0x0001, 0x0021, 0x0001,
  0x0001, 0x0001, 0x0021, 0x0021, 0x0021, 0x0021, 0x0021, 0x0021, 0x0001, 0x0021, 0x0001, 0x0001,
  0x0001, 0x0001, 0x0001, 0x0001, 0x0001, 0x0021, 0x0001, 0x0001, 0x0021, 0x0001, 0x0021, 0x0001,
  0x0001, 0x0001, 0x0001, 0x0001, 0x0021, 0x0001, 0x0000, 0x0000, 0x0001, 0x0000, 0x0000, 0x0000,
  0x0000, 0x0021, 0x0021, 0x0021, 0x0021, 0x0021, 0x0021, 0x0021, 0x0021, 0x0021, 0x0001, 0x0001,
  0x0021, 0x0001, 0x0000, 0x0001, 0x0001, 0x0021, 0x0021, 0x0021, 0x0021, 0x0021, 0x0021, 0x0841,
  0x0021, 0x0021, 0x0021, 0x0021, 0x0021, 0x0021, 0x0021, 0x0021, 0x0021, 0x0021, 0x0021, 0x0021,
  0x0021, 0x0021, 0x0021, 0x0021, 0x0021, 0x0021, 0x0021, 0x0021, 0x0021, 0x0021, 0x0001, 0x0001,
  0x0001, 0x0021, 0x0021, 0x0021, 0x0001, 0x0001, 0x0001, 0x0001, 0x0001, 0x0021, 0x0001, 0x0000,
  0x0021, 0x0021, 0x0001, 0x0021, 0x0021, 0x0021, 0x0021, 0x0001, 0x0021, 0x0001, 0x0001, 0x0021,
  0x0021, 0x0021, 0x0021, 0x0021, 0x0021, 0x0021, 0x0021, 0x0001, 0x0021, 0x0001, 0x0001, 0x0021,
  0x0001, 0x0000, 0x0001, 0x0001, 0x0001, 0x0021, 0x0001, 0x0062, 0x0001, 0x0000, 0x0000, 0x0001,
  0x0021, 0x0021, 0x0021, 0x0021, 0x0021, 0x0021, 0x0001, 0x0001, 0x0021, 0x0021, 0x0001, 0x0001,
  0x0001, 0x0001, 0x0001, 0x0001, 0x0021, 0x0001, 0x0001, 0x0000, 0x0001, 0x0001, 0x0021, 0x0001,
  0x0001, 0x0001, 0x0001, 0x0001, 0x0021, 0x0021, 0x0021, 0x0021, 0x0021, 0x0021, 0x0021, 0x0021,
  0x0021, 0x0021, 0x0021, 0x0021, 0x0021, 0x0021, 0x0021, 0x0001, 0x0001, 0x0001, 0x0001, 0x0022,
  0x0021, 0x0001, 0x0001, 0x0001, 0x0001, 0x0000, 0x0021, 0x0001, 0x0021, 0x0021, 0x0021, 0x0021,
  0x0021, 0x0021, 0x0021, 0x0021, 0x0021, 0x0021, 0x0021, 0x0021, 0x0021, 0x0021, 0x0021, 0x0021,
  0x0021, 0x0021, 0x0021, 0x0021, 0x0021, 0x0021, 0x0021, 0x0001, 0x0021, 0x0021, 0x0021, 0x0021,
  0x0021, 0x0021, 0x0021, 0x0021, 0x0021, 0x0021, 0x0021, 0x0021, 0x0021, 0x0021, 0x0021, 0x0021,
  0x0021, 0x0021, 0x0021, 0x0021, 0x0021, 0x0021, 0x0021, 0x0001, 0x0021, 0x0001, 0x0021, 0x0021,
  0x0021, 0x0021, 0x0021, 0x0001, 0x0021, 0x0021, 0x0021, 0x0021, 0x0021, 0x0021, 0x0021, 0x0021,
  0x0021, 0x0021, 0x0021, 0x0001, 0x0021, 0x0021, 0x0021, 0x0021, 0x0001, 0x0001, 0x0001, 0x0001,
  0x0021, 0x0021, 0x0021, 0x0021, 0x0021, 0x0021, 0x0021, 0x0021, 0x0021, 0x0021, 0x0021, 0x0021,
  0x0021, 0x0021, 0x0021, 0x0021, 0x0021, 0x0021, 0x0021, 0x0021, 0x0021, 0x0021, 0x0021, 0x0021,
  0x0021, 0x0021, 0x0021, 0x0021, 0x0021, 0x0021, 0x0021, 0x0021, 0x0021, 0x0021, 0x0021, 0x0021,
  0x0021, 0x0021, 0x0021, 0x0021, 0x0001, 0x0001, 0x0001, 0x0001, 0x0001, 0x0001, 0x0001, 0x0021,
  0x0001, 0x0001, 0x0021, 0x0001, 0x0001, 0x0001, 0x0021, 0x0021, 0x1905, 0x0841, 0x0001, 0x0021,
  0x0021, 0x0001, 0x0001, 0x0021, 0x0021, 0x0021, 0x0021, 0x0001, 0x0001, 0x0001, 0x0001, 0x0021,
  0x0001, 0x0001, 0x0001, 0x0001, 0x0021, 0x0021, 0x0001, 0x0001, 0x0021, 0x0001, 0x0021, 0x0001,
  0x0021, 0x0021, 0x0001, 0x0001, 0x0001, 0x0001, 0x0001, 0x0001, 0x0021, 0x0001, 0x0001, 0x0021,
  0x0021, 0x0021, 0x0021, 0x0021, 0x0021, 0x0021, 0x0001, 0x0021, 0x0021, 0x0001, 0x0000, 0x0001,
  0x0021, 0x0021, 0x0021, 0x0021, 0x0021, 0x0021, 0x0021, 0x6b4c, 0x0841, 0x0021, 0x0021, 0x0021,
  0x0021, 0x0021, 0x0021, 0x0021, 0x0021, 0x0021, 0x0021, 0x0021, 0x0021, 0x0021, 0x0021, 0x0021,
  0x0021, 0x0021, 0x0021, 0x0021, 0x0001, 0x0021, 0x0001, 0x0021, 0x0021, 0x0021, 0x0021, 0x0021,
  0x0001, 0x0001, 0x0021, 0x0001, 0x0001, 0x0041, 0x0021, 0x0021, 0x0001, 0x0001, 0x0001, 0x0021,
  0x0021, 0x0021, 0x0021, 0x0021, 0x0021, 0x0021, 0x0021, 0x0021, 0x0021, 0x0021, 0x0021, 0x0021,
  0x0021, 0x0021, 0x0021, 0x0021, 0x0021, 0x0021, 0x0001, 0x0000, 0x0000, 0x0001, 0x0001, 0x0001,
  0x0001, 0x0021, 0x0041, 0x0021, 0x0001, 0x0000, 0x0001, 0x0001, 0x0021, 0x0021, 0x0021, 0x0001,
  0x0021, 0x0001, 0x0001, 0x0021, 0x0021, 0x0062, 0x0001, 0x0001, 0x0021, 0x0001, 0x0001, 0x0001,
  0x0001, 0x0001, 0x0001, 0x0001, 0x0001, 0x0001, 0x0001, 0x0001, 0x0021, 0x0001, 0x0001, 0x0001,
  0x0021, 0x0021, 0x0021, 0x0021, 0x0021, 0x0021, 0x0021, 0x0021, 0x0021, 0x0021, 0x0021, 0x0021,
  0x0021, 0x0021, 0x0021, 0x0001, 0x0001, 0x0001, 0x0001, 0x0001, 0x0001, 0x0021, 0x0021, 0x0021,
  0x0062, 0x0000, 0x0001, 0x0001, 0x0021, 0x0021, 0x0021, 0x0021, 0x0021, 0x0021, 0x0021, 0x0021,
  0x0021, 0x0021, 0x0021, 0x0021, 0x0021, 0x0021, 0x0021, 0x0021, 0x0021, 0x0021, 0x0021, 0x0021,
  0x0021, 0x0021, 0x0021, 0x0021, 0x0042, 0x0021, 0x0001, 0x0021, 0x0001, 0x0021, 0x0021, 0x0021,
  0x0021, 0x0021, 0x0021, 0x0021, 0x0021, 0x0021, 0x0021, 0x0882, 0x0021, 0x0021, 0x0021, 0x0021,
  0x0021, 0x0021, 0x0021, 0x0021, 0x0021, 0x0021, 0x0021, 0x0021, 0x0021, 0x0001, 0x0021, 0x0021,
  0x0021, 0x0021, 0x0021, 0x0021, 0x0021, 0x10a3, 0x10a3, 0x0021, 0x0021, 0x0001, 0x0021, 0x0021,
  0x0021, 0x0021, 0x0021, 0x0021, 0x0021, 0x0021, 0x0001, 0x0021, 0x0001, 0x0021, 0x0001, 0x0021,
  0x0021, 0x0021, 0x0021, 0x0021, 0x0021, 0x0021, 0x4a08, 0x0021, 0x0021, 0x0021, 0x0021, 0x0021,
  0x0021, 0x0021, 0x0021, 0x0021, 0x0021, 0x0021, 0x0021, 0x0021, 0x0021, 0x0001, 0x0021, 0x0021,
  0x0021, 0x0021, 0x0021, 0x0021, 0x0021, 0x0021, 0x0021, 0x0021, 0x0021, 0x0001, 0x0021, 0x0001,
  0x0001, 0x0001, 0x0001, 0x0001, 0x0001, 0x0001, 0x0021, 0x0021, 0x0001, 0x0021, 0x0021, 0x0001,
  0x0001, 0x0001, 0x0021, 0x0021, 0x0001, 0x0001, 0x0001, 0x0001, 0x0021, 0x0001, 0x0001, 0x0021,
  0x0001, 0x10a3, 0x0862, 0x0001, 0x0021, 0x0021, 0x0021, 0x0001, 0x0001, 0x0001, 0x0001, 0x0001,
  0x0001, 0x0001, 0x0001, 0x0000, 0x0021, 0x0001, 0x0001, 0x0001, 0x0021, 0x0021, 0x0021, 0x0000,
  0x0001, 0x0001, 0x0001, 0x0001, 0x0001, 0x0021, 0x0021, 0x0021, 0x0021, 0x0021, 0x0021, 0x0001,
  0x0001, 0x0021, 0x0001, 0x0021, 0x0041, 0x0021, 0x0000, 0x0021, 0x0021, 0x0021, 0x0021, 0x0021,
  0x0021, 0x0021, 0x0021, 0x0021, 0x0021, 0x0021, 0x0021, 0x0021, 0x0021, 0x0021, 0x0021, 0x0021,
  0x0021, 0x0021, 0x0021, 0x0021, 0x0021, 0x0021, 0x0021, 0x0021, 0x0021, 0x0021, 0x0021, 0x0021,
  0x0001, 0x0021, 0x0021, 0x0001, 0x0021, 0x0021, 0x0021, 0x0021, 0x0021, 0x0001, 0x0001, 0x0001,
  0x0000, 0x10c3, 0x0001, 0x0021, 0x0001, 0x0021, 0x0001, 0x0001, 0x0021, 0x0001, 0x0001, 0x0021,
  0x0001, 0x0021, 0x0021, 0x0021, 0x0021, 0x0021, 0x0021, 0x0021, 0x0021, 0x0021, 0x0021, 0x0021,
  0x0021, 0x0021, 0x0001, 0x0001, 0x0001, 0x0001, 0x0000, 0x0001, 0x0001, 0x0021, 0x0021, 0x0001,
  0x0001, 0x0001, 0x0021, 0x0001, 0x0001, 0x0021, 0x0001, 0x0001, 0x0001, 0x0001, 0x0001, 0x0001,
  0x0021, 0x0021, 0x0001, 0x0001, 0x0001, 0x0021, 0x0021, 0x0001, 0x0021, 0x0021, 0x0001, 0x0021,
  0x0021, 0x0001, 0x0000, 0x0021, 0x0021, 0x0021, 0x0001, 0x0001, 0x0021, 0x0021, 0x0021, 0x0021,
  0x0021, 0x0021, 0x0021, 0x0021, 0x0021, 0x0021, 0x0021, 0x0021, 0x0021, 0x0021, 0x0021, 0x0021,
  0x0001, 0x0001, 0x0021, 0x0001, 0x0021, 0x0001, 0x0001, 0x0021, 0x0021, 0x0001, 0x0021, 0x0021,
  0x0001, 0x0021, 0x0021, 0x0021, 0x0021, 0x0021, 0x0021, 0x0021, 0x0021, 0x0021, 0x0021, 0x0021,
  0x0021, 0x0021, 0x0021, 0x0021, 0x0021, 0x0021, 0x0021, 0x0021, 0x0021, 0x0021, 0x0021, 0x0021,
  0x0042, 0x0021, 0x0021, 0x0021, 0x0021, 0x0021, 0x0021, 0x1082, 0x7bce, 0x0021, 0x0021, 0x0021,
  0x0021, 0x0021, 0x0021, 0x0021, 0x0021, 0x0021, 0x0001, 0x0021, 0x0021, 0x0001, 0x0021, 0x0001,
  0x0021, 0x0021, 0x0021, 0x0021, 0x0001, 0x0001, 0x0001, 0x0021, 0x0021, 0x0021, 0x0021, 0x0021,
  0x0021, 0x0862, 0x0862, 0x0001, 0x0021, 0x0021, 0x0021, 0x0021, 0x0021, 0x0021, 0x0021, 0x0021,
  0x0001, 0x0021, 0x0001, 0x0000, 0x0001, 0x0001, 0x0000, 0x0021, 0x0021, 0x0021, 0x0021, 0x0021,
  0x0021, 0x0021, 0x31a6, 0x0021, 0x0021, 0x0021, 0x0021, 0x0021, 0x0021, 0x0022, 0x0021, 0x0021,
  0x0021, 0x0021, 0x0021, 0x0021, 0x0021, 0x0021, 0x0021, 0x0021, 0x0021, 0x0021, 0x0021, 0x0021,
  0x0021, 0x0001, 0x0001, 0x0021, 0x0001, 0x0001, 0x0001, 0x0021, 0x0001, 0x0001, 0x0001, 0x0001,
  0x0001, 0x0021, 0x0021, 0x0021, 0x0021, 0x0021, 0x0001, 0x0021, 0x0021, 0x0021, 0x0021, 0x0021,
  0x0001, 0x0021, 0x0021, 0x0001, 0x0001, 0x0001, 0x0001, 0x0001, 0x0021, 0x0001, 0x0001, 0x0021,
  0x0001, 0x0021, 0x0001, 0x0001, 0x0001, 0x0021, 0x0021, 0x0001, 0x0001, 0x0001, 0x0001, 0x0021,
  0x0021, 0x0021, 0x0021, 0x0000, 0x0001, 0x0021, 0x0001, 0x0001, 0x0000, 0x0000, 0x0000, 0x0001,
  0x0001, 0x0001, 0x0021, 0x0001, 0x0021, 0x0021, 0x0021, 0x0021, 0x0001, 0x0000, 0x0021, 0x0001,
  0x0001, 0x0021, 0x0021, 0x0021, 0x0021, 0x0021, 0x0021, 0x0021, 0x0021, 0x0021, 0x0021, 0x0021,
  0x0021, 0x0021, 0x0021, 0x0021, 0x0021, 0x0021, 0x0021, 0x0021, 0x0001, 0x0021, 0x0021, 0x0021,
  0x0021, 0x0021, 0x0021, 0x0021, 0x0021, 0x0021, 0x0001, 0x0021, 0x0021, 0x0021, 0x0021, 0x0001,
  0x0001, 0x0021, 0x0021, 0x0021, 0x0000, 0x0021, 0x0000, 0x0001, 0x0001, 0x0021, 0x0001, 0x0001,
  0x0001, 0x0001, 0x0001, 0x0021, 0x0001, 0x0001, 0x0021, 0x0021, 0x0021, 0x0021, 0x0021, 0x0021,
  0x0021, 0x0021, 0x0021, 0x0021, 0x0021, 0x0021, 0x0021, 0x0021, 0x0021, 0x0021, 0x0021, 0x0021,
  0x0001, 0x0021, 0x0001, 0x0001, 0x0001, 0x0001, 0x0001, 0x0001, 0x0001, 0x0021, 0x0021, 0x0021,
  0x0021, 0x0001, 0x0001, 0x0001, 0x0001, 0x0001, 0x0000, 0x0021, 0x0021, 0x0021, 0x0001, 0x0021,
  0x0021, 0x0021, 0x0021, 0x0021, 0x0021, 0x0021, 0x0021, 0x0021, 0x0001, 0x0021, 0x0021, 0x0021,
  0x0001, 0x0001, 0x0021, 0x0001, 0x0021, 0x0001, 0x0021, 0x0021, 0x0021, 0x0021, 0x0021, 0x0021,
  0x0021, 0x0021, 0x0021, 0x0021, 0x0021, 0x0001, 0x0021, 0x0882, 0x0001, 0x0001, 0x0042, 0x0021,
  0x0001, 0x0001, 0x0001, 0x0021, 0x0021, 0x0021, 0x0021, 0x0021, 0x0021, 0x0021, 0x0021, 0x0021,
  0x0021, 0x0021, 0x0021, 0x0021, 0x0021, 0x0021, 0x0021, 0x0001, 0x0021, 0x0001, 0x0021, 0x0021,
  0x0021, 0x0021, 0x0021, 0x0021, 0x0021, 0x0021, 0x0021, 0x0021, 0x0021, 0x0021, 0x0021, 0x0021,
  0x0021, 0x0021, 0x0021, 0x0021, 0x0021, 0x0021, 0x0021, 0x0021, 0x0021, 0x0021, 0x0021, 0x0021,
  0x0021, 0x0021, 0x0021, 0x0021, 0x0021, 0x0001, 0x0001, 0x0001, 0x0001, 0x0001, 0x0021, 0x0001,
  0x0021, 0x0021, 0x0021, 0x0021, 0x0001, 0x0021, 0x0021, 0x0021, 0x0021, 0x0021, 0x0021, 0x0021,
  0x0021, 0x0021, 0x0021, 0x0021, 0x0021, 0x0021, 0x0021, 0x0021, 0x0021, 0x0021, 0x0021, 0x0001,
  0x0021, 0x0001, 0x0021, 0x0021, 0x0021, 0x0021, 0x0021, 0x0021, 0x0021, 0x0021, 0x0021, 0x0021,
  0x0021, 0x0021, 0x0021, 0x0021, 0x0021, 0x0021, 0x0021, 0x0021, 0x0021, 0x0021, 0x0021, 0x0021,
  0x0021, 0x0021, 0x0021, 0x0021, 0x0021, 0x0021, 0x0021, 0x0021, 0x0021, 0x0021, 0x0021, 0x0001,
  0x0021, 0x0001, 0x0001, 0x0021, 0x0001, 0x0001, 0x0001, 0x0021, 0x0001, 0x0001, 0x0021, 0x0021,
  0x0021, 0x0021, 0x0021, 0x0021, 0x0001, 0x0021, 0x0021, 0x0021, 0x0021, 0x0001, 0x0021, 0x0001,
  0x0001, 0x0021, 0x0001, 0x0021, 0x0021, 0x0001, 0x0001, 0x0021, 0x0021, 0x0001, 0x0021, 0x0021,
  0x0021, 0x0021, 0x0021, 0x0001, 0x0001, 0x0001, 0x0001, 0x0001, 0x0021, 0x0000, 0x0001, 0x0001,
  0x0001, 0x0001, 0x0001, 0x0001, 0x0001, 0x0021, 0x0001, 0x0001, 0x0001, 0x0001, 0x0001, 0x0021,
  0x0021, 0x0021, 0x0021, 0x0021, 0x0001, 0x0001, 0x0001, 0x0021, 0x0001, 0x0021, 0x0001, 0x0021,
  0x0021, 0x0021, 0x0021, 0x0021, 0x0021, 0x0021, 0x0021, 0x0021, 0x0021, 0x0021, 0x0021, 0x0021,
  0x0021, 0x0021, 0x0021, 0x0001, 0x0001, 0x0001, 0x0021, 0x0021, 0x0021, 0x0021, 0x0021, 0x0021,
  0x0021, 0x0021, 0x0021, 0x0021, 0x0021, 0x0021, 0x0021, 0x0001, 0x0021, 0x0021, 0x0021, 0x0021,
  0x0021, 0x0021, 0x0001, 0x0001, 0x0001, 0x0001, 0x0001, 0x0001, 0x0001, 0x0001, 0x0001, 0x0001,
  0x0001, 0x0021, 0x0001, 0x0021, 0x0021, 0x0021, 0x0021, 0x0021, 0x0021, 0x0021, 0x0021, 0x0021,
  0x0021, 0x0021, 0x0021, 0x0021, 0x0021, 0x0021, 0x0021, 0x0021, 0x0021, 0x0021, 0x0021, 0x0001,
  0x0001, 0x0001, 0x0001, 0x0001, 0x0001, 0x0021, 0x0001, 0x0021, 0x0021, 0x0021, 0x0001, 0x0001,
  0x0001, 0x0001, 0x0841, 0x0001, 0x0001, 0x0001, 0x0001, 0x0021, 0x0000, 0x0021, 0x0021, 0x0021,
  0x0001, 0x0021, 0x0021, 0x0021, 0x0021, 0x0021, 0x0021, 0x0021, 0x0001, 0x0001, 0x0001, 0x0001,
  0x0021, 0x0001, 0x0021, 0x0001, 0x0021, 0x0021, 0x0021, 0x0001, 0x0021, 0x0021, 0x0021, 0x0021,
  0x0001, 0x0001, 0x0021, 0x0041, 0x0021, 0x0021, 0x0021, 0x0001, 0x0001, 0x0001, 0x0001, 0x0022,
  0x0021, 0x0021, 0x0021, 0x0021, 0x0021, 0x0001, 0x0001, 0x0001, 0x0001, 0x0001, 0x0001, 0x0021,
  0x0021, 0x0021, 0x0021, 0x0021, 0x0021, 0x0001, 0x0021, 0x0021, 0x0021, 0x0021, 0x0021, 0x0021,
  0x0021, 0x0021, 0x0001, 0x0001, 0x0021, 0x0021, 0x0001, 0x0001, 0x0021, 0x0021, 0x0021, 0x0021,
  0x0021, 0x0021, 0x0021, 0x0021, 0x0021, 0x0021, 0x0021, 0x0021, 0x0021, 0x0021, 0x0021, 0x0021,
  0x0001, 0x0001, 0x0001, 0x0001, 0x0001, 0x0001, 0x0021, 0x0021, 0x0021, 0x0021, 0x0001, 0x0021,
  0x0001, 0x0021, 0x0021, 0x0021, 0x0021, 0x0021, 0x0021, 0x0021, 0x0021, 0x0021, 0x0021, 0x0021,
  0x0021, 0x0021, 0x0021, 0x0021, 0x0021, 0x0021, 0x0021, 0x0001, 0x0001, 0x0001, 0x0001, 0x0021,
  0x0021, 0x0021, 0x0021, 0x0021, 0x0021, 0x0021, 0x0021, 0x0021, 0x0021, 0x0021, 0x0021, 0x0021,
  0x0021, 0x0021, 0x0021, 0x0021, 0x0021, 0x0021, 0x0021, 0x0021, 0x0021, 0x0021, 0x0021, 0x0021,
  0x0021, 0x0021, 0x0021, 0x0021, 0x0021, 0x0021, 0x0001, 0x0001, 0x0001, 0x0001, 0x0001, 0x0001,
  0x0001, 0x0021, 0x0001, 0x0001, 0x0001, 0x0021, 0x0021, 0x0001, 0x0001, 0x0001, 0x0001, 0x0062,
  0x0021, 0x0021, 0x0001, 0x0001, 0x0001, 0x0021, 0x0021, 0x0001, 0x0021, 0x0001, 0x0001, 0x0021,
  0x0001, 0x0021, 0x0021, 0x0021, 0x0001, 0x0001, 0x0021, 0x0021, 0x0021, 0x0001, 0x0042, 0x0001,
  0x0001, 0x0001, 0x0001, 0x0021, 0x0021, 0x0001, 0x0001, 0x0001, 0x0001, 0x0001, 0x0001, 0x0001,
  0x0000, 0x0001, 0x0001, 0x0000, 0x0021, 0x0001, 0x0021, 0x0021, 0x0021, 0x0021, 0x0021, 0x0021,
  0x0021, 0x0021, 0x0021, 0x0021, 0x0021, 0x0021, 0x0021, 0x0021, 0x0001, 0x0021, 0x0021, 0x0021,
  0x0021, 0x0021, 0x0021, 0x0021, 0x0021, 0x0021, 0x0021, 0x0021, 0x0021, 0x0021, 0x0021, 0x0021,
  0x0021, 0x0021, 0x0021, 0x0021, 0x0021, 0x0001, 0x0021, 0x0021, 0x0021, 0x0021, 0x0021, 0x0001,
  0x0001, 0x0021, 0x0021, 0x0021, 0x0021, 0x0021, 0x0021, 0x0021, 0x0001, 0x0001, 0x0001, 0x0001,
  0x0001, 0x0021, 0x0001, 0x0001, 0x0001, 0x0001, 0x0001, 0x0001, 0x0021, 0x0001, 0x0021, 0x0021,
  0x0021, 0x0021, 0x0021, 0x0021, 0x0021, 0x0021, 0x0021, 0x0021, 0x0021, 0x0021, 0x0021, 0x0021,
  0x0021, 0x0021, 0x0021, 0x0021, 0x0021, 0x0021, 0x0021, 0x0001, 0x0001, 0x0021, 0x0001, 0x0001,
  0x0001, 0x0021, 0x0001, 0x0021, 0x0001, 0x0001, 0x0021, 0x0001, 0x0021, 0x0021, 0x6b0b, 0x18c3,
  0x0001, 0x0001, 0x0001, 0x0021, 0x0001, 0x0021, 0x0001, 0x0021, 0x0021, 0x0021, 0x0021, 0x0021,
  0x0021, 0x0021, 0x0021, 0x0021, 0x0021, 0x0021, 0x0021, 0x0021, 0x0021, 0x0001, 0x0021, 0x0021,
  0x0021, 0x0021, 0x0001, 0x0001, 0x0001, 0x0001, 0x0001, 0x0021, 0x0001, 0x0021, 0x0001, 0x0021,
  0x0021, 0x0021, 0x0021, 0x0021, 0x0021, 0x0021, 0x0021, 0x0021, 0x0021, 0x0021, 0x0021, 0x0021,
  0x0021, 0x0021, 0x0001, 0x0001, 0x0001, 0x0001, 0x0021, 0x0001, 0x0021, 0x0001, 0x0021, 0x0021,
  0x0021, 0x0001, 0x0001, 0x0021, 0x0021, 0x0021, 0x0021, 0x0021, 0x0021, 0x0021, 0x0001, 0x0021,
  0x0021, 0x0001, 0x0001, 0x0001, 0x0001, 0x0021, 0x0021, 0x0021, 0x0021, 0x0021, 0x0021, 0x0021,
  0x0021, 0x0021, 0x0021, 0x0021, 0x0021, 0x0021, 0x0021, 0x0021, 0x0021, 0x0021, 0x0001, 0x0021,
  0x0021, 0x0021, 0x0021, 0x0021, 0x0021, 0x0021, 0x0021, 0x0021, 0x0001, 0x0021, 0x0021, 0x0021,
  0x0021, 0x0021, 0x0021, 0x0021, 0x0021, 0x0021, 0x0021, 0x0021, 0x0021, 0x0021, 0x0021, 0x0021,
  0x0001, 0x0001, 0x0021, 0x0001, 0x0021, 0x0021, 0x0001, 0x0021, 0x0021, 0x0021, 0x0021, 0x0021,
  0x0021, 0x0021, 0x0021, 0x0021, 0x0021, 0x0021, 0x0021, 0x0021, 0x0021, 0x0021, 0x0021, 0x0021,
  0x0021, 0x0021, 0x0021, 0x0021, 0x0021, 0x0021, 0x0021, 0x0021, 0x0021, 0x0062, 0x0021, 0x0021,
  0x0021, 0x0021, 0x0021, 0x0021, 0x0021, 0x0021, 0x0001, 0x0021, 0x0001, 0x0021, 0x0021, 0x0021,
  0x0021, 0x0021, 0x0021, 0x0021, 0x0021, 0x0001, 0x0021, 0x0021, 0x0021, 0x0001, 0x0021, 0x0001,
  0x0021, 0x0021, 0x0021, 0x0021, 0x0021, 0x0021, 0x0021, 0x0021, 0x0021, 0x0001, 0x0021, 0x0001,
  0x0021, 0x0001, 0x0021, 0x0001, 0x0021, 0x0021, 0x0001, 0x0001, 0x0001, 0x0001, 0x0001, 0x0021,
  0x0021, 0x0021, 0x0000, 0x0001, 0x0001, 0x0001, 0x0001, 0x0001, 0x0000, 0x0000, 0x0000, 0x0001,
  0x0001, 0x0001, 0x0001, 0x0021, 0x0021, 0x0021, 0x0021, 0x0021, 0x0021, 0x0021, 0x0021, 0x0021,
  0x0021, 0x0021, 0x0021, 0x0021, 0x0021, 0x0021, 0x0021, 0x0021, 0x0021, 0x0021, 0x0021, 0x0021,
  0x0021, 0x0021, 0x0021, 0x0021, 0x0021, 0x0021, 0x0021, 0x0021, 0x0021, 0x0021, 0x0021, 0x0021,
  0x0021, 0x0001, 0x0021, 0x0001, 0x0021, 0x0021, 0x0001, 0x0001, 0x0001, 0x0001, 0x0021, 0x0001,
  0x0021, 0x0021, 0x0021, 0x0021, 0x0001, 0x0001, 0x0021, 0x0001, 0x0021, 0x0001, 0x0001, 0x0001,
  0x0001, 0x0001, 0x0001, 0x0001, 0x0021, 0x0021, 0x0001, 0x0021, 0x0021, 0x0021, 0x0021, 0x0021,
  0x0021, 0x0021, 0x0021, 0x0021, 0x0021, 0x0021, 0x0021, 0x0021, 0x0021, 0x0021, 0x0021, 0x0021,
  0x0021, 0x0021, 0x0021, 0x0021, 0x0021, 0x0021, 0x0001, 0x0001, 0x0021, 0x0001, 0x0001, 0x0021,
  0x0001, 0x0001, 0x0001, 0x0021, 0x0001, 0x0001, 0x0021, 0x0021, 0x0001, 0x0001, 0x0021, 0x0021,
  0x0021, 0x0021, 0x0001, 0x0021, 0x0021, 0x0021, 0x0021, 0x0021, 0x0021, 0x0021, 0x0021, 0x0021,
  0x0021, 0x0001, 0x0021, 0x0021, 0x0021, 0x0021, 0x0021, 0x0021, 0x0021, 0x0021, 0x0001, 0x0001,
  0x0021, 0x0000, 0x0001, 0x0021, 0x0021, 0x0021, 0x0001, 0x0001, 0x0021, 0x0021, 0x0021, 0x0021,
  0x0021, 0x0021, 0x0021, 0x0021, 0x0021, 0x0021, 0x0021, 0x0021, 0x0021, 0x0021, 0x0021, 0x0021,
  0x0021, 0x0021, 0x0001, 0x0021, 0x0021, 0x0021, 0x0001, 0x0021, 0x0021, 0x0021, 0x0021, 0x0021,
  0x0021, 0x0021, 0x0021, 0x0021, 0x0001, 0x0021, 0x0021, 0x0001, 0x0001, 0x0021, 0x0021, 0x0022,
  0x0021, 0x0021, 0x0021, 0x0021, 0x0021, 0x0021, 0x0021, 0x0021, 0x0021, 0x0021, 0x0021, 0x0021,
  0x0021, 0x0021, 0x0021, 0x0021, 0x0021, 0x0001, 0x0021, 0x0021, 0x0021, 0x0001, 0x0021, 0x0021,
  0x0001, 0x0021, 0x0021, 0x0021, 0x0021, 0x0021, 0x0021, 0x0021, 0x0021, 0x0021, 0x0021, 0x0021,
  0x0021, 0x0021, 0x0021, 0x0021, 0x0021, 0x0021, 0x0021, 0x0021, 0x0001, 0x0001, 0x0001, 0x0001,
  0x0021, 0x0021, 0x0021, 0x0021, 0x0021, 0x0021, 0x0021, 0x0021, 0x0021, 0x0021, 0x0021, 0x0021,
  0x0021, 0x0021, 0x0021, 0x0021, 0x0021, 0x0021, 0x0021, 0x0021, 0x0021, 0x0021, 0x0021, 0x0021,
  0x0021, 0x0021, 0x0021, 0x0021, 0x0021, 0x0021, 0x0021, 0x0021, 0x0021, 0x0021, 0x0021, 0x0021,
  0x0021, 0x0001, 0x0021, 0x0021, 0x0021, 0x0021, 0x0021, 0x0001, 0x0021, 0x0021, 0x0001, 0x0001,
  0x0021, 0x0021, 0x0021, 0x0021, 0x0021, 0x0021, 0x0021, 0x0021, 0x0021, 0x0021, 0x0021, 0x0021,
  0x0021, 0x0021, 0x0021, 0x0021, 0x0021, 0x0001, 0x0021, 0x0021, 0x0021, 0x0001, 0x0021, 0x0021,
  0x0001, 0x0021, 0x0001, 0x0001, 0x0001, 0x0021, 0x0021, 0x0021, 0x0021, 0x0001, 0x0021, 0x0001,
  0x0001, 0x0001, 0x0000, 0x0000, 0x0001, 0x0001, 0x0001, 0x0001, 0x0021, 0x0021, 0x0001, 0x0021,
  0x0021, 0x0021, 0x0021, 0x0021, 0x0021, 0x0021, 0x0021, 0x0021, 0x0001, 0x0021, 0x0021, 0x0021,
  0x0021, 0x0021, 0x0021, 0x0021, 0x0021, 0x0021, 0x0021, 0x0021, 0x0021, 0x0021, 0x0021, 0x0021,
  0x0021, 0x0021, 0x0021, 0x0021, 0x0021, 0x0021, 0x0021, 0x0021, 0x0021, 0x0021, 0x0021, 0x2924,
  0x2104, 0x0021, 0x0001, 0x0001, 0x0021, 0x0001, 0x0001, 0x0001, 0x0021, 0x0021, 0x0021, 0x0022,
  0x0001, 0x0021, 0x0021, 0x0021, 0x0021, 0x0021, 0x0021, 0x0021, 0x0021, 0x0021, 0x0001, 0x0021,
  0x0021, 0x0021, 0x0021, 0x0021, 0x0021, 0x0021, 0x0021, 0x0021, 0x0021, 0x0021, 0x0021, 0x0021,
  0x0001, 0x0021, 0x0021, 0x0021, 0x0021, 0x0021, 0x0021, 0x0021, 0x0021, 0x0021, 0x0042, 0x0021,
  0x0021, 0x0001, 0x0021, 0x0001, 0x0001, 0x0001, 0x0001, 0x0021, 0x0021, 0x0021, 0x0001, 0x0021,
  0x0021, 0x0021, 0x0021, 0x0021, 0x0021, 0x0021, 0x0021, 0x0021, 0x0021, 0x0021, 0x0021, 0x0021,
  0x0021, 0x0021, 0x0021, 0x0021, 0x0021, 0x0021, 0x0021, 0x0021, 0x0021, 0x0001, 0x0001, 0x0021,
  0x0021, 0x0021, 0x0021, 0x0021, 0x0001, 0x0021, 0x0021, 0x0021, 0x0021, 0x0021, 0x0021, 0x3186,
  0x4a28, 0x0001, 0x0001, 0x0001, 0x0001, 0x0001, 0x0021, 0x0021, 0x0021, 0x0021, 0x0021, 0x0021,
  0x0021, 0x0021, 0x0021, 0x0021, 0x0021, 0x0021, 0x0021, 0x0021, 0x0001, 0x0001, 0x0021, 0x0021,
  0x0021, 0x0021, 0x0021, 0x0021, 0x0021, 0x0021, 0x0021, 0x0021, 0x0021, 0x0021, 0x0021, 0x0021,
  0x0021, 0x0021, 0x0001, 0x0001, 0x0001, 0x0021, 0x0021, 0x0021, 0x0021, 0x0021, 0x0021, 0x0021,
  0x0021, 0x0021, 0x0021, 0x0021, 0x52aa, 0x10a3, 0x0021, 0x0021, 0x0021, 0x0021, 0x0021, 0x0021,
  0x0021, 0x0021, 0x0001, 0x0021, 0x0021, 0x0021, 0x0021, 0x0021, 0x0021, 0x0021, 0x0021, 0x0021,
  0x0021, 0x0021, 0x0021, 0x0021, 0x0021, 0x0021, 0x0021, 0x0021, 0x0021, 0x0021, 0x0021, 0x0021,
  0x0021, 0x0021, 0x0021, 0x0021, 0x0001, 0x0001, 0x0001, 0x0001, 0x0021, 0x0021, 0x0021, 0x0021,
  0x0021, 0x0021, 0x0021, 0x0021, 0x0021, 0x0021, 0x0021, 0x0001, 0x0021, 0x0021, 0x0021, 0x0021,
  0x0021, 0x0021, 0x0021, 0x0021, 0x0021, 0x0021, 0x0021, 0x0021, 0x0021, 0x0001, 0x0021, 0x0021,
  0x0021, 0x0021, 0x0021, 0x0021, 0x0021, 0x0021, 0x0021, 0x0021, 0x0021, 0x0001, 0x0062, 0x0062,
  0x0042, 0x0001, 0x0021, 0x0021, 0x0021, 0x0021, 0x0021, 0x0021, 0x0021, 0x0021, 0x0021, 0x0021,
  0x0021, 0x0021, 0x0021, 0x0001, 0x0021, 0x0021, 0x0021, 0x0021, 0x18c3, 0x0021, 0x0021, 0x0021,
  0x0001, 0x0021, 0x0021, 0x0021, 0x0041, 0x0021, 0x0021, 0x0021, 0x0021, 0x0021, 0x0021, 0x0001,
  0x0001, 0x0021, 0x0021, 0x0021, 0x0001, 0x0001, 0x0001, 0x0001, 0x0001, 0x0021, 0x0021, 0x0001,
  0x0021, 0x0001, 0x0001, 0x0001, 0x0021, 0x0001, 0x0001, 0x0021, 0x0021, 0x0021, 0x0021, 0x0021,
  0x0021, 0x0021, 0x0021, 0x0021, 0x0001, 0x0021, 0x0001, 0x0021, 0x0021, 0x0021, 0x0021, 0x0021,
  0x0021, 0x0021, 0x0021, 0x0021, 0x0021, 0x0021, 0x0021, 0x0021, 0x0021, 0x0021, 0x0021, 0x0021,
  0x0021, 0x0021, 0x0021, 0x0021, 0x0021, 0x0021, 0x0021, 0x4a69, 0x4228, 0x0021, 0x0021, 0x0021,
  0x0001, 0x0001, 0x0001, 0x0021, 0x0001, 0x0021, 0x0021, 0x0021, 0x0001, 0x0021, 0x0021, 0x0021,
  0x0021, 0x0021, 0x0021, 0x0021, 0x0021, 0x0021, 0x0001, 0x0021, 0x0021, 0x0021, 0x0021, 0x0021,
  0x0021, 0x0021, 0x0021, 0x0021, 0x0021, 0x0021, 0x0021, 0x0021, 0x0021, 0x0021, 0x0021, 0x0021,
  0x0021, 0x0021, 0x0021, 0x0021, 0x0021, 0x0021, 0x0021, 0x0021, 0x0021, 0x0001, 0x0001, 0x0001,
  0x0001, 0x0001, 0x0001, 0x0021, 0x0021, 0x0021, 0x0001, 0x0021, 0x0001, 0x0021, 0x0021, 0x0021,
  0x0021, 0x0001, 0x0021, 0x0021, 0x0021, 0x0021, 0x0021, 0x0021, 0x0021, 0x0021, 0x0021, 0x0021,
  0x0021, 0x0021, 0x0021, 0x0021, 0x0021, 0x0001, 0x0021, 0x0021, 0x0021, 0x0021, 0x0021, 0x0021,
  0x0021, 0x0021, 0x0021, 0x0021, 0x0021, 0x0021, 0x0021, 0x18e4, 0x2965, 0x0021, 0x0001, 0x0001,
  0x0001, 0x0001, 0x0021, 0x0021, 0x0021, 0x0021, 0x0021, 0x0021, 0x0021, 0x0021, 0x0021, 0x0021,
  0x0021, 0x0001, 0x0021, 0x0021, 0x0021, 0x0021, 0x0021, 0x0021, 0x0021, 0x0021, 0x0021, 0x0021,
  0x0021, 0x0021, 0x0021, 0x0021, 0x0021, 0x0021, 0x0021, 0x0021, 0x0021, 0x0021, 0x0021, 0x0021,
  0x0022, 0x0021, 0x0021, 0x0021, 0x0021, 0x0021, 0x0021, 0x0021, 0x0021, 0x0042, 0x0022, 0x0021,
  0x4208, 0x1083, 0x0021, 0x0021, 0x0021, 0x0041, 0x0021, 0x0021, 0x0021, 0x0021, 0x0021, 0x0021,
  0x0021, 0x0021, 0x0021, 0x0021, 0x0021, 0x0021, 0x0021, 0x0021, 0x0021, 0x0021, 0x0021, 0x0021,
  0x0021, 0x0021, 0x0021, 0x0021, 0x0021, 0x0021, 0x0021, 0x0021, 0x0021, 0x0021, 0x0021, 0x0021,
  0x0021, 0x0021, 0x0021, 0x0021, 0x0001, 0x0001, 0x0021, 0x0021, 0x0021, 0x0021, 0x0021, 0x0021,
  0x0021, 0x0021, 0x0022, 0x0021, 0x0021, 0x0021, 0x0021, 0x0021, 0x0021, 0x0021, 0x0021, 0x0021,
  0x0021, 0x0021, 0x0021, 0x0021, 0x0021, 0x0021, 0x0021, 0x0021, 0x0021, 0x0021, 0x0021, 0x0021,
  0x0021, 0x0021, 0x0021, 0x0021, 0x0021, 0x0021, 0x0021, 0x0021, 0x0021, 0x0021, 0x0021, 0x0021,
  0x0021, 0x0001, 0x0021, 0x0021, 0x0021, 0x0021, 0x0021, 0x0021, 0x0021, 0x0021, 0x0021, 0x0021,
  0x0021, 0x0021, 0x0021, 0x0021, 0x10a3, 0x0021, 0x0021, 0x0021, 0x0021, 0x0021, 0x0021, 0x0021,
  0x0021, 0x0021, 0x0021, 0x0021, 0x0021, 0x0021, 0x0021, 0x0021, 0x0001, 0x0021, 0x0021, 0x0021,
  0x0001, 0x0001, 0x0001, 0x0001, 0x0021, 0x0021, 0x0001, 0x0021, 0x0021, 0x0021, 0x0021, 0x0000,
  0x0021, 0x0021, 0x0021, 0x0021, 0x0021, 0x0021, 0x0021, 0x0021, 0x0021, 0x0021, 0x0001, 0x0001,
  0x0001, 0x0001, 0x0021, 0x0021, 0x0021, 0x0021, 0x0021, 0x0021, 0x0021, 0x0021, 0x0021, 0x0021,
  0x0021, 0x0021, 0x0021, 0x0021, 0x0021, 0x0021, 0x0021, 0x0021, 0x0021, 0x0021, 0x0021, 0x0021,
  0x0021, 0x0021, 0x0021, 0x0021, 0x0021, 0x0021, 0x0021, 0x0001, 0x0001, 0x0001, 0x0001, 0x0021,
  0x0021, 0x0021, 0x0021, 0x0021, 0x0021, 0x0021, 0x0021, 0x0021, 0x0021, 0x0021, 0x0021, 0x0021,
  0x0021, 0x0021, 0x0021, 0x0021, 0x0021, 0x0021, 0x0021, 0x0021, 0x0021, 0x0021, 0x0021, 0x0021,
  0x0021, 0x0021, 0x0021, 0x0021, 0x0021, 0x0021, 0x0021, 0x0021, 0x0021, 0x0021, 0x0021, 0x0021,
  0x0021, 0x0021, 0x0021, 0x0001, 0x0021, 0x0021, 0x0021, 0x0001, 0x0021, 0x0042, 0x0001, 0x0001,
  0x0021, 0x0021, 0x0021, 0x0021, 0x0021, 0x0021, 0x0021, 0x0021, 0x0021, 0x0021, 0x0021, 0x0021,
  0x0022, 0x0021, 0x0021, 0x0021, 0x0021, 0x0021, 0x0021, 0x0021, 0x0001, 0x0021, 0x0021, 0x0021,
  0x0021, 0x0001, 0x0001, 0x0021, 0x0021, 0x0021, 0x0021, 0x0021, 0x0021, 0x0021, 0x0021, 0x0021,
  0x0021, 0x0021, 0x0021, 0x0021, 0x0021, 0x0001, 0x0021, 0x0001, 0x0001, 0x0001, 0x0021, 0x0021,
  0x0021, 0x0021, 0x0021, 0x0021, 0x0021, 0x0021, 0x0021, 0x0021, 0x0021, 0x0021, 0x0021, 0x0021,
  0x0021, 0x0021, 0x0021, 0x0021, 0x0021, 0x0021, 0x0021, 0x0021, 0x0021, 0x0021, 0x0021, 0x0021,
  0x0021, 0x0021, 0x0021, 0x0021, 0x0021, 0x0021, 0x0021, 0x0021, 0x0021, 0x0021, 0x0001, 0x0021,
  0x0021, 0x0021, 0x0021, 0x0021, 0x0021, 0x0021, 0x0021, 0x0021, 0x0021, 0x0021, 0x0021, 0x0021,
  0x0021, 0x0042, 0x0021, 0x0021, 0x0021, 0x0021, 0x0021, 0x0021, 0x0021, 0x0021, 0x0021, 0x0021,
  0x0021, 0x0021, 0x0021, 0x0021, 0x0021, 0x0021, 0x0021, 0x0021, 0x0021, 0x0021, 0x0021, 0x0021,
  0x0021, 0x0021, 0x0021, 0x0021, 0x0021, 0x0021, 0x0021, 0x0021, 0x0021, 0x0021, 0x0001, 0x0021,
  0x0021, 0x0021, 0x0021, 0x0021, 0x0021, 0x0021, 0x0021, 0x0021, 0x0021, 0x0021, 0x0021, 0x0021,
  0x0021, 0x0021, 0x0021, 0x0021, 0x0021, 0x0021, 0x0021, 0x0021, 0x0021, 0x0021, 0x0021, 0x0021,
  0x0021, 0x0021, 0x0021, 0x0021, 0x0021, 0x0021, 0x0021, 0x0021, 0x0021, 0x0021, 0x0021, 0x0021,
  0x0021, 0x0021, 0x0021, 0x0001, 0x0021, 0x0001, 0x0001, 0x0001, 0x0021, 0x0021, 0x0021, 0x0001,
  0x0021, 0x0021, 0x0021, 0x0021, 0x0021, 0x0021, 0x0021, 0x0021, 0x0021, 0x0021, 0x0021, 0x0021,
  0x0021, 0x0021, 0x0021, 0x0021, 0x0021, 0x0021, 0x0021, 0x0021, 0x0021, 0x0021, 0x0021, 0x0022,
  0x0021, 0x0001, 0x0021, 0x0021, 0x0021, 0x0021, 0x0021, 0x0021, 0x0021, 0x0001, 0x0001, 0x0021,
  0x0021, 0x0001, 0x0021, 0x0001, 0x0021, 0x0021, 0x0021, 0x0021, 0x0021, 0x0021, 0x0021, 0x0021,
  0x0021, 0x0021, 0x0021, 0x0021, 0x0021, 0x0021, 0x0021, 0x0021, 0x0021, 0x0021, 0x0021, 0x0021,
  0x0021, 0x0021, 0x0021, 0x0021, 0x0021, 0x0021, 0x0021, 0x0021, 0x0021, 0x0021, 0x0021, 0x0021,
  0x0021, 0x0021, 0x0021, 0x0021, 0x0021, 0x0021, 0x0021, 0x0021, 0x0021, 0x0021, 0x0021, 0x0021,
  0x0021, 0x0021, 0x0021, 0x0001, 0x0021, 0x0021, 0x0021, 0x0021, 0x0021, 0x0021, 0x0021, 0x0021,
  0x0021, 0x0021, 0x0021, 0x0021, 0x0021, 0x0021, 0x0021, 0x0021, 0x0021, 0x0021, 0x0021, 0x0021,
  0x0021, 0x0021, 0x0021, 0x0021, 0x0021, 0x0021, 0x0021, 0x0021, 0x0021, 0x0021, 0x0021, 0x0021,
  0x0021, 0x0021, 0x0021, 0x0021, 0x0021, 0x0021, 0x0021, 0x0021, 0x0021, 0x0021, 0x0021, 0x0021,
  0x0021, 0x0021, 0x0001, 0x0021, 0x0021, 0x0021, 0x0001, 0x0001, 0x10a3, 0x0021, 0x0021, 0x0021,
  0x0021, 0x0021, 0x0021, 0x0021, 0x0021, 0x0021, 0x0021, 0x0021, 0x0021, 0x0021, 0x0021, 0x0021,
  0x0021, 0x0021, 0x0021, 0x0021, 0x0021, 0x0021, 0x0021, 0x0021, 0x0021, 0x0021, 0x0021, 0x0021,
  0x0021, 0x0021, 0x10c4, 0x0021, 0x0021, 0x0021, 0x0021, 0x0021, 0x0021, 0x0021, 0x0021, 0x0021,
  0x0021, 0x0021, 0x0021, 0x0021, 0x0021, 0x0021, 0x0021, 0x0021, 0x0021, 0x0021, 0x0021, 0x0021,
  0x0021, 0x0021, 0x0001, 0x0021, 0x0021, 0x0021, 0x0021, 0x0021, 0x0021, 0x0021, 0x0021, 0x0021,
  0x0021, 0x0021, 0x0021, 0x0021, 0x0021, 0x0021, 0x0021, 0x0021, 0x0021, 0x0021, 0x0021, 0x0021,
  0x0021, 0x0021, 0x0021, 0x0021, 0x0021, 0x0021, 0x0001, 0x0001, 0x0021, 0x0021, 0x0021, 0x0021,
  0x0021, 0x0021, 0x0021, 0x0021, 0x0021, 0x0021, 0x0022, 0x0022, 0x0042, 0x0042, 0x0021, 0x0021,
  0x0021, 0x0021, 0x0021, 0x0021, 0x0021, 0x0021, 0x0021, 0x0021, 0x0021, 0x0021, 0x0021, 0x0021,
  0x0021, 0x0021, 0x0021, 0x0021, 0x0021, 0x0021, 0x0021, 0x0021, 0x0021, 0x0021, 0x0021, 0x0021,
  0x0021, 0x0021, 0x0021, 0x0021, 0x0021, 0x0021, 0x0021, 0x0021, 0x0021, 0x0021, 0x0021, 0x0021,
  0x0021, 0x0021, 0x0021, 0x0021, 0x0021, 0x0021, 0x0021, 0x0021, 0x0021, 0x0021, 0x0021, 0x0021,
  0x0021, 0x0021, 0x0021, 0x0021, 0x0021, 0x0021, 0x0021, 0x0021, 0x0021, 0x0021, 0x0021, 0x0021,
  0x0021, 0x0021, 0x0021, 0x0021, 0x0021, 0x0021, 0x0021, 0x0021, 0x0021, 0x0021, 0x0021, 0x0021,
  0x0021, 0x0021, 0x0021, 0x0021, 0x0021, 0x0021, 0x0021, 0x0021, 0x0021, 0x0021, 0x0021, 0x0021,
  0x0021, 0x0021, 0x0021, 0x0021, 0x0021, 0x0021, 0x0021, 0x0021, 0x0021, 0x0021, 0x0021, 0x0021,
  0x0021, 0x0021, 0x0021, 0x0021, 0x0021, 0x0021, 0x0021, 0x0021, 0x0021, 0x0021, 0x0021, 0x0021,
  0x0021, 0x0021, 0x0021, 0x0021, 0x0021, 0x0021, 0x0021, 0x0021, 0x0021, 0x0021, 0x0021, 0x0021,
  0x0021, 0x0021, 0x0021, 0x0021, 0x0021, 0x0021, 0x0021, 0x0021, 0x0021, 0x0021, 0x0021, 0x0021,
  0x0021, 0x0021, 0x0021, 0x0021, 0x0021, 0x0021, 0x0021, 0x0021, 0x0021, 0x0021, 0x0021, 0x0021,
  0x0021, 0x0021, 0x0021, 0x0021, 0x0021, 0x0021, 0x0021, 0x0021, 0x0021, 0x0021, 0x0021, 0x0021,
  0x0021, 0x0021, 0x0021, 0x0021, 0x0021, 0x0021, 0x0021, 0x0021, 0x0021, 0x0021, 0x0021, 0x0021,
  0x0021, 0x0021, 0x0021, 0x0021, 0x0021, 0x0021, 0x0021, 0x0021, 0x0021, 0x0021, 0x0021, 0x0021,
  0x0021, 0x0021, 0x0021, 0x0021, 0x0021, 0x0021, 0x0021, 0x0021, 0x0021, 0x0021, 0x0021, 0x0021,
  0x0021, 0x0021, 0x0021, 0x0021, 0x0021, 0x0021, 0x0021, 0x0021, 0x0021, 0x0021, 0x0021, 0x0021,
  0x0021, 0x0021, 0x0021, 0x0021, 0x0021, 0x0021, 0x0021, 0x0021, 0x0021, 0x0021, 0x0021, 0x0021,
  0x0021, 0x0021, 0x0021, 0x0021, 0x0001, 0x0021, 0x0021, 0x0021, 0x0021, 0x0021, 0x0021, 0x0021,
  0x0021, 0x0021, 0x0021, 0x0021, 0x0021, 0x0021, 0x0021, 0x0021, 0x0021, 0x0021, 0x0021, 0x0021,
  0x0021, 0x0021, 0x0021, 0x0021, 0x0021, 0x0021, 0x0021, 0x0021, 0x0021, 0x0021, 0x0021, 0x0021,
  0x0021, 0x0021, 0x0021, 0x0021, 0x0021, 0x0021, 0x0021, 0x0021, 0x0021, 0x0021, 0x0001, 0x0021,
  0x0021, 0x0021, 0x0021, 0x0021, 0x0021, 0x0021, 0x0021, 0x0021, 0x0021, 0x0021, 0x0021, 0x0021,
  0x0021, 0x0021, 0x0021, 0x0021, 0x0021, 0x0021, 0x0021, 0x0021, 0x0021, 0x0021, 0x0021, 0x0021,
  0x0021, 0x0021, 0x0021, 0x0021, 0x0021, 0x0021, 0x0021, 0x0021, 0x0021, 0x0021, 0x0021, 0x0021,
  0x0021, 0x0021, 0x0021, 0x0001, 0x0021, 0x0021, 0x0021, 0x0021, 0x0021, 0x0021, 0x0021, 0x0021,
  0x0021, 0x0021, 0x0022, 0x0021, 0x0042, 0x0041, 0x0021, 0x0021, 0x0021, 0x0021, 0x0021, 0x0021,
  0x0021, 0x0021, 0x0021, 0x0021, 0x0021, 0x0021, 0x0021, 0x0021, 0x0021, 0x0021, 0x0021, 0x0021,
  0x0021, 0x0021, 0x0021, 0x0021, 0x0021, 0x0021, 0x0021, 0x0021, 0x0021, 0x0021, 0x0021, 0x0021,
  0x0021, 0x0021, 0x0021, 0x0001, 0x0021, 0x0021, 0x0021, 0x0021, 0x0021, 0x0021, 0x0021, 0x0021,
  0x0021, 0x0021, 0x0021, 0x0021, 0x0021, 0x0021, 0x0021, 0x0021, 0x0021, 0x0021, 0x0021, 0x0021,
  0x0021, 0x0021, 0x0021, 0x0862, 0x0021, 0x0021, 0x0021, 0x0021, 0x0021, 0x0021, 0x0021, 0x0021,
  0x0021, 0x0021, 0x0021, 0x0021, 0x0021, 0x0021, 0x0021, 0x0021, 0x0021, 0x0021, 0x0021, 0x0021,
  0x0021, 0x0021, 0x0021, 0x0021, 0x0021, 0x0021, 0x0021, 0x0021, 0x0021, 0x0021, 0x0021, 0x0021,
  0x0021, 0x0021, 0x0021, 0x0021, 0x0021, 0x0021, 0x0021, 0x0021, 0x0021, 0x0021, 0x0021, 0x0021,
  0x0021, 0x0021, 0x0021, 0x0021, 0x0021, 0x0021, 0x0021, 0x0021, 0x0021, 0x0021, 0x0021, 0x0021,
  0x0021, 0x0021, 0x0021, 0x0021, 0x0021, 0x0021, 0x0021, 0x0021, 0x0021, 0x0021, 0x0021, 0x0021,
  0x0001, 0x0021, 0x0021, 0x0021, 0x0021, 0x0021, 0x0021, 0x0021, 0x0021, 0x0021, 0x0021, 0x0021,
  0x0021, 0x0021, 0x0021, 0x0021, 0x0021, 0x0021, 0x0001, 0x0021, 0x0021, 0x0021, 0x0021, 0x0021,
  0x0021, 0x0021, 0x0021, 0x0021, 0x0021, 0x0021, 0x0021, 0x0021, 0x0021, 0x0021, 0x0021, 0x0021,
  0x0021, 0x0021, 0x0021, 0x0021, 0x0021, 0x0021, 0x0021, 0x0021, 0x0021, 0x0021, 0x0021, 0x0021,
  0x0021, 0x0021, 0x0021, 0x0021, 0x0021, 0x0021, 0x0021, 0x0021, 0x0021, 0x0021, 0x0021, 0x0021,
  0x0021, 0x0021, 0x6b2c, 0x0021, 0x0021, 0x0021, 0x0021, 0x0021, 0x0021, 0x0021, 0x0021, 0x0021,
  0x0021, 0x0021, 0x0021, 0x0021, 0x0021, 0x0021, 0x0021, 0x0021, 0x0021, 0x0021, 0x0021, 0x0021,
  0x0021, 0x0021, 0x0021, 0x0021, 0x0021, 0x0021, 0x0021, 0x0021, 0x0021, 0x0021, 0x0021, 0x0021,
  0x0001, 0x0021, 0x0021, 0x0021, 0x0021, 0x0021, 0x0021, 0x0021, 0x0021, 0x0021, 0x0021, 0x0021,
  0x0001, 0x0021, 0x0021, 0x0021, 0x0021, 0x0021, 0x0001, 0x0001, 0x0021, 0x0021, 0x0021, 0x0001,
  0x0021, 0x0021, 0x0021, 0x0021, 0x0021, 0x0021, 0x0022, 0x0021, 0x0021, 0x0021, 0x0021, 0x0021,
  0x0021, 0x0021, 0x0021, 0x0021, 0x0021, 0x0021, 0x0001, 0x0021, 0x0021, 0x0021, 0x0021, 0x0021,
  0x0021, 0x0021, 0x0021, 0x0021, 0x0001, 0x0021, 0x0021, 0x0021, 0x0021, 0x0021, 0x0021, 0x0021,
  0x0021, 0x0021, 0x0021, 0x0021, 0x0021, 0x0021, 0x0021, 0x0021, 0x0021, 0x0021, 0x0021, 0x0021,
  0x0021, 0x0021, 0x0021, 0x0021, 0x0021, 0x0021, 0x0021, 0x0021, 0x0021, 0x0021, 0x0021, 0x0021,
  0x0021, 0x0021, 0x0021, 0x0021, 0x0021, 0x0021, 0x0021, 0x0021, 0x0021, 0x0883, 0x0022, 0x0022,
  0x0021, 0x0042, 0x0021, 0x0021, 0x0021, 0x0021, 0x0021, 0x0021, 0x0021, 0x0021, 0x0021, 0x0021,
  0x0021, 0x0021, 0x0021, 0x0021, 0x0021, 0x0021, 0x0021, 0x0021, 0x0021, 0x0021, 0x0021, 0x0021,
  0x0021, 0x0021, 0x0021, 0x0021, 0x0021, 0x0021, 0x0021, 0x0021, 0x0021, 0x0021, 0x0021, 0x0021,
  0x0021, 0x0021, 0x0021, 0x0021, 0x0021, 0x0021, 0x0021, 0x0021, 0x0021, 0x0021, 0x0021, 0x0021,
  0x0021, 0x0021, 0x0021, 0x0021, 0x0021, 0x0021, 0x0021, 0x0021, 0x0021, 0x0021, 0x0041, 0x6b0b,
  0x0021, 0x0021, 0x0021, 0x0021, 0x0021, 0x0021, 0x0021, 0x0021, 0x0021, 0x0021, 0x0021, 0x31a6,
  0x0021, 0x0021, 0x0021, 0x0021, 0x0021, 0x0021, 0x0021, 0x0021, 0x0021, 0x0021, 0x0021, 0x0021,
  0x0021, 0x0021, 0x0021, 0x0021, 0x0021, 0x0021, 0x0021, 0x0021, 0x0021, 0x0021, 0x0021, 0x0021,
  0x0021, 0x0021, 0x0021, 0x0021, 0x0021, 0x0021, 0x0021, 0x0021, 0x0021, 0x0021, 0x0021, 0x0021,
  0x0021, 0x0021, 0x0021, 0x0021, 0x0021, 0x0021, 0x0021, 0x0021, 0x0021, 0x0021, 0x0021, 0x0021,
  0x0021, 0x0021, 0x0021, 0x0021, 0x0021, 0x0021, 0x0021, 0x0021, 0x0021, 0x0021, 0x0021, 0x0021,
  0x0021, 0x0021, 0x0021, 0x0021, 0x0021, 0x0021, 0x0021, 0x0021, 0x0021, 0x0021, 0x0021, 0x0021,
  0x0021, 0x0021, 0x0021, 0x0021, 0x0021, 0x0021, 0x0021, 0x0021, 0x0021, 0x0021, 0x0021, 0x0021,
  0x0041, 0x0021, 0x0021, 0x0021, 0x0021, 0x0021, 0x0021, 0x0021, 0x0021, 0x0021, 0x0021, 0x0021,
  0x0021, 0x0021, 0x0021, 0x0021, 0x0021, 0x0021, 0x0021, 0x0021, 0x0021, 0x0021, 0x0021, 0x0021,
  0x0041, 0x0021, 0x0021, 0x0021, 0x0021, 0x0021, 0x0021, 0x0021, 0x0021, 0x0021, 0x0021, 0x0021,
  0x0021, 0x0021, 0x0021, 0x0021, 0x0021, 0x0021, 0x0021, 0x0021, 0x0021, 0x0021, 0x0021, 0x0021,
  0x0021, 0x0021, 0x0021, 0x0021, 0x0021, 0x0021, 0x0021, 0x0021, 0x0021, 0x0021, 0x0021, 0x0021,
  0x0021, 0x0021, 0x0021, 0x0021, 0x0021, 0x0021, 0x0021, 0x0021, 0x0021, 0x0021, 0x0021, 0x0021,
  0x0021, 0x0021, 0x0021, 0x0021, 0x0021, 0x0021, 0x0021, 0x0021, 0x0021, 0x0021, 0x0021, 0x0021,
  0x0021, 0x0021, 0x0021, 0x0021, 0x0021, 0x0021, 0x0021, 0x0021, 0x0021, 0x0021, 0x0021, 0x0021,
  0x0021, 0x0021, 0x0021, 0x0021, 0x0021, 0x0021, 0x0021, 0x0021, 0x0021, 0x0021, 0x0021, 0x0021,
  0x0021, 0x0021, 0x0021, 0x0001, 0x0001, 0x0021, 0x0021, 0x0021, 0x0021, 0x0021, 0x0021, 0x0001,
  0x0021, 0x0021, 0x0021, 0x0021, 0x0021, 0x0021, 0x0021, 0x0021, 0x0021, 0x0021, 0x0021, 0x0021,
  0x0021, 0x0021, 0x0021, 0x0021, 0x0021, 0x0021, 0x0021, 0x0021, 0x0021, 0x0021, 0x0021, 0x0021,
  0x0021, 0x0021, 0x0021, 0x0021, 0x0021, 0x0021, 0x0021, 0x0021, 0x0021, 0x0021, 0x10c3, 0x0021,
  0x0021, 0x0021, 0x0021, 0x0021, 0x0042, 0x0021, 0x0022, 0x0021, 0x0042, 0x0021, 0x0021, 0x0021,
  0x0021, 0x0021, 0x0021, 0x0021, 0x0021, 0x0021, 0x0021, 0x0021, 0x0021, 0x0021, 0x0021, 0x0021,
  0x0021, 0x0021, 0x0021, 0x0021, 0x0021, 0x0021, 0x0021, 0x0021, 0x0021, 0x0021, 0x0021, 0x0021,
  0x0021, 0x0021, 0x0021, 0x0021, 0x0021, 0x0021, 0x0021, 0x0021, 0x0021, 0x0021, 0x0021, 0x0021,
  0x0021, 0x0021, 0x0021, 0x0021, 0x0021, 0x0021, 0x0021, 0x0021, 0x0021, 0x0021, 0x0021, 0x0021,
  0x0021, 0x0021, 0x0021, 0x0021, 0x0021, 0x0021, 0x0021, 0x0021, 0x0021, 0x0021, 0x0021, 0x0021,
  0x0021, 0x0021, 0x0021, 0x0021, 0x0021, 0x0021, 0x0021, 0x52aa, 0x0021, 0x0021, 0x0021, 0x0021,
  0x0021, 0x0021, 0x0021, 0x0021, 0x0021, 0x0021, 0x0021, 0x0021, 0x0021, 0x0021, 0x0021, 0x0021,
  0x0021, 0x0021, 0x0021, 0x0021, 0x0021, 0x0021, 0x0021, 0x0021, 0x0021, 0x0021, 0x0021, 0x0021,
  0x0021, 0x0021, 0x0021, 0x0021, 0x0021, 0x0021, 0x0021, 0x0021, 0x0021, 0x0021, 0x0021, 0x0021,
  0x0021, 0x0021, 0x0021, 0x0021, 0x0021, 0x0021, 0x0021, 0x0021, 0x0021, 0x0021, 0x0001, 0x0021,
  0x0021, 0x0021, 0x0021, 0x0021, 0x0021, 0x0021, 0x0021, 0x0021, 0x0021, 0x0021, 0x0021, 0x0021,
  0x0021, 0x0021, 0x0021, 0x0021, 0x0021, 0x0021, 0x0021, 0x0021, 0x0021, 0x0021, 0x0021, 0x0021,
  0x0021, 0x0021, 0x0021, 0x0021, 0x0021, 0x0021, 0x0021, 0x0021, 0x0021, 0x0041, 0x0021, 0x0021,
  0x0021, 0x0021, 0x0021, 0x0021, 0x0021, 0x0021, 0x0021, 0x0021, 0x0021, 0x0021, 0x0021, 0x0021,
  0x0021, 0x0021, 0x0021, 0x0021, 0x0021, 0x0021, 0x0021, 0x0021, 0x0862, 0x0021, 0x0021, 0x0021,
  0x0021, 0x0021, 0x0021, 0x0021, 0x0021, 0x0021, 0x0021, 0x0021, 0x0021, 0x0021, 0x0021, 0x0021,
  0x0021, 0x0021, 0x0021, 0x0021, 0x0021, 0x0021, 0x0001, 0x0021, 0x0021, 0x0021, 0x0021, 0x0021,
  0x0021, 0x0021, 0x0021, 0x0021, 0x0021, 0x0021, 0x0021, 0x0022, 0x0021, 0x0021, 0x0021, 0x0021,
  0x0021, 0x0021, 0x0021, 0x0021, 0x0021, 0x0021, 0x0021, 0x0021, 0x0021, 0x0021, 0x0021, 0x0021,
  0x0021, 0x0021, 0x0021, 0x0001, 0x0021, 0x0021, 0x0021, 0x0021, 0x0021, 0x0021, 0x0021, 0x0021,
  0x0021, 0x0021, 0x0021, 0x0021, 0x0021, 0x0021, 0x0021, 0x0022, 0x0021, 0x0021, 0x0021, 0x0021,
  0x0021, 0x0021, 0x0021, 0x0021, 0x0021, 0x0021, 0x0021, 0x0021, 0x0021, 0x0021, 0x0021, 0x0001,
  0x0021, 0x0021, 0x0021, 0x0021, 0x0021, 0x0021, 0x0021, 0x0021, 0x0021, 0x0021, 0x0021, 0x0042,
  0x10a3, 0x0021, 0x0021, 0x0021, 0x0021, 0x0021, 0x0001, 0x0021, 0x0021, 0x0021, 0x0021, 0x0021,
  0x0021, 0x0021, 0x0021, 0x0021, 0x0021, 0x0021, 0x0021, 0x0021, 0x0021, 0x0021, 0x0021, 0x0021,
  0x0021, 0x0021, 0x0021, 0x0021, 0x0021, 0x0021, 0x0042, 0x0021, 0x0021, 0x0021, 0x0021, 0x0021,
  0x0022, 0x0042, 0x0022, 0x0021, 0x0022, 0x0042, 0x0021, 0x0021, 0x0022, 0x0021, 0x0021, 0x0021,
  0x0021, 0x0021, 0x0021, 0x0021, 0x0021, 0x0021, 0x0021, 0x0021, 0x0021, 0x0021, 0x0021, 0x0021,
  0x0021, 0x0021, 0x0021, 0x0021, 0x0021, 0x0021, 0x0021, 0x0021, 0x0021, 0x0021, 0x0021, 0x0021,
  0x0021, 0x0021, 0x0021, 0x0021, 0x0021, 0x0021, 0x0021, 0x0021, 0x0021, 0x0021, 0x0021, 0x0021,
  0x0021, 0x0862, 0x0062, 0x0021, 0x0021, 0x0021, 0x0021, 0x0021, 0x0021, 0x0021, 0x0021, 0x0021,
  0x0021, 0x0021, 0x0021, 0x0021, 0x0021, 0x0021, 0x0021, 0x0021, 0x0021, 0x0021, 0x0021, 0x0021,
  0x0021, 0x0021, 0x0021, 0x0021, 0x0021, 0x0021, 0x0021, 0x0021, 0x0021, 0x0021, 0x0021, 0x0021,
  0x0021, 0x0021, 0x0021, 0x0021, 0x0021, 0x0021, 0x0021, 0x0021, 0x0021, 0x0021, 0x0021, 0x0021,
  0x0021, 0x0021, 0x0021, 0x0021, 0x0021, 0x0021, 0x0021, 0x0021, 0x0021, 0x0021, 0x0021, 0x0021,
  0x0021, 0x0021, 0x0021, 0x0021, 0x0021, 0x0021, 0x0021, 0x0021, 0x0021, 0x0021, 0x0021, 0x0021,
  0x0021, 0x0021, 0x0021, 0x0021, 0x0021, 0x0021, 0x0021, 0x0021, 0x0021, 0x0021, 0x0021, 0x0021,
  0x0001, 0x0021, 0x0021, 0x0021, 0x0021, 0x0021, 0x0021, 0x0021, 0x0021, 0x0021, 0x0021, 0x0021,
  0x0001, 0x0021, 0x0021, 0x0021, 0x0021, 0x0021, 0x0021, 0x0021, 0x0021, 0x0021, 0x0021, 0x0021,
  0x0021, 0x0021, 0x0021, 0x0021, 0x0021, 0x0862, 0x0021, 0x0021, 0x0021, 0x0021, 0x0021, 0x0021,
  0x0021, 0x0021, 0x0021, 0x0021, 0x0021, 0x0021, 0x0021, 0x0021, 0x0021, 0x0021, 0x0021, 0x0021,
  0x0021, 0x0021, 0x0021, 0x0021, 0x0021, 0x0021, 0x0021, 0x0021, 0x0021, 0x0021, 0x0021, 0x0021,
  0x0021, 0x0021, 0x0021, 0x0021, 0x0021, 0x0021, 0x0021, 0x0021, 0x0021, 0x0021, 0x0021, 0x0021,
  0x0021, 0x0021, 0x0021, 0x0021, 0x0021, 0x0021, 0x0021, 0x0021, 0x0021, 0x0021, 0x0001, 0x0021,
  0x0021, 0x0021, 0x0021, 0x0021, 0x0021, 0x0021, 0x0001, 0x0021, 0x0021, 0x0021, 0x0021, 0x0021,
  0x0021, 0x0021, 0x0021, 0x0021, 0x0021, 0x0021, 0x0021, 0x0021, 0x0001, 0x0021, 0x0021, 0x0021,
  0x0021, 0x0021, 0x0021, 0x0021, 0x0021, 0x0021, 0x7bce, 0x18c3, 0x0021, 0x0021, 0x0021, 0x0021,
  0x0021, 0x0021, 0x0021, 0x0021, 0x0021, 0x0022, 0x0022, 0x0021, 0x0021, 0x0021, 0x0022, 0x0021,
  0x0021, 0x0021, 0x0021, 0x0021, 0x0021, 0x0021, 0x0021, 0x0021, 0x0021, 0x0021, 0x0021, 0x0021,
  0x0021, 0x0021, 0x0021, 0x0021, 0x0021, 0x0021, 0x0021, 0x0021, 0x0021, 0x0021, 0x0021, 0x0021,
  0x0021, 0x0021, 0x0021, 0x0021, 0x0021, 0x0021, 0x0021, 0x0021, 0x0021, 0x0021, 0x0021, 0x0021,
  0x0021, 0x0021, 0x0021, 0x0021, 0x0021, 0x0021, 0x0021, 0x0021, 0x0021, 0x0021, 0x0021, 0x0021,
  0x0021, 0x0021, 0x0021, 0x0021, 0x0021, 0x0021, 0x0021, 0x0022, 0x0022, 0x0042, 0x0021, 0x0022,
  0x0042, 0x0042, 0x0021, 0x0042, 0x0022, 0x0021, 0x0021, 0x0021, 0x8410, 0x39a6, 0x0021, 0x0021,
  0x0021, 0x0021, 0x0021, 0x0021, 0x0021, 0x0021, 0x0021, 0x0021, 0x0021, 0x0021, 0x0021, 0x0021,
  0x0021, 0x0021, 0x0021, 0x0021, 0x0021, 0x0021, 0x5aaa, 0x0021, 0x0021, 0x0021, 0x0021, 0x0021,
  0x0021, 0x0021, 0x0021, 0x0021, 0x0021, 0x0021, 0x0021, 0x0021, 0x0021, 0x0021, 0x0021, 0x0021,
  0x0021, 0x0021, 0x0021, 0x0021, 0x0021, 0x0021, 0x0021, 0x0021, 0x0021, 0x0021, 0x0021, 0x0021,
  0x0021, 0x0021, 0x0021, 0x0021, 0x0021, 0x0021, 0x0021, 0x0021, 0x0021, 0x0021, 0x0021, 0x0021,
  0x0021, 0x0021, 0x0021, 0x0021, 0x0021, 0x0021, 0x0021, 0x0021, 0x0021, 0x0021, 0x0021, 0x0001,
  0x0021, 0x0021, 0x0021, 0x0021, 0x0021, 0x0021, 0x0021, 0x0021, 0x0021, 0x0021, 0x0021, 0x0021,
  0x0021, 0x0021, 0x0021, 0x0021, 0x0021, 0x0021, 0x0021, 0x0021, 0x0021, 0x0021, 0x0021, 0x0021,
  0x0021, 0x0021, 0x0021, 0x0021, 0x0021, 0x0021, 0x0021, 0x0021, 0x0021, 0x0021, 0x0021, 0x0021,
  0x736d, 0x0021, 0x0021, 0x0021, 0x0021, 0x0021, 0x0021, 0x0021, 0x0021, 0x0001, 0x0001, 0x0021,
  0x0001, 0x0021, 0x0021, 0x0021, 0x0021, 0x0021, 0x0021, 0x0001, 0x0021, 0x0021, 0x0021, 0x0021,
  0x0021, 0x0021, 0x0021, 0x0021, 0x0021, 0x0021, 0x0021, 0x0021, 0x0021, 0x0021, 0x0021, 0x0021,
  0x0021, 0x0862, 0x0041, 0x0021, 0x0021, 0x0021, 0x0021, 0x0021, 0x0021, 0x0021, 0x0021, 0x0021,
  0x0021, 0x0021, 0x0021, 0x0021, 0x0021, 0x0021, 0x0021, 0x0021, 0x0021, 0x0021, 0x0021, 0x0021,
  0x0021, 0x0021, 0x0021, 0x0021, 0x0021, 0x0021, 0x0021, 0x0021, 0x0021, 0x0001, 0x0021, 0x0021,
  0x0021, 0x0021, 0x0021, 0x0021, 0x0021, 0x0021, 0x0021, 0x0021, 0x0021, 0x0021, 0x0021, 0x0021,
  0x0021, 0x0021, 0x0021, 0x0021, 0x0021, 0x0021, 0x0001, 0x0001, 0x0021, 0x0001, 0x0021, 0x0001,
  0x0001, 0x0021, 0x0021, 0x0021, 0x0021, 0x0021, 0x0021, 0x0021, 0x0021, 0x0021, 0x0021, 0x0021,
  0x0001, 0x0021, 0x0021, 0x0021, 0x0021, 0x0001, 0x0001, 0x0021, 0x0021, 0x0021, 0x0021, 0x0021,
  0x0021, 0x0021, 0x18c3, 0x0041, 0x0021, 0x0021, 0x0021, 0x0021, 0x0021, 0x0021, 0x0021, 0x0021,
  0x0021, 0x0042, 0x0042, 0x0021, 0x0021, 0x0021, 0x0021, 0x0042, 0x0022, 0x0021, 0x0021, 0x0021,
  0x0021, 0x0021, 0x0021, 0x0021, 0x0021, 0x0022, 0x0021, 0x0021, 0x0021, 0x0021, 0x0021, 0x0021,
  0x0021, 0x0021, 0x0021, 0x0021, 0x0021, 0x0021, 0x0021, 0x0021, 0x0021, 0x0021, 0x0021, 0x0021,
  0x0021, 0x0021, 0x0021, 0x0021, 0x0021, 0x0021, 0x0021, 0x0021, 0x0021, 0x0021, 0x0021, 0x0021,
  0x0021, 0x0021, 0x0021, 0x0021, 0x0021, 0x0021, 0x0021, 0x0021, 0x0021, 0x0021, 0x0021, 0x0021,
  0x0021, 0x0021, 0x0021, 0x0022, 0x0021, 0x0022, 0x0021, 0x0042, 0x0042, 0x0042, 0x0042, 0x0022,
  0x0042, 0x0021, 0x0021, 0x0021, 0x1904, 0x0862, 0x0021, 0x0021, 0x0021, 0x0021, 0x0021, 0x0021,
  0x0021, 0x0021, 0x0021, 0x0021, 0x0021, 0x0021, 0x0001, 0x0021, 0x0021, 0x0021, 0x0021, 0x0021,
  0x0021, 0x0021, 0x0021, 0x0021, 0x0021, 0x0021, 0x0021, 0x0021, 0x0021, 0x0021, 0x0021, 0x0021,
  0x0021, 0x0021, 0x0021, 0x0021, 0x0021, 0x0021, 0x0021, 0x0021, 0x0021, 0x0021, 0x0021, 0x0021,
  0x0021, 0x0021, 0x0021, 0x0021, 0x0021, 0x0021, 0x0021, 0x0021, 0x0021, 0x0021, 0x0021, 0x0021,
  0x0021, 0x0021, 0x0021, 0x0021, 0x0021, 0x0021, 0x0021, 0x0021, 0x0021, 0x0021, 0x0021, 0x0021,
  0x0021, 0x0021, 0x0021, 0x0021, 0x0021, 0x0021, 0x0021, 0x0021, 0x0021, 0x0021, 0x0021, 0x0021,
  0x0021, 0x0021, 0x0021, 0x0021, 0x0001, 0x0001, 0x0021, 0x0021, 0x0021, 0x0021, 0x0021, 0x0021,
  0x0021, 0x0021, 0x0021, 0x0021, 0x0021, 0x0021, 0x0021, 0x0021, 0x0021, 0x0021, 0x0021, 0x0021,
  0x0001, 0x0001, 0x0021, 0x0021, 0x0021, 0x0021, 0x0021, 0x0021, 0x0021, 0x0021, 0x0021, 0x0021,
  0x0021, 0x0021, 0x0021, 0x0021, 0x0021, 0x0021, 0x0001, 0x0001, 0x0021, 0x0021, 0x0021, 0x0021,
  0x0021, 0x4207, 0x5aca, 0x0021, 0x0021, 0x0021, 0x0021, 0x0021, 0x0021, 0x0021, 0x0021, 0x0021,
  0x0001, 0x0001, 0x0021, 0x0021, 0x0021, 0x0021, 0x0021, 0x0021, 0x0021, 0x0041, 0x0861, 0x0021,
  0x0021, 0x0021, 0x0021, 0x0001, 0x0021, 0x0021, 0x0021, 0x0021, 0x0021, 0x0021, 0x0021, 0x0021,
  0x0021, 0x0021, 0x0021, 0x0021, 0x0021, 0x0021, 0x0021, 0x0021, 0x0021, 0x0021, 0x0021, 0x0021,
  0x0021, 0x0021, 0x0021, 0x0021, 0x0021, 0x0021, 0x0021, 0x0021, 0x0021, 0x0021, 0x0021, 0x0021,
  0x0001, 0x0021, 0x0021, 0x0021, 0x0021, 0x0021, 0x0021, 0x0021, 0x0021, 0x0021, 0x0021, 0x0021,
  0x0021, 0x0021, 0x0021, 0x0001, 0x0021, 0x0021, 0x0021, 0x0001, 0x0001, 0x0021, 0x0021, 0x0021,
  0x0021, 0x0021, 0x0021, 0x0021, 0x0021, 0x0021, 0x0021, 0x0021, 0x0021, 0x0001, 0x0021, 0x0021,
  0x0021, 0x0021, 0x0021, 0x0021, 0x0021, 0x0021, 0x0021, 0x0021, 0x0021, 0x0021, 0x0021, 0x0021,
  0x0021, 0x0021, 0x0021, 0x0021, 0x0021, 0x0021, 0x0021, 0x0021, 0x0022, 0x0021, 0x0042, 0x0021,
  0x0021, 0x0022, 0x0021, 0x0021, 0x0022, 0x0022, 0x0021, 0x0021, 0x0021, 0x0021, 0x0021, 0x0021,
  0x0021, 0x0021, 0x10a3, 0x31a6, 0x0021, 0x0021, 0x0021, 0x0021, 0x0021, 0x0021, 0x0021, 0x0021,
  0x0021, 0x0021, 0x0022, 0x0021, 0x0021, 0x0021, 0x0021, 0x0021, 0x0021, 0x0021, 0x0021, 0x0021,
  0x0021, 0x0021, 0x0021, 0x0021, 0x0021, 0x0021, 0x0021, 0x0021, 0x0021, 0x0021, 0x0021, 0x0021,
  0x0021, 0x0021, 0x0021, 0x0021, 0x0021, 0x0021, 0x0021, 0x0021, 0x0021, 0x0021, 0x0021, 0x0022,
  0x0042, 0x0021, 0x0042, 0x0021, 0x0042, 0x0041, 0x0021, 0x0021, 0x0021, 0x0021, 0x0041, 0x0021,
  0x0021, 0x0021, 0x0021, 0x0021, 0x0021, 0x0021, 0x0021, 0x0021, 0x0021, 0x0021, 0x0021, 0x0021,
  0x0021, 0x0021, 0x0021, 0x0021, 0x0021, 0x0021, 0x0021, 0x0021, 0x0021, 0x0021, 0x0021, 0x0021,
  0x0021, 0x0021, 0x0021, 0x0021, 0x0021, 0x0021, 0x0021, 0x0021, 0x0021, 0x0021, 0x0021, 0x0021,
  0x0021, 0x0021, 0x0021, 0x0021, 0x0021, 0x0021, 0x0021, 0x0021, 0x0021, 0x0021, 0x0021, 0x0021,
  0x0021, 0x0021, 0x0021, 0x0021, 0x0021, 0x0021, 0x0021, 0x0021, 0x0021, 0x0021, 0x0021, 0x0021,
  0x0021, 0x0021, 0x0021, 0x0021, 0x0021, 0x0021, 0x0021, 0x0021, 0x0021, 0x0021, 0x0021, 0x0021,
  0x0021, 0x0021, 0x0021, 0x0021, 0x0021, 0x10c3, 0x0021, 0x0021, 0x0021, 0x0021, 0x0021, 0x0021,
  0x0001, 0x0001, 0x0001, 0x0021, 0x0021, 0x0021, 0x0021, 0x0021, 0x0021, 0x0021, 0x0021, 0x0021,
  0x0021, 0x0841, 0x18c3, 0x0021, 0x0021, 0x0021, 0x0021, 0x0021, 0x0021, 0x0021, 0x0021, 0x0021,
  0x0021, 0x0021, 0x0021, 0x0021, 0x0001, 0x0021, 0x0021, 0x0021, 0x0021, 0x0021, 0x0021, 0x0021,
  0x0001, 0x0021, 0x0001, 0x0021, 0x0021, 0x0021, 0x0021, 0x0021, 0x0021, 0x0041, 0x0862, 0x0021,
  0x0021, 0x0021, 0x0021, 0x0021, 0x0021, 0x0021, 0x0021, 0x0021, 0x0021, 0x0021, 0x0021, 0x0021,
  0x0021, 0x0021, 0x0021, 0x0021, 0x0021, 0x0021, 0x0862, 0x0021, 0x0021, 0x0021, 0x0021, 0x0021,
  0x0021, 0x0021, 0x0021, 0x0021, 0x0021, 0x0021, 0x0021, 0x0021, 0x0021, 0x0021, 0x0021, 0x0021,
  0x0021, 0x0021, 0x0021, 0x0021, 0x0021, 0x0021, 0x0021, 0x0021, 0x0021, 0x0021, 0x0021, 0x0021,
  0x0021, 0x0021, 0x0021, 0x0021, 0x0021, 0x0021, 0x0021, 0x0021, 0x0021, 0x0021, 0x0021, 0x0021,
  0x0021, 0x0021, 0x0021, 0x0042, 0x0062, 0x0021, 0x0021, 0x0021, 0x0021, 0x0021, 0x0021, 0x0021,
  0x0021, 0x0021, 0x0001, 0x0021, 0x0021, 0x0021, 0x0021, 0x0022, 0x0021, 0x0021, 0x0021, 0x0021,
  0x0021, 0x0021, 0x0021, 0x0021, 0x0021, 0x0021, 0x0021, 0x0021, 0x0021, 0x0021, 0x0021, 0x0021,
  0x0021, 0x0021, 0x0021, 0x0021, 0x0021, 0x0021, 0x0021, 0x0021, 0x0021, 0x0021, 0x0021, 0x0021,
  0x0021, 0x0021, 0x0021, 0x0021, 0x0021, 0x0021, 0x0022, 0x0042, 0x0021, 0x0022, 0x0021, 0x0022,
  0x0021, 0x0021, 0x0062, 0x0021, 0x0021, 0x0021, 0x0021, 0x0021, 0x0021, 0x0021, 0x0042, 0x18e4,
  0x0021, 0x0021, 0x0021, 0x0021, 0x0021, 0x0021, 0x0021, 0x0021, 0x0021, 0x0021, 0x0021, 0x0021,
  0x0021, 0x0021, 0x0021, 0x0021, 0x0021, 0x0021, 0x0021, 0x0022, 0x0021, 0x0021, 0x0021, 0x0021,
  0x0021, 0x0021, 0x0021, 0x0021, 0x0021, 0x0021, 0x0021, 0x0021, 0x0021, 0x0021, 0x0021, 0x0021,
  0x0021, 0x0021, 0x0021, 0x0021, 0x0021, 0x0021, 0x0021, 0x0022, 0x0021, 0x0042, 0x0021, 0x0042,
  0x0042, 0x0042, 0x0042, 0x0042, 0x0042, 0x0042, 0x0042, 0x0042, 0x0042, 0x0042, 0x0021, 0x0021,
  0x0021, 0x0021, 0x0021, 0x0021, 0x0021, 0x0021, 0x0021, 0x0021, 0x0021, 0x0021, 0x0021, 0x0021,
  0x0021, 0x0021, 0x0021, 0x0021, 0x0021, 0x0021, 0x0021, 0x0021, 0x0021, 0x0021, 0x0021, 0x0021,
  0x0021, 0x0021, 0x0021, 0x0021, 0x0021, 0x0021, 0x0021, 0x0021, 0x0021, 0x0021, 0x0021, 0x0021,
  0x0021, 0x0021, 0x0021, 0x0021, 0x0021, 0x0021, 0x0021, 0x0021, 0x0021, 0x0021, 0x0021, 0x0021,
  0x0021, 0x0021, 0x0021, 0x0041, 0x0021, 0x0021, 0x0021, 0x0021, 0x0021, 0x0063, 0x0021, 0x0021,
  0x0021, 0x0021, 0x0021, 0x0021, 0x0021, 0x0021, 0x0021, 0x0021, 0x0021, 0x0021, 0x0021, 0x0021,
  0x0021, 0x0021, 0x0021, 0x0021, 0x0021, 0x0021, 0x0021, 0x0021, 0x0021, 0x0021, 0x0021, 0x0021,
  0x0021, 0x0021, 0x0021, 0x0021, 0x0021, 0x0021, 0x0021, 0x0021, 0x0021, 0x0021, 0x0021, 0x0021,
  0x0021, 0x0021, 0x0021, 0x0021, 0x0021, 0x0021, 0x0021, 0x0021, 0x0021, 0x0021, 0x0021, 0x0021,
  0x0021, 0x0021, 0x0021, 0x0021, 0x0021, 0x0021, 0x0021, 0x0021, 0x0001, 0x0001, 0x0001, 0x0021,
  0x0021, 0x0021, 0x0021, 0x0021, 0x0021, 0x0021, 0x0021, 0x0021, 0x0021, 0x0021, 0x0021, 0x0021,
  0x0001, 0x0021, 0x0021, 0x0021, 0x0001, 0x0021, 0x0021, 0x0021, 0x0021, 0x0021, 0x0021, 0x0021,
  0x0021, 0x0021, 0x0861, 0x0861, 0x0021, 0x0021, 0x0021, 0x0021, 0x0021, 0x0021, 0x0021, 0x0021,
  0x0021, 0x0021, 0x0021, 0x0021, 0x0021, 0x0021, 0x0021, 0x0021, 0x0021, 0x0021, 0x0021, 0x0021,
  0x0021, 0x0021, 0x0021, 0x0021, 0x0021, 0x0021, 0x0021, 0x0021, 0x0021, 0x0021, 0x0021, 0x0021,
  0x0021, 0x0021, 0x0021, 0x0001, 0x0021, 0x0021, 0x0021, 0x0021, 0x0021, 0x0021, 0x0022, 0x0021,
  0x0021, 0x0021, 0x0021, 0x0021, 0x0021, 0x0021, 0x0021, 0x0021, 0x0021, 0x0021, 0x0021, 0x0021,
  0x0021, 0x0021, 0x0021, 0x0021, 0x0021, 0x0021, 0x0021, 0x0021, 0x0021, 0x0021, 0x0021, 0x0021,
  0x0021, 0x0021, 0x0021, 0x0021, 0x0021, 0x0021, 0x0021, 0x0021, 0x0021, 0x0021, 0x0021, 0x0021,
  0x0021, 0x0021, 0x0021, 0x0021, 0x0021, 0x0021, 0x0021, 0x0021, 0x0021, 0x0021, 0x0021, 0x0021,
  0x0021, 0x0022, 0x0021, 0x0042, 0x0022, 0x0042, 0x0021, 0x0021, 0x0021, 0x0021, 0x0021, 0x0021,
  0x0021, 0x0021, 0x0021, 0x0021, 0x0021, 0x0021, 0x0021, 0x0021, 0x0021, 0x0021, 0x0021, 0x0021,
  0x0021, 0x0021, 0x0021, 0x0021, 0x0021, 0x0021, 0x0021, 0x0021, 0x0021, 0x0021, 0x0021, 0x0021,
  0x0021, 0x0022, 0x0022, 0x0021, 0x0021, 0x0021, 0x0021, 0x0021, 0x0021, 0x0021, 0x0021, 0x0021,
  0x0021, 0x0021, 0x0021, 0x0021, 0x0021, 0x0021, 0x0042, 0x0021, 0x0021, 0x0021, 0x0021, 0x0021,
  0x0021, 0x0021, 0x0021, 0x0021, 0x0021, 0x0022, 0x0021, 0x0022, 0x0042, 0x0042, 0x0042, 0x0042,
  0x0042, 0x0042, 0x0042, 0x0042, 0x0042, 0x0042, 0x0021, 0x0021, 0x0021, 0x0021, 0x0042, 0x0021,
  0x0021, 0x0021, 0x0021, 0x0021, 0x0021, 0x0021, 0x0021, 0x0021, 0x0021, 0x0021, 0x0021, 0x0021,
  0x0021, 0x0021, 0x0021, 0x0021, 0x0021, 0x0021, 0x0021, 0x0021, 0x0021, 0x0021, 0x0021, 0x0021,
  0x0021, 0x0021, 0x0021, 0x0021, 0x0021, 0x0021, 0x0021, 0x0021, 0x0021, 0x0021, 0x0021, 0x0021,
  0x0021, 0x0021, 0x0021, 0x0021, 0x0021, 0x0021, 0x0021, 0x0021, 0x0021, 0x0021, 0x0021, 0x0041,
  0x0021, 0x0021, 0x0021, 0x0021, 0x0021, 0x0021, 0x0021, 0x0021, 0x0021, 0x0021, 0x0021, 0x0021,
  0x0021, 0x0021, 0x0021, 0x0021, 0x0021, 0x0021, 0x0021, 0x0021, 0x0021, 0x0021, 0x0021, 0x0021,
  0x0021, 0x0021, 0x0021, 0x0021, 0x0021, 0x0021, 0x0021, 0x0021, 0x0021, 0x0021, 0x0021, 0x0021,
  0x0021, 0x0021, 0x0021, 0x0021, 0x0021, 0x0021, 0x0021, 0x0021, 0x0021, 0x0021, 0x0021, 0x0021,
  0x0021, 0x0021, 0x0021, 0x0021, 0x0021, 0x0021, 0x0021, 0x0021, 0x0021, 0x0021, 0x0021, 0x0021,
  0x0021, 0x0021, 0x0021, 0x0021, 0x0021, 0x0021, 0x0021, 0x0021, 0x0021, 0x0021, 0x0021, 0x0021,
  0x0021, 0x0021, 0x0021, 0x0021, 0x0021, 0x0021, 0x0021, 0x0001, 0x0021, 0x0021, 0x0021, 0x0021,
  0x0021, 0x0001, 0x0021, 0x0021, 0x0021, 0x0021, 0x0021, 0x0021, 0x0021, 0x0021, 0x0021, 0x0861,
  0x0021, 0x0021, 0x0021, 0x0021, 0x0021, 0x0021, 0x0021, 0x0021, 0x0021, 0x0021, 0x0021, 0x0042,
  0x0021, 0x0021, 0x0021, 0x0021, 0x0021, 0x0021, 0x0021, 0x0021, 0x0021, 0x0021, 0x0021, 0x0021,
  0x0021, 0x0021, 0x0021, 0x0021, 0x0021, 0x0021, 0x0021, 0x0021, 0x0021, 0x0021, 0x0021, 0x0021,
  0x0021, 0x0021, 0x0021, 0x0021, 0x0021, 0x0021, 0x0021, 0x0021, 0x0021, 0x0021, 0x0021, 0x0021,
  0x0021, 0x0021, 0x0021, 0x0021, 0x0021, 0x0021, 0x0021, 0x0021, 0x0021, 0x0021, 0x0021, 0x0021,
  0x0021, 0x0021, 0x0021, 0x0022, 0x0021, 0x0021, 0x0021, 0x0021, 0x0021, 0x0021, 0x0021, 0x0021,
  0x0021, 0x0021, 0x0021, 0x0021, 0x0021, 0x0021, 0x0021, 0x0021, 0x0021, 0x0021, 0x0021, 0x0021,
  0x0021, 0x0021, 0x0021, 0x0021, 0x0042, 0x0021, 0x0021, 0x0021, 0x0021, 0x0042, 0x0021, 0x0022,
  0x0022, 0x0021, 0x0021, 0x0021, 0x0021, 0x0021, 0x0021, 0x0021, 0x0021, 0x0021, 0x0021, 0x0021,
  0x0021, 0x0021, 0x0021, 0x0021, 0x0021, 0x0021, 0x0021, 0x0021, 0x0021, 0x0021, 0x0021, 0x0021,
  0x0021, 0x0021, 0x0021, 0x0021, 0x0021, 0x0021, 0x0022, 0x0021, 0x0021, 0x0022, 0x0022, 0x0022,
  0x0021, 0x1904, 0x0021, 0x0021, 0x0021, 0x0021, 0x0021, 0x0021, 0x0021, 0x0021, 0x0021, 0x0021,
  0x0021, 0x0041, 0x0021, 0x0021, 0x0021, 0x0021, 0x0021, 0x0021, 0x0021, 0x0021, 0x0021, 0x0021,
  0x0021, 0x0042, 0x0021, 0x0021, 0x0042, 0x0042, 0x0042, 0x0042, 0x0042, 0x0042, 0x0042, 0x0042,
  0x0042, 0x0042, 0x0021, 0x0041, 0x0042, 0x0021, 0x0022, 0x0021, 0x0021, 0x0021, 0x0021, 0x0021,
  0x0021, 0x0021, 0x0021, 0x0021, 0x0021, 0x0021, 0x0021, 0x0021, 0x0021, 0x0021, 0x0021, 0x0021,
  0x0021, 0x0021, 0x0021, 0x0021, 0x0021, 0x0021, 0x0021, 0x0021, 0x0021, 0x0021, 0x0021, 0x0021,
  0x0021, 0x0021, 0x0021, 0x0021, 0x0021, 0x0021, 0x0021, 0x0021, 0x0021, 0x0021, 0x0021, 0x0021,
  0x0021, 0x0021, 0x0021, 0x0021, 0x0021, 0x0021, 0x0042, 0x0021, 0x0021, 0x0021, 0x0021, 0x0021,
  0x0021, 0x0021, 0x0021, 0x0021, 0x0021, 0x0021, 0x0021, 0x0021, 0x0021, 0x0021, 0x0021, 0x0021,
  0x0021, 0x0021, 0x0021, 0x0021, 0x0021, 0x0021, 0x0021, 0x0021, 0x0021, 0x0021, 0x0021, 0x0021,
  0x0021, 0x0021, 0x0021, 0x0021, 0x0021, 0x0021, 0x0021, 0x0021, 0x0021, 0x0021, 0x0021, 0x0021,
  0x0021, 0x0021, 0x0021, 0x0021, 0x0021, 0x0021, 0x0021, 0x0021, 0x0021, 0x0021, 0x0021, 0x0021,
  0x0021, 0x0021, 0x0021, 0x0021, 0x0021, 0x0021, 0x0021, 0x0021, 0x0021, 0x0021, 0x0021, 0x0021,
  0x0021, 0x0021, 0x0021, 0x0021, 0x0021, 0x0021, 0x0021, 0x0021, 0x0021, 0x0021, 0x0021, 0x0021,
  0x0021, 0x0021, 0x0021, 0x0021, 0x0021, 0x0021, 0x0021, 0x0021, 0x0021, 0x0021, 0x0021, 0x0021,
  0x0021, 0x0021, 0x0021, 0x0021, 0x0021, 0x0021, 0x0021, 0x0841, 0x0862, 0x0021, 0x0021, 0x0021,
  0x0021, 0x0021, 0x0021, 0x0021, 0x0021, 0x0021, 0x0021, 0x0021, 0x0021, 0x0021, 0x0021, 0x0021,
  0x0021, 0x0021, 0x0021, 0x0021, 0x0021, 0x0021, 0x0021, 0x0021, 0x0021, 0x0021, 0x0021, 0x0021,
  0x0021, 0x0021, 0x0021, 0x0021, 0x0021, 0x0021, 0x0021, 0x0001, 0x0021, 0x0021, 0x0021, 0x0021,
  0x0021, 0x0021, 0x0021, 0x0021, 0x0021, 0x0021, 0x0021, 0x0021, 0x0021, 0x0021, 0x0021, 0x0021,
  0x0021, 0x0021, 0x0021, 0x0021, 0x0021, 0x0021, 0x0021, 0x0021, 0x0021, 0x0021, 0x0021, 0x0021,
  0x0021, 0x0021, 0x0021, 0x0021, 0x0021, 0x0021, 0x0021, 0x0021, 0x0021, 0x0021, 0x0021, 0x0021,
  0x0021, 0x0021, 0x0042, 0x0021, 0x0021, 0x0021, 0x0021, 0x0021, 0x0021, 0x0021, 0x0021, 0x0021,
  0x0021, 0x0021, 0x0021, 0x0021, 0x0021, 0x0021, 0x0021, 0x0022, 0x0021, 0x0022, 0x0022, 0x0022,
  0x0021, 0x0021, 0x0021, 0x0021, 0x0021, 0x0021, 0x0021, 0x0021, 0x0021, 0x0021, 0x0021, 0x0021,
  0x0021, 0x0021, 0x0021, 0x0021, 0x0021, 0x0021, 0x0021, 0x0021, 0x0021, 0x0021, 0x0021, 0x0021,
  0x0021, 0x0021, 0x0021, 0x0021, 0x0021, 0x0021, 0x0021, 0x0021, 0x0021, 0x0021, 0x0021, 0x0021,
  0x0021, 0x0021, 0x0021, 0x0021, 0x0021, 0x0021, 0x0021, 0x0001, 0x0021, 0x0021, 0x0021, 0x0021,
  0x0021, 0x0021, 0x0021, 0x0021, 0x0021, 0x0021, 0x0021, 0x0021, 0x0022, 0x0022, 0x0042, 0x0042,
  0x0042, 0x0042, 0x0042, 0x0042, 0x0042, 0x0042, 0x0042, 0x0042, 0x0042, 0x0042, 0x0042, 0x0041,
  0x0042, 0x0021, 0x0042, 0x0022, 0x0021, 0x0021, 0x0021, 0x0021, 0x0021, 0x0021, 0x0021, 0x0021,
  0x0021, 0x0021, 0x0021, 0x0021, 0x0021, 0x0021, 0x0021, 0x0021, 0x0021, 0x0021, 0x0021, 0x0021,
  0x0021, 0x0021, 0x0021, 0x0021, 0x0021, 0x0021, 0x0021, 0x0021, 0x0021, 0x0021, 0x0021, 0x0021,
  0x0021, 0x0021, 0x2104, 0x0021, 0x0021, 0x0021, 0x0021, 0x0021, 0x0021, 0x0021, 0x0021, 0x0021,
  0x0021, 0x0041, 0x0041, 0x0021, 0x0021, 0x0021, 0x0021, 0x0021, 0x0021, 0x0021, 0x0021, 0x0021,
  0x0021, 0x0021, 0x0021, 0x0021, 0x0021, 0x0021, 0x0021, 0x0021, 0x18e4, 0x0862, 0x0021, 0x0021,
  0x0021, 0x0021, 0x0021, 0x0021, 0x0021, 0x0021, 0x0021, 0x0021, 0x0021, 0x0021, 0x0021, 0x0021,
  0x0021, 0x0021, 0x39c7, 0x0021, 0x0021, 0x0021, 0x0021, 0x0021, 0x0021, 0x0021, 0x0021, 0x0021,
  0x0021, 0x0021, 0x0021, 0x0021, 0x0021, 0x0021, 0x0021, 0x0021, 0x0021, 0x0021, 0x0021, 0x0021,
  0x0021, 0x0021, 0x0021, 0x0021, 0x0021, 0x0021, 0x0021, 0x0021, 0x0021, 0x0021, 0x0021, 0x0021,
  0x0021, 0x0021, 0x0021, 0x0021, 0x0021, 0x0021, 0x0021, 0x0021, 0x0021, 0x0021, 0x0021, 0x0021,
  0x0021, 0x0021, 0x0021, 0x0021, 0x0021, 0x0021, 0x0021, 0x0021, 0x0021, 0x0021, 0x0021, 0x0021,
  0x0021, 0x0021, 0x0021, 0x0021, 0x1082, 0x0021, 0x0021, 0x0021, 0x0021, 0x0021, 0x0021, 0x0021,
  0x0021, 0x0021, 0x0021, 0x0021, 0x0021, 0x0022, 0x0021, 0x0021, 0x0021, 0x0021, 0x0021, 0x0021,
  0x0021, 0x0021, 0x0021, 0x0021, 0x0021, 0x0021, 0x0021, 0x0021, 0x0021, 0x0021, 0x0021, 0x0021,
  0x0021, 0x0021, 0x0021, 0x0021, 0x0021, 0x0021, 0x0021, 0x0021, 0x0021, 0x0021, 0x0021, 0x0021,
  0x0021, 0x0021, 0x0021, 0x0021, 0x0021, 0x0021, 0x0021, 0x0021, 0x0021, 0x0021, 0x0021, 0x0021,
  0x0021, 0x0042, 0x0021, 0x0021, 0x0021, 0x0021, 0x0021, 0x0021, 0x0021, 0x0021, 0x0021, 0x0021,
  0x0021, 0x0021, 0x0021, 0x0021, 0x0021, 0x0021, 0x0021, 0x0021, 0x0021, 0x0021, 0x0021, 0x0021,
  0x0021, 0x0021, 0x0021, 0x0021, 0x0042, 0x0021, 0x0042, 0x0021, 0x0021, 0x0021, 0x0021, 0x0021,
  0x0021, 0x0021, 0x0021, 0x0022, 0x0021, 0x0022, 0x0022, 0x0021, 0x0021, 0x0021, 0x0021, 0x0021,
  0x0021, 0x0021, 0x0021, 0x0021, 0x0021, 0x0021, 0x0021, 0x0021, 0x0021, 0x0021, 0x0021, 0x0021,
  0x0021, 0x0021, 0x0021, 0x0021, 0x0021, 0x0021, 0x0021, 0x0021, 0x0021, 0x0021, 0x0021, 0x0022,
  0x0021, 0x0021, 0x0021, 0x0021, 0x0021, 0x0021, 0x0021, 0x0021, 0x0021, 0x0021, 0x0021, 0x0021,
  0x0021, 0x0021, 0x0021, 0x0021, 0x08a3, 0x0021, 0x0021, 0x0021, 0x0021, 0x0021, 0x0021, 0x0021,
  0x0021, 0x0021, 0x0021, 0x0021, 0x0022, 0x0022, 0x0042, 0x0042, 0x0042, 0x0042, 0x0042, 0x0042,
  0x0042, 0x0042, 0x0042, 0x0042, 0x0042, 0x0042, 0x0042, 0x0042, 0x0042, 0x0021, 0x0042, 0x0021,
  0x0021, 0x0021, 0x0021, 0x0021, 0x0021, 0x0021, 0x0021, 0x0021, 0x0021, 0x0021, 0x0021, 0x0021,
  0x0021, 0x0021, 0x0021, 0x0021, 0x0021, 0x0021, 0x0021, 0x0021, 0x0021, 0x0021, 0x0021, 0x0021,
  0x0021, 0x0021, 0x0021, 0x0021, 0x0021, 0x0021, 0x0021, 0x0021, 0x0021, 0x1082, 0x630c, 0x0021,
  0x0021, 0x0021, 0x0021, 0x0021, 0x0021, 0x0021, 0x0021, 0x0021, 0x0021, 0x0882, 0x0021, 0x0021,
  0x0021, 0x0021, 0x0021, 0x0021, 0x0021, 0x0021, 0x0021, 0x0021, 0x0021, 0x0021, 0x0021, 0x0021,
  0x0021, 0x0021, 0x0021, 0x0021, 0x0021, 0x10c3, 0x0021, 0x0021, 0x0021, 0x0021, 0x0021, 0x0021,
  0x0021, 0x0021, 0x0021, 0x0021, 0x0021, 0x0021, 0x0021, 0x0021, 0x0021, 0x0021, 0x0021, 0x0021,
  0x0021, 0x0021, 0x0021, 0x0021, 0x0021, 0x0021, 0x0021, 0x0021, 0x0021, 0x0021, 0x0021, 0x0021,
  0x0021, 0x0021, 0x0001, 0x0021, 0x0021, 0x0021, 0x0021, 0x0001, 0x0021, 0x0021, 0x0021, 0x0021,
  0x0021, 0x0021, 0x0021, 0x0021, 0x0021, 0x0021, 0x0021, 0x0021, 0x0021, 0x0021, 0x0021, 0x0021,
  0x0021, 0x0021, 0x0021, 0x0021, 0x0021, 0x0021, 0x0021, 0x0021, 0x0021, 0x0021, 0x0021, 0x0021,
  0x0021, 0x0021, 0x0021, 0x0021, 0x0021, 0x0021, 0x0021, 0x0021, 0x0021, 0x0021, 0x0021, 0x0021,
  0x10a2, 0x0021, 0x0021, 0x0021, 0x0021, 0x0021, 0x0021, 0x0021, 0x0021, 0x0021, 0x0021, 0x0021,
  0x0021, 0x0021, 0x0021, 0x0021, 0x0021, 0x0021, 0x0021, 0x0021, 0x0021, 0x0021, 0x0021, 0x0021,
  0x0021, 0x0021, 0x0021, 0x0021, 0x0021, 0x0021, 0x0021, 0x0021, 0x0021, 0x0021, 0x0021, 0x0021,
  0x0021, 0x0021, 0x0021, 0x0021, 0x0021, 0x0021, 0x0021, 0x0021, 0x0022, 0x0021, 0x0021, 0x0021,
  0x0021, 0x0021, 0x0021, 0x0021, 0x0021, 0x0021, 0x0021, 0x0021, 0x0021, 0x0021, 0x0021, 0x0021,
  0x0021, 0x0021, 0x0021, 0x0021, 0x0021, 0x0021, 0x0021, 0x0021, 0x0021, 0x0021, 0x0021, 0x0021,
  0x0021, 0x0021, 0x0021, 0x0021, 0x0021, 0x0021, 0x0021, 0x0022, 0x0021, 0x0021, 0x0021, 0x0021,
  0x0021, 0x0021, 0x0021, 0x0021, 0x0021, 0x0021, 0x0022, 0x0042, 0x0021, 0x0021, 0x0021, 0x0021,
  0x0021, 0x0021, 0x0021, 0x0022, 0x0021, 0x0021, 0x0021, 0x0021, 0x0021, 0x0021, 0x0021, 0x0021,
  0x0021, 0x0021, 0x0021, 0x0021, 0x0021, 0x0021, 0x0021, 0x0021, 0x0021, 0x0021, 0x0021, 0x0021,
  0x0021, 0x0021, 0x0021, 0x0021, 0x0021, 0x0021, 0x0021, 0x0021, 0x0021, 0x0062, 0x0022, 0x0021,
  0x0021, 0x0021, 0x0021, 0x0021, 0x0021, 0x0021, 0x0021, 0x0021, 0x0021, 0x0021, 0x0021, 0x0021,
  0x0021, 0x0021, 0x0021, 0x0021, 0x0021, 0x0021, 0x0021, 0x0021, 0x0021, 0x0021, 0x0021, 0x0021,
  0x0021, 0x0042, 0x0041, 0x0042, 0x0042, 0x0042, 0x0042, 0x0042, 0x0042, 0x0042, 0x0042, 0x0041,
  0x0062, 0x0062, 0x0042, 0x0042, 0x0042, 0x0042, 0x0042, 0x0022, 0x0021, 0x0021, 0x0021, 0x0021,
  0x0021, 0x0021, 0x0021, 0x0021, 0x0021, 0x0021, 0x0021, 0x0021, 0x0021, 0x0021, 0x0021, 0x0021,
  0x0021, 0x0021, 0x0021, 0x0021, 0x0021, 0x0021, 0x0021, 0x0021, 0x0021, 0x0021, 0x0021, 0x0021,
  0x0021, 0x0021, 0x0021, 0x0021, 0x0021, 0x0021, 0x0021, 0x0021, 0x0021, 0x0021, 0x0021, 0x0021,
  0x0021, 0x0021, 0x0021, 0x0021, 0x0862, 0x0841, 0x0021, 0x0021, 0x0021, 0x0021, 0x0021, 0x0021,
  0x0021, 0x0021, 0x0021, 0x0021, 0x0021, 0x0021, 0x0021, 0x0021, 0x0021, 0x0021, 0x0021, 0x0021,
  0x0021, 0x10a3, 0x0021, 0x0021, 0x0021, 0x0021, 0x0021, 0x0021, 0x0021, 0x0021, 0x0021, 0x0021,
  0x0021, 0x0021, 0x0021, 0x0021, 0x0021, 0x0021, 0x0021, 0x0021, 0x0021, 0x0021, 0x0021, 0x0021,
  0x0021, 0x0021, 0x0021, 0x0021, 0x0021, 0x0021, 0x0021, 0x0021, 0x0021, 0x0021, 0x0021, 0x0021,
  0x0021, 0x0021, 0x0021, 0x0021, 0x0021, 0x0021, 0x0021, 0x0021, 0x0021, 0x0021, 0x0021, 0x0021,
  0x0021, 0x0021, 0x0021, 0x0021, 0x0021, 0x0021, 0x0021, 0x0021, 0x0021, 0x0021, 0x0021, 0x0021,
  0x0021, 0x0021, 0x0021, 0x0021, 0x0021, 0x0021, 0x0021, 0x0021, 0x0021, 0x0021, 0x0021, 0x0021,
  0x0021, 0x0021, 0x0021, 0x0021, 0x0021, 0x0021, 0x0021, 0x0021, 0x10a2, 0x10a2, 0x0021, 0x0021,
  0x0021, 0x0021, 0x0021, 0x0021, 0x0021, 0x0021, 0x0021, 0x0021, 0x0021, 0x0021, 0x0021, 0x0021,
  0x0021, 0x0021, 0x0021, 0x0021, 0x0021, 0x0021, 0x0021, 0x0021, 0x0021, 0x0021, 0x0021, 0x0021,
  0x0021, 0x0021, 0x0021, 0x0021, 0x0021, 0x0021, 0x0021, 0x0021, 0x0021, 0x0021, 0x0021, 0x0021,
  0x0021, 0x0021, 0x0021, 0x0022, 0x0021, 0x0021, 0x0021, 0x0021, 0x10c3, 0x0021, 0x0021, 0x0021,
  0x0021, 0x0021, 0x0021, 0x0021, 0x0021, 0x0021, 0x0021, 0x0021, 0x0021, 0x0021, 0x0021, 0x0021,
  0x0021, 0x0021, 0x0021, 0x0021, 0x0021, 0x0021, 0x0021, 0x0021, 0x0021, 0x0021, 0x0021, 0x0021,
  0x0021, 0x0021, 0x0042, 0x0022, 0x0021, 0x0021, 0x0021, 0x0021, 0x0021, 0x0021, 0x0021, 0x0021,
  0x0021, 0x0021, 0x0022, 0x0042, 0x0021, 0x0021, 0x0021, 0x0021, 0x0021, 0x0021, 0x0021, 0x0022,
  0x0021, 0x0021, 0x0021, 0x0021, 0x0021, 0x0021, 0x0021, 0x0021, 0x0021, 0x0021, 0x0021, 0x0021,
  0x0021, 0x0021, 0x0021, 0x0021, 0x0021, 0x0021, 0x0021, 0x0021, 0x0021, 0x0021, 0x0021, 0x0022,
  0x0021, 0x0021, 0x0021, 0x0042, 0x0021, 0x0021, 0x0021, 0x0021, 0x0021, 0x0021, 0x0021, 0x0021,
  0x0021, 0x0021, 0x0021, 0x0021, 0x0021, 0x0021, 0x0021, 0x0021, 0x0021, 0x0021, 0x0021, 0x0021,
  0x0021, 0x0021, 0x0021, 0x0021, 0x0042, 0x0021, 0x0021, 0x0021, 0x0021, 0x0041, 0x0021, 0x0042,
  0x0042, 0x0042, 0x0042, 0x0042, 0x0042, 0x0042, 0x0042, 0x0042, 0x0042, 0x0042, 0x0042, 0x0042,
  0x0042, 0x0042, 0x0042, 0x0022, 0x0021, 0x0021, 0x0021, 0x0021, 0x0021, 0x0021, 0x0021, 0x0021,
  0x0021, 0x0021, 0x0021, 0x0021, 0x0021, 0x0021, 0x0021, 0x0021, 0x0021, 0x0021, 0x0021, 0x0021,
  0x0021, 0x0021, 0x0021, 0x0021, 0x0021, 0x0021, 0x0021, 0x0021, 0x0021, 0x0021, 0x0021, 0x0021,
  0x0021, 0x0021, 0x0021, 0x0021, 0x0021, 0x0021, 0x0021, 0x0021, 0x0021, 0x0021, 0x0021, 0x0021,
  0x0882, 0x0021, 0x0021, 0x0021, 0x0021, 0x0021, 0x0021, 0x0021, 0x0021, 0x0021, 0x0021, 0x0021,
  0x0021, 0x0021, 0x0021, 0x0021, 0x0021, 0x0021, 0x0021, 0x0021, 0x0021, 0x0021, 0x0021, 0x0021,
  0x0021, 0x0021, 0x0001, 0x0021, 0x0021, 0x0021, 0x0021, 0x0021, 0x0021, 0x0021, 0x0021, 0x0021,
  0x0021, 0x0021, 0x0021, 0x0021, 0x0021, 0x0021, 0x0021, 0x0021, 0x0021, 0x0021, 0x0021, 0x0021,
  0x0021, 0x0021, 0x0021, 0x0021, 0x0021, 0x0021, 0x0021, 0x0021, 0x0021, 0x0021, 0x0021, 0x0021,
  0x0021, 0x0021, 0x0021, 0x0021, 0x0021, 0x0021, 0x0021, 0x0021, 0x0021, 0x0021, 0x0021, 0x0021,
  0x0021, 0x0021, 0x0021, 0x0021, 0x0021, 0x0021, 0x0021, 0x0021, 0x0021, 0x0021, 0x0021, 0x0021,
  0x0021, 0x0021, 0x0021, 0x0021, 0x0021, 0x0021, 0x0021, 0x0021, 0x0021, 0x0021, 0x0021, 0x0021,
  0x0021, 0x0021, 0x0021, 0x0021, 0x0021, 0x18e2, 0x0021, 0x0021, 0x0021, 0x0021, 0x0021, 0x0021,
  0x0021, 0x0021, 0x0021, 0x0021, 0x0021, 0x0021, 0x0021, 0x0021, 0x0021, 0x0021, 0x0021, 0x0021,
  0x0021, 0x0021, 0x0021, 0x0021, 0x0021, 0x0021, 0x0021, 0x0021, 0x0021, 0x0021, 0x0021, 0x0021,
  0x0021, 0x0021, 0x0021, 0x0021, 0x0021, 0x0021, 0x0021, 0x0021, 0x0021, 0x0021, 0x0021, 0x0021,
  0x0021, 0x0021, 0x0021, 0x0021, 0x0021, 0x0021, 0x0021, 0x0021, 0x0021, 0x0021, 0x0021, 0x0021,
  0x0021, 0x0021, 0x0021, 0x0021, 0x2966, 0x0041, 0x0021, 0x0021, 0x0021, 0x0021, 0x0021, 0x0021,
  0x0021, 0x0021, 0x0021, 0x0021, 0x0021, 0x0021, 0x0021, 0x0021, 0x0021, 0x0021, 0x0021, 0x0021,
  0x0021, 0x0021, 0x0021, 0x0021, 0x0021, 0x0021, 0x0042, 0x0021, 0x0021, 0x0021, 0x0022, 0x0021,
  0x0021, 0x0021, 0x0021, 0x0021, 0x0021, 0x0021, 0x0021, 0x0022, 0x0021, 0x0021, 0x0021, 0x0021,
  0x0021, 0x0021, 0x0021, 0x0021, 0x0021, 0x0021, 0x0021, 0x0021, 0x0021, 0x0021, 0x0021, 0x0021,
  0x0021, 0x0021, 0x0021, 0x0021, 0x0021, 0x0021, 0x0021, 0x0021, 0x0021, 0x0021, 0x0022, 0x0021,
  0x0022, 0x0021, 0x0022, 0x0021, 0x0021, 0x0021, 0x0021, 0x0021, 0x0021, 0x0021, 0x0021, 0x0022,
  0x0021, 0x0021, 0x0021, 0x0021, 0x0021, 0x0021, 0x0021, 0x0021, 0x0021, 0x0021, 0x0021, 0x0021,
  0x0021, 0x0021, 0x0021, 0x0021, 0x0021, 0x0021, 0x0042, 0x0022, 0x0042, 0x0042, 0x0042, 0x0042,
  0x0042, 0x0042, 0x0042, 0x0042, 0x0042, 0x0042, 0x0042, 0x0042, 0x0042, 0x0042, 0x0042, 0x0022,
  0x0021, 0x0022, 0x0022, 0x0022, 0x0021, 0x0021, 0x0021, 0x0021, 0x0021, 0x0021, 0x0021, 0x0021,
  0x0021, 0x0021, 0x0021, 0x0021, 0x0021, 0x0042, 0x0021, 0x0021, 0x0021, 0x0021, 0x0021, 0x0021,
  0x0021, 0x0021, 0x0021, 0x0021, 0x0021, 0x0021, 0x0021, 0x0021, 0x0021, 0x0021, 0x0021, 0x0021,
  0x0021, 0x0021, 0x0021, 0x0021, 0x0021, 0x0021, 0x0021, 0x0841, 0x0862, 0x0021, 0x0021, 0x0021,
  0x0021, 0x0021, 0x0021, 0x0021, 0x0021, 0x0021, 0x0021, 0x0021, 0x0021, 0x0021, 0x0021, 0x0021,
  0x0021, 0x0021, 0x0021, 0x0021, 0x0021, 0x0021, 0x0021, 0x0021, 0x0021, 0x0041, 0x3186, 0x0021,
  0x0021, 0x0021, 0x0021, 0x0021, 0x0021, 0x0021, 0x0021, 0x0021, 0x0021, 0x0021, 0x0021, 0x0021,
  0x0021, 0x0021, 0x0021, 0x0021, 0x0021, 0x0021, 0x0021, 0x0021, 0x0021, 0x0021, 0x0021, 0x0021,
  0x0021, 0x0021, 0x0021, 0x0021, 0x0021, 0x0021, 0x0021, 0x0021, 0x0021, 0x0021, 0x0021, 0x0021,
  0x0021, 0x0021, 0x0021, 0x0021, 0x0021, 0x0021, 0x0021, 0x0021, 0x0021, 0x0021, 0x0021, 0x0021,
  0x0021, 0x0021, 0x0021, 0x0021, 0x0021, 0x0021, 0x0021, 0x0021, 0x0021, 0x0021, 0x0021, 0x0021,
  0x0021, 0x0021, 0x0021, 0x0021, 0x0021, 0x0021, 0x0021, 0x0021, 0x0021, 0x0021, 0x0021, 0x0021,
  0x0021, 0x10a2, 0x1082, 0x0021, 0x0021, 0x0021, 0x0021, 0x0021, 0x0021, 0x0021, 0x0021, 0x0021,
  0x0021, 0x0021, 0x0022, 0x0021, 0x0021, 0x0021, 0x0021, 0x0021, 0x0021, 0x0021, 0x0021, 0x0021,
  0x0021, 0x0021, 0x0021, 0x0021, 0x0021, 0x0021, 0x0021, 0x0021, 0x0021, 0x0021, 0x0021, 0x0021,
  0x0021, 0x0021, 0x0021, 0x0021, 0x0021, 0x0021, 0x0021, 0x0021, 0x0021, 0x0021, 0x0021, 0x0021,
  0x0021, 0x0021, 0x0021, 0x0021, 0x0021, 0x0021, 0x0021, 0x0021, 0x0021, 0x0021, 0x0021, 0x0021,
  0x0021, 0x0021, 0x0022, 0x0021, 0x0021, 0x0021, 0x0021, 0x0021, 0x0021, 0x0021, 0x0021, 0x0021,
  0x0021, 0x0021, 0x0022, 0x0022, 0x0021, 0x0021, 0x0021, 0x0021, 0x0021, 0x0021, 0x0021, 0x0021,
  0x0021, 0x0021, 0x0021, 0x0021, 0x0021, 0x0021, 0x0022, 0x0022, 0x0021, 0x0021, 0x0042, 0x0021,
  0x0021, 0x0021, 0x0021, 0x0021, 0x0021, 0x0021, 0x0021, 0x0021, 0x0021, 0x0021, 0x0021, 0x0021,
  0x0021, 0x0021, 0x0021, 0x0021, 0x0021, 0x0021, 0x0021, 0x0022, 0x0021, 0x0021, 0x0021, 0x0021,
  0x0021, 0x0021, 0x0021, 0x0021, 0x0021, 0x0021, 0x0021, 0x0021, 0x0021, 0x0021, 0x0021, 0x0021,
  0x0021, 0x0021, 0x0021, 0x0021, 0x0021, 0x0021, 0x0021, 0x0021, 0x0021, 0x0021, 0x0021, 0x0021,
  0x0021, 0x0021, 0x0021, 0x0021, 0x0021, 0x0021, 0x0021, 0x0021, 0x0021, 0x0021, 0x0021, 0x0022,
  0x0021, 0x0042, 0x0042, 0x0042, 0x0042, 0x0042, 0x0042, 0x0042, 0x0042, 0x0042, 0x0042, 0x0042,
  0x0042, 0x0042, 0x0042, 0x0042, 0x0042, 0x0022, 0x0022, 0x0022, 0x0022, 0x0022, 0x0022, 0x0022,
  0x0041, 0x0021, 0x0021, 0x0021, 0x0021, 0x0021, 0x0021, 0x0021, 0x0021, 0x0021, 0x0021, 0x0021,
  0x0021, 0x0021, 0x0021, 0x0021, 0x0021, 0x0021, 0x0021, 0x0021, 0x0021, 0x0021, 0x0021, 0x0021,
  0x0021, 0x0021, 0x0021, 0x0021, 0x0021, 0x0021, 0x0021, 0x0021, 0x0021, 0x0021, 0x0021, 0x0021,
  0x0021, 0x0021, 0x0021, 0x10a2, 0x0021, 0x0021, 0x0021, 0x0021, 0x0021, 0x0021, 0x0021, 0x0021,
  0x0021, 0x0021, 0x0021, 0x0021, 0x0021, 0x0021, 0x0021, 0x0021, 0x0021, 0x0021, 0x0021, 0x0021,
  0x0021, 0x0021, 0x0021, 0x0021, 0x0021, 0x0021, 0x0882, 0x0021, 0x0021, 0x0021, 0x0021, 0x0021,
  0x0021, 0x0021, 0x0021, 0x0041, 0x0021, 0x0021, 0x0021, 0x0021, 0x0021, 0x0021, 0x0021, 0x0021,
  0x0021, 0x0021, 0x0021, 0x0021, 0x0021, 0x0021, 0x0021, 0x0021, 0x0021, 0x0021, 0x0021, 0x0021,
  0x0021, 0x0021, 0x0021, 0x0021, 0x0021, 0x0021, 0x0021, 0x0021, 0x0021, 0x0021, 0x0021, 0x0021,
  0x0021, 0x0021, 0x0021, 0x0021, 0x0021, 0x0021, 0x0021, 0x0021, 0x0021, 0x0021, 0x0021, 0x0021,
  0x0021, 0x0021, 0x0021, 0x0021, 0x0021, 0x0021, 0x0021, 0x0021, 0x0021, 0x0021, 0x0021, 0x0021,
  0x0021, 0x0021, 0x0021, 0x0021, 0x0021, 0x0021, 0x0021, 0x0021, 0x0021, 0x0021, 0x20e2, 0x0021,
  0x0021, 0x0021, 0x0021, 0x0021, 0x0021, 0x0021, 0x0021, 0x0021, 0x0021, 0x0021, 0x0021, 0x0021,
  0x0021, 0x0021, 0x0021, 0x0021, 0x0021, 0x0021, 0x0021, 0x0021, 0x0021, 0x0021, 0x0021, 0x0021,
  0x0021, 0x0021, 0x0021, 0x0021, 0x0021, 0x0021, 0x0021, 0x0021, 0x0021, 0x0021, 0x0021, 0x0021,
  0x0021, 0x0021, 0x0021, 0x0021, 0x0021, 0x0021, 0x0021, 0x0021, 0x0021, 0x0021, 0x0042, 0x0021,
  0x0021, 0x0021, 0x0021, 0x0021, 0x0021, 0x0021, 0x0021, 0x0021, 0x0021, 0x0021, 0x0021, 0x0021,
  0x0021, 0x0021, 0x0021, 0x0021, 0x0021, 0x0021, 0x0021, 0x0021, 0x0021, 0x0021, 0x0021, 0x0022,
  0x0022, 0x0021, 0x0021, 0x0021, 0x0021, 0x0021, 0x0021, 0x0021, 0x0021, 0x0021, 0x0021, 0x0042,
  0x0021, 0x0021, 0x0021, 0x0021, 0x0021, 0x0022, 0x0042, 0x0021, 0x0021, 0x0021, 0x0021, 0x0021,
  0x0021, 0x0021, 0x0021, 0x0021, 0x0021, 0x0021, 0x0021, 0x0021, 0x0021, 0x0021, 0x0042, 0x0021,
  0x0021, 0x0021, 0x2966, 0x0021, 0x0021, 0x0021, 0x0021, 0x0021, 0x0021, 0x0021, 0x0021, 0x0021,
  0x0021, 0x0021, 0x0021, 0x0021, 0x0021, 0x0021, 0x0021, 0x0021, 0x0021, 0x0021, 0x0021, 0x0021,
  0x0021, 0x0021, 0x0021, 0x0021, 0x0021, 0x0021, 0x0021, 0x0021, 0x0021, 0x0021, 0x0021, 0x0021,
  0x0021, 0x0021, 0x0021, 0x0021, 0x0021, 0x0021, 0x0021, 0x0021, 0x0022, 0x0042, 0x0021, 0x0022,
  0x0022, 0x0042, 0x0042, 0x0042, 0x0042, 0x0042, 0x0042, 0x0042, 0x0042, 0x0042, 0x0042, 0x0042,
  0x0042, 0x0042, 0x0042, 0x0042, 0x0042, 0x0083, 0x0022, 0x0042, 0x0021, 0x0021, 0x0021, 0x0021,
  0x0021, 0x18e4, 0x0021, 0x0021, 0x0021, 0x0021, 0x0021, 0x0021, 0x0021, 0x0021, 0x0021, 0x0021,
  0x0021, 0x0021, 0x0021, 0x0021, 0x0021, 0x0021, 0x0021, 0x0021, 0x0021, 0x0021, 0x0021, 0x0021,
  0x0021, 0x0021, 0x0021, 0x0021, 0x0021, 0x0021, 0x0021, 0x0021, 0x0021, 0x0021, 0x1082, 0x0862,
  0x0021, 0x0021, 0x0021, 0x0021, 0x0021, 0x0021, 0x0021, 0x0021, 0x0021, 0x0021, 0x0021, 0x0021,
  0x0021, 0x0021, 0x0021, 0x0021, 0x0021, 0x0021, 0x0021, 0x0021, 0x0021, 0x0021, 0x0021, 0x0021,
  0x0021, 0x0021, 0x0021, 0x0021, 0x0021, 0x0021, 0x0021, 0x0021, 0x0021, 0x0021, 0x0021, 0x0021,
  0x0021, 0x0021, 0x0021, 0x0021, 0x0021, 0x0021, 0x0021, 0x0021, 0x0021, 0x0021, 0x0021, 0x0021,
  0x0021, 0x0021, 0x0021, 0x0021, 0x0021, 0x0021, 0x0021, 0x0021, 0x0021, 0x0021, 0x0021, 0x0021,
  0x0021, 0x0021, 0x0021, 0x0021, 0x0021, 0x0021, 0x0021, 0x0021, 0x0021, 0x0021, 0x0021, 0x0021,
  0x0021, 0x0021, 0x0021, 0x0021, 0x0021, 0x0021, 0x0021, 0x0021, 0x0021, 0x0021, 0x0021, 0x0021,
  0x0021, 0x0021, 0x0021, 0x0021, 0x0021, 0x0021, 0x0021, 0x0021, 0x0021, 0x0021, 0x0021, 0x0021,
  0x0021, 0x0021, 0x0021, 0x0021, 0x0021, 0x0021, 0x20e2, 0x10a2, 0x0021, 0x0021, 0x0021, 0x0021,
  0x0021, 0x0021, 0x0021, 0x0021, 0x0021, 0x0021, 0x0021, 0x0022, 0x0021, 0x0021, 0x0021, 0x0021,
  0x0021, 0x0021, 0x0021, 0x0021, 0x0021, 0x0021, 0x0021, 0x0021, 0x0021, 0x0021, 0x0021, 0x0021,
  0x0021, 0x0021, 0x0021, 0x0021, 0x0021, 0x0021, 0x0021, 0x0021, 0x0021, 0x0021, 0x0021, 0x0021,
  0x0021, 0x0021, 0x0021, 0x0021, 0x0021, 0x0021, 0x0021, 0x0021, 0x0021, 0x0021, 0x0021, 0x0021,
  0x0021, 0x0021, 0x0021, 0x0021, 0x0021, 0x0021, 0x0021, 0x0021, 0x0021, 0x0021, 0x0021, 0x0022,
  0x0021, 0x4207, 0x0021, 0x0021, 0x0021, 0x0021, 0x0021, 0x0021, 0x0022, 0x0022, 0x0021, 0x0021,
  0x0021, 0x0021, 0x0021, 0x0021, 0x0021, 0x0021, 0x0021, 0x0021, 0x0042, 0x0021, 0x0021, 0x0021,
  0x0021, 0x0021, 0x0021, 0x0021, 0x0021, 0x0021, 0x0021, 0x0021, 0x0021, 0x0021, 0x0021, 0x0022,
  0x0021, 0x0021, 0x0021, 0x0021, 0x0021, 0x0021, 0x0021, 0x0021, 0x0021, 0x0021, 0x1083, 0x0021,
  0x0021, 0x0021, 0x0021, 0x0021, 0x0021, 0x0021, 0x0021, 0x0021, 0x0021, 0x0021, 0x0021, 0x0021,
  0x0021, 0x0021, 0x0021, 0x0021, 0x0021, 0x0022, 0x0021, 0x0021, 0x0021, 0x0021, 0x0021, 0x0021,
  0x0021, 0x0021, 0x0021, 0x0021, 0x0021, 0x0021, 0x0021, 0x0021, 0x0021, 0x0021, 0x0021, 0x0021,
  0x0021, 0x0021, 0x0021, 0x0021, 0x0022, 0x0021, 0x0021, 0x0022, 0x0042, 0x0042, 0x0042, 0x0042,
  0x0042, 0x0042, 0x0042, 0x0042, 0x0042, 0x0042, 0x0042, 0x0042, 0x0042, 0x0042, 0x0042, 0x0042,
  0x0042, 0x08a3, 0x0022, 0x0042, 0x0042, 0x0042, 0x0042, 0x0022, 0x0021, 0x0021, 0x0022, 0x0021,
  0x0021, 0x0021, 0x0021, 0x0021, 0x0021, 0x0021, 0x0021, 0x0021, 0x0021, 0x0021, 0x0021, 0x0021,
  0x0021, 0x0021, 0x0021, 0x0021, 0x0021, 0x0021, 0x0021, 0x0062, 0x0042, 0x0021, 0x0021, 0x0021,
  0x0021, 0x0021, 0x0021, 0x0021, 0x0021, 0x0021, 0x18a2, 0x0021, 0x0021, 0x0021, 0x0021, 0x0021,
  0x0021, 0x0021, 0x0021, 0x0021, 0x0021, 0x0021, 0x0021, 0x0021, 0x0021, 0x0021, 0x0021, 0x0021,
  0x0021, 0x0021, 0x0021, 0x0021, 0x0021, 0x0021, 0x0021, 0x0021, 0x0021, 0x0021, 0x0021, 0x0021,
  0x0021, 0x0021, 0x0021, 0x0021, 0x0021, 0x0021, 0x0021, 0x0042, 0x0021, 0x0021, 0x0021, 0x0021,
  0x0021, 0x0021, 0x0021, 0x0021, 0x0021, 0x0021, 0x0021, 0x0021, 0x0021, 0x0021, 0x0021, 0x0021,
  0x0021, 0x0021, 0x0021, 0x0021, 0x0021, 0x0021, 0x0021, 0x0021, 0x0021, 0x0021, 0x0021, 0x0021,
  0x0021, 0x0021, 0x0021, 0x0021, 0x0021, 0x0021, 0x0021, 0x0021, 0x0021, 0x0021, 0x0021, 0x0021,
  0x0021, 0x0021, 0x0021, 0x0021, 0x0021, 0x0021, 0x0021, 0x0021, 0x0021, 0x0021, 0x0021, 0x0021,
  0x0021, 0x0021, 0x0021, 0x0021, 0x0021, 0x0021, 0x0021, 0x0021, 0x0021, 0x0021, 0x0021, 0x0021,
  0x0021, 0x0021, 0x0861, 0x20e2, 0x0021, 0x0021, 0x0021, 0x0021, 0x0021, 0x0021, 0x0021, 0x0021,
  0x0021, 0x0021, 0x0021, 0x0021, 0x0021, 0x0021, 0x0021, 0x0021, 0x0021, 0x0021, 0x0021, 0x0021,
  0x0021, 0x0021, 0x0021, 0x0021, 0x0021, 0x0021, 0x0021, 0x0021, 0x0021, 0x0021, 0x0021, 0x0021,
  0x0021, 0x0021, 0x0021, 0x0021, 0x0021, 0x0021, 0x0021, 0x0021, 0x0021, 0x0021, 0x0021, 0x0021,
  0x0021, 0x0021, 0x0021, 0x0021, 0x0021, 0x0021, 0x0021, 0x0021, 0x0021, 0x0021, 0x0021, 0x0021,
  0x0021, 0x0021, 0x0021, 0x0021, 0x0021, 0x0021, 0x0021, 0x0021, 0x0021, 0x4208, 0x0042, 0x0021,
  0x0021, 0x0021, 0x0021, 0x0021, 0x0021, 0x0021, 0x0021, 0x0021, 0x0021, 0x0021, 0x0021, 0x0021,
  0x0021, 0x0021, 0x0021, 0x0021, 0x0021, 0x0022, 0x0021, 0x0021, 0x0021, 0x0021, 0x0021, 0x0021,
  0x0021, 0x0021, 0x0021, 0x0021, 0x0021, 0x0021, 0x0021, 0x0021, 0x0022, 0x0022, 0x0021, 0x0022,
  0x0021, 0x0021, 0x0021, 0x0021, 0x0021, 0x0021, 0x0021, 0x0021, 0x0021, 0x0021, 0x0021, 0x0021,
  0x0021, 0x0021, 0x0021, 0x0021, 0x0021, 0x0021, 0x0021, 0x0021, 0x0021, 0x0041, 0x0021, 0x0021,
  0x0021, 0x0021, 0x0021, 0x0021, 0x0021, 0x0021, 0x0021, 0x0021, 0x0021, 0x0021, 0x0021, 0x0021,
  0x0021, 0x0021, 0x0021, 0x0021, 0x0021, 0x0021, 0x0021, 0x0021, 0x0021, 0x0021, 0x0021, 0x0022,
  0x0022, 0x0022, 0x0042, 0x0021, 0x0022, 0x0022, 0x0022, 0x0042, 0x0042, 0x0042, 0x0042, 0x0042,
  0x0042, 0x0042, 0x0042, 0x0042, 0x0042, 0x0042, 0x0042, 0x0042, 0x0042, 0x0042, 0x0042, 0x0042,
  0x0042, 0x0042, 0x0042, 0x0042, 0x0022, 0x0021, 0x0021, 0x0021, 0x0021, 0x0021, 0x0021, 0x0021,
  0x0021, 0x0021, 0x0021, 0x0021, 0x0021, 0x0021, 0x0021, 0x0021, 0x0021, 0x0021, 0x0021, 0x0021,
  0x0021, 0x0021, 0x0021, 0x0041, 0x0021, 0x0021, 0x0021, 0x0021, 0x0021, 0x0021, 0x0021, 0x0021,
  0x0021, 0x10a2, 0x10a2, 0x0021, 0x0021, 0x0021, 0x0021, 0x0021, 0x0021, 0x0021, 0x0021, 0x0021,
  0x0021, 0x0021, 0x0021, 0x0021, 0x0021, 0x0021, 0x0021, 0x0021, 0x0021, 0x0022, 0x0021, 0x0021,
  0x0021, 0x0021, 0x0021, 0x0021, 0x0021, 0x0021, 0x0021, 0x0021, 0x0021, 0x0021, 0x0021, 0x0021,
  0x0021, 0x0021, 0x0021, 0x0021, 0x0021, 0x0021, 0x0022, 0x0021, 0x0021, 0x0021, 0x0021, 0x0021,
  0x0021, 0x0021, 0x0021, 0x0021, 0x0021, 0x0021, 0x0021, 0x0021, 0x0021, 0x0021, 0x0021, 0x0021,
  0x0021, 0x0021, 0x0021, 0x0021, 0x0021, 0x0021, 0x0021, 0x0021, 0x0021, 0x0021, 0x0021, 0x0021,
  0x0021, 0x0021, 0x0021, 0x0021, 0x0021, 0x0021, 0x0021, 0x0021, 0x0021, 0x0021, 0x0021, 0x0021,
  0x0021, 0x0042, 0x0021, 0x0021, 0x0021, 0x0021, 0x0021, 0x0021, 0x0021, 0x0021, 0x0021, 0x0021,
  0x0021, 0x0021, 0x0021, 0x0021, 0x0021, 0x0021, 0x0021, 0x0021, 0x0021, 0x0021, 0x0021, 0x2923,
  0x0021, 0x0021, 0x0021, 0x0021, 0x0021, 0x0021, 0x0021, 0x0021, 0x0021, 0x0021, 0x0021, 0x0021,
  0x0021, 0x0021, 0x0021, 0x0021, 0x0021, 0x0021, 0x0021, 0x0021, 0x0021, 0x0021, 0x0021, 0x0021,
  0x0021, 0x0021, 0x0021, 0x0021, 0x0021, 0x0021, 0x0021, 0x0021, 0x0021, 0x0021, 0x0021, 0x0021,
  0x0021, 0x0021, 0x0021, 0x0021, 0x0021, 0x0021, 0x0021, 0x0021, 0x0021, 0x0021, 0x0021, 0x0021,
  0x0021, 0x0021, 0x0021, 0x0021, 0x0021, 0x0021, 0x0021, 0x0021, 0x0021, 0x0021, 0x0021, 0x0021,
  0x0021, 0x0021, 0x0021, 0x0021, 0x0021, 0x0022, 0x0022, 0x0022, 0x0042, 0x0022, 0x0021, 0x0021,
  0x0021, 0x0021, 0x0042, 0x0021, 0x0021, 0x0021, 0x0021, 0x0021, 0x0042, 0x0021, 0x0021, 0x0021,
  0x0021, 0x0021, 0x0021, 0x0021, 0x0021, 0x0021, 0x0021, 0x0021, 0x0021, 0x0021, 0x0021, 0x0021,
  0x0021, 0x0021, 0x0022, 0x0022, 0x0022, 0x0021, 0x0021, 0x0021, 0x0021, 0x0022, 0x0021, 0x0021,
  0x0021, 0x0021, 0x0021, 0x0021, 0x0042, 0x0021, 0x0021, 0x0021, 0x0022, 0x0022, 0x0021, 0x0021,
  0x0021, 0x0021, 0x0021, 0x0021, 0x0021, 0x0021, 0x0022, 0x0021, 0x0021, 0x0021, 0x0021, 0x0042,
  0x0021, 0x0022, 0x0021, 0x0021, 0x0021, 0x0021, 0x0021, 0x0021, 0x0021, 0x0021, 0x0021, 0x0021,
  0x0021, 0x0021, 0x0021, 0x0021, 0x0021, 0x0021, 0x0042, 0x0021, 0x0021, 0x0021, 0x0021, 0x0021,
  0x0022, 0x0022, 0x0022, 0x0022, 0x0042, 0x0042, 0x0042, 0x0042, 0x0042, 0x0042, 0x0042, 0x0042,
  0x0042, 0x0042, 0x0042, 0x0042, 0x0042, 0x0042, 0x0042, 0x0042, 0x0042, 0x0042, 0x0042, 0x0042,
  0x0042, 0x0021, 0x0021, 0x0021, 0x0022, 0x0021, 0x0021, 0x0021, 0x0021, 0x0021, 0x0021, 0x0021,
  0x0021, 0x0021, 0x0022, 0x0021, 0x0041, 0x0021, 0x0021, 0x0021, 0x0021, 0x0021, 0x0021, 0x0022,
  0x0021, 0x0021, 0x0021, 0x0021, 0x0021, 0x0021, 0x0021, 0x0021, 0x0021, 0x20e2, 0x0021, 0x0021,
  0x0021, 0x0021, 0x0021, 0x0021, 0x0021, 0x0021, 0x0021, 0x0021, 0x0021, 0x0021, 0x0021, 0x0021,
  0x0021, 0x0021, 0x0021, 0x0021, 0x0021, 0x0021, 0x0021, 0x0021, 0x0021, 0x0021, 0x0021, 0x0021,
  0x0021, 0x0021, 0x0021, 0x0021, 0x0021, 0x0021, 0x0021, 0x0021, 0x0021, 0x0042, 0x0021, 0x0021,
  0x0021, 0x0021, 0x0021, 0x0021, 0x0021, 0x0021, 0x0021, 0x0021, 0x0021, 0x0021, 0x0021, 0x0021,
  0x0021, 0x0021, 0x0021, 0x0021, 0x0021, 0x0021, 0x0021, 0x0021, 0x0021, 0x0021, 0x0021, 0x0021,
  0x0021, 0x0021, 0x0021, 0x0021, 0x0021, 0x0021, 0x0021, 0x0021, 0x0021, 0x0021, 0x0021, 0x0021,
  0x0021, 0x0021, 0x0021, 0x0021, 0x0021, 0x0021, 0x0021, 0x0021, 0x0021, 0x0021, 0x0021, 0x0021,
  0x0021, 0x0021, 0x0021, 0x0022, 0x0021, 0x4a49, 0x0021, 0x0021, 0x0021, 0x0021, 0x0021, 0x0021,
  0x0021, 0x0021, 0x0021, 0x0021, 0x0021, 0x0021, 0x0021, 0x10a2, 0x18c2, 0x0021, 0x0021, 0x0021,
  0x0021, 0x0021, 0x0021, 0x0021, 0x0042, 0x0021, 0x0021, 0x0021, 0x0021, 0x0021, 0x0021, 0x0021,
  0x0021, 0x0021, 0x0021, 0x0021, 0x0021, 0x0021, 0x0021, 0x2945, 0x4207, 0x0021, 0x0021, 0x0021,
  0x0021, 0x0021, 0x0021, 0x0021, 0x0021, 0x0021, 0x0021, 0x0021, 0x0021, 0x0021, 0x0021, 0x0021,
  0x0021, 0x0021, 0x0021, 0x0021, 0x0021, 0x0021, 0x0042, 0x0021, 0x0021, 0x0021, 0x0021, 0x0021,
  0x0021, 0x0021, 0x0021, 0x0021, 0x0021, 0x0021, 0x0021, 0x0021, 0x0021, 0x0021, 0x0021, 0x0021,
  0x0021, 0x0021, 0x0021, 0x0021, 0x0021, 0x0021, 0x0021, 0x0021, 0x0021, 0x0022, 0x0021, 0x0022,
  0x0021, 0x0021, 0x0021, 0x0021, 0x0021, 0x0021, 0x0021, 0x0021, 0x0021, 0x0021, 0x0021, 0x0021,
  0x0022, 0x0021, 0x0021, 0x0022, 0x0021, 0x0021, 0x0021, 0x0021, 0x0021, 0x0022, 0x0022, 0x0022,
  0x0021, 0x0021, 0x0021, 0x0021, 0x0022, 0x0022, 0x0022, 0x0022, 0x0021, 0x0021, 0x0021, 0x0042,
  0x0021, 0x0021, 0x0022, 0x0022, 0x0021, 0x0021, 0x0021, 0x0021, 0x0021, 0x0021, 0x0021, 0x0021,
  0x0042, 0x0042, 0x0022, 0x0021, 0x0021, 0x0021, 0x0022, 0x0021, 0x0042, 0x0022, 0x0021, 0x0021,
  0x0022, 0x0021, 0x0021, 0x0022, 0x0022, 0x0021, 0x0021, 0x0022, 0x0021, 0x0021, 0x0021, 0x0021,
  0x0021, 0x0021, 0x0021, 0x0021, 0x0022, 0x0021, 0x0021, 0x0042, 0x0021, 0x0022, 0x0042, 0x0022,
  0x0042, 0x0042, 0x0042, 0x0042, 0x0042, 0x0042, 0x0042, 0x0042, 0x0042, 0x0042, 0x0042, 0x0042,
  0x0042, 0x0042, 0x0042, 0x0042, 0x0042, 0x0042, 0x0042, 0x0042, 0x0022, 0x0042, 0x0022, 0x0022,
  0x0022, 0x0022, 0x0021, 0x0021, 0x0022, 0x0021, 0x0022, 0x0021, 0x0021, 0x0021, 0x0021, 0x0021,
  0x0042, 0x0021, 0x0021, 0x0021, 0x0021, 0x0042, 0x0021, 0x0021, 0x0021, 0x0021, 0x0021, 0x0021,
  0x0021, 0x0021, 0x0021, 0x0021, 0x20e2, 0x0041, 0x0021, 0x0021, 0x0021, 0x0021, 0x0021, 0x0021,
  0x0021, 0x0021, 0x0021, 0x0021, 0x0021, 0x0021, 0x0021, 0x0021, 0x0021, 0x0021, 0x0021, 0x0021,
  0x0021, 0x0021, 0x0021, 0x0062, 0x0021, 0x0021, 0x0021, 0x0021, 0x0021, 0x0021, 0x0021, 0x0021,
  0x0021, 0x0021, 0x0021, 0x0021, 0x0021, 0x0021, 0x0021, 0x0021, 0x0021, 0x0021, 0x0021, 0x0021,
  0x0021, 0x0021, 0x0021, 0x0021, 0x0021, 0x0021, 0x0021, 0x0021, 0x0021, 0x0021, 0x0021, 0x0021,
  0x0021, 0x0021, 0x0021, 0x0021, 0x0021, 0x0021, 0x0021, 0x0021, 0x0021, 0x0021, 0x0021, 0x0021,
  0x0021, 0x0021, 0x0021, 0x0021, 0x0021, 0x0021, 0x0021, 0x0021, 0x0021, 0x0021, 0x0021, 0x0021,
  0x0021, 0x0021, 0x0021, 0x0021, 0x0021, 0x0021, 0x0021, 0x0021, 0x0021, 0x0021, 0x0021, 0x0022,
  0x0021, 0x0021, 0x0021, 0x0021, 0x0021, 0x0021, 0x0021, 0x0021, 0x0021, 0x0021, 0x0021, 0x0021,
  0x0021, 0x0021, 0x0021, 0x0021, 0x2943, 0x0021, 0x0021, 0x0021, 0x0021, 0x0021, 0x0021, 0x0021,
  0x0042, 0x0021, 0x0021, 0x0021, 0x0021, 0x0021, 0x0021, 0x0021, 0x0021, 0x0021, 0x0021, 0x0021,
  0x0021, 0x0021, 0x0021, 0x0021, 0x0021, 0x0021, 0x0021, 0x0021, 0x0021, 0x0021, 0x0021, 0x0021,
  0x0021, 0x0021, 0x0021, 0x0021, 0x0021, 0x0021, 0x0021, 0x0021, 0x0022, 0x0021, 0x0021, 0x0021,
  0x0021, 0x0021, 0x0042, 0x0021, 0x0021, 0x0021, 0x0021, 0x0042, 0x0021, 0x0021, 0x0021, 0x0021,
  0x0021, 0x0021, 0x0021, 0x0021, 0x0021, 0x0021, 0x0021, 0x0021, 0x0022, 0x0021, 0x0022, 0x0021,
  0x0022, 0x0021, 0x0022, 0x0022, 0x0022, 0x0021, 0x0022, 0x0022, 0x0021, 0x0021, 0x0021, 0x0021,
  0x0021, 0x0021, 0x0021, 0x0021, 0x0021, 0x0021, 0x0022, 0x0022, 0x0022, 0x0021, 0x0022, 0x0021,
  0x0042, 0x0021, 0x0021, 0x0021, 0x0021, 0x0022, 0x0021, 0x0022, 0x0022, 0x0021, 0x0021, 0x0021,
  0x0022, 0x0021, 0x0022, 0x0022, 0x0022, 0x0022, 0x0022, 0x0022, 0x0042, 0x0021, 0x0022, 0x0042,
  0x0022, 0x0021, 0x0021, 0x0021, 0x0021, 0x0021, 0x0021, 0x0042, 0x0022, 0x0021, 0x0021, 0x0022,
  0x0021, 0x0022, 0x0022, 0x0022, 0x0021, 0x0021, 0x0021, 0x0021, 0x0021, 0x0022, 0x0042, 0x0042,
  0x0042, 0x0042, 0x0022, 0x0022, 0x0021, 0x0021, 0x0021, 0x0021, 0x0042, 0x0022, 0x0022, 0x0022,
  0x0021, 0x0021, 0x0021, 0x0042, 0x0021, 0x0022, 0x0022, 0x0042, 0x0042, 0x0042, 0x0042, 0x0042,
  0x0042, 0x0042, 0x0042, 0x0042, 0x0042, 0x0042, 0x0042, 0x0042, 0x0042, 0x0042, 0x0042, 0x0042,
  0x0042, 0x0042, 0x0042, 0x0042, 0x0042, 0x0042, 0x0022, 0x0022, 0x0022, 0x0022, 0x0022, 0x0042,
  0x0022, 0x0022, 0x0021, 0x0022, 0x0021, 0x0021, 0x0021, 0x0022, 0x0042, 0x0021, 0x0021, 0x0021,
  0x0021, 0x0021, 0x0021, 0x0021, 0x0021, 0x0021, 0x0021, 0x0021, 0x0021, 0x0021, 0x0021, 0x0841,
  0x20e2, 0x0021, 0x0021, 0x0021, 0x0021, 0x0021, 0x0021, 0x0021, 0x0021, 0x0021, 0x0021, 0x0021,
  0x0021, 0x0021, 0x0021, 0x0021, 0x0021, 0x0021, 0x0021, 0x0021, 0x0021, 0x0021, 0x0021, 0x0042,
  0x0021, 0x0021, 0x0021, 0x0021, 0x0021, 0x0022, 0x0021, 0x0021, 0x0021, 0x0021, 0x0021, 0x0021,
  0x0021, 0x0021, 0x0021, 0x0021, 0x0021, 0x0021, 0x0021, 0x0021, 0x0021, 0x0021, 0x0021, 0x0021,
  0x0021, 0x0021, 0x0021, 0x0021, 0x0021, 0x0021, 0x0021, 0x0021, 0x0021, 0x0021, 0x0021, 0x0021,
  0x0021, 0x0021, 0x0021, 0x0021, 0x0021, 0x0021, 0x0021, 0x0021, 0x0021, 0x0021, 0x0021, 0x0021,
  0x0021, 0x0021, 0x0021, 0x0021, 0x0021, 0x0021, 0x0021, 0x0021, 0x0021, 0x0021, 0x0021, 0x0042,
  0x0021, 0x0021, 0x0021, 0x0021, 0x0021, 0x0021, 0x0021, 0x0021, 0x0021, 0x0021, 0x0021, 0x0021,
  0x0021, 0x0021, 0x0021, 0x0021, 0x0021, 0x0022, 0x0021, 0x0021, 0x0021, 0x0021, 0x0021, 0x0021,
  0x3143, 0x1082, 0x0021, 0x0021, 0x0021, 0x0021, 0x0021, 0x0021, 0x0062, 0x0021, 0x0021, 0x0021,
  0x0021, 0x0021, 0x0022, 0x0062, 0x0021, 0x0021, 0x0021, 0x0021, 0x0021, 0x0021, 0x0021, 0x0021,
  0x0021, 0x0021, 0x0021, 0x0021, 0x0021, 0x0021, 0x0021, 0x0021, 0x0021, 0x0021, 0x0021, 0x0021,
  0x0021, 0x0021, 0x0021, 0x0021, 0x0021, 0x0021, 0x0022, 0x0021, 0x0021, 0x0021, 0x0042, 0x0042,
  0x0042, 0x0022, 0x0022, 0x0021, 0x0042, 0x0042, 0x0021, 0x0021, 0x0021, 0x0021, 0x0021, 0x0021,
  0x0021, 0x0021, 0x0021, 0x0021, 0x0021, 0x0022, 0x0021, 0x0022, 0x0021, 0x0022, 0x0021, 0x0021,
  0x0022, 0x0021, 0x0021, 0x0021, 0x0021, 0x0042, 0x0021, 0x0021, 0x0021, 0x0021, 0x0021, 0x0021,
  0x0021, 0x0021, 0x0021, 0x0021, 0x0021, 0x0022, 0x0021, 0x0022, 0x0021, 0x0021, 0x0021, 0x0021,
  0x0021, 0x0022, 0x0022, 0x0021, 0x0021, 0x0021, 0x0021, 0x0021, 0x0022, 0x0021, 0x0042, 0x0021,
  0x0022, 0x0042, 0x0042, 0x0042, 0x0021, 0x0021, 0x0021, 0x0042, 0x0021, 0x0042, 0x0021, 0x0021,
  0x0021, 0x0021, 0x0021, 0x0022, 0x0042, 0x0042, 0x0021, 0x0021, 0x0021, 0x0022, 0x0021, 0x0021,
  0x0021, 0x0021, 0x0021, 0x0022, 0x0022, 0x0042, 0x0022, 0x0042, 0x0042, 0x0022, 0x0022, 0x0021,
  0x0022, 0x0021, 0x0022, 0x0021, 0x0022, 0x0042, 0x0021, 0x0022, 0x0022, 0x0021, 0x0042, 0x0021,
  0x0022, 0x0022, 0x0042, 0x0042, 0x0042, 0x0042, 0x0042, 0x0042, 0x0042, 0x0022, 0x0042, 0x0042,
  0x0042, 0x0042, 0x0042, 0x0042, 0x0042, 0x0042, 0x0042, 0x0042, 0x0042, 0x0042, 0x0042, 0x0042,
  0x0042, 0x0042, 0x0042, 0x0042, 0x0021, 0x0022, 0x0022, 0x0021, 0x0022, 0x0021, 0x0021, 0x0021,
  0x0021, 0x0021, 0x0021, 0x0022, 0x0022, 0x0021, 0x0021, 0x0021, 0x0021, 0x0021, 0x0021, 0x0021,
  0x0021, 0x0021, 0x0021, 0x0021, 0x0021, 0x0021, 0x0021, 0x20e2, 0x1082, 0x0021, 0x0021, 0x0021,
  0x0021, 0x0021, 0x0021, 0x0021, 0x0021, 0x0042, 0x0021, 0x0021, 0x0021, 0x0021, 0x0021, 0x0021,
  0x0021, 0x0021, 0x0021, 0x0021, 0x0021, 0x0021, 0x0021, 0x0021, 0x0021, 0x0022, 0x0021, 0x0021,
  0x0021, 0x0021, 0x0042, 0x0042, 0x0021, 0x0021, 0x0021, 0x0021, 0x0021, 0x0021, 0x0021, 0x0021,
  0x0021, 0x0021, 0x0021, 0x0021, 0x0021, 0x0021, 0x0021, 0x0021, 0x0021, 0x0021, 0x0021, 0x0021,
  0x0021, 0x0021, 0x0021, 0x0021, 0x0021, 0x0021, 0x0021, 0x0021, 0x0021, 0x0021, 0x0021, 0x0021,
  0x2105, 0x0862, 0x0021, 0x0021, 0x0021, 0x0021, 0x0021, 0x0021, 0x0021, 0x0021, 0x0021, 0x0021,
  0x0021, 0x0021, 0x0021, 0x0021, 0x0021, 0x0021, 0x0021, 0x0021, 0x0021, 0x0021, 0x0042, 0x0021,
  0x0021, 0x0021, 0x0021, 0x0021, 0x0021, 0x0021, 0x0021, 0x0021, 0x0021, 0x0021, 0x0021, 0x0021,
  0x0021, 0x0021, 0x0021, 0x0021, 0x0021, 0x0021, 0x0021, 0x0021, 0x1082, 0x3143, 0x0021, 0x0021,
  0x0021, 0x0021, 0x0021, 0x0021, 0x0021, 0x0021, 0x0021, 0x0021, 0x0021, 0x0021, 0x0021, 0x0021,
  0x0882, 0x0042, 0x0021, 0x0021, 0x0021, 0x0042, 0x0021, 0x0021, 0x0021, 0x0021, 0x0041, 0x0021,
  0x0021, 0x0021, 0x0022, 0x0021, 0x0021, 0x0021, 0x0021, 0x0021, 0x0021, 0x0022, 0x0022, 0x0022,
  0x0022, 0x0042, 0x0022, 0x0021, 0x0021, 0x0022, 0x0022, 0x0022, 0x0022, 0x0021, 0x0022, 0x0042,
  0x0021, 0x0022, 0x0022, 0x0021, 0x0021, 0x0021, 0x0021, 0x0021, 0x0021, 0x0021, 0x0021, 0x0042,
  0x0021, 0x0021, 0x0021, 0x0021, 0x0021, 0x0021, 0x0021, 0x0022, 0x0022, 0x0042, 0x0021, 0x0021,
  0x0021, 0x0021, 0x0021, 0x0021, 0x0022, 0x0021, 0x0022, 0x0021, 0x0021, 0x0021, 0x0021, 0x0021,
  0x0021, 0x0021, 0x0022, 0x0022, 0x0021, 0x0022, 0x0022, 0x0021, 0x0021, 0x0022, 0x0021, 0x0021,
  0x0041, 0x0021, 0x0021, 0x0021, 0x0042, 0x0021, 0x0022, 0x0022, 0x0022, 0x0042, 0x0042, 0x0022,
  0x0042, 0x0042, 0x0022, 0x0021, 0x0022, 0x0021, 0x0021, 0x3186, 0x0041, 0x0021, 0x0042, 0x0042,
  0x0021, 0x0022, 0x0022, 0x0021, 0x0022, 0x0021, 0x0021, 0x0022, 0x0022, 0x0021, 0x0021, 0x0042,
  0x0022, 0x0022, 0x0022, 0x0022, 0x0042, 0x0042, 0x3186, 0x39c7, 0x0022, 0x0021, 0x0021, 0x0021,
  0x0021, 0x0042, 0x0021, 0x0042, 0x0042, 0x0042, 0x0042, 0x0042, 0x0042, 0x0042, 0x0042, 0x0042,
  0x0042, 0x0042, 0x0042, 0x0042, 0x0042, 0x0863, 0x0883, 0x0042, 0x0042, 0x0042, 0x0042, 0x0042,
  0x0042, 0x0042, 0x0042, 0x0042, 0x0042, 0x0042, 0x0042, 0x0042, 0x0042, 0x0042, 0x0042, 0x0042,
  0x0022, 0x0042, 0x0022, 0x0022, 0x0022, 0x0022, 0x0022, 0x0021, 0x0021, 0x0021, 0x0022, 0x0022,
  0x0022, 0x0022, 0x0042, 0x0022, 0x0021, 0x0021, 0x0021, 0x0021, 0x0021, 0x0021, 0x0021, 0x0021,
  0x0021, 0x0022, 0x1082, 0x3123, 0x0021, 0x0021, 0x0021, 0x0021, 0x0021, 0x0021, 0x0021, 0x0021,
  0x0021, 0x0021, 0x0021, 0x0021, 0x0021, 0x0862, 0x4a48, 0x0021, 0x0021, 0x0021, 0x0021, 0x0021,
  0x0021, 0x0021, 0x0021, 0x0021, 0x0021, 0x0021, 0x0021, 0x0021, 0x0021, 0x0021, 0x0021, 0x0021,
  0x0021, 0x0021, 0x0021, 0x0021, 0x0021, 0x0021, 0x0021, 0x0021, 0x0021, 0x0021, 0x0021, 0x0021,
  0x0021, 0x0021, 0x0021, 0x0021, 0x0021, 0x0021, 0x0021, 0x0021, 0x0022, 0x0021, 0x0021, 0x0021,
  0x0021, 0x0021, 0x0021, 0x0021, 0x0021, 0x0021, 0x0021, 0x0021, 0x0021, 0x0021, 0x0021, 0x0021,
  0x0021, 0x0021, 0x0021, 0x0021, 0x0021, 0x0021, 0x0021, 0x0021, 0x0021, 0x0021, 0x0021, 0x0021,
  0x0021, 0x0021, 0x0021, 0x0021, 0x0021, 0x0021, 0x0021, 0x0021, 0x0021, 0x0021, 0x0021, 0x0021,
  0x0021, 0x0021, 0x0021, 0x0021, 0x0021, 0x0021, 0x0021, 0x0021, 0x0021, 0x0021, 0x0021, 0x0021,
  0x0021, 0x0021, 0x0021, 0x0021, 0x0021, 0x3983, 0x0841, 0x0021, 0x0021, 0x0021, 0x0021, 0x0021,
  0x0021, 0x0021, 0x0021, 0x0022, 0x0021, 0x0021, 0x0021, 0x0021, 0x0021, 0x0021, 0x0021, 0x0021,
  0x0021, 0x0021, 0x0021, 0x0021, 0x0021, 0x0021, 0x0021, 0x0021, 0x0021, 0x0021, 0x0021, 0x0021,
  0x0021, 0x0021, 0x0021, 0x0022, 0x0021, 0x0022, 0x0022, 0x0022, 0x0022, 0x0021, 0x0022, 0x0021,
  0x0021, 0x0021, 0x0021, 0x0022, 0x0022, 0x0022, 0x0021, 0x0021, 0x0021, 0x0022, 0x0021, 0x0021,
  0x0021, 0x0021, 0x0021, 0x0022, 0x0021, 0x0022, 0x0021, 0x0021, 0x0021, 0x0021, 0x0021, 0x0021,
  0x0021, 0x0021, 0x0022, 0x0022, 0x0022, 0x0021, 0x0021, 0x0021, 0x0022, 0x0021, 0x0042, 0x0042,
  0x0021, 0x4208, 0x0021, 0x0021, 0x0021, 0x0021, 0x0021, 0x0021, 0x0022, 0x0022, 0x0022, 0x0042,
  0x0042, 0x0022, 0x0021, 0x0021, 0x0022, 0x0021, 0x0021, 0x0021, 0x0021, 0x0021, 0x0021, 0x0021,
  0x0021, 0x0021, 0x0022, 0x0042, 0x0042, 0x0042, 0x0042, 0x0042, 0x0042, 0x0042, 0x0022, 0x0022,
  0x0022, 0x0021, 0x0021, 0x0862, 0x0021, 0x0022, 0x0021, 0x0021, 0x0021, 0x0021, 0x0021, 0x0021,
  0x0021, 0x0022, 0x0021, 0x0021, 0x0022, 0x0022, 0x0022, 0x0022, 0x0042, 0x0042, 0x0022, 0x0022,
  0x0022, 0x0042, 0x0042, 0x0022, 0x0022, 0x0021, 0x0021, 0x0021, 0x0022, 0x0022, 0x0042, 0x0022,
  0x0022, 0x0042, 0x0022, 0x0042, 0x0042, 0x0042, 0x0042, 0x0042, 0x0042, 0x0042, 0x0042, 0x0042,
  0x0042, 0x0042, 0x0042, 0x0042, 0x0042, 0x0042, 0x0042, 0x0042, 0x0042, 0x0042, 0x0042, 0x0042,
  0x0042, 0x0042, 0x0042, 0x0042, 0x0042, 0x0042, 0x0042, 0x0042, 0x0022, 0x0022, 0x0022, 0x0022,
  0x0022, 0x0021, 0x0021, 0x0021, 0x0021, 0x0021, 0x0021, 0x0022, 0x0042, 0x0042, 0x0042, 0x0042,
  0x0022, 0x0021, 0x0022, 0x0042, 0x0022, 0x0021, 0x0021, 0x0021, 0x0021, 0x0021, 0x2923, 0x0041,
  0x0021, 0x0021, 0x0021, 0x0021, 0x0021, 0x0021, 0x0021, 0x0021, 0x0021, 0x0021, 0x0021, 0x0021,
  0x0021, 0x0021, 0x0021, 0x0021, 0x0021, 0x0021, 0x0021, 0x0021, 0x0021, 0x0021, 0x0021, 0x0021,
  0x0021, 0x0021, 0x0021, 0x0021, 0x0022, 0x0021, 0x0021, 0x0021, 0x0042, 0x0042, 0x0042, 0x0021,
  0x0021, 0x0021, 0x0021, 0x0021, 0x0021, 0x0021, 0x0021, 0x0021, 0x0021, 0x0021, 0x0021, 0x0021,
  0x0021, 0x0021, 0x0021, 0x0021, 0x0021, 0x0021, 0x0021, 0x0042, 0x0021, 0x0021, 0x0021, 0x0021,
  0x0021, 0x0021, 0x0021, 0x0021, 0x0021, 0x0021, 0x0021, 0x0021, 0x0021, 0x0021, 0x0021, 0x0021,
  0x0021, 0x0021, 0x0021, 0x0021, 0x0021, 0x0021, 0x0021, 0x0021, 0x0021, 0x0021, 0x0021, 0x0021,
  0x0021, 0x0021, 0x0021, 0x0021, 0x0021, 0x0021, 0x0021, 0x0021, 0x0021, 0x0021, 0x0021, 0x0021,
  0x0021, 0x0021, 0x0041, 0x0021, 0x0021, 0x0021, 0x0021, 0x0021, 0x0021, 0x0021, 0x0021, 0x0021,
  0x0022, 0x3163, 0x18a2, 0x0022, 0x0021, 0x0021, 0x0021, 0x0021, 0x0021, 0x0021, 0x0021, 0x0021,
  0x0021, 0x0021, 0x0021, 0x0021, 0x0022, 0x0021, 0x0021, 0x0021, 0x0021, 0x0021, 0x0021, 0x0021,
  0x0021, 0x0021, 0x0021, 0x0021, 0x0021, 0x0021, 0x0021, 0x0021, 0x0021, 0x0021, 0x0022, 0x0021,
  0x0042, 0x0021, 0x0022, 0x0022, 0x0022, 0x0022, 0x0022, 0x0021, 0x0042, 0x0022, 0x0022, 0x0022,
  0x0042, 0x0042, 0x0042, 0x0042, 0x0021, 0x0022, 0x0021, 0x0022, 0x0021, 0x0021, 0x0022, 0x0042,
  0x0022, 0x0042, 0x0021, 0x0021, 0x0021, 0x0021, 0x0021, 0x0022, 0x0022, 0x0022, 0x0022, 0x0022,
  0x0021, 0x0021, 0x0042, 0x0021, 0x0021, 0x0042, 0x0022, 0x0021, 0x0021, 0x4208, 0x0021, 0x0021,
  0x0022, 0x0021, 0x0021, 0x0022, 0x0022, 0x0042, 0x0022, 0x0042, 0x0042, 0x0042, 0x0042, 0x0042,
  0x0022, 0x0042, 0x0022, 0x0022, 0x0022, 0x0022, 0x0021, 0x0022, 0x0021, 0x0021, 0x0022, 0x0042,
  0x0022, 0x0022, 0x0042, 0x0042, 0x0042, 0x0022, 0x0042, 0x0042, 0x0022, 0x0022, 0x0022, 0x0021,
  0x0021, 0x0021, 0x0021, 0x0022, 0x0022, 0x0022, 0x0022, 0x0022, 0x0022, 0x0022, 0x0022, 0x0021,
  0x0022, 0x0022, 0x0022, 0x0022, 0x0022, 0x0022, 0x0022, 0x0042, 0x0022, 0x0042, 0x0042, 0x0022,
  0x0021, 0x0021, 0x0022, 0x0022, 0x0022, 0x0042, 0x0042, 0x0042, 0x0022, 0x0042, 0x0042, 0x0022,
  0x0022, 0x0042, 0x0042, 0x0042, 0x0042, 0x0042, 0x0042, 0x0042, 0x0042, 0x0042, 0x0042, 0x0042,
  0x0042, 0x0042, 0x0042, 0x0042, 0x0042, 0x0042, 0x0042, 0x0042, 0x0042, 0x0042, 0x0042, 0x0042,
  0x0042, 0x0042, 0x0042, 0x0042, 0x0042, 0x0042, 0x0022, 0x0022, 0x0042, 0x2125, 0x3186, 0x0021,
  0x0021, 0x0022, 0x0022, 0x0022, 0x0042, 0x0022, 0x0022, 0x0042, 0x0042, 0x0022, 0x0022, 0x0022,
  0x0022, 0x0022, 0x0022, 0x0022, 0x0021, 0x0041, 0x3983, 0x0021, 0x0021, 0x0021, 0x0021, 0x0021,
  0x0021, 0x0021, 0x0021, 0x0021, 0x0021, 0x0021, 0x0021, 0x0021, 0x0021, 0x0021, 0x0021, 0x0021,
  0x0021, 0x0042, 0x0021, 0x0021, 0x0042, 0x0021, 0x0021, 0x0021, 0x0042, 0x0021, 0x0021, 0x0042,
  0x0021, 0x0021, 0x0021, 0x0021, 0x0021, 0x0021, 0x0021, 0x0021, 0x0021, 0x0021, 0x0021, 0x0021,
  0x0021, 0x0021, 0x0021, 0x0021, 0x0021, 0x0021, 0x0021, 0x0021, 0x0021, 0x0021, 0x0021, 0x0021,
  0x0021, 0x0021, 0x0021, 0x0062, 0x0021, 0x0021, 0x0021, 0x0021, 0x0021, 0x0021, 0x0021, 0x0021,
  0x0021, 0x0021, 0x0021, 0x0021, 0x0021, 0x0021, 0x0021, 0x0021, 0x0021, 0x0021, 0x0021, 0x0021,
  0x0021, 0x0021, 0x0021, 0x0021, 0x0021, 0x0021, 0x0021, 0x0021, 0x0021, 0x0021, 0x0021, 0x0021,
  0x0021, 0x0021, 0x0022, 0x0021, 0x0021, 0x0021, 0x0021, 0x0021, 0x0021, 0x0021, 0x0042, 0x0021,
  0x0021, 0x0021, 0x0021, 0x0021, 0x0021, 0x0021, 0x0021, 0x0021, 0x0021, 0x0042, 0x3963, 0x0022,
  0x0021, 0x0021, 0x0021, 0x0042, 0x0021, 0x0021, 0x0021, 0x0021, 0x0021, 0x0021, 0x0021, 0x0021,
  0x0041, 0x0021, 0x0021, 0x0021, 0x0022, 0x0042, 0x0042, 0x0021, 0x0021, 0x0021, 0x0021, 0x0021,
  0x0022, 0x0021, 0x0021, 0x0042, 0x0022, 0x0021, 0x0022, 0x0042, 0x0022, 0x0042, 0x0042, 0x0022,
  0x0022, 0x0022, 0x0022, 0x0042, 0x0022, 0x0022, 0x0022, 0x0022, 0x0022, 0x0042, 0x0042, 0x0062,
  0x0042, 0x0042, 0x0022, 0x0021, 0x0042, 0x0021, 0x0022, 0x0042, 0x0022, 0x0022, 0x0042, 0x0042,
  0x0042, 0x0022, 0x0021, 0x0042, 0x0022, 0x0022, 0x0022, 0x0022, 0x0022, 0x0042, 0x0022, 0x0022,
  0x0022, 0x0042, 0x0022, 0x0022, 0x0022, 0x0022, 0x0022, 0x0022, 0x0022, 0x0042, 0x0022, 0x0022,
  0x0022, 0x0042, 0x0042, 0x0042, 0x0042, 0x0042, 0x0042, 0x0022, 0x0022, 0x0022, 0x0022, 0x0042,
  0x0042, 0x0022, 0x0022, 0x0021, 0x0021, 0x0022, 0x0042, 0x0022, 0x0022, 0x0022, 0x0022, 0x0042,
  0x0022, 0x0042, 0x0042, 0x0042, 0x0022, 0x0022, 0x0022, 0x0021, 0x0021, 0x0021, 0x0021, 0x0022,
  0x0022, 0x0022, 0x0022, 0x0022, 0x0022, 0x0022, 0x0022, 0x0022, 0x0022, 0x0022, 0x0022, 0x0022,
  0x0021, 0x0022, 0x0042, 0x0042, 0x0042, 0x0022, 0x0022, 0x0022, 0x0022, 0x0022, 0x0042, 0x0022,
  0x0042, 0x0042, 0x0022, 0x0042, 0x0042, 0x0022, 0x0022, 0x0022, 0x0042, 0x0042, 0x0042, 0x0042,
  0x0042, 0x0042, 0x0042, 0x0042, 0x0042, 0x0042, 0x0042, 0x0042, 0x0042, 0x0042, 0x0042, 0x0042,
  0x0042, 0x0042, 0x0042, 0x0042, 0x0042, 0x0042, 0x0042, 0x0042, 0x0042, 0x0042, 0x0042, 0x0042,
  0x0042, 0x0022, 0x0042, 0x0022, 0x0022, 0x0042, 0x0042, 0x0022, 0x0021, 0x0042, 0x0042, 0x0022,
  0x0042, 0x0042, 0x0042, 0x0042, 0x0022, 0x0042, 0x0042, 0x0022, 0x0022, 0x0022, 0x0022, 0x0022,
  0x0021, 0x3143, 0x0042, 0x0022, 0x0021, 0x0021, 0x0021, 0x0021, 0x0021, 0x0021, 0x0022, 0x0021,
  0x0021, 0x0021, 0x0021, 0x0021, 0x0021, 0x0021, 0x0022, 0x0022, 0x0042, 0x0042, 0x0021, 0x0022,
  0x0021, 0x0042, 0x0022, 0x0021, 0x0042, 0x0021, 0x0021, 0x0022, 0x0021, 0x0021, 0x0021, 0x0021,
  0x0021, 0x0021, 0x0021, 0x0021, 0x0021, 0x0062, 0x0021, 0x0021, 0x0021, 0x0021, 0x0021, 0x0021,
  0x0021, 0x0021, 0x0021, 0x18c3, 0x0041, 0x0041, 0x0021, 0x0021, 0x0021, 0x0021, 0x0021, 0x0021,
  0x0021, 0x0021, 0x0021, 0x0021, 0x0021, 0x0021, 0x0021, 0x0021, 0x0021, 0x0021, 0x0021, 0x0021,
  0x0021, 0x0021, 0x0021, 0x0021, 0x0021, 0x0021, 0x0021, 0x0021, 0x0021, 0x0021, 0x0021, 0x0021,
  0x0021, 0x0021, 0x0021, 0x0021, 0x0021, 0x0021, 0x0021, 0x0021, 0x0021, 0x0021, 0x0021, 0x0021,
  0x0021, 0x0021, 0x0021, 0x0021, 0x0021, 0x0021, 0x0021, 0x0021, 0x0021, 0x0021, 0x0021, 0x0021,
  0x0042, 0x0021, 0x0021, 0x0021, 0x0022, 0x0021, 0x4183, 0x0862, 0x0022, 0x0021, 0x0021, 0x0021,
  0x0021, 0x0021, 0x0021, 0x0021, 0x0021, 0x0021, 0x0021, 0x0021, 0x0021, 0x0021, 0x0022, 0x0021,
  0x0022, 0x0042, 0x0022, 0x0021, 0x0021, 0x0021, 0x0042, 0x0022, 0x0022, 0x0021, 0x0021, 0x0021,
  0x0022, 0x0042, 0x0022, 0x0022, 0x0042, 0x0021, 0x0021, 0x0022, 0x0022, 0x0021, 0x0022, 0x0022,
  0x0022, 0x0022, 0x0022, 0x0022, 0x0022, 0x0022, 0x0042, 0x0021, 0x0042, 0x0022, 0x0042, 0x0022,
  0x0022, 0x0021, 0x0042, 0x0042, 0x0022, 0x0022, 0x0021, 0x0021, 0x0021, 0x0022, 0x0022, 0x0042,
  0x0022, 0x0022, 0x0022, 0x0022, 0x0042, 0x0021, 0x0022, 0x0022, 0x0021, 0x0063, 0x0042, 0x0022,
  0x0022, 0x0022, 0x0022, 0x0042, 0x0022, 0x0022, 0x0042, 0x0022, 0x0022, 0x0042, 0x0042, 0x0042,
  0x0022, 0x0042, 0x0042, 0x0042, 0x0042, 0x0022, 0x0022, 0x0022, 0x0022, 0x0022, 0x0022, 0x0022,
  0x0042, 0x0021, 0x0042, 0x0022, 0x0022, 0x0022, 0x0042, 0x0022, 0x0042, 0x0042, 0x0022, 0x0042,
  0x0022, 0x0022, 0x0022, 0x0021, 0x0021, 0x0021, 0x0021, 0x0021, 0x0042, 0x0022, 0x0022, 0x0022,
  0x0021, 0x0021, 0x0062, 0x0042, 0x0022, 0x0022, 0x0022, 0x0022, 0x0021, 0x0022, 0x0022, 0x0022,
  0x0022, 0x0022, 0x0022, 0x0022, 0x0022, 0x0042, 0x0042, 0x0042, 0x0042, 0x18e4, 0x0042, 0x0042,
  0x0042, 0x0042, 0x0022, 0x0022, 0x0042, 0x0042, 0x0042, 0x0042, 0x0042, 0x0042, 0x0042, 0x0042,
  0x0042, 0x0042, 0x0042, 0x0042, 0x0042, 0x0042, 0x0042, 0x0042, 0x0042, 0x0042, 0x0042, 0x0042,
  0x0042, 0x0042, 0x0042, 0x0042, 0x0042, 0x0042, 0x0042, 0x0042, 0x0042, 0x0042, 0x0042, 0x0022,
  0x0022, 0x0022, 0x0022, 0x0021, 0x0021, 0x0022, 0x0022, 0x0022, 0x0022, 0x0022, 0x0022, 0x0022,
  0x0022, 0x0042, 0x0022, 0x0021, 0x0022, 0x0022, 0x0022, 0x0022, 0x1082, 0x3963, 0x0022, 0x0021,
  0x0021, 0x0021, 0x0021, 0x0022, 0x0021, 0x0022, 0x0021, 0x0021, 0x0021, 0x0021, 0x0021, 0x0041,
  0x0042, 0x0021, 0x0021, 0x0021, 0x0021, 0x0021, 0x0022, 0x0022, 0x0022, 0x0021, 0x0021, 0x0021,
  0x0021, 0x0021, 0x0021, 0x0022, 0x0021, 0x0021, 0x0021, 0x0021, 0x0021, 0x0021, 0x0021, 0x0021,
  0x0021, 0x0042, 0x0021, 0x0021, 0x0021, 0x0021, 0x0021, 0x0021, 0x0021, 0x0021, 0x0021, 0x39a6,
  0x0862, 0x0021, 0x0021, 0x0021, 0x0021, 0x0021, 0x0021, 0x0021, 0x0021, 0x0021, 0x0021, 0x0021,
  0x0021, 0x0021, 0x0021, 0x0021, 0x0021, 0x0021, 0x0021, 0x0021, 0x0021, 0x0021, 0x0021, 0x0021,
  0x0021, 0x0021, 0x0022, 0x0021, 0x0021, 0x0021, 0x0021, 0x0021, 0x0021, 0x0021, 0x0021, 0x0021,
  0x0021, 0x0021, 0x0021, 0x0021, 0x0021, 0x0021, 0x0021, 0x0021, 0x0021, 0x0021, 0x0022, 0x0021,
  0x0021, 0x0021, 0x0021, 0x0021, 0x0021, 0x0021, 0x0021, 0x0021, 0x0021, 0x0021, 0x0022, 0x0021,
  0x0022, 0x0022, 0x0021, 0x3963, 0x0021, 0x0022, 0x0021, 0x0021, 0x0021, 0x0021, 0x0021, 0x0021,
  0x0021, 0x0021, 0x1905, 0x0022, 0x0022, 0x0022, 0x0042, 0x0042, 0x0042, 0x0042, 0x0022, 0x0021,
  0x0021, 0x0021, 0x0022, 0x0021, 0x0022, 0x0022, 0x0042, 0x0022, 0x0022, 0x0042, 0x0042, 0x0022,
  0x0042, 0x0022, 0x0022, 0x0022, 0x0021, 0x0042, 0x0042, 0x0022, 0x0022, 0x0042, 0x0042, 0x0022,
  0x0022, 0x0022, 0x0022, 0x0022, 0x0022, 0x0022, 0x0022, 0x0022, 0x0022, 0x0022, 0x0042, 0x0042,
  0x0042, 0x0022, 0x0022, 0x0022, 0x0022, 0x0042, 0x0042, 0x0022, 0x0042, 0x0022, 0x0022, 0x0042,
  0x0042, 0x0022, 0x0022, 0x0042, 0x0022, 0x0042, 0x0042, 0x0042, 0x0042, 0x0042, 0x0022, 0x0022,
  0x0022, 0x0042, 0x0042, 0x0042, 0x0042, 0x0042, 0x0042, 0x0042, 0x0022, 0x0042, 0x0042, 0x0022,
  0x0042, 0x0022, 0x0042, 0x0042, 0x0042, 0x0022, 0x0021, 0x0021, 0x0022, 0x0022, 0x0042, 0x0042,
  0x0022, 0x0042, 0x0042, 0x0042, 0x0042, 0x0042, 0x0022, 0x0021, 0x0022, 0x0042, 0x0022, 0x0022,
  0x0022, 0x0022, 0x0022, 0x0021, 0x0022, 0x0042, 0x0042, 0x0022, 0x0021, 0x0021, 0x0021, 0x0022,
  0x0042, 0x0042, 0x0021, 0x0022, 0x0022, 0x0022, 0x0042, 0x0022, 0x0022, 0x0042, 0x0022, 0x0042,
  0x0042, 0x0042, 0x0042, 0x0042, 0x0042, 0x0042, 0x0042, 0x0042, 0x0042, 0x0042, 0x0042, 0x0042,
  0x0042, 0x0042, 0x0042, 0x0042, 0x0042, 0x0042, 0x0042, 0x0042, 0x0042, 0x0042, 0x0042, 0x0042,
  0x0042, 0x0042, 0x0042, 0x0042, 0x0042, 0x0042, 0x0042, 0x0042, 0x0042, 0x0042, 0x0042, 0x0042,
  0x0042, 0x0042, 0x0042, 0x0042, 0x0042, 0x0042, 0x0042, 0x0042, 0x0042, 0x0022, 0x0022, 0x0022,
  0x0021, 0x0022, 0x0021, 0x0022, 0x0022, 0x0022, 0x0022, 0x0042, 0x0022, 0x0042, 0x0022, 0x0042,
  0x0042, 0x0021, 0x0022, 0x0021, 0x3984, 0x0862, 0x0022, 0x0022, 0x0022, 0x0022, 0x10c4, 0x10a3,
  0x0022, 0x0022, 0x0021, 0x0021, 0x0022, 0x0022, 0x0022, 0x0021, 0x0021, 0x0021, 0x0021, 0x0021,
  0x0022, 0x0022, 0x0042, 0x0022, 0x0021, 0x0021, 0x0022, 0x0022, 0x0021, 0x0021, 0x0042, 0x0021,
  0x0021, 0x0021, 0x0021, 0x0021, 0x0021, 0x0021, 0x0021, 0x0021, 0x0021, 0x0021, 0x0021, 0x0021,
  0x0042, 0x0021, 0x0021, 0x0021, 0x0021, 0x0021, 0x0021, 0x0021, 0x0021, 0x0021, 0x0021, 0x0021,
  0x0021, 0x0021, 0x0021, 0x0021, 0x0021, 0x0021, 0x0021, 0x0021, 0x0021, 0x0021, 0x0021, 0x0021,
  0x0021, 0x0021, 0x0021, 0x0021, 0x0021, 0x0021, 0x0021, 0x0021, 0x0021, 0x0021, 0x0021, 0x0021,
  0x0021, 0x0021, 0x0021, 0x0021, 0x0021, 0x0021, 0x0021, 0x0021, 0x0021, 0x0021, 0x0021, 0x0021,
  0x0021, 0x0021, 0x0021, 0x0021, 0x0021, 0x0021, 0x0021, 0x0021, 0x0021, 0x0022, 0x0021, 0x0021,
  0x0021, 0x0021, 0x0022, 0x0022, 0x0021, 0x0021, 0x0021, 0x0022, 0x0021, 0x0022, 0x0021, 0x41a3,
  0x0862, 0x0021, 0x0021, 0x0021, 0x0041, 0x0021, 0x0021, 0x0022, 0x0022, 0x0022, 0x0022, 0x0022,
  0x0022, 0x0022, 0x0022, 0x0042, 0x0042, 0x0022, 0x0042, 0x0021, 0x0022, 0x0021, 0x0021, 0x0022,
  0x0022, 0x0022, 0x0042, 0x0022, 0x0022, 0x0042, 0x0021, 0x0042, 0x0042, 0x0042, 0x0022, 0x0022,
  0x0042, 0x0042, 0x0042, 0x0042, 0x0042, 0x0042, 0x0042, 0x0042, 0x0042, 0x0022, 0x0042, 0x0022,
  0x0021, 0x0021, 0x0042, 0x0022, 0x0022, 0x0042, 0x0022, 0x0042, 0x0022, 0x0042, 0x0022, 0x0022,
  0x0042, 0x0022, 0x0042, 0x0022, 0x0022, 0x0042, 0x0042, 0x0042, 0x0022, 0x0022, 0x0022, 0x0042,
  0x0042, 0x0042, 0x0042, 0x0042, 0x0022, 0x0022, 0x0042, 0x0042, 0x0042, 0x0042, 0x0042, 0x0042,
  0x0042, 0x0042, 0x0042, 0x0042, 0x0022, 0x0042, 0x0042, 0x0022, 0x0042, 0x0042, 0x0042, 0x0042,
  0x0042, 0x0042, 0x4208, 0x0022, 0x0042, 0x0022, 0x0021, 0x0042, 0x0042, 0x0042, 0x0042, 0x0042,
  0x0042, 0x0042, 0x0022, 0x0022, 0x0022, 0x0042, 0x0022, 0x0022, 0x0022, 0x0022, 0x0022, 0x0022,
  0x0042, 0x0022, 0x0042, 0x0042, 0x0042, 0x0021, 0x0021, 0x0022, 0x0042, 0x0042, 0x0042, 0x0022,
  0x0022, 0x0022, 0x0042, 0x0042, 0x0022, 0x0042, 0x0042, 0x0042, 0x0042, 0x0042, 0x0042, 0x0042,
  0x0042, 0x0042, 0x0042, 0x0042, 0x0042, 0x0022, 0x0042, 0x0042, 0x0042, 0x0042, 0x0042, 0x0042,
  0x0042, 0x0042, 0x0042, 0x0042, 0x0042, 0x0042, 0x0042, 0x0042, 0x0042, 0x0042, 0x0042, 0x0042,
  0x0042, 0x0042, 0x0042, 0x0042, 0x0042, 0x0042, 0x0042, 0x0042, 0x0042, 0x0042, 0x0042, 0x0042,
  0x0042, 0x0042, 0x0042, 0x0042, 0x0042, 0x0042, 0x0022, 0x0022, 0x0022, 0x0021, 0x0022, 0x0022,
  0x0022, 0x0022, 0x0022, 0x0022, 0x0022, 0x0062, 0x0022, 0x0022, 0x0022, 0x0042, 0x0042, 0x28e2,
  0x3963, 0x0022, 0x0022, 0x0022, 0x0021, 0x0022, 0x0022, 0x0022, 0x0022, 0x0021, 0x0021, 0x0022,
  0x0022, 0x0022, 0x0022, 0x0021, 0x0021, 0x0021, 0x0021, 0x0022, 0x0022, 0x0022, 0x0022, 0x0021,
  0x0022, 0x0022, 0x0022, 0x0022, 0x0022, 0x0042, 0x0021, 0x0021, 0x0021, 0x0022, 0x0021, 0x0021,
  0x0021, 0x0021, 0x0021, 0x0021, 0x0022, 0x0022, 0x0022, 0x0021, 0x0021, 0x0021, 0x0021, 0x0021,
  0x0021, 0x0021, 0x0021, 0x0021, 0x0021, 0x0021, 0x0021, 0x0021, 0x0021, 0x0021, 0x0021, 0x0021,
  0x0021, 0x0021, 0x0021, 0x0021, 0x0021, 0x0021, 0x0021, 0x0021, 0x0021, 0x0021, 0x0021, 0x0021,
  0x0021, 0x0021, 0x0021, 0x0021, 0x0021, 0x0021, 0x0021, 0x0021, 0x0021, 0x0021, 0x0021, 0x0021,
  0x0021, 0x0021, 0x0021, 0x0042, 0x0021, 0x0021, 0x0021, 0x0021, 0x0021, 0x0021, 0x0021, 0x0021,
  0x0021, 0x0021, 0x0021, 0x0021, 0x0022, 0x0021, 0x0041, 0x0021, 0x0021, 0x0021, 0x0021, 0x0021,
  0x0042, 0x0042, 0x0021, 0x0042, 0x0021, 0x0022, 0x0021, 0x3163, 0x3122, 0x0021, 0x0022, 0x0021,
  0x0021, 0x0021, 0x0021, 0x0022, 0x0042, 0x0022, 0x0022, 0x0022, 0x0022, 0x0022, 0x0021, 0x0021,
  0x0022, 0x0042, 0x0022, 0x0021, 0x0022, 0x0022, 0x0022, 0x0021, 0x0022, 0x0022, 0x0042, 0x0042,
  0x0022, 0x0022, 0x0042, 0x0022, 0x0022, 0x0042, 0x0022, 0x0042, 0x0042, 0x0042, 0x0022, 0x0042,
  0x0022, 0x0022, 0x0022, 0x0042, 0x0042, 0x0042, 0x0022, 0x0021, 0x0022, 0x0022, 0x0021, 0x0022,
  0x0042, 0x0022, 0x0042, 0x0042, 0x0022, 0x0042, 0x0022, 0x0022, 0x0063, 0x0021, 0x0042, 0x0042,
  0x0042, 0x0042, 0x0042, 0x0042, 0x0042, 0x0042, 0x0042, 0x0042, 0x0022, 0x0042, 0x0022, 0x0022,
  0x0042, 0x0042, 0x0022, 0x0042, 0x0042, 0x0042, 0x0042, 0x0042, 0x0042, 0x0042, 0x0022, 0x0022,
  0x0022, 0x0022, 0x0022, 0x0022, 0x0042, 0x0042, 0x0042, 0x0042, 0x0042, 0x0022, 0x0022, 0x0022,
  0x0022, 0x0022, 0x0042, 0x0042, 0x0042, 0x0022, 0x0022, 0x0062, 0x0042, 0x0042, 0x0022, 0x0022,
  0x0022, 0x0022, 0x0021, 0x0022, 0x0042, 0x0022, 0x0042, 0x0042, 0x0042, 0x0042, 0x0042, 0x0042,
  0x0042, 0x0022, 0x0042, 0x0042, 0x0042, 0x0022, 0x0022, 0x0022, 0x0022, 0x0062, 0x0042, 0x0042,
  0x0022, 0x0022, 0x0042, 0x0042, 0x0042, 0x0042, 0x0042, 0x0042, 0x0042, 0x0042, 0x0042, 0x0042,
  0x0042, 0x0042, 0x0042, 0x0042, 0x0042, 0x0042, 0x0042, 0x0042, 0x0042, 0x0042, 0x0042, 0x0042,
  0x0042, 0x0042, 0x0042, 0x0042, 0x0042, 0x0042, 0x0042, 0x0042, 0x0042, 0x0042, 0x0042, 0x0042,
  0x0042, 0x0042, 0x0042, 0x0042, 0x0042, 0x0042, 0x0042, 0x0042, 0x0042, 0x0042, 0x0042, 0x0042,
  0x0042, 0x0022, 0x0042, 0x0042, 0x0022, 0x0022, 0x0022, 0x0022, 0x0042, 0x0022, 0x0022, 0x0042,
  0x0022, 0x0021, 0x0022, 0x0022, 0x0022, 0x0042, 0x0041, 0x5a44, 0x0842, 0x0022, 0x0022, 0x0022,
  0x0022, 0x0022, 0x0042, 0x0022, 0x0021, 0x0021, 0x0022, 0x0022, 0x0022, 0x0022, 0x0022, 0x0021,
  0x0021, 0x0021, 0x0021, 0x0021, 0x0022, 0x0022, 0x0022, 0x0042, 0x0042, 0x0042, 0x0042, 0x0021,
  0x0022, 0x0022, 0x0021, 0x0021, 0x0021, 0x0042, 0x0042, 0x0021, 0x0021, 0x0021, 0x0021, 0x0021,
  0x0022, 0x0022, 0x0022, 0x0021, 0x0042, 0x0042, 0x0021, 0x0021, 0x0021, 0x0021, 0x0021, 0x0021,
  0x0021, 0x0021, 0x0021, 0x0021, 0x0021, 0x0021, 0x0021, 0x0021, 0x0021, 0x0021, 0x0022, 0x0021,
  0x0021, 0x0021, 0x0021, 0x0021, 0x0021, 0x0021, 0x0021, 0x0021, 0x0021, 0x0021, 0x0021, 0x0021,
  0x0022, 0x0021, 0x0022, 0x0022, 0x0021, 0x0021, 0x0021, 0x0021, 0x0041, 0x0021, 0x0021, 0x0021,
  0x0021, 0x0021, 0x0021, 0x0022, 0x0022, 0x0022, 0x0021, 0x0021, 0x0021, 0x0021, 0x0021, 0x0042,
  0x0022, 0x0022, 0x0022, 0x0021, 0x0021, 0x0022, 0x0021, 0x0021, 0x0021, 0x0022, 0x0022, 0x0022,
  0x0022, 0x0022, 0x0022, 0x0042, 0x41c3, 0x0021, 0x0022, 0x0022, 0x0022, 0x0042, 0x0021, 0x0022,
  0x0022, 0x0042, 0x0042, 0x0042, 0x0042, 0x0042, 0x0021, 0x0022, 0x0022, 0x0022, 0x0022, 0x0022,
  0x0021, 0x0022, 0x0022, 0x0022, 0x0022, 0x0042, 0x0042, 0x0042, 0x0042, 0x0022, 0x0042, 0x0042,
  0x0042, 0x0042, 0x0022, 0x0042, 0x0042, 0x0042, 0x0042, 0x0022, 0x0022, 0x0022, 0x0042, 0x0022,
  0x0042, 0x0042, 0x0042, 0x0022, 0x0022, 0x0022, 0x0042, 0x0022, 0x0042, 0x0042, 0x0042, 0x0042,
  0x0042, 0x0042, 0x0022, 0x0022, 0x0021, 0x0022, 0x0021, 0x0042, 0x0022, 0x0022, 0x0022, 0x0042,
  0x0042, 0x0042, 0x0042, 0x0042, 0x0042, 0x0042, 0x0022, 0x0042, 0x0042, 0x0042, 0x0022, 0x0022,
  0x0022, 0x0022, 0x0022, 0x0022, 0x0042, 0x0042, 0x0042, 0x0042, 0x0022, 0x0042, 0x0022, 0x0022,
  0x0022, 0x0022, 0x0022, 0x0022, 0x0022, 0x0022, 0x0022, 0x0042, 0x0022, 0x0022, 0x0042, 0x0042,
  0x0042, 0x0042, 0x0042, 0x0042, 0x0042, 0x0042, 0x0022, 0x0021, 0x0022, 0x0042, 0x0022, 0x0022,
  0x0042, 0x0042, 0x0042, 0x0042, 0x0042, 0x0042, 0x0042, 0x0042, 0x0042, 0x0042, 0x0042, 0x0042,
  0x0022, 0x0022, 0x0022, 0x0022, 0x0042, 0x0042, 0x0042, 0x0042, 0x0042, 0x0022, 0x0022, 0x0022,
  0x0042, 0x0042, 0x0042, 0x0042, 0x0042, 0x0042, 0x0042, 0x0042, 0x0042, 0x0042, 0x0042, 0x0042,
  0x0042, 0x0042, 0x0042, 0x0042, 0x0042, 0x0042, 0x0042, 0x0042, 0x0042, 0x0042, 0x0042, 0x0042,
  0x0042, 0x0042, 0x0042, 0x0042, 0x0042, 0x0042, 0x0042, 0x0042, 0x0042, 0x0042, 0x0042, 0x0042,
  0x0042, 0x0042, 0x0042, 0x0042, 0x0042, 0x0063, 0x0042, 0x0042, 0x0042, 0x0042, 0x0042, 0x0022,
  0x0022, 0x0022, 0x0022, 0x0042, 0x0022, 0x0022, 0x0022, 0x0022, 0x0022, 0x0022, 0x0022, 0x0022,
  0x0022, 0x0042, 0x18a2, 0x3983, 0x0022, 0x0022, 0x0042, 0x0022, 0x0022, 0x0022, 0x0022, 0x0022,
  0x0022, 0x0021, 0x0021, 0x0042, 0x0022, 0x0021, 0x0021, 0x0021, 0x0021, 0x0021, 0x0021, 0x0042,
  0x0022, 0x0021, 0x0022, 0x0022, 0x0042, 0x0022, 0x0021, 0x0042, 0x0022, 0x0022, 0x0022, 0x0022,
  0x0021, 0x0022, 0x0022, 0x0022, 0x0021, 0x0021, 0x0022, 0x0021, 0x0021, 0x0021, 0x0021, 0x0021,
  0x0021, 0x0021, 0x0021, 0x0021, 0x0021, 0x0021, 0x0021, 0x0021, 0x0021, 0x0021, 0x0021, 0x0022,
  0x0021, 0x0021, 0x0042, 0x0021, 0x0022, 0x0022, 0x0021, 0x0022, 0x0021, 0x0021, 0x0021, 0x0021,
  0x0021, 0x0021, 0x0021, 0x0021, 0x0021, 0x0021, 0x0021, 0x0021, 0x0022, 0x0022, 0x0022, 0x0021,
  0x0021, 0x0021, 0x0021, 0x0021, 0x0042, 0x0021, 0x0021, 0x0021, 0x0021, 0x0021, 0x0021, 0x0021,
  0x0022, 0x0021, 0x0021, 0x0021, 0x0021, 0x0021, 0x0021, 0x0021, 0x0022, 0x0022, 0x0022, 0x0021,
  0x0022, 0x0022, 0x0022, 0x0021, 0x0022, 0x0022, 0x0021, 0x0042, 0x0022, 0x0022, 0x0022, 0x0022,
  0x5225, 0x2922, 0x0022, 0x0042, 0x0022, 0x0022, 0x0022, 0x0042, 0x0042, 0x0042, 0x0042, 0x0042,
  0x0042, 0x0042, 0x0022, 0x0042, 0x0022, 0x0042, 0x0022, 0x0022, 0x0022, 0x0021, 0x0022, 0x0022,
  0x0042, 0x0022, 0x0042, 0x0042, 0x0022, 0x0022, 0x0042, 0x0022, 0x0042, 0x0042, 0x0042, 0x0042,
  0x0042, 0x0042, 0x0042, 0x0022, 0x0022, 0x0042, 0x0022, 0x0022, 0x0042, 0x0042, 0x0022, 0x0022,
  0x0022, 0x0022, 0x0042, 0x0022, 0x0042, 0x0042, 0x0042, 0x0042, 0x0042, 0x0042, 0x0042, 0x0042,
  0x0042, 0x0022, 0x0022, 0x0042, 0x0042, 0x0042, 0x0042, 0x0042, 0x0042, 0x0022, 0x0042, 0x0042,
  0x0042, 0x0042, 0x0042, 0x0042, 0x0042, 0x0022, 0x0022, 0x0042, 0x0042, 0x0022, 0x0022, 0x0022,
  0x0022, 0x0042, 0x0022, 0x0042, 0x0042, 0x0042, 0x0042, 0x0022, 0x0042, 0x0022, 0x0022, 0x0022,
  0x0022, 0x0022, 0x0022, 0x0022, 0x0022, 0x0022, 0x0022, 0x0042, 0x0042, 0x0042, 0x0042, 0x0042,
  0x0022, 0x0042, 0x0021, 0x0022, 0x0022, 0x0042, 0x0022, 0x0022, 0x0042, 0x0042, 0x0042, 0x0022,
  0x0883, 0x0042, 0x0042, 0x0042, 0x0042, 0x0042, 0x0042, 0x0042, 0x0042, 0x0022, 0x0042, 0x0022,
  0x0022, 0x0022, 0x0042, 0x0022, 0x0022, 0x0022, 0x0022, 0x0022, 0x0042, 0x0042, 0x0042, 0x0042,
  0x0042, 0x0042, 0x0042, 0x0042, 0x0042, 0x0042, 0x0042, 0x0042, 0x0042, 0x0042, 0x0042, 0x0042,
  0x0042, 0x0042, 0x0042, 0x0042, 0x0042, 0x0042, 0x0042, 0x0042, 0x0042, 0x0042, 0x0042, 0x0042,
  0x0042, 0x0042, 0x0042, 0x0042, 0x0042, 0x0042, 0x0042, 0x0042, 0x0042, 0x0042, 0x0042, 0x0042,
  0x0042, 0x0042, 0x0042, 0x0042, 0x0042, 0x0042, 0x0042, 0x0042, 0x0022, 0x0022, 0x0022, 0x0042,
  0x0062, 0x0042, 0x0022, 0x0042, 0x0042, 0x0022, 0x0042, 0x0042, 0x0042, 0x0042, 0x5a45, 0x18c2,
  0x0042, 0x0042, 0x0042, 0x0022, 0x0022, 0x0022, 0x0042, 0x0022, 0x0021, 0x0021, 0x0021, 0x0021,
  0x0021, 0x0022, 0x0042, 0x0021, 0x0021, 0x0021, 0x0021, 0x0022, 0x0021, 0x0022, 0x0021, 0x0021,
  0x0022, 0x0042, 0x0022, 0x0022, 0x0042, 0x0022, 0x0022, 0x0022, 0x0022, 0x0022, 0x0022, 0x0022,
  0x0022, 0x0022, 0x0022, 0x0021, 0x0021, 0x0021, 0x0021, 0x0021, 0x0021, 0x0021, 0x0021, 0x0021,
  0x0021, 0x0021, 0x0021, 0x0021, 0x0021, 0x0021, 0x0021, 0x0022, 0x0021, 0x0021, 0x0021, 0x0042,
  0x0022, 0x0021, 0x0021, 0x0022, 0x0021, 0x0021, 0x0021, 0x0021, 0x0021, 0x0021, 0x0021, 0x0021,
  0x0021, 0x0021, 0x0021, 0x0021, 0x0042, 0x0022, 0x0022, 0x0021, 0x0042, 0x0042, 0x0022, 0x0022,
  0x0042, 0x0042, 0x0022, 0x0021, 0x0022, 0x0021, 0x0021, 0x0021, 0x0021, 0x0021, 0x0021, 0x0021,
  0x0022, 0x0022, 0x0022, 0x0021, 0x0021, 0x0022, 0x0021, 0x0022, 0x0022, 0x0022, 0x0022, 0x0022,
  0x0062, 0x0022, 0x0022, 0x0022, 0x0042, 0x0022, 0x0022, 0x0042, 0x2923, 0x49c3, 0x0042, 0x0021,
  0x0022, 0x0022, 0x0042, 0x0042, 0x0042, 0x0042, 0x0042, 0x0022, 0x0042, 0x0042, 0x0022, 0x0042,
  0x0022, 0x0022, 0x0022, 0x0042, 0x0022, 0x0042, 0x0022, 0x0022, 0x0042, 0x0042, 0x0022, 0x0042,
  0x0042, 0x0042, 0x0042, 0x0042, 0x0042, 0x0042, 0x0042, 0x0042, 0x0042, 0x0042, 0x0042, 0x0042,
  0x0042, 0x0042, 0x0042, 0x0042, 0x0042, 0x0042, 0x0042, 0x0042, 0x0042, 0x0042, 0x0042, 0x0042,
  0x0042, 0x0042, 0x0042, 0x0042, 0x0042, 0x0042, 0x0042, 0x0042, 0x0042, 0x0042, 0x0042, 0x0042,
  0x0022, 0x0042, 0x0042, 0x0042, 0x0042, 0x0042, 0x0042, 0x0042, 0x0042, 0x0042, 0x0042, 0x0042,
  0x0042, 0x0042, 0x0042, 0x0042, 0x0022, 0x0022, 0x0022, 0x0042, 0x0021, 0x0021, 0x0022, 0x0042,
  0x0042, 0x0042, 0x0042, 0x0042, 0x0042, 0x0021, 0x0022, 0x0022, 0x0022, 0x0022, 0x0022, 0x0042,
  0x0042, 0x0022, 0x0022, 0x0022, 0x0042, 0x0063, 0x0022, 0x0022, 0x0022, 0x0022, 0x0022, 0x0042,
  0x0022, 0x0042, 0x0022, 0x0042, 0x0022, 0x0042, 0x0042, 0x0042, 0x0042, 0x0042, 0x0042, 0x0042,
  0x0042, 0x0042, 0x0042, 0x0042, 0x0022, 0x0042, 0x0042, 0x0022, 0x0083, 0x0022, 0x0022, 0x0042,
  0x0042, 0x0022, 0x0022, 0x0022, 0x0042, 0x0042, 0x0042, 0x0042, 0x0042, 0x0042, 0x0022, 0x0042,
  0x0042, 0x0042, 0x0042, 0x0042, 0x0042, 0x0042, 0x0042, 0x0042, 0x0042, 0x0042, 0x0042, 0x0042,
  0x0042, 0x0042, 0x0042, 0x0042, 0x0042, 0x0042, 0x0042, 0x0042, 0x0042, 0x0042, 0x0042, 0x0042,
  0x0042, 0x0042, 0x0042, 0x0042, 0x0042, 0x0042, 0x0042, 0x0062, 0x0042, 0x0042, 0x0042, 0x0042,
  0x0042, 0x0042, 0x0042, 0x0042, 0x0022, 0x0042, 0x0022, 0x0022, 0x0022, 0x0022, 0x0022, 0x0042,
  0x0042, 0x0042, 0x0042, 0x0042, 0x0042, 0x3962, 0x49c3, 0x0042, 0x0042, 0x0042, 0x0042, 0x0042,
  0x0042, 0x0022, 0x0022, 0x0022, 0x0022, 0x0022, 0x0021, 0x0021, 0x0042, 0x0042, 0x0042, 0x0022,
  0x0021, 0x0022, 0x0022, 0x0022, 0x0021, 0x0022, 0x0021, 0x0022, 0x0042, 0x0022, 0x0022, 0x0022,
  0x0022, 0x0022, 0x0022, 0x0042, 0x0022, 0x0021, 0x0021, 0x0021, 0x0022, 0x0022, 0x0042, 0x0021,
  0x0021, 0x0021, 0x0021, 0x0021, 0x0021, 0x0021, 0x0021, 0x0021, 0x10a3, 0x0022, 0x0021, 0x0021,
  0x0021, 0x0021, 0x0021, 0x0022, 0x0021, 0x0021, 0x0021, 0x0021, 0x0021, 0x0042, 0x0042, 0x0042,
  0x0021, 0x0021, 0x0021, 0x0021, 0x0021, 0x0021, 0x0021, 0x0021, 0x0021, 0x0021, 0x0021, 0x0021,
  0x0042, 0x0022, 0x0021, 0x0021, 0x0021, 0x0021, 0x0022, 0x0042, 0x0042, 0x0042, 0x0021, 0x0021,
  0x0021, 0x0021, 0x0021, 0x0022, 0x0021, 0x0021, 0x0021, 0x0022, 0x0021, 0x0022, 0x0022, 0x0021,
  0x0021, 0x0021, 0x0022, 0x0022, 0x0022, 0x0022, 0x0022, 0x0022, 0x0062, 0x0042, 0x0042, 0x0022,
  0x0042, 0x0042, 0x0042, 0x0042, 0x0042, 0x5a24, 0x20e2, 0x0021, 0x0042, 0x0042, 0x0022, 0x0042,
  0x0042, 0x0042, 0x0042, 0x0042, 0x0042, 0x0022, 0x0022, 0x0042, 0x0042, 0x0042, 0x0022, 0x0042,
  0x0022, 0x0022, 0x0022, 0x0042, 0x0042, 0x0022, 0x0022, 0x0042, 0x0042, 0x0042, 0x0042, 0x0042,
  0x0042, 0x0042, 0x0042, 0x0042, 0x0042, 0x0042, 0x0042, 0x0042, 0x0042, 0x0042, 0x0022, 0x0042,
  0x0042, 0x0042, 0x0042, 0x0042, 0x0042, 0x0042, 0x0042, 0x0042, 0x0042, 0x0042, 0x0042, 0x0042,
  0x0042, 0x0042, 0x0042, 0x0042, 0x0042, 0x0042, 0x0042, 0x0022, 0x0022, 0x0022, 0x0042, 0x0042,
  0x0042, 0x0042, 0x0042, 0x0042, 0x0042, 0x0042, 0x0042, 0x0042, 0x0042, 0x0022, 0x0042, 0x0022,
  0x0042, 0x0022, 0x0042, 0x0022, 0x0022, 0x0022, 0x0022, 0x0042, 0x0042, 0x0042, 0x0042, 0x0042,
  0x0022, 0x0022, 0x0022, 0x0022, 0x0042, 0x0042, 0x0042, 0x0042, 0x0022, 0x0042, 0x0022, 0x0022,
  0x0042, 0x0042, 0x0042, 0x0042, 0x0022, 0x0022, 0x0042, 0x0042, 0x0042, 0x0042, 0x0022, 0x0042,
  0x0042, 0x0042, 0x0022, 0x0042, 0x0042, 0x0042, 0x0042, 0x0042, 0x0042, 0x0042, 0x0042, 0x0042,
  0x0022, 0x0022, 0x0042, 0x0042, 0x0022, 0x0022, 0x0022, 0x0042, 0x0022, 0x0022, 0x0022, 0x0022,
  0x0022, 0x0042, 0x0042, 0x0042, 0x0042, 0x0042, 0x0042, 0x0042, 0x0042, 0x0042, 0x0042, 0x0042,
  0x0042, 0x0042, 0x0042, 0x0042, 0x0042, 0x0042, 0x0042, 0x0042, 0x0042, 0x0042, 0x0042, 0x0042,
  0x0042, 0x0042, 0x0042, 0x0042, 0x0042, 0x0042, 0x0042, 0x0042, 0x0042, 0x0042, 0x0042, 0x0042,
  0x0042, 0x0042, 0x0042, 0x0042, 0x0042, 0x0042, 0x0042, 0x0042, 0x0042, 0x0042, 0x0042, 0x0042,
  0x0042, 0x0042, 0x0042, 0x0042, 0x0022, 0x0022, 0x0022, 0x0042, 0x0042, 0x0042, 0x0042, 0x0862,
  0x10a2, 0x7ae3, 0x1061, 0x0042, 0x0042, 0x0042, 0x0042, 0x0042, 0x0042, 0x0022, 0x0022, 0x0022,
  0x0042, 0x0022, 0x0022, 0x0021, 0x0022, 0x0042, 0x0022, 0x0022, 0x0022, 0x0022, 0x0022, 0x0022,
  0x0022, 0x0022, 0x0022, 0x0042, 0x0022, 0x0022, 0x0042, 0x0022, 0x0022, 0x0022, 0x0022, 0x0022,
  0x0042, 0x0021, 0x0022, 0x0022, 0x0021, 0x0042, 0x0022, 0x0021, 0x0021, 0x0021, 0x0021, 0x0021,
  0x0021, 0x0021, 0x0021, 0x0021, 0x0021, 0x0021, 0x0021, 0x0021, 0x0021, 0x0021, 0x0021, 0x0022,
  0x0021, 0x0021, 0x0021, 0x0021, 0x0021, 0x0042, 0x0021, 0x0021, 0x0021, 0x0021, 0x0021, 0x0021,
  0x0021, 0x0021, 0x0021, 0x0021, 0x0021, 0x0021, 0x0021, 0x0021, 0x0042, 0x0022, 0x0022, 0x0022,
  0x0041, 0x0021, 0x0022, 0x0042, 0x0022, 0x0021, 0x0021, 0x0022, 0x0022, 0x0022, 0x0021, 0x0021,
  0x0042, 0x0022, 0x0022, 0x0021, 0x0021, 0x0022, 0x0022, 0x0021, 0x0021, 0x0021, 0x0042, 0x0042,
  0x0022, 0x0022, 0x0022, 0x0022, 0x0042, 0x0042, 0x0022, 0x0042, 0x0042, 0x0042, 0x0042, 0x0042,
  0x0041, 0x5203, 0x3962, 0x0021, 0x0042, 0x0042, 0x0042, 0x0042, 0x0042, 0x0042, 0x0042, 0x0042,
  0x0042, 0x0042, 0x0022, 0x0042, 0x0042, 0x0022, 0x0022, 0x0042, 0x0042, 0x0042, 0x0042, 0x0042,
  0x0022, 0x0042, 0x0022, 0x0022, 0x0042, 0x0042, 0x0042, 0x0042, 0x5269, 0x18c3, 0x0042, 0x0042,
  0x0042, 0x0042, 0x0042, 0x0042, 0x0042, 0x0042, 0x0022, 0x0042, 0x0042, 0x0042, 0x0042, 0x0042,
  0x0042, 0x0042, 0x0042, 0x0022, 0x0042, 0x0022, 0x0022, 0x0042, 0x0042, 0x0042, 0x0042, 0x0022,
  0x0042, 0x0042, 0x0022, 0x0042, 0x0022, 0x0042, 0x0042, 0x0042, 0x0042, 0x0042, 0x0042, 0x0042,
  0x0042, 0x0042, 0x0022, 0x0022, 0x0042, 0x0042, 0x0042, 0x0042, 0x0022, 0x0022, 0x0022, 0x0042,
  0x0022, 0x0022, 0x0022, 0x0042, 0x0042, 0x0042, 0x0042, 0x0042, 0x0022, 0x0042, 0x0042, 0x0042,
  0x0042, 0x0042, 0x0022, 0x0042, 0x0042, 0x0022, 0x0022, 0x0042, 0x0042, 0x0042, 0x0042, 0x0022,
  0x0042, 0x0042, 0x0022, 0x0042, 0x0042, 0x0042, 0x0042, 0x0042, 0x0042, 0x0042, 0x0042, 0x0042,
  0x0042, 0x0042, 0x0042, 0x0042, 0x0042, 0x0042, 0x0042, 0x0042, 0x0042, 0x0022, 0x0042, 0x0042,
  0x0022, 0x0042, 0x0042, 0x0042, 0x0022, 0x0022, 0x0022, 0x0022, 0x0022, 0x0042, 0x0042, 0x0042,
  0x0042, 0x0042, 0x0042, 0x0042, 0x0042, 0x0042, 0x0042, 0x0042, 0x0042, 0x0042, 0x0042, 0x0042,
  0x0042, 0x0042, 0x0042, 0x0042, 0x0042, 0x0042, 0x0042, 0x0042, 0x0042, 0x0042, 0x0042, 0x0042,
  0x0042, 0x0042, 0x0042, 0x0042, 0x0042, 0x0042, 0x0042, 0x0042, 0x0042, 0x0042, 0x0042, 0x0042,
  0x0042, 0x0042, 0x0042, 0x0042, 0x0042, 0x0042, 0x0042, 0x0042, 0x0042, 0x0042, 0x0042, 0x0883,
  0x0022, 0x0022, 0x0042, 0x0042, 0x0042, 0x0042, 0x0862, 0x1082, 0x8386, 0xa465, 0x0861, 0x0862,
  0x0042, 0x0042, 0x0042, 0x0042, 0x0042, 0x0022, 0x0042, 0x0022, 0x0042, 0x0022, 0x0022, 0x0022,
  0x0042, 0x0022, 0x0042, 0x0022, 0x0022, 0x0042, 0x0062, 0x0042, 0x0022, 0x0022, 0x0042, 0x0021,
  0x0021, 0x0021, 0x0042, 0x0022, 0x0022, 0x0022, 0x0022, 0x0022, 0x0042, 0x0022, 0x0042, 0x0022,
  0x0021, 0x0022, 0x0042, 0x0042, 0x0021, 0x0022, 0x0021, 0x0021, 0x0021, 0x0021, 0x0021, 0x0042,
  0x0022, 0x0021, 0x0021, 0x0021, 0x0021, 0x0021, 0x0021, 0x0022, 0x0021, 0x0022, 0x0021, 0x0021,
  0x0042, 0x0042, 0x0021, 0x0021, 0x0021, 0x0021, 0x0021, 0x0021, 0x0021, 0x0021, 0x0021, 0x0021,
  0x0021, 0x0021, 0x0021, 0x0021, 0x0042, 0x0042, 0x0042, 0x0022, 0x0021, 0x0021, 0x0022, 0x0022,
  0x0021, 0x0021, 0x0042, 0x0022, 0x0022, 0x0022, 0x2105, 0x0042, 0x0041, 0x0042, 0x0022, 0x0021,
  0x0022, 0x0022, 0x0022, 0x0042, 0x0042, 0x0042, 0x0042, 0x0042, 0x0042, 0x0022, 0x0042, 0x0042,
  0x0042, 0x0042, 0x0022, 0x0042, 0x0042, 0x0042, 0x0042, 0x0042, 0x0042, 0x0041, 0x5a04, 0x0021,
  0x0022, 0x0042, 0x0042, 0x0042, 0x0042, 0x0042, 0x0042, 0x0042, 0x0042, 0x0042, 0x0042, 0x0042,
  0x0042, 0x0042, 0x0042, 0x0042, 0x0042, 0x0042, 0x0042, 0x0042, 0x0042, 0x0042, 0x0022, 0x0042,
  0x0042, 0x0042, 0x0042, 0x0042, 0x0022, 0x0022, 0x0042, 0x0042, 0x0042, 0x0042, 0x0042, 0x0042,
  0x0042, 0x0042, 0x0042, 0x0042, 0x0042, 0x0042, 0x0042, 0x0042, 0x0042, 0x0042, 0x0042, 0x0042,
  0x0042, 0x0042, 0x0042, 0x0022, 0x0042, 0x0042, 0x0042, 0x0042, 0x0042, 0x0042, 0x0042, 0x0042,
  0x0042, 0x0042, 0x0042, 0x0042, 0x0042, 0x0042, 0x0042, 0x0042, 0x0042, 0x0042, 0x0042, 0x0022,
  0x0022, 0x0022, 0x0042, 0x0022, 0x0022, 0x0042, 0x0042, 0x0021, 0x0042, 0x0022, 0x0022, 0x0022,
  0x0042, 0x0042, 0x0022, 0x0042, 0x0042, 0x0042, 0x0042, 0x0042, 0x0042, 0x0042, 0x0042, 0x0042,
  0x0042, 0x0042, 0x0042, 0x0042, 0x0042, 0x0042, 0x0042, 0x0042, 0x0042, 0x0042, 0x0042, 0x0042,
  0x0042, 0x0042, 0x0042, 0x0042, 0x0042, 0x0042, 0x0042, 0x0042, 0x0042, 0x0042, 0x0042, 0x0042,
  0x0042, 0x0042, 0x0042, 0x0042, 0x0042, 0x0042, 0x0042, 0x0042, 0x0042, 0x0042, 0x0042, 0x0042,
  0x0042, 0x0042, 0x0022, 0x0042, 0x0042, 0x0042, 0x0042, 0x0042, 0x0042, 0x0042, 0x0042, 0x0042,
  0x0042, 0x0042, 0x0042, 0x0042, 0x0042, 0x0042, 0x0042, 0x0042, 0x0042, 0x0042, 0x0042, 0x0042,
  0x0042, 0x0042, 0x0042, 0x0042, 0x0042, 0x0042, 0x0042, 0x0042, 0x0042, 0x0042, 0x0042, 0x0042,
  0x0042, 0x0042, 0x0042, 0x0042, 0x0042, 0x0042, 0x0042, 0x0042, 0x0042, 0x0042, 0x0042, 0x0042,
  0x0042, 0x0042, 0x0042, 0x0042, 0x0042, 0x0042, 0x0042, 0x0042, 0x0042, 0x0042, 0x0042, 0x0042,
  0x0042, 0x0042, 0x0062, 0x20e2, 0xef32, 0x9406, 0x1082, 0x0862, 0x0042, 0x0042, 0x0042, 0x0042,
  0x0042, 0x0042, 0x0022, 0x0022, 0x0042, 0x0022, 0x0022, 0x0042, 0x0042, 0x0042, 0x0042, 0x0042,
  0x0042, 0x0042, 0x0042, 0x0042, 0x0042, 0x0042, 0x0042, 0x0042, 0x0021, 0x0042, 0x0042, 0x0042,
  0x0022, 0x0021, 0x0042, 0x0042, 0x0042, 0x0022, 0x0021, 0x0042, 0x0022, 0x0042, 0x0042, 0x0022,
  0x0042, 0x0042, 0x0021, 0x0041, 0x0021, 0x0021, 0x0021, 0x0021, 0x0021, 0x0021, 0x0021, 0x0022,
  0x0022, 0x0042, 0x0021, 0x0021, 0x0062, 0x0021, 0x0021, 0x0021, 0x0021, 0x0021, 0x0021, 0x0021,
  0x0022, 0x0021, 0x0021, 0x0021, 0x0022, 0x0021, 0x0021, 0x0021, 0x0021, 0x0021, 0x0021, 0x0021,
  0x0042, 0x0042, 0x0042, 0x0022, 0x0042, 0x0042, 0x0022, 0x0042, 0x0021, 0x0021, 0x0022, 0x0022,
  0x0042, 0x0042, 0x0042, 0x0042, 0x0042, 0x0042, 0x0042, 0x0021, 0x0022, 0x0022, 0x0022, 0x0042,
  0x0042, 0x0042, 0x0042, 0x0042, 0x0042, 0x0022, 0x0042, 0x0022, 0x0042, 0x0042, 0x0042, 0x0042,
  0x0042, 0x0042, 0x0042, 0x0042, 0x0042, 0x0042, 0x49c4, 0x2902, 0x0042, 0x0042, 0x0042, 0x0042,
  0x0042, 0x0042, 0x0042, 0x0042, 0x0042, 0x0042, 0x0042, 0x0042, 0x0042, 0x0042, 0x0042, 0x0042,
  0x0042, 0x0042, 0x0042, 0x0042, 0x0042, 0x0042, 0x0042, 0x0042, 0x0042, 0x0042, 0x0042, 0x0042,
  0x0042, 0x0022, 0x0042, 0x0042, 0x0042, 0x0042, 0x0042, 0x0042, 0x0042, 0x0042, 0x0042, 0x0042,
  0x0042, 0x0042, 0x0042, 0x0042, 0x0042, 0x0042, 0x0042, 0x0022, 0x0042, 0x0022, 0x0022, 0x0022,
  0x0022, 0x0022, 0x0022, 0x0022, 0x0042, 0x0022, 0x0022, 0x0022, 0x0022, 0x0022, 0x0022, 0x0022,
  0x0022, 0x0042, 0x0042, 0x0042, 0x0022, 0x0022, 0x0022, 0x0022, 0x0022, 0x0022, 0x0042, 0x0042,
  0x0042, 0x0022, 0x0022, 0x0022, 0x0022, 0x0022, 0x0022, 0x0022, 0x0022, 0x0022, 0x0022, 0x0022,
  0x0042, 0x0042, 0x0042, 0x0042, 0x0042, 0x0042, 0x0042, 0x0042, 0x0022, 0x0022, 0x0022, 0x0022,
  0x0022, 0x0022, 0x0022, 0x0022, 0x0022, 0x0042, 0x0022, 0x0022, 0x0042, 0x0022, 0x0022, 0x0042,
  0x0042, 0x0042, 0x0042, 0x0042, 0x0042, 0x0042, 0x0042, 0x0042, 0x0042, 0x0042, 0x0042, 0x0042,
  0x0022, 0x0042, 0x0022, 0x0042, 0x0022, 0x0042, 0x0042, 0x0022, 0x0042, 0x0022, 0x0022, 0x0022,
  0x0022, 0x0042, 0x0042, 0x0042, 0x0042, 0x0042, 0x0042, 0x0022, 0x0022, 0x0022, 0x0042, 0x0022,
  0x0042, 0x0042, 0x0042, 0x0042, 0x0022, 0x0042, 0x0042, 0x0042, 0x0042, 0x0042, 0x0042, 0x0042,
  0x0042, 0x0042, 0x0042, 0x0042, 0x0042, 0x0042, 0x0042, 0x0042, 0x0042, 0x0042, 0x0042, 0x0042,
  0x0042, 0x0042, 0x0042, 0x0042, 0x0042, 0x0042, 0x0042, 0x0042, 0x0042, 0x0042, 0x0042, 0x0042,
  0x0042, 0x0042, 0x0042, 0x0042, 0x0042, 0x0022, 0x0042, 0x0042, 0x0042, 0x0042, 0x0062, 0x18a2,
  0xa444, 0x28e2, 0x0862, 0x0062, 0x0042, 0x0042, 0x0042, 0x0042, 0x0022, 0x0022, 0x0042, 0x0042,
  0x0022, 0x0022, 0x0042, 0x0042, 0x0042, 0x0042, 0x0042, 0x0042, 0x0042, 0x0042, 0x0042, 0x0042,
  0x0042, 0x0042, 0x0042, 0x0042, 0x0021, 0x0022, 0x0042, 0x0042, 0x0042, 0x0042, 0x0042, 0x0042,
  0x0042, 0x0042, 0x0042, 0x0022, 0x0022, 0x0022, 0x0042, 0x0022, 0x0022, 0x0042, 0x0042, 0x0042,
  0x0022, 0x0021, 0x0022, 0x0021, 0x0021, 0x0021, 0x0022, 0x0021, 0x0021, 0x0022, 0x0021, 0x0042,
  0x0062, 0x0022, 0x0021, 0x0021, 0x0062, 0x0021, 0x0021, 0x0022, 0x0021, 0x0021, 0x0022, 0x0042,
  0x0022, 0x0021, 0x0021, 0x0021, 0x0021, 0x0021, 0x0021, 0x0021, 0x0042, 0x0042, 0x0042, 0x0042,
  0x0042, 0x0042, 0x0042, 0x0042, 0x0042, 0x0021, 0x0042, 0x0022, 0x0042, 0x0042, 0x0042, 0x0042,
  0x0042, 0x0042, 0x0022, 0x0022, 0x0042, 0x0042, 0x0042, 0x0042, 0x0042, 0x0042, 0x0042, 0x0042,
  0x0042, 0x0022, 0x0022, 0x0042, 0x0042, 0x0042, 0x0042, 0x0042, 0x0042, 0x0042, 0x0042, 0x0042,
  0x0042, 0x0042, 0x39a3, 0x5203, 0x0042, 0x0042, 0x0042, 0x0042, 0x0042, 0x0042, 0x0042, 0x0042,
  0x0042, 0x0042, 0x0042, 0x0042, 0x0042, 0x0042, 0x0042, 0x0042, 0x0042, 0x0042, 0x0042, 0x0042,
  0x0042, 0x0042, 0x0042, 0x0042, 0x0022, 0x0042, 0x0042, 0x0042, 0x0022, 0x0022, 0x0042, 0x0042,
  0x0042, 0x0042, 0x0042, 0x0042, 0x0042, 0x0042, 0x0042, 0x0042, 0x0042, 0x0042, 0x0042, 0x0042,
  0x0042, 0x0042, 0x21a8, 0x21a8, 0x21a8, 0x2188, 0x21a8, 0x21a9, 0x21c9, 0x21c9, 0x29e9, 0x29e9,
  0x21c9, 0x2a2a, 0x2a0a, 0x2a0a, 0x2a0a, 0x2a0a, 0x2a0a, 0x29ea, 0x29ea, 0x29e9, 0x29ea, 0x2a2b,
  0x2a2b, 0x2a2a, 0x2a2a, 0x322a, 0x322a, 0x322a, 0x2a2a, 0x2a0a, 0x2a2b, 0x324b, 0x324b, 0x324b,
  0x324b, 0x324b, 0x324b, 0x324b, 0x322a, 0x324b, 0x326b, 0x326b, 0x326c, 0x3a6c, 0x326c, 0x324b,
  0x324b, 0x3a6c, 0x3a6c, 0x3a8c, 0x3aac, 0x3aac, 0x3a8c, 0x3a8c, 0x3a8c, 0x3a6b, 0x3a6b, 0x324b,
  0x324b, 0x326b, 0x3a8c, 0x3a8c, 0x3a8c, 0x3a8c, 0x3a8c, 0x42ac, 0x42cd, 0x3aac, 0x324b, 0x3a6b,
  0x3a8c, 0x3a8c, 0x3aac, 0x42ad, 0x42cd, 0x42ac, 0x42ac, 0x3a8c, 0x3a8c, 0x3a8c, 0x3a8c, 0x3aac,
  0x3aac, 0x3aac, 0x3aac, 0x3aac, 0x42ac, 0x42ac, 0x3a8c, 0x3a6c, 0x324b, 0x324b, 0x324b, 0x324b,
  0x326b, 0x326b, 0x324b, 0x324b, 0x324b, 0x324b, 0x322b, 0x2a2a, 0x322a, 0x322b, 0x322b, 0x324b,
  0x322a, 0x2a0a, 0x324b, 0x322b, 0x322a, 0x322a, 0x322a, 0x2a0a, 0x2a0a, 0x2a0a, 0x2a0a, 0x2a0a,
  0x322a, 0x322b, 0x2a0a, 0x2a0a, 0x29ea, 0x29ea, 0x29ea, 0x2a0a, 0x2a0a, 0x2a0a, 0x322b, 0x324b,
  0x29e9, 0x21c9, 0x21c9, 0x1967, 0x1967, 0x1967, 0x1967, 0x1105, 0x0042, 0x0042, 0x0042, 0x0042,
  0x0042, 0x0042, 0x0042, 0x0042, 0x0042, 0x0042, 0x0042, 0x0062, 0x0062, 0x0862, 0x0862, 0x0042,
  0x0042, 0x0042, 0x0042, 0x0042, 0x0022, 0x0022, 0x0022, 0x0042, 0x0022, 0x0022, 0x0042, 0x0042,
  0x0042, 0x0042, 0x0042, 0x0042, 0x0042, 0x0042, 0x0042, 0x0042, 0x0042, 0x0042, 0x0042, 0x0042,
  0x0042, 0x0042, 0x0042, 0x0042, 0x0042, 0x0042, 0x0042, 0x0042, 0x0042, 0x0042, 0x0042, 0x0022,
  0x0042, 0x0042, 0x0042, 0x0022, 0x0021, 0x10a3, 0x0022, 0x0022, 0x0022, 0x0022, 0x0042, 0x0021,
  0x0021, 0x0021, 0x0021, 0x0022, 0x0022, 0x0021, 0x0021, 0x0022, 0x0022, 0x0021, 0x0021, 0x0021,
  0x0022, 0x0022, 0x0022, 0x0022, 0x0021, 0x0021, 0x0042, 0x0042, 0x0042, 0x0021, 0x0021, 0x0021,
  0x0021, 0x0021, 0x0021, 0x0021, 0x0042, 0x0042, 0x0042, 0x0042, 0x0042, 0x0042, 0x0042, 0x0042,
  0x0042, 0x0042, 0x0042, 0x0042, 0x0042, 0x0022, 0x0022, 0x0022, 0x0042, 0x0042, 0x0022, 0x0042,
  0x0042, 0x0042, 0x0042, 0x0042, 0x0042, 0x0042, 0x0042, 0x0042, 0x0042, 0x0042, 0x0022, 0x0022,
  0x0042, 0x0042, 0x0042, 0x0042, 0x0042, 0x0042, 0x0042, 0x0042, 0x0042, 0x0042, 0x0042, 0x5a43,
  0x0042, 0x0042, 0x0042, 0x0042, 0x0042, 0x0042, 0x0042, 0x0042, 0x0042, 0x0042, 0x0042, 0x0042,
  0x0042, 0x0042, 0x0042, 0x0042, 0x0042, 0x0042, 0x0042, 0x0042, 0x0042, 0x0042, 0x0042, 0x0042,
  0x0042, 0x0042, 0x0022, 0x0042, 0x0022, 0x0022, 0x0042, 0x0042, 0x0042, 0x0042, 0x0042, 0x0042,
  0x0042, 0x0042, 0x0042, 0x0042, 0x0042, 0x0042, 0x0042, 0x0042, 0x0042, 0x0042, 0x1126, 0x1987,
  0x1967, 0x1987, 0x1988, 0x21a8, 0x21c9, 0x21c9, 0x21c9, 0x21c9, 0x21c9, 0x21c9, 0x21c9, 0x21c9,
  0x21a8, 0x21a8, 0x21c9, 0x21c8, 0x21c8, 0x21c9, 0x21e9, 0x21c9, 0x21c9, 0x21e9, 0x29e9, 0x21e9,
  0x21e9, 0x21c9, 0x21c9, 0x21c9, 0x21c9, 0x2a0a, 0x21e9, 0x2a0a, 0x2a0a, 0x2a0a, 0x2a0a, 0x2a0a,
  0x2a0a, 0x29e9, 0x29e9, 0x2a09, 0x2a0a, 0x2a0a, 0x2a2a, 0x2a0a, 0x2a0a, 0x2a2a, 0x2a0a, 0x322a,
  0x3a8c, 0x3a8c, 0x326b, 0x326c, 0x326b, 0x326b, 0x326b, 0x3a6b, 0x3a8c, 0x3a6b, 0x3a6c, 0x3a8c,
  0x3a8c, 0x3a8c, 0x3a8c, 0x3a8c, 0x3a8c, 0x3a8c, 0x3a8c, 0x3a8c, 0x3acd, 0x42cd, 0x42cd, 0x3aac,
  0x3aac, 0x3aac, 0x3aac, 0x3aac, 0x3aac, 0x3a8c, 0x3a6b, 0x326b, 0x326b, 0x324b, 0x324b, 0x324b,
  0x326b, 0x326b, 0x326b, 0x324b, 0x324b, 0x324b, 0x322b, 0x324b, 0x29e9, 0x21e9, 0x29e9, 0x21e9,
  0x29ea, 0x2a0a, 0x2a0a, 0x29e9, 0x29e9, 0x2a0a, 0x2a0a, 0x2a0a, 0x29e9, 0x21e9, 0x29e9, 0x2a0a,
  0x2a0a, 0x2a0a, 0x29e9, 0x29e9, 0x29e9, 0x29e9, 0x29e9, 0x29e9, 0x29e9, 0x29e9, 0x2a0a, 0x2a0a,
  0x21c9, 0x21a8, 0x21c9, 0x21a8, 0x21c8, 0x21c9, 0x21c9, 0x21e9, 0x21c9, 0x21a8, 0x21a8, 0x1967,
  0x1967, 0x1947, 0x08c4, 0x0063, 0x0042, 0x0042, 0x0042, 0x0042, 0x0042, 0x0042, 0x0042, 0x0042,
  0x0042, 0x0042, 0x0042, 0x0042, 0x0042, 0x0042, 0x0042, 0x0042, 0x0042, 0x0042, 0x0042, 0x0042,
  0x0022, 0x0022, 0x0022, 0x0042, 0x0042, 0x0022, 0x0042, 0x0042, 0x0042, 0x0042, 0x0042, 0x0042,
  0x0042, 0x0042, 0x0042, 0x0042, 0x0042, 0x0042, 0x0042, 0x0042, 0x0042, 0x0042, 0x0042, 0x0042,
  0x0042, 0x0042, 0x0042, 0x0042, 0x0042, 0x0042, 0x0042, 0x0042, 0x0042, 0x0042, 0x0042, 0x0022,
  0x0021, 0x39e7, 0x0021, 0x0022, 0x0042, 0x0042, 0x0042, 0x0022, 0x0042, 0x0022, 0x0022, 0x0021,
  0x0042, 0x0021, 0x0021, 0x0022, 0x0022, 0x08a3, 0x0021, 0x0021, 0x0021, 0x0022, 0x0022, 0x0042,
  0x0022, 0x0042, 0x0042, 0x0022, 0x0042, 0x0021, 0x0021, 0x0021, 0x0021, 0x0021, 0x0021, 0x0021,
  0x0042, 0x0042, 0x0042, 0x0042, 0x0042, 0x0042, 0x0062, 0x0062, 0x0042, 0x0042, 0x0022, 0x0042,
  0x0022, 0x0022, 0x0022, 0x0022, 0x0042, 0x0042, 0x0042, 0x0042, 0x0042, 0x0042, 0x0042, 0x0042,
  0x0042, 0x0042, 0x0062, 0x0042, 0x0042, 0x0042, 0x0022, 0x0042, 0x0042, 0x0042, 0x0042, 0x0042,
  0x0042, 0x0042, 0x0042, 0x0042, 0x0042, 0x0042, 0x0042, 0x3122, 0x5203, 0x0042, 0x0042, 0x0042,
  0x0042, 0x0042, 0x0042, 0x0042, 0x0042, 0x0042, 0x0042, 0x0042, 0x0042, 0x0042, 0x0042, 0x0042,
  0x0042, 0x0042, 0x0042, 0x0042, 0x0042, 0x0042, 0x0042, 0x0042, 0x0042, 0x0042, 0x0042, 0x0042,
  0x0022, 0x0022, 0x0042, 0x0042, 0x0042, 0x0042, 0x0042, 0x0042, 0x0042, 0x0042, 0x0042, 0x0042,
  0x0042, 0x0042, 0x0042, 0x1126, 0x08a4, 0x08a3, 0x0083, 0x0062, 0x0062, 0x0062, 0x0062, 0x0062,
  0x0062, 0x0062, 0x0062, 0x0062, 0x0062, 0x0062, 0x0062, 0x0062, 0x0062, 0x0062, 0x0062, 0x0062,
  0x0062, 0x0062, 0x0062, 0x0062, 0x0062, 0x0062, 0x0062, 0x0062, 0x0062, 0x0062, 0x0062, 0x0062,
  0x0062, 0x0062, 0x0062, 0x0042, 0x0062, 0x0062, 0x0062, 0x0062, 0x0062, 0x0062, 0x0062, 0x0062,
  0x0063, 0x0083, 0x0062, 0x0062, 0x0062, 0x0062, 0x0083, 0x0063, 0x0062, 0x0062, 0x0062, 0x0062,
  0x0062, 0x0062, 0x0062, 0x0062, 0x0062, 0x0062, 0x0062, 0x0062, 0x0062, 0x0062, 0x0062, 0x0062,
  0x0062, 0x0062, 0x0062, 0x0062, 0x0062, 0x0062, 0x0062, 0x0062, 0x0062, 0x0062, 0x0062, 0x0062,
  0x0062, 0x0062, 0x0062, 0x0062, 0x0062, 0x0062, 0x0062, 0x0062, 0x0062, 0x0062, 0x0062, 0x0062,
  0x0062, 0x0062, 0x0063, 0x0063, 0x0062, 0x0062, 0x0062, 0x0062, 0x0083, 0x0062, 0x0062, 0x0062,
  0x0062, 0x0063, 0x0063, 0x0062, 0x0062, 0x0062, 0x0062, 0x0062, 0x0062, 0x0083, 0x0062, 0x0062,
  0x0062, 0x0062, 0x0062, 0x0062, 0x0062, 0x0062, 0x0062, 0x0062, 0x0062, 0x0062, 0x0062, 0x0062,
  0x0062, 0x0062, 0x0063, 0x0062, 0x0062, 0x0062, 0x0063, 0x0083, 0x0083, 0x0083, 0x0083, 0x08a3,
  0x1105, 0x1105, 0x0042, 0x0042, 0x0022, 0x0042, 0x0042, 0x0042, 0x0042, 0x0042, 0x0042, 0x0042,
  0x0042, 0x0042, 0x0042, 0x0042, 0x0042, 0x0042, 0x0042, 0x0042, 0x0042, 0x0022, 0x0022, 0x0042,
  0x0042, 0x0042, 0x0042, 0x0042, 0x0042, 0x0042, 0x0042, 0x0042, 0x0042, 0x0042, 0x0042, 0x0042,
  0x0042, 0x0042, 0x0042, 0x0042, 0x0042, 0x0042, 0x0042, 0x0042, 0x0042, 0x0042, 0x0042, 0x0042,
  0x0042, 0x0042, 0x0042, 0x0042, 0x0042, 0x0042, 0x0042, 0x0042, 0x0042, 0x0022, 0x0022, 0x0022,
  0x0042, 0x0022, 0x0042, 0x0042, 0x0022, 0x0022, 0x0022, 0x0022, 0x0022, 0x0022, 0x0022, 0x0022,
  0x0022, 0x0042, 0x0022, 0x0021, 0x0021, 0x0022, 0x0022, 0x0042, 0x0042, 0x0042, 0x0042, 0x0042,
  0x0022, 0x0021, 0x0021, 0x0021, 0x0021, 0x0021, 0x0021, 0x0021, 0x0042, 0x0042, 0x0042, 0x0042,
  0x0042, 0x0042, 0x0042, 0x0042, 0x0042, 0x0042, 0x0042, 0x0042, 0x0022, 0x0042, 0x0042, 0x0042,
  0x0042, 0x0042, 0x0042, 0x0042, 0x0042, 0x0042, 0x0042, 0x0042, 0x0042, 0x0042, 0x0042, 0x0042,
  0x0042, 0x0042, 0x0022, 0x0042, 0x0042, 0x0042, 0x0042, 0x0042, 0x0042, 0x0042, 0x0042, 0x0042,
  0x0042, 0x0042, 0x0042, 0x0882, 0x7b06, 0x0041, 0x0042, 0x0042, 0x0042, 0x0042, 0x0042, 0x0042,
  0x0042, 0x0042, 0x0042, 0x0042, 0x0042, 0x0042, 0x0042, 0x0042, 0x0042, 0x0022, 0x0042, 0x0042,
  0x0042, 0x0042, 0x0042, 0x0042, 0x0042, 0x0062, 0x0042, 0x0042, 0x0042, 0x0042, 0x0042, 0x0042,
  0x0042, 0x0042, 0x0042, 0x0042, 0x0042, 0x0042, 0x0042, 0x0042, 0x0042, 0x0042, 0x1926, 0x2188,
  0x08c4, 0x08a3, 0x08a3, 0x08a3, 0x08a3, 0x08a3, 0x08a3, 0x0083, 0x0083, 0x0083, 0x0083, 0x0883,
  0x0883, 0x08a3, 0x08a3, 0x0883, 0x08a3, 0x08a3, 0x08a3, 0x08a3, 0x08a3, 0x08a3, 0x08a3, 0x0883,
  0x0083, 0x0883, 0x0883, 0x0883, 0x0883, 0x0083, 0x0083, 0x0883, 0x0883, 0x0083, 0x08a3, 0x08a3,
  0x08a3, 0x08a3, 0x08a3, 0x0883, 0x0883, 0x08a3, 0x08a3, 0x08a3, 0x08a3, 0x08a3, 0x08a3, 0x08a3,
  0x08a3, 0x08a3, 0x08a3, 0x08a3, 0x08a3, 0x08a3, 0x08a3, 0x08a3, 0x0883, 0x08a3, 0x08a3, 0x08a3,
  0x08a3, 0x08a3, 0x08a3, 0x08a3, 0x08a3, 0x0883, 0x0883, 0x08a3, 0x08a3, 0x0883, 0x0883, 0x0883,
  0x0883, 0x0883, 0x0883, 0x0883, 0x0883, 0x08a3, 0x08a3, 0x08a3, 0x08a3, 0x0883, 0x0883, 0x0883,
  0x08a3, 0x08a3, 0x08a3, 0x08a3, 0x0883, 0x0883, 0x0883, 0x0883, 0x0883, 0x08a3, 0x08a3, 0x08a3,
  0x08a3, 0x08a3, 0x08a3, 0x08a3, 0x08a3, 0x08a3, 0x0083, 0x0083, 0x0083, 0x08a3, 0x08a3, 0x08a3,
  0x08a3, 0x08a3, 0x08a3, 0x08a3, 0x0883, 0x08a3, 0x0883, 0x0083, 0x0883, 0x08a3, 0x0883, 0x0883,
  0x0083, 0x0083, 0x0083, 0x0883, 0x0883, 0x0883, 0x08a3, 0x08a3, 0x08a3, 0x08a3, 0x08a3, 0x08a3,
  0x0883, 0x0883, 0x08a3, 0x08a3, 0x08a3, 0x08a3, 0x08a3, 0x08a3, 0x08c4, 0x1926, 0x10e5, 0x0042,
  0x0042, 0x0042, 0x0042, 0x0042, 0x0042, 0x0042, 0x0042, 0x0042, 0x0042, 0x0042, 0x0042, 0x0042,
  0x0042, 0x0022, 0x0022, 0x0062, 0x0083, 0x0022, 0x0022, 0x0042, 0x0022, 0x0021, 0x0022, 0x0042,
  0x0042, 0x0042, 0x0022, 0x0022, 0x0042, 0x0042, 0x0042, 0x0042, 0x0042, 0x0042, 0x0042, 0x0042,
  0x0042, 0x0042, 0x0042, 0x0042, 0x0042, 0x0042, 0x0042, 0x0042, 0x0042, 0x0042, 0x0042, 0x0042,
  0x0042, 0x0042, 0x0042, 0x0042, 0x0042, 0x0042, 0x0022, 0x0042, 0x0042, 0x0022, 0x0042, 0x0022,
  0x0022, 0x0042, 0x0042, 0x0042, 0x0022, 0x0042, 0x0042, 0x0022, 0x0022, 0x0042, 0x0022, 0x0021,
  0x0021, 0x0022, 0x0042, 0x0022, 0x0042, 0x0022, 0x0022, 0x0022, 0x0022, 0x0021, 0x0021, 0x0021,
  0x0021, 0x0021, 0x0021, 0x0021, 0x0042, 0x0042, 0x0042, 0x0042, 0x0042, 0x0042, 0x0042, 0x0042,
  0x0042, 0x0042, 0x0042, 0x0042, 0x0042, 0x0042, 0x0042, 0x0042, 0x0042, 0x0042, 0x0042, 0x0042,
  0x0042, 0x0042, 0x0042, 0x0042, 0x0042, 0x0042, 0x0042, 0x0042, 0x0042, 0x0042, 0x0062, 0x0883,
  0x0042, 0x0042, 0x0042, 0x0042, 0x0042, 0x0042, 0x0042, 0x0042, 0x0042, 0x0042, 0x0042, 0x0042,
  0x7283, 0x3942, 0x0042, 0x0042, 0x0042, 0x0042, 0x0042, 0x0042, 0x0042, 0x0062, 0x0042, 0x0042,
  0x0042, 0x0042, 0x0042, 0x0042, 0x0022, 0x0042, 0x0042, 0x0062, 0x0042, 0x0042, 0x0042, 0x0042,
  0x0042, 0x0042, 0x0042, 0x0042, 0x0042, 0x0042, 0x0042, 0x0042, 0x0042, 0x0042, 0x0042, 0x0042,
  0x0042, 0x0042, 0x0042, 0x0042, 0x0042, 0x08a4, 0x10e5, 0x08c4, 0x08c4, 0x08a4, 0x08a3, 0x08a4,
  0x08a4, 0x08a4, 0x08a3, 0x08a3, 0x08a3, 0x08a3, 0x08a3, 0x08a4, 0x08a3, 0x08a3, 0x08a3, 0x08a3,
  0x08a3, 0x08a3, 0x08a3, 0x08a3, 0x08a4, 0x08a4, 0x08a3, 0x08a3, 0x08a3, 0x08a3, 0x08a3, 0x08a3,
  0x08a3, 0x08a4, 0x08a4, 0x08a3, 0x08a3, 0x08a3, 0x08a4, 0x08a4, 0x08a4, 0x08a3, 0x08a3, 0x08a3,
  0x08a3, 0x08a4, 0x08a3, 0x08a3, 0x08a4, 0x08a4, 0x08a3, 0x08a3, 0x08a3, 0x08a3, 0x08a3, 0x08a3,
  0x08a3, 0x08a3, 0x08a3, 0x08a3, 0x08a4, 0x08a4, 0x08a4, 0x08a4, 0x08a4, 0x08a4, 0x08a4, 0x08a4,
  0x08a4, 0x08a3, 0x08a3, 0x08a3, 0x08a3, 0x08a3, 0x08a3, 0x08a3, 0x08a3, 0x08a3, 0x08a3, 0x08a3,
  0x08a3, 0x08a3, 0x08a3, 0x08a3, 0x08a3, 0x08a3, 0x08a3, 0x08a4, 0x08a4, 0x08a4, 0x08a3, 0x08a3,
  0x08a3, 0x08a3, 0x08a3, 0x08a4, 0x08a4, 0x08a3, 0x08a3, 0x08a3, 0x08a3, 0x08a3, 0x08a4, 0x08a3,
  0x08a3, 0x08a3, 0x08a3, 0x08a3, 0x08a3, 0x08a3, 0x08a3, 0x08a3, 0x08a4, 0x08a4, 0x08a3, 0x08a3,
  0x08a3, 0x08a3, 0x08a3, 0x08a3, 0x08a3, 0x08a3, 0x08a3, 0x08a3, 0x08a3, 0x08a3, 0x08a3, 0x08a3,
  0x08a3, 0x08a3, 0x08a3, 0x08a3, 0x08a4, 0x08a4, 0x08a3, 0x08a3, 0x08a3, 0x08a4, 0x08a4, 0x08a4,
  0x08a3, 0x08a3, 0x08a3, 0x08a3, 0x08a4, 0x08a4, 0x1126, 0x0062, 0x0042, 0x0042, 0x0042, 0x0042,
  0x0042, 0x0042, 0x0042, 0x0042, 0x0042, 0x0042, 0x0042, 0x0042, 0x0042, 0x0042, 0x0022, 0x0022,
  0x0022, 0x0022, 0x0022, 0x0042, 0x0042, 0x0021, 0x0021, 0x0022, 0x0042, 0x0042, 0x0022, 0x0042,
  0x0042, 0x0042, 0x0042, 0x0042, 0x0042, 0x0042, 0x0042, 0x0042, 0x0042, 0x0042, 0x0042, 0x0042,
  0x0042, 0x0042, 0x0042, 0x0042, 0x0042, 0x0042, 0x0042, 0x0042, 0x0042, 0x0042, 0x0042, 0x0022,
  0x0022, 0x0042, 0x0042, 0x0042, 0x0042, 0x0042, 0x0021, 0x0022, 0x0042, 0x0042, 0x0022, 0x0042,
  0x0042, 0x0022, 0x0022, 0x0042, 0x0022, 0x0022, 0x0022, 0x0022, 0x0042, 0x0022, 0x0042, 0x0021,
  0x0021, 0x0022, 0x0021, 0x0021, 0x0022, 0x0021, 0x0022, 0x0021, 0x0022, 0x0021, 0x0021, 0x0021,
  0x0042, 0x0042, 0x0042, 0x0042, 0x0042, 0x0042, 0x0042, 0x0042, 0x0042, 0x0042, 0x0042, 0x0042,
  0x0042, 0x0042, 0x0042, 0x0042, 0x0042, 0x0042, 0x0042, 0x0042, 0x0042, 0x0042, 0x0042, 0x0042,
  0x0042, 0x0042, 0x0042, 0x0042, 0x0042, 0x0042, 0x0042, 0x0042, 0x0042, 0x0042, 0x0042, 0x0042,
  0x0042, 0x0042, 0x0042, 0x0042, 0x0042, 0x0042, 0x0042, 0x0062, 0x2902, 0x72c3, 0x0062, 0x0062,
  0x0042, 0x0042, 0x0042, 0x0062, 0x0042, 0x0042, 0x0042, 0x0042, 0x0042, 0x0042, 0x0042, 0x0042,
  0x0042, 0x0042, 0x0042, 0x0022, 0x0042, 0x0042, 0x0042, 0x0042, 0x0042, 0x0042, 0x0042, 0x0042,
  0x0042, 0x0042, 0x0042, 0x0042, 0x0042, 0x0042, 0x0042, 0x0042, 0x0042, 0x0042, 0x0042, 0x0042,
  0x0042, 0x0042, 0x0042, 0x08a3, 0x08a4, 0x08a4, 0x08a4, 0x08a4, 0x08a4, 0x08a3, 0x08a3, 0x08a3,
  0x10e4, 0x10e5, 0x10e5, 0x10c4, 0x08a4, 0x08a3, 0x08a3, 0x08a4, 0x08a4, 0x08a4, 0x08a4, 0x08a4,
  0x08a4, 0x08a4, 0x10c4, 0x08a3, 0x08a3, 0x10e4, 0x1105, 0x10e4, 0x08a4, 0x08a4, 0x08a3, 0x0883,
  0x10c3, 0x10c4, 0x10e4, 0x1105, 0x1905, 0x08a4, 0x08a4, 0x08a4, 0x08c4, 0x08c4, 0x08a3, 0x08a3,
  0x08a3, 0x08c4, 0x10c4, 0x10e4, 0x10e5, 0x10e4, 0x10e4, 0x10e4, 0x10c4, 0x10c4, 0x10c4, 0x10c4,
  0x10e4, 0x10e4, 0x10e5, 0x10e4, 0x08a3, 0x08a3, 0x08a3, 0x08a3, 0x08c4, 0x08c4, 0x10e4, 0x10e4,
  0x10c4, 0x10c4, 0x10e4, 0x10e4, 0x08c4, 0x10c4, 0x10c4, 0x10c4, 0x10c4, 0x10e4, 0x10e4, 0x10e4,
  0x10e4, 0x10e4, 0x08c4, 0x08c4, 0x08a4, 0x08a3, 0x08a3, 0x08a3, 0x10a3, 0x10c4, 0x10e4, 0x08c4,
  0x08c4, 0x08a3, 0x08a3, 0x0883, 0x0883, 0x08a3, 0x08c4, 0x08c4, 0x10e4, 0x08a4, 0x08a3, 0x08a3,
  0x08a3, 0x08a3, 0x08a3, 0x08a3, 0x08a3, 0x08a3, 0x08a3, 0x08a3, 0x08a3, 0x08a3, 0x08a4, 0x08a4,
  0x08a4, 0x08a3, 0x08a3, 0x10c4, 0x08c4, 0x10c4, 0x10c4, 0x10c4, 0x10c4, 0x10c4, 0x10e4, 0x10e4,
  0x10e4, 0x10e4, 0x10e4, 0x10e4, 0x10e4, 0x1105, 0x10e4, 0x08a4, 0x08a3, 0x08a3, 0x08a3, 0x08a4,
  0x08a4, 0x08a4, 0x0042, 0x0042, 0x0042, 0x0042, 0x0042, 0x0042, 0x0042, 0x0042, 0x0042, 0x0042,
  0x0042, 0x0042, 0x0042, 0x0042, 0x0042, 0x0042, 0x0022, 0x0022, 0x0022, 0x0022, 0x0042, 0x0022,
  0x0022, 0x0022, 0x0022, 0x0022, 0x0022, 0x0022, 0x0022, 0x0042, 0x0042, 0x0042, 0x0042, 0x0042,
  0x0042, 0x0042, 0x0042, 0x0042, 0x0042, 0x0042, 0x0042, 0x0042, 0x0042, 0x0042, 0x0042, 0x0042,
  0x0042, 0x0042, 0x0042, 0x0042, 0x0042, 0x0042, 0x0042, 0x0042, 0x0042, 0x0042, 0x0022, 0x0042,
  0x0042, 0x0042, 0x0022, 0x0042, 0x0042, 0x0042, 0x0042, 0x0042, 0x0022, 0x0022, 0x0042, 0x0022,
  0x0022, 0x0022, 0x0022, 0x0022, 0x0022, 0x0022, 0x0042, 0x0042, 0x0022, 0x0022, 0x0022, 0x0022,
  0x0042, 0x0021, 0x0021, 0x0021, 0x0021, 0x0021, 0x0021, 0x0021, 0x0042, 0x0042, 0x0042, 0x0042,
  0x0042, 0x0042, 0x0042, 0x0042, 0x0042, 0x0042, 0x0022, 0x0022, 0x0042, 0x0042, 0x0042, 0x0042,
  0x0042, 0x0042, 0x0042, 0x0042, 0x0042, 0x0042, 0x0042, 0x0042, 0x0042, 0x0042, 0x0042, 0x0042,
  0x0042, 0x0042, 0x0042, 0x0042, 0x0042, 0x0042, 0x0042, 0x0042, 0x0042, 0x0042, 0x0042, 0x0042,
  0x0042, 0x0042, 0x0062, 0x0082, 0x0062, 0x5a22, 0x10a2, 0x10a2, 0x0862, 0x0062, 0x0042, 0x0042,
  0x0042, 0x0042, 0x0042, 0x0042, 0x0042, 0x0042, 0x0042, 0x0042, 0x0042, 0x0042, 0x0042, 0x0042,
  0x0042, 0x0042, 0x0042, 0x0042, 0x0042, 0x0042, 0x0042, 0x0042, 0x0042, 0x0042, 0x0042, 0x0042,
  0x0042, 0x0042, 0x0042, 0x0042, 0x0042, 0x0042, 0x0042, 0x0042, 0x0042, 0x0042, 0x0022, 0x0062,
  0x08a3, 0x08a4, 0x08a4, 0x08a4, 0x08a3, 0x0083, 0x8c92, 0xadb7, 0xadd7, 0xadd7, 0xadb7, 0x8cb2,
  0x0883, 0x08a4, 0x08a4, 0x08a4, 0x08a4, 0x08a4, 0x08a4, 0x08a4, 0x08a3, 0x08a3, 0x8cb3, 0xadb7,
  0xa597, 0xa597, 0xa597, 0x94d3, 0x0883, 0x08a3, 0x08a3, 0x0883, 0xa555, 0xad97, 0xadb7, 0xadb7,
  0xb5f8, 0x1905, 0x08a4, 0x08c4, 0x08c4, 0x08c4, 0x08c4, 0x7c31, 0xa597, 0xa597, 0xadb7, 0xadd7,
  0xb5d7, 0xb5d7, 0xb5d7, 0xadb7, 0xb5d7, 0xb5d8, 0xb5f8, 0xb5f8, 0xb5f8, 0xb5d8, 0xadd7, 0xadb7,
  0x0062, 0x08a3, 0x08a3, 0x08a3, 0x08c4, 0x08c4, 0xad96, 0xb5f8, 0xb5d7, 0xb5d8, 0xb5d8, 0xb5f8,
  0xb5d8, 0xb5d8, 0xb5d7, 0xb5d7, 0xb5d7, 0xb5d8, 0xb5f8, 0xb5f8, 0xb5f8, 0xbe18, 0x8c72, 0x08a4,
  0x08a3, 0x08a3, 0x1905, 0xad97, 0xb5d8, 0xb5f8, 0xadb7, 0x8cb3, 0x0883, 0x08a3, 0x08a3, 0x0062,
  0x9d15, 0x9d15, 0x9d35, 0xa555, 0xb5d7, 0x0083, 0x08a4, 0x08a3, 0x08a4, 0x08a3, 0x08a3, 0x08a3,
  0x08a3, 0x08a3, 0x08a3, 0x08a3, 0x08a3, 0x08a3, 0x08a4, 0x08a4, 0x31e8, 0x9535, 0xad96, 0xad97,
  0xad97, 0xa596, 0xa596, 0xad96, 0xad96, 0xadb7, 0xadb7, 0xadb7, 0xb5d7, 0xb5d7, 0xb5d7, 0xb5d7,
  0xb5d7, 0xadb7, 0x6b8e, 0x08a3, 0x08a3, 0x08a3, 0x08a4, 0x08a4, 0x08a4, 0x0062, 0x0042, 0x0042,
  0x0042, 0x0042, 0x0042, 0x0042, 0x0042, 0x0042, 0x0042, 0x0042, 0x0042, 0x0042, 0x0042, 0x0042,
  0x0042, 0x0042, 0x0022, 0x0042, 0x0022, 0x0042, 0x0021, 0x0022, 0x0022, 0x0022, 0x0022, 0x0042,
  0x0022, 0x0022, 0x0022, 0x0042, 0x0042, 0x0042, 0x0042, 0x0042, 0x0042, 0x0042, 0x0042, 0x0042,
  0x0042, 0x0042, 0x0042, 0x0042, 0x0042, 0x0042, 0x0042, 0x0042, 0x0042, 0x0042, 0x0042, 0x0042,
  0x0042, 0x0042, 0x0042, 0x0042, 0x0022, 0x0042, 0x0042, 0x0042, 0x0042, 0x0042, 0x0042, 0x0042,
  0x0042, 0x0042, 0x0042, 0x0042, 0x0022, 0x0021, 0x0042, 0x0021, 0x0042, 0x0042, 0x0022, 0x0021,
  0x0021, 0x0021, 0x0021, 0x0021, 0x0022, 0x0022, 0x0021, 0x0021, 0x0021, 0x0042, 0x0062, 0x0021,
  0x0021, 0x0022, 0x0022, 0x0021, 0x0042, 0x0042, 0x0042, 0x0042, 0x0042, 0x0042, 0x0042, 0x0042,
  0x0042, 0x0042, 0x0022, 0x0042, 0x0042, 0x0042, 0x0042, 0x0042, 0x0042, 0x0042, 0x0042, 0x0042,
  0x0042, 0x0042, 0x0042, 0x0042, 0x0042, 0x0042, 0x0042, 0x0042, 0x0042, 0x0042, 0x0042, 0x0042,
  0x0042, 0x0042, 0x0042, 0x0042, 0x0042, 0x0042, 0x0042, 0x0042, 0x0042, 0x0042, 0x0062, 0x0882,
  0x0882, 0x7b63, 0x9383, 0x18c2, 0x10a2, 0x0862, 0x0062, 0x0042, 0x0042, 0x0042, 0x0042, 0x0042,
  0x0042, 0x1105, 0x10e5, 0x10e5, 0x10e5, 0x10e5, 0x10e5, 0x1105, 0x1105, 0x1105, 0x10e5, 0x10e5,
  0x10e4, 0x1925, 0x1105, 0x1925, 0x1105, 0x10e5, 0x10e5, 0x10e5, 0x1105, 0x1105, 0x1105, 0x1105,
  0x10e5, 0x1105, 0x1105, 0x1105, 0x1905, 0x1905, 0x1905, 0x0883, 0x08a3, 0x08c4, 0x08a4, 0x08a3,
  0x08a3, 0x0062, 0x6bd0, 0x8493, 0x8493, 0x8493, 0x7c73, 0x8493, 0x5b2d, 0x08a4, 0x08c4, 0x08a4,
  0x08a4, 0x08a3, 0x08a3, 0x08a3, 0x0883, 0x5b2d, 0x7c52, 0x84b3, 0x84b3, 0x8493, 0x84b3, 0x7c51,
  0x0883, 0x08a4, 0x08c4, 0x08a3, 0x8493, 0x84b3, 0x8493, 0x7c73, 0x9d56, 0x10e4, 0x08a3, 0x08a4,
  0x08c4, 0x08c4, 0x8c71, 0x8cd3, 0x84b3, 0x8493, 0x8493, 0x8493, 0x8493, 0x8493, 0x8493, 0x84b3,
  0x84b4, 0x84b4, 0x8cd4, 0x8cf4, 0x8cd4, 0x84b4, 0x8493, 0x9514, 0x0062, 0x08c4, 0x08a4, 0x08a3,
  0x08a3, 0x9cf4, 0x9d35, 0x8cf4, 0x8cd4, 0x8cb4, 0x8493, 0x8493, 0x8493, 0x84b3, 0x84b4, 0x8cb4,
  0x84b4, 0x84b3, 0x84b3, 0x84b4, 0x84b4, 0x8cf4, 0x7c10, 0x08a3, 0x08c4, 0x08c4, 0x1905, 0x8cb4,
  0x84b3, 0x8493, 0x8493, 0x7410, 0x0062, 0x08a3, 0x08c4, 0x0083, 0x8493, 0x8493, 0x8493, 0x8493,
  0x9d56, 0x0062, 0x08a4, 0x08a3, 0x08a3, 0x08a3, 0x08a3, 0x08a3, 0x08a3, 0x08a3, 0x08a3, 0x08a3,
  0x08a3, 0x08a3, 0x08a4, 0x08a3, 0x3a08, 0x9515, 0x8493, 0x8493, 0x8493, 0x7c73, 0x7c73, 0x8493,
  0x8493, 0x8493, 0x8493, 0x8473, 0x8473, 0x8493, 0x8493, 0x8493, 0x8493, 0x8493, 0x5b0c, 0x0883,
  0x08a3, 0x08a4, 0x08a4, 0x08a4, 0x08a3, 0x0883, 0x08a3, 0x1105, 0x1105, 0x10e5, 0x1105, 0x10e5,
  0x10e4, 0x10e5, 0x10e5, 0x1105, 0x10e5, 0x10e4, 0x10e4, 0x10e4, 0x10e4, 0x10e4, 0x10c4, 0x10e5,
  0x10e4, 0x10e4, 0x10c4, 0x10e4, 0x10e4, 0x10e4, 0x10e5, 0x10e4, 0x10e4, 0x10e4, 0x10e4, 0x10e4,
  0x0883, 0x0042, 0x0042, 0x0042, 0x0042, 0x0042, 0x0042, 0x0042, 0x0042, 0x0042, 0x0042, 0x0042,
  0x0042, 0x0042, 0x0042, 0x0042, 0x0042, 0x0042, 0x0022, 0x0042, 0x0042, 0x0042, 0x0042, 0x0042,
  0x0042, 0x0042, 0x0042, 0x0042, 0x0042, 0x0042, 0x0042, 0x0042, 0x0042, 0x0042, 0x0042, 0x0042,
  0x0022, 0x0022, 0x0022, 0x0022, 0x0022, 0x0042, 0x0021, 0x0021, 0x0021, 0x0021, 0x0021, 0x0042,
  0x0021, 0x0021, 0x0042, 0x0021, 0x0021, 0x0022, 0x0042, 0x0021, 0x0022, 0x0021, 0x0022, 0x0021,
  0x0042, 0x0042, 0x0042, 0x0042, 0x0042, 0x0042, 0x0062, 0x0042, 0x0042, 0x0042, 0x0042, 0x0042,
  0x0042, 0x0042, 0x0042, 0x0042, 0x0042, 0x0042, 0x0042, 0x0042, 0x0042, 0x0042, 0x0042, 0x0042,
  0x0042, 0x0042, 0x0042, 0x0042, 0x0042, 0x0042, 0x0042, 0x0042, 0x0042, 0x0042, 0x0042, 0x0042,
  0x0042, 0x0042, 0x0042, 0x0042, 0x0042, 0x0042, 0x0062, 0x0882, 0x18c2, 0x6222, 0xee89, 0x82e2,
  0x18c2, 0x0882, 0x0062, 0x0042, 0x0042, 0x0042, 0x0042, 0x0042, 0x0042, 0x21a8, 0x29c9, 0x29c9,
  0x21c9, 0x29c9, 0x29e9, 0x29e9, 0x29e9, 0x29e9, 0x29c9, 0x21c9, 0x29c9, 0x29ea, 0x29e9, 0x322a,
  0x29e9, 0x29c9, 0x21c9, 0x29c9, 0x29c9, 0x29c9, 0x29e9, 0x21c9, 0x21a8, 0x21c9, 0x21a8, 0x21a9,
  0x29c9, 0x29c9, 0x29e9, 0x21a8, 0x21a8, 0x10e5, 0x08a4, 0x08a3, 0x08a4, 0x0083, 0x7410, 0x8cb4,
  0x84b4, 0x84b3, 0x84b3, 0x84b4, 0x8493, 0x5aec, 0x08c4, 0x08a4, 0x08a4, 0x08a4, 0x08a3, 0x0883,
  0x52ec, 0x7c32, 0x8493, 0x84b3, 0x8cd4, 0x8cd4, 0x8cd4, 0x8451, 0x0082, 0x08c4, 0x08c4, 0x0883,
  0x8493, 0x8cb4, 0x8cd4, 0x8cf4, 0xadb7, 0x1904, 0x08a4, 0x08a3, 0x0883, 0x73cf, 0x9514, 0x8cf4,
  0x8cd4, 0x8cd4, 0x84b4, 0x84b4, 0x8cd4, 0x8cd4, 0x8cd4, 0x8cf4, 0x94f5, 0x9515, 0x94f5, 0x8cf4,
  0x8cf4, 0x8cd4, 0x8cf4, 0xad96, 0x0063, 0x08c4, 0x08c4, 0x0883, 0x8471, 0x9d55, 0x9515, 0x9515,
  0x94f5, 0x94f5, 0x94f5, 0x94f5, 0x8cf4, 0x8cf4, 0x8cf4, 0x8cf5, 0x94f5, 0x94f5, 0x9515, 0x9515,
  0x8cf4, 0x9535, 0x8451, 0x08a3, 0x08c4, 0x08e4, 0x1905, 0x94f4, 0x8cd4, 0x8cd4, 0x8cd4, 0x7c51,
  0x0883, 0x08c4, 0x08c4, 0x0083, 0x8cb3, 0x8cd4, 0x84b4, 0x84b4, 0xa576, 0x0042, 0x08a4, 0x08a3,
  0x08a3, 0x08a3, 0x08a3, 0x08a4, 0x08a4, 0x08a4, 0x08a3, 0x08a3, 0x08a3, 0x08a3, 0x08a4, 0x08a4,
  0x4229, 0x9d56, 0x84b4, 0x84b3, 0x8cd4, 0x8cf4, 0x8cd4, 0x8cd4, 0x8cd4, 0x8cd4, 0x8cd4, 0x84b4,
  0x8cd4, 0x8cd4, 0x8cd4, 0x8cd4, 0x84b4, 0x9d35, 0x6b8e, 0x08a3, 0x08a4, 0x08a4, 0x08a4, 0x08a4,
  0x1946, 0x21a8, 0x21a8, 0x21a9, 0x21a8, 0x21a8, 0x21c9, 0x21a9, 0x21a8, 0x21a8, 0x21c9, 0x21c9,
  0x21c9, 0x21a8, 0x21a8, 0x21a8, 0x21a8, 0x21a8, 0x21c8, 0x21a8, 0x21c9, 0x21a8, 0x21a8, 0x21a9,
  0x21a8, 0x21a8, 0x21a9, 0x21c9, 0x21c9, 0x21c9, 0x21c9, 0x21a8, 0x10e5, 0x0042, 0x0042, 0x0042,
  0x0042, 0x0042, 0x0042, 0x0042, 0x0042, 0x0042, 0x0042, 0x0042, 0x0042, 0x0042, 0x0042, 0x0042,
  0x0042, 0x0883, 0x4208, 0x0042, 0x0042, 0x0042, 0x0042, 0x0042, 0x0042, 0x0042, 0x0042, 0x0042,
  0x0042, 0x0042, 0x0042, 0x0042, 0x0042, 0x0042, 0x0042, 0x0042, 0x0882, 0x0022, 0x0022, 0x0022,
  0x0022, 0x0022, 0x0022, 0x0022, 0x0022, 0x0022, 0x0022, 0x0021, 0x0022, 0x0022, 0x0022, 0x0022,
  0x0022, 0x0022, 0x0021, 0x0021, 0x0021, 0x0021, 0x0021, 0x0021, 0x0042, 0x0042, 0x0042, 0x0042,
  0x0042, 0x0042, 0x0062, 0x0042, 0x0042, 0x0042, 0x0042, 0x0042, 0x0042, 0x0042, 0x0042, 0x0042,
  0x0042, 0x0042, 0x0042, 0x0042, 0x0042, 0x0042, 0x0042, 0x0042, 0x0042, 0x0042, 0x0042, 0x0042,
  0x0042, 0x0042, 0x0042, 0x0042, 0x0042, 0x0042, 0x0042, 0x18c3, 0x0042, 0x0042, 0x0042, 0x0042,
  0x0042, 0x0042, 0x0062, 0x0882, 0x10a2, 0x7261, 0xf6f0, 0xe62a, 0x3121, 0x0882, 0x0062, 0x0042,
  0x0042, 0x0042, 0x0062, 0x0042, 0x0042, 0x0063, 0x1946, 0x2187, 0x2187, 0x21a8, 0x21a8, 0x21a8,
  0x2187, 0x2187, 0x2187, 0x21a8, 0x21a8, 0x21a8, 0x2187, 0x2187, 0x2187, 0x2188, 0x2188, 0x2187,
  0x1987, 0x1967, 0x1967, 0x1967, 0x1967, 0x1947, 0x1946, 0x1946, 0x1946, 0x1946, 0x1947, 0x1946,
  0x08e4, 0x08a3, 0x08a3, 0x08a4, 0x08a4, 0x0083, 0x7c31, 0x8cd4, 0x8cd4, 0x8cf4, 0x8cf4, 0x94f5,
  0x9d35, 0x73f0, 0x08a3, 0x08a3, 0x08a3, 0x08a4, 0x08c4, 0x08a3, 0x73f0, 0x8cd4, 0x8cd4, 0x8cd4,
  0x8cd4, 0x8cf4, 0x9d35, 0x8c92, 0x0883, 0x08a4, 0x08a4, 0x0062, 0x9514, 0x9515, 0x9535, 0x9d35,
  0xb5f8, 0x1925, 0x08a4, 0x0883, 0x0062, 0x8452, 0x8cd4, 0x8cd4, 0x8cf4, 0x9515, 0xa576, 0x9d76,
  0xa576, 0xa597, 0xa597, 0xa597, 0xa597, 0xa597, 0xa576, 0x9d56, 0x9d56, 0x9d76, 0xadb7, 0xc659,
  0x0062, 0x08a4, 0x08c4, 0x0083, 0xb5b7, 0x9d56, 0x9535, 0x9515, 0x9515, 0x9d56, 0xa597, 0xad97,
  0xa597, 0xa597, 0xa576, 0x9d76, 0xa597, 0xa597, 0xa597, 0xa576, 0xa576, 0xadd8, 0x9cd3, 0x0883,
  0x08c4, 0x08c4, 0x1905, 0x9d35, 0x8cd4, 0x94f5, 0x9d56, 0x94d3, 0x08a4, 0x08c4, 0x08c4, 0x0062,
  0x9d35, 0x8cd4, 0x8cf4, 0x94f5, 0xb5d7, 0x0042, 0x08a4, 0x08a3, 0x08a3, 0x08a4, 0x08a4, 0x08a4,
  0x08a4, 0x08a4, 0x08a4, 0x08a4, 0x08a4, 0x08a4, 0x08a4, 0x08a4, 0x4229, 0xa597, 0x9515, 0x9515,
  0x9515, 0x9535, 0x9535, 0x9515, 0x9515, 0x9535, 0x9535, 0x9d56, 0x9d76, 0xa576, 0x9d76, 0x9d56,
  0x9d56, 0xb5f8, 0x7bf0, 0x08a3, 0x08a4, 0x08a4, 0x08a3, 0x08a3, 0x08a3, 0x1105, 0x1946, 0x1947,
  0x1946, 0x1946, 0x1946, 0x1947, 0x1967, 0x1967, 0x1967, 0x1967, 0x1967, 0x1967, 0x1967, 0x1967,
  0x1967, 0x1967, 0x1987, 0x1987, 0x2188, 0x1987, 0x1967, 0x1967, 0x1967, 0x1967, 0x2187, 0x2187,
  0x2188, 0x2188, 0x1967, 0x08c4, 0x0042, 0x0042, 0x0042, 0x0022, 0x0042, 0x0042, 0x0042, 0x0042,
  0x0042, 0x0042, 0x0042, 0x0042, 0x0042, 0x0042, 0x0042, 0x0042, 0x0042, 0x0042, 0x0042, 0x0042,
  0x0042, 0x0042, 0x0042, 0x0042, 0x0022, 0x0042, 0x0042, 0x0042, 0x0042, 0x0042, 0x0042, 0x0042,
  0x0042, 0x0042, 0x0021, 0x0042, 0x0082, 0x0042, 0x0021, 0x0021, 0x0022, 0x0021, 0x0022, 0x0022,
  0x0022, 0x0022, 0x0022, 0x5269, 0x0862, 0x0022, 0x0022, 0x0022, 0x0021, 0x0042, 0x0021, 0x0021,
  0x0021, 0x0021, 0x0021, 0x0021, 0x0042, 0x0042, 0x0042, 0x0042, 0x0042, 0x0042, 0x0042, 0x0882,
  0x0042, 0x0042, 0x0042, 0x0042, 0x0042, 0x0042, 0x0042, 0x0042, 0x0042, 0x0042, 0x0042, 0x0042,
  0x0042, 0x0042, 0x0042, 0x0042, 0x0042, 0x0042, 0x0042, 0x0042, 0x0042, 0x0042, 0x0042, 0x0042,
  0x0042, 0x0042, 0x0042, 0x3186, 0x0042, 0x0042, 0x0042, 0x0042, 0x0042, 0x0062, 0x0062, 0x0882,
  0x10a2, 0x51e1, 0xe66d, 0xf733, 0x4141, 0x0882, 0x0062, 0x0042, 0x0062, 0x0042, 0x0042, 0x0042,
  0x0042, 0x0042, 0x0063, 0x1925, 0x1125, 0x1926, 0x1126, 0x1125, 0x1105, 0x1125, 0x1926, 0x1926,
  0x1126, 0x1126, 0x1126, 0x1125, 0x1925, 0x1926, 0x1105, 0x1105, 0x1105, 0x1105, 0x10e5, 0x1105,
  0x1105, 0x1105, 0x1105, 0x10e5, 0x10e5, 0x10e4, 0x10e4, 0x00a3, 0x0083, 0x08a3, 0x08a3, 0x08a3,
  0x08a4, 0x0083, 0x8493, 0x9d56, 0x9d35, 0x9d56, 0xa576, 0x9d56, 0x9d56, 0x8cd4, 0x6b8e, 0x0883,
  0x08a4, 0x08c4, 0x08c4, 0x73af, 0x9514, 0x9d35, 0x9535, 0x9515, 0x9535, 0x9d35, 0xa597, 0x9d14,
  0x08a3, 0x08a3, 0x08a3, 0x0041, 0xadb7, 0xa597, 0xa597, 0xa576, 0xbe39, 0x1925, 0x08a3, 0x08a3,
  0x0062, 0x8cb3, 0x9515, 0x9515, 0x9d56, 0xbdf8, 0x8451, 0x8451, 0x8451, 0x8451, 0x8451, 0x8471,
  0x8471, 0x8451, 0x8451, 0x8451, 0x8431, 0x8451, 0x8c71, 0x8451, 0x0083, 0x08c4, 0x08c4, 0x0062,
  0xbdf8, 0xa597, 0xa576, 0xa576, 0xbe18, 0x7c30, 0x8451, 0x8451, 0x8451, 0x8471, 0x8451, 0x8451,
  0x8451, 0x7c31, 0x8431, 0x7c31, 0x7c31, 0x8471, 0x6b4d, 0x08a3, 0x08a4, 0x08a4, 0x1904, 0xad97,
  0x9d35, 0xa556, 0xadd7, 0x9d14, 0x08a4, 0x08c4, 0x08a4, 0x0041, 0xa555, 0x9d35, 0xa576, 0xa576,
  0xc659, 0x0042, 0x08a4, 0x08a3, 0x08a3, 0x08a4, 0x08a3, 0x08a4, 0x08a4, 0x08a4, 0x08a4, 0x08a4,
  0x08a4, 0x08a4, 0x08a4, 0x08a4, 0x4a6a, 0xadd8, 0xa576, 0xa596, 0xa597, 0x9d34, 0x73cf, 0x73cf,
  0x73f0, 0x73f0, 0x7c10, 0x8451, 0x8451, 0x8451, 0x8431, 0x8451, 0x8451, 0x8451, 0x52cb, 0x0883,
  0x08a3, 0x08a3, 0x08a3, 0x08a4, 0x08a3, 0x08a3, 0x08e4, 0x10e4, 0x10e4, 0x08e4, 0x08e4, 0x10e5,
  0x10e5, 0x10e5, 0x10e5, 0x10e5, 0x10e4, 0x10e5, 0x1105, 0x1105, 0x10e5, 0x10e5, 0x1105, 0x1105,
  0x1125, 0x1105, 0x1105, 0x10e5, 0x1105, 0x1105, 0x1105, 0x1105, 0x1105, 0x1905, 0x10c4, 0x0042,
  0x0042, 0x0042, 0x0042, 0x0042, 0x0042, 0x0042, 0x0042, 0x0042, 0x0042, 0x0042, 0x0042, 0x0042,
  0x0042, 0x0042, 0x0042, 0x0042, 0x0042, 0x0042, 0x0042, 0x0042, 0x0042, 0x0042, 0x0042, 0x0042,
  0x0042, 0x0042, 0x0042, 0x0042, 0x0042, 0x0042, 0x0042, 0x0042, 0x0042, 0x0021, 0x0021, 0x0042,
  0x0042, 0x0042, 0x0022, 0x0022, 0x0022, 0x0021, 0x0021, 0x0021, 0x0022, 0x0022, 0x0022, 0x39c6,
  0x0062, 0x0021, 0x0022, 0x0042, 0x0021, 0x0021, 0x0021, 0x0021, 0x0021, 0x0022, 0x0021, 0x0021,
  0x0022, 0x0042, 0x0042, 0x0042, 0x0042, 0x0042, 0x0042, 0x0062, 0x0062, 0x0042, 0x0042, 0x0042,
  0x0042, 0x0042, 0x0042, 0x0042, 0x0042, 0x0042, 0x0042, 0x0042, 0x0042, 0x0042, 0x0042, 0x0042,
  0x0042, 0x0042, 0x0042, 0x0042, 0x0042, 0x0042, 0x0042, 0x0042, 0x0042, 0x0042, 0x0042, 0x0042,
  0x0042, 0x0042, 0x0042, 0x0042, 0x0042, 0x0042, 0x0062, 0x0062, 0x0882, 0x18c2, 0x5a02, 0x9b83,
  0x18c2, 0x0882, 0x0062, 0x0042, 0x0042, 0x0062, 0x0042, 0x0042, 0x0042, 0x0042, 0x0042, 0x0042,
  0x0042, 0x0042, 0x0042, 0x0022, 0x0022, 0x0042, 0x0063, 0x0042, 0x0042, 0x0042, 0x0042, 0x0042,
  0x0022, 0x0022, 0x0042, 0x0042, 0x0042, 0x0042, 0x0021, 0x0021, 0x0021, 0x0083, 0x08a3, 0x08a3,
  0x0083, 0x0083, 0x0083, 0x08a3, 0x08a3, 0x08a3, 0x08a4, 0x08a4, 0x08a4, 0x0083, 0x94f4, 0xadb7,
  0xadb7, 0xadb7, 0xadb7, 0xadb7, 0xa597, 0xa597, 0x9d35, 0x29a7, 0x08c4, 0x08c4, 0x31c7, 0xad96,
  0xadb7, 0xadb7, 0xa597, 0xadb7, 0xadb7, 0xadb7, 0xadd7, 0xa534, 0x08a3, 0x08a4, 0x08a3, 0x0042,
  0xbe18, 0xadd7, 0xadd7, 0xadb7, 0xce9a, 0x1925, 0x08a4, 0x08a4, 0x0883, 0xa535, 0xadb7, 0xa596,
  0xa597, 0xce9a, 0x18c3, 0x0041, 0x0041, 0x0042, 0x0042, 0x0041, 0x0041, 0x0041, 0x0041, 0x0041,
  0x0062, 0x0062, 0x0062, 0x0041, 0x0883, 0x08c4, 0x08c4, 0x0062, 0xc659, 0xadd7, 0xb5d8, 0xb5f8,
  0xd6bb, 0x0000, 0x0042, 0x0041, 0x0041, 0x0041, 0x0041, 0x0041, 0x0041, 0x0041, 0x0041, 0x0041,
  0x0042, 0x0062, 0x0083, 0x08a4, 0x08a3, 0x08a3, 0x2104, 0xbe39, 0xadd7, 0xadd7, 0xb5f8, 0xa555,
  0x0883, 0x08a4, 0x08a3, 0x0042, 0xb5d7, 0xadb7, 0xadd7, 0xadd7, 0xce7a, 0x0041, 0x08a4, 0x08a3,
  0x08a3, 0x08a3, 0x08a3, 0x08a4, 0x08a4, 0x08a4, 0x08a4, 0x08a4, 0x08a4, 0x08a4, 0x08a4, 0x08a4,
  0x52aa, 0xbe59, 0xadd7, 0xadd7, 0xb5d8, 0x9cf3, 0x0021, 0x0041, 0x0041, 0x0041, 0x0042, 0x0062,
  0x0042, 0x0041, 0x0021, 0x0041, 0x0042, 0x0041, 0x0062, 0x08a3, 0x08a3, 0x08a3, 0x08a4, 0x08a4,
  0x08a4, 0x08a4, 0x08a3, 0x0083, 0x0083, 0x0083, 0x0083, 0x0062, 0x0083, 0x0083, 0x0062, 0x0062,
  0x0062, 0x0062, 0x0083, 0x08c4, 0x1905, 0x1946, 0x1946, 0x1946, 0x1946, 0x1946, 0x2146, 0x2166,
  0x2166, 0x2166, 0x0042, 0x0042, 0x0042, 0x0042, 0x0042, 0x0042, 0x0042, 0x0042, 0x0042, 0x0042,
  0x0042, 0x0042, 0x0042, 0x0042, 0x0042, 0x0042, 0x0042, 0x0042, 0x0042, 0x0042, 0x0042, 0x0042,
  0x0042, 0x0042, 0x0042, 0x0042, 0x0042, 0x0042, 0x0042, 0x0042, 0x0042, 0x0042, 0x0042, 0x0042,
  0x0042, 0x0042, 0x0042, 0x0042, 0x0042, 0x0042, 0x0042, 0x0042, 0x0042, 0x0022, 0x0022, 0x0042,
  0x0022, 0x0022, 0x0042, 0x0042, 0x0021, 0x0022, 0x0022, 0x0022, 0x0022, 0x0022, 0x0022, 0x0022,
  0x0021, 0x0022, 0x0021, 0x0022, 0x0022, 0x0022, 0x0022, 0x0022, 0x0042, 0x0042, 0x0042, 0x0042,
  0x0042, 0x0042, 0x0042, 0x0042, 0x10a2, 0x0042, 0x0042, 0x0042, 0x0042, 0x0042, 0x0042, 0x0042,
  0x0042, 0x0042, 0x0042, 0x0042, 0x0042, 0x0042, 0x0042, 0x0042, 0x0042, 0x0042, 0x0042, 0x0042,
  0x0042, 0x0042, 0x0042, 0x0042, 0x0042, 0x0042, 0x0042, 0x0042, 0x0042, 0x0042, 0x0042, 0x0042,
  0x0042, 0x0042, 0x0062, 0x0062, 0x0062, 0x0882, 0x10a2, 0x10a2, 0x0882, 0x0062, 0x0062, 0x0062,
  0x0042, 0x0042, 0x0042, 0x0042, 0x0042, 0x0042, 0x0042, 0x0042, 0x0042, 0x0042, 0x0042, 0x1925,
  0x3a6b, 0x428c, 0x42ac, 0x42ac, 0x42ac, 0x42ac, 0x4acc, 0x42ac, 0x428b, 0x3a6b, 0x322a, 0x322a,
  0x29e9, 0x320a, 0x320a, 0x21a8, 0x21a8, 0x21a8, 0x1967, 0x1987, 0x1967, 0x1946, 0x10e5, 0x08a3,
  0x08a3, 0x08a4, 0x08a4, 0x08a4, 0x08a4, 0x0082, 0x9d14, 0xb5f8, 0xb5f8, 0xb5f8, 0xb5f8, 0xb5d8,
  0xb5d8, 0xadd8, 0xce9a, 0x4a69, 0x08c4, 0x08c3, 0x4a6a, 0xc67a, 0xb5f8, 0xb5f8, 0xb5f8, 0xb5f8,
  0xb5f8, 0xb5f8, 0xb5f8, 0xa534, 0x0883, 0x08a4, 0x08a4, 0x0062, 0xc639, 0xadd7, 0xb5d8, 0xb5f8,
  0xd6db, 0x2146, 0x08a4, 0x08a4, 0x08a3, 0xad96, 0xb618, 0xadd7, 0xadb7, 0xc67a, 0x18c3, 0x10a3,
  0x10c3, 0x10c3, 0x10c3, 0x10a3, 0x10a3, 0x10a3, 0x10c3, 0x10c3, 0x10c4, 0x10a3, 0x0062, 0x0083,
  0x08a4, 0x08a4, 0x08c4, 0x0862, 0xc659, 0xb618, 0xb5f8, 0xb618, 0xd6db, 0x0861, 0x10c3, 0x10c3,
  0x10c3, 0x10c3, 0x10c3, 0x10c3, 0x10c3, 0x10c3, 0x10c3, 0x10c3, 0x08a3, 0x0062, 0x0883, 0x08a4,
  0x08a4, 0x08a3, 0x2145, 0xce7a, 0xb618, 0xb5f8, 0xbe38, 0xa575, 0x0883, 0x08a4, 0x08a4, 0x0862,
  0xbe18, 0xb5f8, 0xb5f8, 0xb5f8, 0xce9a, 0x0042, 0x08a3, 0x08a3, 0x08a4, 0x08a4, 0x08a4, 0x08a4,
  0x08a4, 0x08a4, 0x08a4, 0x08a4, 0x08a4, 0x08a4, 0x08a4, 0x08a3, 0x5acb, 0xceba, 0xb5f8, 0xadd8,
  0xadf8, 0x94f3, 0x1082, 0x10a2, 0x10a3, 0x10a3, 0x10c3, 0x10a3, 0x10a2, 0x10a2, 0x10a2, 0x08a3,
  0x0083, 0x0082, 0x08a3, 0x08a4, 0x08a4, 0x08a4, 0x08a4, 0x08a4, 0x08a4, 0x08a4, 0x08a4, 0x1105,
  0x1946, 0x1967, 0x1967, 0x2167, 0x1967, 0x1967, 0x29c9, 0x2a0a, 0x2a09, 0x29e9, 0x29e9, 0x2a0a,
  0x322a, 0x3a4b, 0x324b, 0x324b, 0x326b, 0x326b, 0x3a6b, 0x3a8c, 0x3a8b, 0x42cc, 0x0022, 0x0042,
  0x0042, 0x0042, 0x0042, 0x0042, 0x0042, 0x0042, 0x0042, 0x0042, 0x0042, 0x0042, 0x0042, 0x0042,
  0x0042, 0x0042, 0x0042, 0x0042, 0x0042, 0x0042, 0x0042, 0x0042, 0x0042, 0x0042, 0x0042, 0x0042,
  0x0042, 0x0042, 0x0042, 0x0042, 0x0042, 0x0042, 0x0042, 0x0042, 0x0042, 0x0042, 0x0042, 0x0042,
  0x0042, 0x0042, 0x0042, 0x0022, 0x0042, 0x0022, 0x0042, 0x0022, 0x0022, 0x0042, 0x0022, 0x0022,
  0x0022, 0x0021, 0x0022, 0x0021, 0x0021, 0x0022, 0x0021, 0x0022, 0x0022, 0x0021, 0x0042, 0x0022,
  0x0022, 0x0022, 0x0042, 0x0022, 0x0042, 0x0042, 0x0042, 0x0042, 0x0042, 0x0042, 0x0042, 0x0042,
  0x10a3, 0x0862, 0x0042, 0x0022, 0x0022, 0x0042, 0x0042, 0x0042, 0x0042, 0x0042, 0x0042, 0x0042,
  0x0042, 0x0042, 0x0042, 0x0042, 0x0042, 0x0042, 0x0042, 0x0042, 0x0042, 0x0042, 0x0042, 0x0042,
  0x0042, 0x0042, 0x0042, 0x0042, 0x0042, 0x0042, 0x0042, 0x0042, 0x0042, 0x0042, 0x0042, 0x0042,
  0x0062, 0x0062, 0x0062, 0x0062, 0x0062, 0x0062, 0x0062, 0x0042, 0x0042, 0x0062, 0x0042, 0x0042,
  0x0042, 0x0042, 0x0042, 0x0042, 0x0042, 0x0042, 0x0042, 0x10c4, 0x322a, 0x4aed, 0x4aed, 0x4aed,
  0x4aed, 0x4aed, 0x4aed, 0x4acd, 0x42ac, 0x3a4b, 0x2a09, 0x29e9, 0x29e9, 0x29c8, 0x21a8, 0x21a8,
  0x21a8, 0x1946, 0x1126, 0x1126, 0x1105, 0x10e4, 0x08a4, 0x08a3, 0x08a4, 0x08a4, 0x08a4, 0x08a4,
  0x08a4, 0x0082, 0xa555, 0xbe39, 0xbe59, 0xbe59, 0xc659, 0xbe38, 0xbe39, 0xbe39, 0xbe39, 0xc659,
  0x2986, 0x632c, 0xbe18, 0xb618, 0xbe18, 0xbe39, 0xc659, 0xc659, 0xbe18, 0xbe18, 0xbe39, 0xad75,
  0x0883, 0x08a4, 0x08a4, 0x0062, 0xd6ba, 0xbe18, 0xbe18, 0xbe39, 0xd6db, 0x2145, 0x08a3, 0x08a3,
  0x0862, 0xad96, 0xbe18, 0xb5f8, 0xb618, 0xb618, 0xc639, 0xc659, 0xc659, 0xc659, 0xc659, 0xc659,
  0xc659, 0xc659, 0xc679, 0xce79, 0xc659, 0xad96, 0x0042, 0x08a3, 0x08a4, 0x08c4, 0x08c4, 0x0062,
  0xc679, 0xbe39, 0xbe18, 0xb618, 0xbe59, 0xc659, 0xc659, 0xc659, 0xc659, 0xc659, 0xc659, 0xc659,
  0xc659, 0xc659, 0xc639, 0xc659, 0x9492, 0x0082, 0x08a3, 0x08a4, 0x08c4, 0x08c4, 0x2945, 0xd6bb,
  0xbe39, 0xbe39, 0xc659, 0xad96, 0x0883, 0x08a4, 0x08c4, 0x0862, 0xce79, 0xbe18, 0xbe38, 0xbe39,
  0xd6ba, 0x0042, 0x08a4, 0x08a3, 0x08a4, 0x08a4, 0x08a3, 0x08a4, 0x08a4, 0x08a3, 0x08a4, 0x08a4,
  0x08a4, 0x08a4, 0x08a4, 0x08a4, 0x5acb, 0xdefb, 0xbe38, 0xb618, 0xb618, 0xbe18, 0xc659, 0xc659,
  0xc659, 0xc659, 0xc659, 0xc659, 0xc659, 0xc659, 0xc659, 0xbdf7, 0x0083, 0x08a4, 0x08a4, 0x08a4,
  0x08a4, 0x08a4, 0x08a4, 0x08a4, 0x08a3, 0x08a4, 0x08a4, 0x08c4, 0x10e4, 0x1105, 0x1926, 0x1126,
  0x1926, 0x1946, 0x1967, 0x2187, 0x21a8, 0x29c8, 0x21c8, 0x29c9, 0x29e9, 0x2a09, 0x2a0a, 0x322a,
  0x324b, 0x326b, 0x3a6b, 0x3a6b, 0x3a4a, 0x1925, 0x0042, 0x0042, 0x0042, 0x0042, 0x0042, 0x0042,
  0x0042, 0x0042, 0x0062, 0x0042, 0x0042, 0x0042, 0x0042, 0x0042, 0x0042, 0x0042, 0x0042, 0x0042,
  0x0042, 0x0042, 0x0042, 0x0042, 0x0042, 0x0042, 0x0042, 0x0042, 0x0042, 0x0042, 0x0042, 0x0042,
  0x0042, 0x0042, 0x0042, 0x0042, 0x0042, 0x0042, 0x0042, 0x0042, 0x0042, 0x0042, 0x0022, 0x0022,
  0x0022, 0x0022, 0x0022, 0x0022, 0x0042, 0x0022, 0x0042, 0x0022, 0x0022, 0x0021, 0x0022, 0x0022,
  0x0022, 0x0022, 0x0042, 0x0022, 0x0022, 0x0042, 0x0042, 0x0042, 0x0022, 0x0022, 0x0021, 0x0021,
  0x0022, 0x0042, 0x0022, 0x0022, 0x0042, 0x0042, 0x0042, 0x0042, 0x0042, 0x10a2, 0x0022, 0x0022,
  0x0042, 0x0042, 0x0042, 0x0042, 0x0042, 0x0042, 0x0042, 0x0042, 0x0042, 0x0042, 0x0042, 0x0042,
  0x0042, 0x0042, 0x0042, 0x0042, 0x0042, 0x0042, 0x0042, 0x0042, 0x0042, 0x0042, 0x0042, 0x0042,
  0x18c4, 0x18c4, 0x0042, 0x0042, 0x0042, 0x0042, 0x0042, 0x0042, 0x0062, 0x0062, 0x0062, 0x0062,
  0x0062, 0x0062, 0x0042, 0x0042, 0x0042, 0x0042, 0x0042, 0x0042, 0x0062, 0x0042, 0x0042, 0x0042,
  0x0042, 0x0042, 0x0042, 0x0042, 0x0063, 0x428b, 0x4acc, 0x4acc, 0x4acc, 0x4aed, 0x42ac, 0x3a6b,
  0x3a4a, 0x3a4a, 0x3209, 0x29c8, 0x29a8, 0x21a7, 0x21a8, 0x2188, 0x2187, 0x1967, 0x1926, 0x10e5,
  0x10e5, 0x1105, 0x10e5, 0x08a4, 0x08a4, 0x08a4, 0x08a4, 0x08a4, 0x08a4, 0x0062, 0xad96, 0xc659,
  0xc679, 0xc679, 0xce9a, 0x8472, 0xc659, 0xbe59, 0xbe39, 0xc659, 0x31a7, 0x6b4d, 0xc67a, 0xbe38,
  0xbe39, 0xbe39, 0x8c92, 0xc659, 0xc659, 0xc659, 0xc679, 0xad95, 0x0883, 0x08a4, 0x08a4, 0x0062,
  0xd6ba, 0xbe39, 0xbe39, 0xbe39, 0xd6db, 0x2166, 0x08a4, 0x08a4, 0x0862, 0xad76, 0xbe39, 0xbe39,
  0xbe39, 0xbe39, 0xbe39, 0xbe39, 0xbe39, 0xbe39, 0xbe39, 0xbe39, 0xbe39, 0xc659, 0xc659, 0xbe39,
  0xbe39, 0xb618, 0x9d14, 0x10e4, 0x08c4, 0x08c4, 0x08c4, 0x0062, 0xc639, 0xbe18, 0xbe39, 0xbe39,
  0xbe39, 0xbe39, 0xbe39, 0xbe39, 0xbe39, 0xbe39, 0xbe39, 0xbe39, 0xbe39, 0xbe18, 0xbe18, 0xbe18,
  0xbe18, 0x8c71, 0x10c4, 0x08c4, 0x08c4, 0x08c4, 0x2145, 0xd6bb, 0xc659, 0xc659, 0xc679, 0xb596,
  0x0883, 0x08a4, 0x08c4, 0x0862, 0xce79, 0xbe39, 0xc659, 0xc659, 0xd6ba, 0x0042, 0x08a4, 0x08a3,
  0x08a3, 0x08a4, 0x08a3, 0x08a3, 0x08a4, 0x08a3, 0x08a4, 0x08a4, 0x08a3, 0x08a4, 0x08a4, 0x08a4,
  0x52ab, 0xdefb, 0xbe39, 0xbe39, 0xbe39, 0xbe39, 0xbe39, 0xc659, 0xbe59, 0xbe39, 0xbe38, 0xbe18,
  0xbe18, 0xbe38, 0xbe39, 0xce59, 0x0062, 0x08a4, 0x08a4, 0x08c4, 0x08a4, 0x08a4, 0x08a4, 0x08a4,
  0x08a4, 0x08a3, 0x08a4, 0x10e5, 0x10e5, 0x10e4, 0x10e5, 0x1105, 0x1126, 0x1125, 0x1126, 0x1946,
  0x2187, 0x21a8, 0x29c8, 0x29c9, 0x29c8, 0x29c8, 0x29c9, 0x29e9, 0x3209, 0x322a, 0x322a, 0x322a,
  0x2166, 0x0042, 0x0042, 0x0042, 0x0042, 0x0042, 0x0042, 0x0042, 0x0022, 0x0042, 0x0042, 0x0042,
  0x0042, 0x0042, 0x0042, 0x0042, 0x0042, 0x0042, 0x0042, 0x0042, 0x0042, 0x0042, 0x0042, 0x0042,
  0x0042, 0x0042, 0x0042, 0x0042, 0x0042, 0x0042, 0x0042, 0x0042, 0x0042, 0x0042, 0x0042, 0x0042,
  0x0042, 0x0042, 0x0042, 0x0042, 0x0042, 0x0042, 0x0042, 0x0042, 0x0022, 0x0022, 0x0022, 0x0022,
  0x0042, 0x0042, 0x0042, 0x0042, 0x0022, 0x0022, 0x0022, 0x0021, 0x0021, 0x0022, 0x0022, 0x0042,
  0x0022, 0x0022, 0x0022, 0x0042, 0x0022, 0x0022, 0x0021, 0x0022, 0x0042, 0x0042, 0x0042, 0x0042,
  0x0042, 0x0042, 0x0042, 0x0042, 0x0042, 0x0882, 0x1082, 0x0042, 0x0042, 0x0042, 0x0042, 0x0042,
  0x0042, 0x0042, 0x0042, 0x0042, 0x0042, 0x0042, 0x0042, 0x0042, 0x0042, 0x0042, 0x0042, 0x0042,
  0x0042, 0x0042, 0x0042, 0x0042, 0x0042, 0x0042, 0x0042, 0x0042, 0x10a3, 0x10a3, 0x0042, 0x0042,
  0x0042, 0x0042, 0x08c3, 0x0042, 0x0042, 0x0042, 0x0042, 0x0042, 0x0042, 0x0042, 0x0083, 0x0042,
  0x0042, 0x0042, 0x0042, 0x0062, 0x0042, 0x0042, 0x0042, 0x0042, 0x0042, 0x0042, 0x0042, 0x0042,
  0x0042, 0x0042, 0x0042, 0x0042, 0x0063, 0x0063, 0x0063, 0x0062, 0x0062, 0x0062, 0x0083, 0x0083,
  0x0083, 0x0083, 0x0063, 0x0062, 0x0062, 0x0062, 0x0062, 0x0062, 0x0062, 0x0083, 0x0883, 0x08a4,
  0x08a4, 0x08a4, 0x08a4, 0x08a4, 0x08a4, 0x0082, 0xb5b6, 0xc679, 0xc659, 0xc659, 0xce9a, 0x4a8a,
  0xb5d7, 0xbe59, 0xc659, 0xbe39, 0xbe38, 0xc659, 0xc659, 0xbe59, 0xbe39, 0xad96, 0x52ab, 0xc659,
  0xc679, 0xc679, 0xce7a, 0xb5b6, 0x0883, 0x08a4, 0x08a4, 0x0062, 0xd6ba, 0xbe39, 0xbe39, 0xbe39,
  0xd6bb, 0x2145, 0x08a4, 0x08a4, 0x0883, 0x8451, 0xad96, 0xc659, 0xc659, 0xbe59, 0xbe39, 0xbe39,
  0xbe39, 0xbe39, 0xbe39, 0xbe39, 0xc659, 0xc659, 0xbe39, 0xbe39, 0xbe18, 0xbe18, 0xbe18, 0xc618,
  0x0083, 0x08c4, 0x08c4, 0x0062, 0x94b3, 0xadb6, 0xc659, 0xbe59, 0xbe39, 0xbe39, 0xbe39, 0xbe39,
  0xbe39, 0xbe59, 0xbe39, 0xbe39, 0xbe39, 0xbe39, 0xbe39, 0xbe38, 0xbe18, 0xc659, 0x94b2, 0x08a4,
  0x08c4, 0x08c4, 0x2945, 0xd6bb, 0xbe39, 0xc659, 0xce7a, 0xb5b6, 0x0883, 0x08a4, 0x08c4, 0x0862,
  0xce79, 0xbe39, 0xbe39, 0xc659, 0xd6ba, 0x0042, 0x08a4, 0x08a3, 0x08a4, 0x08a4, 0x08a4, 0x08a3,
  0x08a4, 0x08a3, 0x08a3, 0x08a4, 0x08a3, 0x08a4, 0x08a4, 0x08a3, 0x52aa, 0xdefb, 0xbe38, 0xbe39,
  0xc659, 0xc659, 0xc659, 0xc659, 0xbe59, 0xbe39, 0xbe39, 0xbe39, 0xbe39, 0xbe39, 0xc659, 0xce79,
  0x0062, 0x08c4, 0x08a4, 0x08a4, 0x08a4, 0x08a4, 0x08a4, 0x08a4, 0x08a4, 0x08a4, 0x08a3, 0x0062,
  0x0062, 0x0062, 0x0062, 0x0062, 0x0062, 0x0062, 0x0042, 0x0042, 0x0042, 0x0042, 0x0042, 0x0042,
  0x0042, 0x0042, 0x0042, 0x0042, 0x0042, 0x0042, 0x0042, 0x0042, 0x0042, 0x0042, 0x0042, 0x0042,
  0x0042, 0x0042, 0x0042, 0x0022, 0x0042, 0x0042, 0x0042, 0x0042, 0x0042, 0x0042, 0x0042, 0x0042,
  0x0042, 0x0042, 0x0042, 0x0042, 0x0042, 0x0042, 0x0042, 0x0042, 0x0042, 0x0042, 0x0042, 0x0042,
  0x0042, 0x0042, 0x0042, 0x0042, 0x0042, 0x0042, 0x0042, 0x0042, 0x0042, 0x0042, 0x0042, 0x0042,
  0x0042, 0x0042, 0x0022, 0x0042, 0x0042, 0x0042, 0x0042, 0x0022, 0x0022, 0x0042, 0x0042, 0x0042,
  0x0022, 0x0022, 0x0022, 0x0022, 0x0021, 0x0022, 0x0022, 0x0042, 0x0022, 0x0022, 0x0022, 0x0022,
  0x0042, 0x0022, 0x0042, 0x0022, 0x0042, 0x0042, 0x0042, 0x0022, 0x0042, 0x0042, 0x0042, 0x0042,
  0x0042, 0x0042, 0x18c2, 0x0042, 0x0042, 0x0042, 0x0042, 0x0042, 0x0042, 0x0042, 0x0042, 0x0042,
  0x0042, 0x0862, 0x0042, 0x0042, 0x0042, 0x0042, 0x0042, 0x0042, 0x0042, 0x0042, 0x0042, 0x0042,
  0x0042, 0x0042, 0x0042, 0x0042, 0x0042, 0x0042, 0x0042, 0x0042, 0x0042, 0x0042, 0x0062, 0x0042,
  0x0042, 0x0042, 0x0042, 0x0042, 0x0042, 0x0042, 0x0042, 0x0042, 0x0042, 0x0042, 0x0042, 0x0042,
  0x0042, 0x0042, 0x0042, 0x0042, 0x0042, 0x0042, 0x0042, 0x0042, 0x0042, 0x0062, 0x0062, 0x2166,
  0x3a6a, 0x428b, 0x428b, 0x3a6a, 0x3a4a, 0x3a4a, 0x324a, 0x324a, 0x324a, 0x322a, 0x320a, 0x2a09,
  0x29e9, 0x29e9, 0x2188, 0x2188, 0x1967, 0x1967, 0x1926, 0x08a4, 0x08a4, 0x08a4, 0x08a4, 0x08a4,
  0x08a4, 0x0883, 0xad96, 0xbe39, 0xbe59, 0xbe39, 0xce9a, 0x0861, 0x9cf4, 0xc679, 0xc659, 0xc659,
  0xbe39, 0xbe39, 0xbe39, 0xbe39, 0xbe18, 0x8c72, 0x0841, 0xbe18, 0xbe39, 0xc659, 0xce7a, 0xb5b6,
  0x0883, 0x08a4, 0x08a4, 0x0042, 0xd6ba, 0xbe39, 0xbe39, 0xbe39, 0xce9a, 0x2145, 0x08a3, 0x08a4,
  0x08a4, 0x0882, 0x5b0c, 0xad96, 0xc679, 0xc659, 0xc659, 0xc679, 0xc67a, 0xc659, 0xc679, 0xc67a,
  0xc679, 0xc659, 0xbe39, 0xb618, 0xbe18, 0xbe39, 0xc659, 0xce79, 0x0062, 0x08c4, 0x08c4, 0x08a3,
  0x0042, 0x634d, 0xc639, 0xc659, 0xc659, 0xc67a, 0xc67a, 0xc679, 0xc67a, 0xc679, 0xc659, 0xc659,
  0xc659, 0xc659, 0xbe39, 0xbe18, 0xbe18, 0xc659, 0x9cf3, 0x08a3, 0x08a4, 0x08c4, 0x2966, 0xd6db,
  0xbe18, 0xbe39, 0xc67a, 0xb596, 0x0883, 0x08c4, 0x08a4, 0x0862, 0xce79, 0xbe38, 0xbe39, 0xc659,
  0xd6ba, 0x0042, 0x08a4, 0x08a4, 0x08a4, 0x08a4, 0x08a4, 0x08a4, 0x08a4, 0x08a3, 0x08a3, 0x08a3,
  0x08a4, 0x08a4, 0x08c4, 0x08a4, 0x52aa, 0xdefb, 0xbe38, 0xbe39, 0xbe39, 0xc659, 0xc67a, 0xc679,
  0xc659, 0xc659, 0xc659, 0xc659, 0xc679, 0xc659, 0xc659, 0xc659, 0x0062, 0x08c4, 0x08c4, 0x08a4,
  0x08a4, 0x08a4, 0x08a4, 0x08a4, 0x08a3, 0x08a3, 0x08a3, 0x1967, 0x1967, 0x1967, 0x1967, 0x2187,
  0x21a8, 0x29c9, 0x29c9, 0x21c9, 0x29c9, 0x2a09, 0x29e9, 0x320a, 0x320a, 0x322a, 0x324b, 0x324a,
  0x3229, 0x3a2a, 0x0863, 0x0042, 0x0042, 0x0042, 0x0042, 0x0042, 0x0042, 0x0042, 0x0042, 0x0042,
  0x0042, 0x0042, 0x0042, 0x0042, 0x0042, 0x0042, 0x0042, 0x0042, 0x0042, 0x0042, 0x0042, 0x0042,
  0x0042, 0x0042, 0x0042, 0x0022, 0x0042, 0x0042, 0x0022, 0x0042, 0x0042, 0x0042, 0x0042, 0x0042,
  0x0042, 0x0042, 0x0042, 0x0042, 0x0042, 0x0042, 0x0042, 0x0042, 0x0042, 0x0042, 0x0022, 0x0042,
  0x0042, 0x0042, 0x0042, 0x0022, 0x0022, 0x0042, 0x0042, 0x0042, 0x0022, 0x0042, 0x0022, 0x0022,
  0x0022, 0x0022, 0x0042, 0x0022, 0x0022, 0x0022, 0x0042, 0x0022, 0x0042, 0x0042, 0x0042, 0x0042,
  0x0042, 0x0022, 0x0042, 0x0042, 0x0042, 0x0042, 0x0042, 0x0042, 0x0042, 0x0042, 0x18c3, 0x0882,
  0x0042, 0x0042, 0x0042, 0x0042, 0x0042, 0x0042, 0x0042, 0x0042, 0x0042, 0x4208, 0x0042, 0x0042,
  0x0042, 0x0042, 0x0042, 0x0042, 0x0042, 0x0042, 0x0042, 0x0042, 0x0042, 0x0042, 0x0042, 0x0042,
  0x0042, 0x0042, 0x0042, 0x0062, 0x0042, 0x0042, 0x0042, 0x0042, 0x0083, 0x0042, 0x0042, 0x0063,
  0x0042, 0x0042, 0x0042, 0x0042, 0x0042, 0x0042, 0x0042, 0x0062, 0x0042, 0x0042, 0x0042, 0x0042,
  0x0042, 0x0042, 0x0042, 0x0042, 0x0042, 0x0042, 0x0042, 0x2166, 0x4aed, 0x532e, 0x534e, 0x4aed,
  0x42ac, 0x3a8c, 0x3a8c, 0x3a6b, 0x3a6b, 0x324a, 0x2a0a, 0x29e9, 0x21c8, 0x2187, 0x2187, 0x2188,
  0x1946, 0x1126, 0x1105, 0x1105, 0x08c4, 0x08a3, 0x08a4, 0x08a4, 0x08a4, 0x0883, 0x9d35, 0xb618,
  0xb618, 0xb5f8, 0xce9a, 0x0882, 0x4228, 0x9d14, 0xc659, 0xb5f8, 0xb5d8, 0xadd7, 0xadd7, 0xb618,
  0x94d3, 0x31c7, 0x0041, 0xb5f7, 0xb5f8, 0xbe18, 0xc659, 0xb596, 0x0883, 0x08a4, 0x08a4, 0x0062,
  0xc638, 0xbe18, 0xbe18, 0xb618, 0xce9a, 0x2145, 0x08a3, 0x08a4, 0x08a4, 0x0883, 0x0041, 0x4228,
  0x5b0c, 0x5b0c, 0x5aec, 0x5aec, 0x5b0c, 0x5b0c, 0x5b0c, 0x5b0c, 0x5b0c, 0x5aeb, 0x5aeb, 0xc659,
  0xb5f8, 0xb5f8, 0xbe18, 0xce79, 0x0062, 0x08c4, 0x08c4, 0x08c4, 0x0082, 0x0041, 0x52cb, 0x5aeb,
  0x5aeb, 0x5aeb, 0x5aeb, 0x5acb, 0x5acb, 0x5aeb, 0x5aeb, 0x5acb, 0x5aeb, 0x632c, 0xce9a, 0xb618,
  0xb5f8, 0xbe39, 0x9cf3, 0x08a3, 0x08a3, 0x08a3, 0x2145, 0xc67a, 0xbe18, 0xb5f8, 0xbe18, 0xa555,
  0x0883, 0x08a3, 0x08c4, 0x0062, 0xc638, 0xbe18, 0xbe39, 0xbe39, 0xce9a, 0x0042, 0x08a4, 0x08a4,
  0x08c4, 0x08a4, 0x08a4, 0x08a4, 0x08c4, 0x08a4, 0x08a4, 0x08a4, 0x08a4, 0x08a4, 0x08c4, 0x08c4,
  0x52aa, 0xd6bb, 0xb618, 0xbe18, 0xc659, 0xb596, 0x630c, 0x5b0c, 0x5aeb, 0x52cb, 0x52cb, 0x5acb,
  0x5acb, 0x5acb, 0x5acb, 0x528a, 0x0062, 0x08a4, 0x08a4, 0x08a4, 0x08c4, 0x08a4, 0x08a4, 0x08c4,
  0x08a3, 0x08a3, 0x08c4, 0x10e5, 0x1105, 0x10e5, 0x1125, 0x1926, 0x1946, 0x2167, 0x21c9, 0x29e9,
  0x29e9, 0x29e9, 0x29c8, 0x320a, 0x320a, 0x322a, 0x3a6b, 0x3a8c, 0x3a8b, 0x29e9, 0x0042, 0x0042,
  0x0042, 0x0062, 0x0042, 0x0042, 0x0042, 0x0042, 0x0042, 0x0042, 0x0022, 0x0042, 0x0042, 0x0042,
  0x0042, 0x0042, 0x0042, 0x0042, 0x0042, 0x0042, 0x0042, 0x0042, 0x0042, 0x0042, 0x0042, 0x0042,
  0x0042, 0x0042, 0x0042, 0x0042, 0x0042, 0x0042, 0x0042, 0x0042, 0x0042, 0x0042, 0x0042, 0x0042,
  0x0042, 0x0042, 0x0042, 0x0042, 0x0042, 0x0042, 0x0063, 0x0042, 0x0042, 0x0042, 0x0042, 0x0042,
  0x0022, 0x0042, 0x0042, 0x0042, 0x0042, 0x0042, 0x0042, 0x0042, 0x0022, 0x0022, 0x0022, 0x0042,
  0x0042, 0x0042, 0x0022, 0x0022, 0x0042, 0x0042, 0x0042, 0x0042, 0x0042, 0x0042, 0x0042, 0x0042,
  0x0042, 0x0042, 0x0042, 0x0042, 0x0042, 0x0042, 0x0062, 0x18e3, 0x0042, 0x0042, 0x0042, 0x0042,
  0x0042, 0x0042, 0x0042, 0x0042, 0x0042, 0x0042, 0x0042, 0x0042, 0x0042, 0x0042, 0x0042, 0x0042,
  0x0042, 0x0042, 0x0042, 0x0042, 0x0042, 0x0042, 0x0042, 0x0042, 0x0042, 0x0042, 0x0042, 0x0042,
  0x0042, 0x0042, 0x0042, 0x0042, 0x0042, 0x0042, 0x0042, 0x0042, 0x0042, 0x0042, 0x0042, 0x0042,
  0x0042, 0x0042, 0x0042, 0x0042, 0x0042, 0x0042, 0x0042, 0x0042, 0x0042, 0x0042, 0x0042, 0x0042,
  0x0042, 0x0042, 0x0042, 0x0042, 0x21a7, 0x4b0d, 0x5b4e, 0x532e, 0x532e, 0x532e, 0x42ac, 0x3a8c,
  0x3a8b, 0x3a4b, 0x324a, 0x29e9, 0x29e9, 0x21a8, 0x2187, 0x1967, 0x1946, 0x1126, 0x1105, 0x08c4,
  0x08a4, 0x08a3, 0x08a3, 0x08a4, 0x08a4, 0x0883, 0x94d3, 0xadd7, 0xadb7, 0xadb7, 0xc679, 0x0882,
  0x0062, 0x6b4d, 0x9d35, 0xa577, 0xa597, 0xa597, 0xa597, 0x9d35, 0x632c, 0x0883, 0x0062, 0xadb7,
  0xadb7, 0xadd7, 0xb5f8, 0xa555, 0x0883, 0x08a4, 0x08a4, 0x0062, 0xb5d7, 0xadd7, 0xadd7, 0xadd7,
  0xc679, 0x2125, 0x08a3, 0x08a3, 0x08a3, 0x0883, 0x0062, 0x0062, 0x0042, 0x0041, 0x0041, 0x0042,
  0x0042, 0x0041, 0x0041, 0x0042, 0x0042, 0x0062, 0x0882, 0xc659, 0xadd7, 0xadb7, 0xadb7, 0xc638,
  0x0063, 0x08a4, 0x08a4, 0x08a4, 0x0883, 0x0062, 0x0041, 0x0042, 0x0041, 0x0041, 0x0041, 0x0041,
  0x0041, 0x0041, 0x0042, 0x0042, 0x0062, 0x2945, 0xc67a, 0xb5f8, 0xb5d7, 0xb5f8, 0x94d3, 0x08a4,
  0x08a4, 0x08a3, 0x2145, 0xc659, 0xb5d8, 0xadb7, 0xadd7, 0x9d14, 0x0083, 0x08a4, 0x08c4, 0x0862,
  0xbdf7, 0xb5d8, 0xadd7, 0xadd7, 0xc659, 0x0042, 0x08a4, 0x08c4, 0x08a4, 0x08a4, 0x08a4, 0x08a4,
  0x08c4, 0x08c4, 0x08c4, 0x08a4, 0x08c4, 0x08c4, 0x08a4, 0x08a3, 0x528a, 0xce9a, 0xb5d7, 0xadd7,
  0xb5f7, 0x9cf3, 0x0041, 0x0021, 0x0041, 0x0041, 0x0041, 0x0041, 0x0041, 0x0042, 0x0062, 0x0041,
  0x0883, 0x08c4, 0x08c4, 0x08c4, 0x08a4, 0x08a4, 0x08a4, 0x08a4, 0x08a3, 0x08a3, 0x08a4, 0x1105,
  0x1126, 0x1946, 0x1946, 0x1967, 0x2187, 0x21a8, 0x29c8, 0x29e9, 0x2a0a, 0x320a, 0x322a, 0x324b,
  0x324b, 0x326b, 0x3a8c, 0x42cc, 0x3a6b, 0x10c4, 0x0042, 0x0042, 0x0042, 0x0042, 0x0042, 0x0042,
  0x0042, 0x0042, 0x0042, 0x0063, 0x0042, 0x0022, 0x0062, 0x0042, 0x0042, 0x0042, 0x0042, 0x0042,
  0x0042, 0x0042, 0x0042, 0x0022, 0x0042, 0x0042, 0x0042, 0x0042, 0x0042, 0x0042, 0x0042, 0x0042,
  0x0042, 0x0042, 0x0042, 0x0042, 0x0042, 0x0042, 0x0042, 0x0042, 0x0042, 0x0042, 0x0042, 0x0042,
  0x0042, 0x0042, 0x0042, 0x0042, 0x0042, 0x0042, 0x0042, 0x0042, 0x0042, 0x0042, 0x0042, 0x0042,
  0x0042, 0x0042, 0x0042, 0x0022, 0x0042, 0x0022, 0x0022, 0x0042, 0x0022, 0x0022, 0x0042, 0x0042,
  0x0042, 0x0042, 0x0042, 0x0042, 0x0042, 0x0042, 0x0042, 0x0042, 0x0042, 0x0042, 0x0042, 0x0042,
  0x0042, 0x0042, 0x0042, 0x2103, 0x10a2, 0x0042, 0x0042, 0x0042, 0x0042, 0x0042, 0x0042, 0x0042,
  0x0042, 0x0042, 0x0042, 0x0042, 0x0042, 0x0042, 0x0042, 0x0042, 0x0042, 0x0042, 0x0042, 0x0042,
  0x2126, 0x0042, 0x0042, 0x0042, 0x0042, 0x0042, 0x0042, 0x0042, 0x0042, 0x0042, 0x0042, 0x0042,
  0x0042, 0x0062, 0x0042, 0x0062, 0x0042, 0x0042, 0x0042, 0x0042, 0x0042, 0x0042, 0x0042, 0x0042,
  0x0042, 0x0042, 0x0042, 0x0042, 0x0042, 0x0042, 0x0042, 0x0042, 0x0042, 0x0042, 0x0042, 0x0042,
  0x0062, 0x31c8, 0x31c8, 0x31c8, 0x31e8, 0x31e8, 0x29a7, 0x2987, 0x2187, 0x1946, 0x1946, 0x1926,
  0x1105, 0x10e5, 0x08a4, 0x08c4, 0x08c4, 0x08a3, 0x08a3, 0x08a4, 0x08a4, 0x08a4, 0x08a4, 0x08a3,
  0x08a4, 0x0062, 0x8cd3, 0xadb7, 0xad97, 0xa597, 0xbe18, 0x0862, 0x0041, 0x0021, 0x73cf, 0x9d56,
  0x9d56, 0x9d56, 0x9d35, 0x73f0, 0x0062, 0x08a3, 0x0882, 0xa597, 0xad97, 0xadb7, 0xadb7, 0x9d34,
  0x0883, 0x08a4, 0x08a4, 0x0042, 0xadb7, 0xa597, 0xa597, 0xadb7, 0xc659, 0x2125, 0x08a3, 0x08a3,
  0x0883, 0x4a8a, 0x630c, 0x632c, 0x632c, 0x630c, 0x630c, 0x630c, 0x630c, 0x630c, 0x630c, 0x630c,
  0x630c, 0x632c, 0x634d, 0xbe18, 0xad97, 0xa597, 0xa597, 0xbe18, 0x0062, 0x08c4, 0x08a4, 0x08a4,
  0x5aeb, 0x634c, 0x6b4d, 0x634d, 0x632c, 0x632c, 0x632c, 0x632c, 0x632c, 0x630c, 0x630c, 0x630c,
  0x632c, 0x6b6d, 0xbe18, 0xadd7, 0xadb7, 0xadb7, 0x8c92, 0x0883, 0x08a4, 0x08a3, 0x2145, 0xbe18,
  0xad97, 0xa597, 0xadb7, 0x94d3, 0x0883, 0x08c4, 0x08c4, 0x0062, 0xb5d7, 0xadb7, 0xa597, 0xa597,
  0xbe18, 0x5b0c, 0x632c, 0x632c, 0x632d, 0x632d, 0x634d, 0x632d, 0x634d, 0x634d, 0x632d, 0x634d,
  0x6b4d, 0x10c4, 0x08a3, 0x08a3, 0x528a, 0xc679, 0xadd7, 0xadb7, 0xadb7, 0x9cf3, 0x5b0c, 0x632c,
  0x634d, 0x634d, 0x632c, 0x632c, 0x632c, 0x634d, 0x632d, 0x632d, 0x6b4d, 0x6b6d, 0x4229, 0x08a4,
  0x08a4, 0x08a4, 0x08a4, 0x08a4, 0x08a3, 0x08a3, 0x0883, 0x08a3, 0x08a4, 0x08a4, 0x08c4, 0x08c4,
  0x08c4, 0x08c4, 0x10e4, 0x10e5, 0x1105, 0x1905, 0x1926, 0x1926, 0x1946, 0x1946, 0x1946, 0x2167,
  0x1105, 0x0062, 0x0042, 0x0042, 0x0042, 0x0042, 0x0042, 0x0042, 0x0042, 0x0042, 0x0042, 0x0042,
  0x0042, 0x0042, 0x0042, 0x0042, 0x0042, 0x0042, 0x0042, 0x0042, 0x0042, 0x0042, 0x0862, 0x39e8,
  0x0042, 0x0042, 0x0042, 0x0042, 0x0042, 0x0042, 0x0042, 0x0042, 0x0042, 0x0042, 0x0042, 0x0042,
  0x0042, 0x0042, 0x0042, 0x0042, 0x0042, 0x0042, 0x0042, 0x0042, 0x0042, 0x0042, 0x0042, 0x0042,
  0x0042, 0x0042, 0x0042, 0x0042, 0x0042, 0x0042, 0x0042, 0x0042, 0x0042, 0x0042, 0x0042, 0x0042,
  0x0042, 0x0022, 0x0022, 0x0022, 0x0022, 0x0042, 0x0042, 0x0042, 0x0042, 0x0042, 0x0042, 0x0022,
  0x0042, 0x0042, 0x0042, 0x0042, 0x0042, 0x0042, 0x0042, 0x0042, 0x0042, 0x0042, 0x0042, 0x0062,
  0x2923, 0x0042, 0x0042, 0x0042, 0x0042, 0x0042, 0x0042, 0x0042, 0x0042, 0x0042, 0x0042, 0x0042,
  0x0042, 0x0042, 0x0042, 0x0042, 0x0042, 0x0042, 0x0042, 0x0042, 0x0042, 0x0042, 0x0042, 0x0042,
  0x0042, 0x0042, 0x0042, 0x0042, 0x0042, 0x0042, 0x0042, 0x0042, 0x0042, 0x0042, 0x0042, 0x0042,
  0x0042, 0x0042, 0x0042, 0x0042, 0x0042, 0x0042, 0x0042, 0x0042, 0x0042, 0x0042, 0x0042, 0x0042,
  0x0042, 0x0042, 0x0042, 0x0042, 0x0042, 0x0042, 0x0042, 0x0042, 0x0042, 0x0042, 0x0042, 0x0063,
  0x0083, 0x0884, 0x0883, 0x0063, 0x0063, 0x0083, 0x0063, 0x0083, 0x0883, 0x0883, 0x0042, 0x0062,
  0x0083, 0x08a3, 0x08a3, 0x08a4, 0x08a4, 0x08a4, 0x08a4, 0x08a4, 0x08a3, 0x0062, 0x8472, 0x9d56,
  0x9d56, 0x9d56, 0xb5d7, 0x0882, 0x08a3, 0x0062, 0x1904, 0x9d56, 0x9d56, 0x9d55, 0x8492, 0x0021,
  0x0062, 0x08a4, 0x0862, 0x9d35, 0x9d56, 0xa556, 0xa576, 0x9cf3, 0x0883, 0x08c4, 0x08c4, 0x0042,
  0xad96, 0x9d76, 0x9d76, 0x9d76, 0xbe39, 0x2125, 0x08c4, 0x08c4, 0x0883, 0xa535, 0xc639, 0xc67a,
  0xc659, 0xbe59, 0xbe59, 0xc659, 0xc659, 0xc659, 0xc679, 0xc679, 0xc659, 0xc659, 0xbe39, 0xa576,
  0x9d56, 0xa576, 0xa576, 0xbe18, 0x0062, 0x08a3, 0x08a3, 0x0062, 0xbdf8, 0xbe39, 0xc659, 0xc659,
  0xc659, 0xc659, 0xc659, 0xc659, 0xbe59, 0xc659, 0xc659, 0xbe39, 0xbe18, 0xbe18, 0xa596, 0xa596,
  0xa576, 0xa597, 0x9492, 0x0882, 0x08c4, 0x08c4, 0x2145, 0xa597, 0x9d56, 0x9d56, 0xa596, 0x94f3,
  0x0883, 0x08c4, 0x08c4, 0x0062, 0xad96, 0xa576, 0xa576, 0xa576, 0xa597, 0xc679, 0xc659, 0xc659,
  0xc659, 0xc659, 0xc659, 0xc67a, 0xc65a, 0xc659, 0xc659, 0xc659, 0xc679, 0x10e4, 0x08a3, 0x08a3,
  0x528a, 0xc659, 0xad97, 0xa597, 0xa596, 0xadb7, 0xbe39, 0xc659, 0xc659, 0xc659, 0xc659, 0xc659,
  0xc659, 0xc659, 0xc659, 0xc659, 0xc659, 0xc659, 0x8451, 0x08a3, 0x08a3, 0x08a4, 0x08a4, 0x08a4,
  0x08a3, 0x08a3, 0x08a3, 0x08a3, 0x0083, 0x0083, 0x08a3, 0x0883, 0x0083, 0x0063, 0x0042, 0x0042,
  0x0042, 0x0062, 0x0063, 0x0884, 0x0884, 0x0863, 0x0042, 0x0042, 0x0042, 0x0042, 0x0062, 0x0062,
  0x0042, 0x0063, 0x0042, 0x0042, 0x0042, 0x0042, 0x0042, 0x0042, 0x0042, 0x0042, 0x0042, 0x0042,
  0x0042, 0x0042, 0x0042, 0x0042, 0x0042, 0x0042, 0x0042, 0x0042, 0x0042, 0x0042, 0x0042, 0x0042,
  0x0022, 0x0042, 0x0042, 0x0042, 0x0042, 0x0042, 0x0042, 0x0042, 0x0042, 0x0042, 0x0042, 0x0042,
  0x0042, 0x0042, 0x0042, 0x0042, 0x0042, 0x0042, 0x0042, 0x0042, 0x0042, 0x0022, 0x0042, 0x0042,
  0x0021, 0x0042, 0x0042, 0x0042, 0x0042, 0x0022, 0x0042, 0x0042, 0x0042, 0x0022, 0x0021, 0x0042,
  0x0022, 0x0022, 0x0022, 0x0022, 0x0042, 0x0042, 0x0042, 0x0042, 0x0042, 0x0042, 0x0042, 0x0042,
  0x0042, 0x0042, 0x0042, 0x0042, 0x0042, 0x0042, 0x0042, 0x0042, 0x20e3, 0x1082, 0x0042, 0x0042,
  0x0042, 0x0042, 0x0042, 0x0042, 0x0042, 0x0042, 0x0042, 0x0042, 0x0042, 0x0042, 0x0042, 0x0042,
  0x0042, 0x0042, 0x0042, 0x0042, 0x0042, 0x0042, 0x0042, 0x0042, 0x0042, 0x0042, 0x0042, 0x0042,
  0x0062, 0x0042, 0x0042, 0x0042, 0x0042, 0x0042, 0x0042, 0x0042, 0x0042, 0x0042, 0x0042, 0x0042,
  0x0042, 0x0042, 0x0042, 0x0042, 0x0042, 0x0042, 0x0042, 0x0042, 0x0042, 0x0062, 0x0042, 0x0042,
  0x0042, 0x0042, 0x0042, 0x0042, 0x0042, 0x0042, 0x0042, 0x4aab, 0x63b0, 0x63b0, 0x5b8f, 0x534e,
  0x532e, 0x530d, 0x4b0d, 0x4aed, 0x4acc, 0x3a4b, 0x322a, 0x320a, 0x29c8, 0x2187, 0x2167, 0x10e5,
  0x08a4, 0x08a4, 0x08c4, 0x08a4, 0x08a4, 0x0062, 0x8492, 0x9515, 0x9535, 0x9515, 0xa576, 0x0882,
  0x08a4, 0x0083, 0x0883, 0x5b0c, 0xa556, 0x9d55, 0x31c7, 0x0041, 0x0883, 0x08c4, 0x0082, 0x9d35,
  0x9535, 0x9535, 0x9d35, 0x94d3, 0x08a3, 0x08c4, 0x08c4, 0x0062, 0xa576, 0x9d56, 0x9d56, 0x9d56,
  0xbe38, 0x2145, 0x08c4, 0x08a4, 0x0883, 0x94d4, 0xa576, 0x9d56, 0x9d56, 0x9d56, 0x9d56, 0xa576,
  0xa576, 0xa576, 0xa576, 0xa576, 0xa576, 0x9d76, 0x9d56, 0x9d56, 0x9d56, 0x9d56, 0x9d76, 0xb5f7,
  0x0083, 0x08c4, 0x08a4, 0x0062, 0xad96, 0x9d56, 0x9d56, 0x9d56, 0x9d56, 0xa576, 0xa576, 0x9d56,
  0x9d76, 0xa576, 0xa576, 0xa576, 0x9d76, 0xa576, 0xa576, 0xa576, 0xa576, 0xadb7, 0x9cd3, 0x08a3,
  0x08c4, 0x08c4, 0x2125, 0xa576, 0x9535, 0x9d36, 0xa576, 0x94d3, 0x08a4, 0x08c4, 0x08c4, 0x0062,
  0xa596, 0x9d76, 0xa576, 0xa576, 0xa576, 0xa576, 0xa576, 0xa576, 0xa576, 0xa576, 0xa576, 0xa576,
  0xa576, 0xa576, 0xa576, 0xa576, 0xb5d7, 0x08a3, 0x08a3, 0x08c4, 0x4a8a, 0xbe39, 0xa576, 0xa596,
  0xa596, 0xa596, 0xa596, 0xa596, 0xa576, 0xa576, 0xa576, 0xa596, 0xa596, 0xa596, 0xa576, 0x9d76,
  0x9d56, 0xa5b7, 0x7c10, 0x08a3, 0x08a4, 0x08a4, 0x08a4, 0x08c4, 0x08a4, 0x08e4, 0x08e4, 0x08e4,
  0x1946, 0x1946, 0x2187, 0x21a8, 0x29e9, 0x29e9, 0x29e9, 0x322a, 0x322a, 0x324b, 0x3a8b, 0x4aed,
  0x4b0d, 0x4b0e, 0x2166, 0x0063, 0x0063, 0x0042, 0x0042, 0x0042, 0x0042, 0x0042, 0x0042, 0x0042,
  0x0042, 0x0042, 0x0042, 0x0042, 0x0042, 0x0042, 0x0042, 0x0042, 0x0042, 0x0042, 0x0042, 0x0042,
  0x0042, 0x0042, 0x0042, 0x0042, 0x0042, 0x0042, 0x0042, 0x0042, 0x0042, 0x0022, 0x0042, 0x0042,
  0x0042, 0x0042, 0x0042, 0x0042, 0x0042, 0x0042, 0x0042, 0x0042, 0x0042, 0x0042, 0x0042, 0x0042,
  0x0042, 0x0042, 0x0042, 0x0042, 0x0042, 0x0042, 0x0042, 0x0042, 0x0042, 0x0042, 0x0042, 0x0042,
  0x0042, 0x0042, 0x0042, 0x0022, 0x0062, 0x0022, 0x0042, 0x0042, 0x0021, 0x0022, 0x0022, 0x0022,
  0x0022, 0x0042, 0x0022, 0x0022, 0x0042, 0x0042, 0x0042, 0x0042, 0x0042, 0x0042, 0x0042, 0x0042,
  0x0042, 0x0042, 0x0042, 0x0042, 0x0042, 0x3163, 0x0042, 0x0042, 0x0042, 0x0042, 0x0042, 0x0042,
  0x0042, 0x0042, 0x0042, 0x0042, 0x0042, 0x0042, 0x0042, 0x0042, 0x0042, 0x0042, 0x0042, 0x0042,
  0x0042, 0x0042, 0x0042, 0x0042, 0x0042, 0x0042, 0x0042, 0x0042, 0x0042, 0x0042, 0x0042, 0x0042,
  0x0042, 0x0042, 0x0042, 0x0042, 0x0042, 0x0042, 0x0042, 0x0042, 0x0042, 0x0042, 0x0042, 0x0042,
  0x0042, 0x0042, 0x0042, 0x0042, 0x0042, 0x0042, 0x0042, 0x0042, 0x0042, 0x0042, 0x0042, 0x0042,
  0x0042, 0x0042, 0x0062, 0x2987, 0x530d, 0x5b8f, 0x5b6f, 0x5b6f, 0x532e, 0x4aed, 0x3aac, 0x324a,
  0x324a, 0x322a, 0x29c9, 0x29a8, 0x21a7, 0x2167, 0x1926, 0x10e4, 0x08c4, 0x08a4, 0x08a4, 0x08c4,
  0x08c4, 0x0083, 0x8cb3, 0x9d35, 0x9535, 0x9535, 0xa576, 0x0882, 0x08a3, 0x08a3, 0x0083, 0x3186,
  0x6b6e, 0x6b8e, 0x10a3, 0x0083, 0x08a3, 0x08a4, 0x0062, 0x9d55, 0x9d36, 0x9535, 0x9515, 0x8cb2,
  0x08a3, 0x08c4, 0x08c4, 0x0083, 0xad96, 0x9d35, 0x9535, 0x9535, 0xbe18, 0x2145, 0x08c4, 0x08a3,
  0x0882, 0x94f4, 0xa596, 0x9d56, 0x9d56, 0x9d56, 0x9d56, 0x9d56, 0x9d56, 0x9d56, 0x9d56, 0x9d56,
  0x9d76, 0x9d76, 0x9d76, 0xa576, 0xa576, 0x9d56, 0x8cb3, 0x52cb, 0x08a3, 0x08c4, 0x08c4, 0x0083,
  0xadb7, 0x9d76, 0x9d56, 0x9d55, 0x9d56, 0xa556, 0xa576, 0xa576, 0x9d76, 0x9d76, 0x9d76, 0x9d76,
  0x9d76, 0x9d76, 0xa576, 0xa576, 0xa596, 0x8451, 0x4249, 0x08a4, 0x08a4, 0x08a3, 0x2125, 0xa576,
  0x9d56, 0x9d56, 0x9d76, 0x8cb3, 0x0083, 0x08c4, 0x08c4, 0x0062, 0xad96, 0xa596, 0xa576, 0xa576,
  0xa576, 0xa596, 0xa576, 0xa576, 0x9d76, 0xa576, 0xa576, 0xa576, 0xa576, 0x9d56, 0xa576, 0xa576,
  0xb5f8, 0x08a3, 0x08a4, 0x08c4, 0x528a, 0xbe39, 0x9d76, 0xa576, 0xa596, 0xa596, 0xa596, 0xa596,
  0xa576, 0xa576, 0xa576, 0xa576, 0xa576, 0xa576, 0x9d56, 0x9d56, 0x9d76, 0xadd7, 0x8431, 0x08c4,
  0x08c4, 0x08c4, 0x08a4, 0x08a4, 0x08c4, 0x08a4, 0x08c4, 0x08e4, 0x10e5, 0x1925, 0x1946, 0x1967,
  0x1967, 0x21a8, 0x29e9, 0x2a09, 0x324a, 0x326b, 0x3a8b, 0x42ac, 0x4aed, 0x42ac, 0x1105, 0x0063,
  0x0063, 0x0062, 0x0042, 0x0042, 0x0042, 0x0042, 0x0042, 0x0042, 0x0042, 0x0042, 0x0042, 0x0042,
  0x0042, 0x0042, 0x0042, 0x0042, 0x0042, 0x0042, 0x0042, 0x0042, 0x0042, 0x0042, 0x0042, 0x0042,
  0x0042, 0x0042, 0x0022, 0x0042, 0x0042, 0x0042, 0x0042, 0x0042, 0x0042, 0x0042, 0x0042, 0x0042,
  0x0042, 0x0042, 0x0042, 0x0042, 0x0042, 0x39a7, 0x0042, 0x0042, 0x0042, 0x0042, 0x0042, 0x0042,
  0x0042, 0x0042, 0x0042, 0x0042, 0x0042, 0x0042, 0x0042, 0x0042, 0x0042, 0x0022, 0x0042, 0x0042,
  0x0021, 0x0042, 0x0042, 0x0042, 0x0042, 0x0022, 0x0042, 0x0042, 0x0022, 0x0042, 0x0022, 0x0022,
  0x0042, 0x0042, 0x0042, 0x0042, 0x0042, 0x0042, 0x0042, 0x0042, 0x0042, 0x0042, 0x0042, 0x0042,
  0x0042, 0x2103, 0x10a2, 0x0883, 0x0042, 0x0042, 0x0042, 0x0042, 0x0042, 0x0042, 0x0042, 0x0042,
  0x0042, 0x0042, 0x0042, 0x0042, 0x0042, 0x0042, 0x0042, 0x0042, 0x0042, 0x0042, 0x0042, 0x0042,
  0x0042, 0x0042, 0x0042, 0x0042, 0x0042, 0x0042, 0x0042, 0x0042, 0x0042, 0x0042, 0x0042, 0x0042,
  0x0042, 0x0042, 0x0042, 0x0042, 0x0042, 0x0042, 0x0042, 0x0042, 0x0042, 0x0042, 0x0042, 0x0042,
  0x0042, 0x0042, 0x0042, 0x0042, 0x0042, 0x0042, 0x0042, 0x0042, 0x0042, 0x0042, 0x0042, 0x0042,
  0x2987, 0x6bd1, 0x63b0, 0x63b0, 0x63b0, 0x5b90, 0x5b6f, 0x5b4f, 0x534e, 0x534e, 0x532e, 0x530e,
  0x4aed, 0x4acd, 0x4acd, 0x530d, 0x10e4, 0x08a4, 0x08c4, 0x08c4, 0x08c4, 0x0062, 0x8cb3, 0xa556,
  0x9d56, 0x9d56, 0xa596, 0x0882, 0x08a4, 0x08a3, 0x08a3, 0x0062, 0x0041, 0x0041, 0x0083, 0x08a4,
  0x08a3, 0x08a3, 0x0041, 0x9d55, 0x9d56, 0x9d56, 0x9d56, 0x9cf3, 0x0882, 0x08a3, 0x08a3, 0x0062,
  0xad96, 0x9d56, 0x9d56, 0x9d56, 0xbdf8, 0x1924, 0x08a4, 0x08c4, 0x08a3, 0x9d14, 0xa576, 0xa576,
  0xa576, 0xa576, 0xa576, 0xa576, 0xa576, 0xa576, 0xa576, 0xa576, 0xa576, 0xa597, 0xa597, 0xa576,
  0xa596, 0x9d35, 0x31a6, 0x0041, 0x08a3, 0x08a4, 0x08a4, 0x0062, 0xadb7, 0xadb7, 0xa597, 0xa576,
  0x9d56, 0xa576, 0xa576, 0xa596, 0xa596, 0xa596, 0xa596, 0xa576, 0xa576, 0xa576, 0xa576, 0xa596,
  0x8c92, 0x31a6, 0x08a3, 0x08c4, 0x08a4, 0x08a3, 0x2145, 0xb5d8, 0xa597, 0xa576, 0xa576, 0x8cb3,
  0x0062, 0x08a3, 0x08c4, 0x0062, 0xad96, 0xadb7, 0xadb7, 0xadb7, 0xa5b7, 0xa597, 0xa597, 0xa596,
  0xa597, 0xa597, 0xa597, 0xa596, 0xa576, 0x9d76, 0xa576, 0xa597, 0xbe39, 0x0882, 0x0883, 0x08a3,
  0x4a8a, 0xbe59, 0xa597, 0xa597, 0xa576, 0xa597, 0xa597, 0xa597, 0xa597, 0xa5b7, 0xa597, 0xa597,
  0xa597, 0xa596, 0xa576, 0xa576, 0xadb7, 0xb618, 0x8451, 0x08a3, 0x08a4, 0x08a4, 0x08a3, 0x08a3,
  0x08a4, 0x08c4, 0x21a8, 0x29c9, 0x29c9, 0x29e9, 0x29e9, 0x2a0a, 0x322a, 0x322a, 0x324b, 0x3a6b,
  0x3a8c, 0x3aad, 0x3aad, 0x3aac, 0x42cd, 0x29c8, 0x0042, 0x0042, 0x0042, 0x0042, 0x0042, 0x0042,
  0x0042, 0x0042, 0x0042, 0x0042, 0x0042, 0x0042, 0x0042, 0x0042, 0x0042, 0x0042, 0x0042, 0x0042,
  0x0042, 0x0042, 0x0042, 0x0042, 0x0042, 0x0042, 0x0042, 0x0042, 0x0042, 0x0042, 0x0042, 0x0042,
  0x0042, 0x0042, 0x0042, 0x0042, 0x0042, 0x0042, 0x0042, 0x0042, 0x0042, 0x0042, 0x0042, 0x0042,
  0x0042, 0x0022, 0x0042, 0x0042, 0x0022, 0x0042, 0x0042, 0x0042, 0x0042, 0x0042, 0x0042, 0x0042,
  0x0042, 0x0042, 0x0042, 0x0042, 0x0042, 0x0022, 0x0042, 0x0022, 0x0042, 0x0042, 0x0042, 0x0042,
  0x0042, 0x0042, 0x0022, 0x0022, 0x0022, 0x0022, 0x0022, 0x0042, 0x0042, 0x0042, 0x0042, 0x0042,
  0x31a7, 0x0863, 0x0042, 0x0042, 0x0042, 0x0042, 0x0042, 0x0042, 0x0042, 0x0862, 0x3164, 0x10a3,
  0x0042, 0x0042, 0x0042, 0x0042, 0x0042, 0x0042, 0x0042, 0x0042, 0x0042, 0x0042, 0x0042, 0x0042,
  0x0042, 0x0042, 0x0042, 0x0042, 0x0042, 0x0042, 0x0042, 0x0042, 0x0042, 0x0042, 0x0042, 0x0042,
  0x0042, 0x0042, 0x0042, 0x0042, 0x0042, 0x0042, 0x0042, 0x0042, 0x0042, 0x0042, 0x0042, 0x0042,
  0x0042, 0x0042, 0x0042, 0x0042, 0x0042, 0x0042, 0x0042, 0x0042, 0x0042, 0x0042, 0x0042, 0x0042,
  0x0042, 0x0042, 0x0042, 0x0042, 0x0042, 0x0042, 0x0042, 0x0042, 0x0062, 0x29a7, 0x29a7, 0x29a7,
  0x2987, 0x2187, 0x2187, 0x2187, 0x2166, 0x2166, 0x2166, 0x2166, 0x2146, 0x1925, 0x2145, 0x2166,
  0x08c4, 0x08c4, 0x08c4, 0x08c4, 0x08c4, 0x0062, 0x4229, 0x52ab, 0x52ab, 0x4aab, 0x4a8a, 0x0062,
  0x08a3, 0x08a4, 0x08a4, 0x08a3, 0x0062, 0x0062, 0x08a3, 0x08c4, 0x08a4, 0x08a4, 0x0062, 0x52ab,
  0x4aab, 0x52ab, 0x52cb, 0x4a6a, 0x0083, 0x08a3, 0x08a3, 0x0062, 0x426a, 0x4a8a, 0x4aab, 0x4a8a,
  0x52eb, 0x0882, 0x08a3, 0x08a4, 0x08a3, 0x4a8a, 0x52ab, 0x52ab, 0x52ab, 0x52ab, 0x4a8a, 0x52ab,
  0x52ab, 0x4aaa, 0x52ab, 0x52cb, 0x52cb, 0x52cb, 0x52ab, 0x4aaa, 0x4a8a, 0x4a8a, 0x0042, 0x0083,
  0x08a3, 0x08a4, 0x08a3, 0x0042, 0x4aaa, 0x52cb, 0x52cb, 0x52ab, 0x4aab, 0x4aaa, 0x4aaa, 0x4aaa,
  0x52cb, 0x52eb, 0x52cb, 0x52cb, 0x52ab, 0x52ab, 0x4a8a, 0x52cb, 0x4248, 0x0062, 0x08a4, 0x08c4,
  0x08a4, 0x08a4, 0x10c4, 0x5aec, 0x52ab, 0x4aaa, 0x52ab, 0x4249, 0x0082, 0x08a4, 0x08c4, 0x0083,
  0x52ab, 0x52cb, 0x52ab, 0x52ab, 0x52ab, 0x52cb, 0x52cb, 0x52cb, 0x52cb, 0x52cb, 0x52cb, 0x52ab,
  0x52ab, 0x52ab, 0x4a8a, 0x52ab, 0x52cb, 0x0062, 0x0883, 0x08a3, 0x2104, 0x5b0c, 0x4aab, 0x4aaa,
  0x4a8a, 0x4a8a, 0x4aaa, 0x52ab, 0x52ab, 0x52ab, 0x52cb, 0x52cb, 0x52ab, 0x52ab, 0x52cb, 0x52cb,
  0x52ec, 0x52cb, 0x39e7, 0x0883, 0x08a3, 0x08a4, 0x08a3, 0x08a4, 0x08c4, 0x0083, 0x08c4, 0x08c4,
  0x08c4, 0x08c4, 0x08c4, 0x08e4, 0x10e4, 0x10e4, 0x10e5, 0x1105, 0x1125, 0x1126, 0x1106, 0x1105,
  0x1105, 0x00a3, 0x0042, 0x0042, 0x0042, 0x0063, 0x0042, 0x0042, 0x0042, 0x0042, 0x0042, 0x0042,
  0x0042, 0x0042, 0x0042, 0x0042, 0x0042, 0x0042, 0x0042, 0x0042, 0x0042, 0x0042, 0x0042, 0x0042,
  0x0042, 0x0042, 0x0042, 0x0042, 0x0042, 0x0042, 0x0042, 0x0042, 0x0042, 0x0042, 0x0042, 0x0042,
  0x0042, 0x0042, 0x0042, 0x0042, 0x0042, 0x0042, 0x0042, 0x0042, 0x0042, 0x0042, 0x0042, 0x0042,
  0x0042, 0x0042, 0x0042, 0x0042, 0x0042, 0x0042, 0x0042, 0x0042, 0x0042, 0x0042, 0x0042, 0x0042,
  0x0042, 0x0042, 0x0042, 0x0042, 0x0042, 0x0042, 0x0042, 0x0042, 0x0042, 0x0042, 0x0042, 0x0042,
  0x0042, 0x0042, 0x0022, 0x0022, 0x0042, 0x0042, 0x0042, 0x0042, 0x0042, 0x0042, 0x0042, 0x0042,
  0x0042, 0x0042, 0x0042, 0x0042, 0x0042, 0x0042, 0x2923, 0x0862, 0x0042, 0x0042, 0x0042, 0x0042,
  0x0042, 0x0042, 0x0042, 0x0042, 0x0042, 0x0042, 0x0042, 0x0042, 0x0042, 0x0042, 0x0042, 0x0042,
  0x0042, 0x0042, 0x0042, 0x0042, 0x0042, 0x0042, 0x0042, 0x0042, 0x0042, 0x0042, 0x0042, 0x0042,
  0x0042, 0x0042, 0x0042, 0x0042, 0x0042, 0x0042, 0x0042, 0x0042, 0x0042, 0x0042, 0x0042, 0x0042,
  0x0042, 0x0042, 0x0042, 0x0042, 0x0042, 0x0042, 0x0063, 0x0042, 0x0042, 0x0042, 0x0042, 0x0042,
  0x0042, 0x0042, 0x0042, 0x0042, 0x0042, 0x0042, 0x0042, 0x0042, 0x0042, 0x0042, 0x0042, 0x0042,
  0x0042, 0x0042, 0x0042, 0x0042, 0x0042, 0x0042, 0x0042, 0x0062, 0x08a3, 0x08a4, 0x08c4, 0x08c4,
  0x08a4, 0x0883, 0x0041, 0x0041, 0x0041, 0x0041, 0x0041, 0x0083, 0x08a3, 0x08a3, 0x08a3, 0x08a3,
  0x00a3, 0x00a3, 0x08a3, 0x08a4, 0x08a4, 0x08a4, 0x0083, 0x0041, 0x0041, 0x0021, 0x0041, 0x0062,
  0x08a4, 0x08a4, 0x08a4, 0x0083, 0x0041, 0x0041, 0x0041, 0x0041, 0x0041, 0x0083, 0x08a3, 0x08a3,
  0x0083, 0x0042, 0x0041, 0x0041, 0x0021, 0x0021, 0x0041, 0x0041, 0x0041, 0x0041, 0x0041, 0x0041,
  0x0041, 0x0041, 0x0041, 0x0041, 0x0021, 0x0041, 0x0083, 0x08a3, 0x08a4, 0x08a4, 0x08a4, 0x0083,
  0x0021, 0x0021, 0x0041, 0x0041, 0x0041, 0x0041, 0x0041, 0x0041, 0x0041, 0x0041, 0x0041, 0x0041,
  0x0041, 0x0041, 0x0041, 0x0041, 0x0062, 0x08a3, 0x08c4, 0x08c4, 0x08a4, 0x08a4, 0x0883, 0x0042,
  0x0021, 0x0021, 0x0041, 0x0062, 0x08a3, 0x08c4, 0x08c4, 0x0083, 0x0041, 0x0041, 0x0041, 0x0041,
  0x0041, 0x0041, 0x0041, 0x0041, 0x0021, 0x0021, 0x0041, 0x0041, 0x0041, 0x0041, 0x0041, 0x0041,
  0x0041, 0x0083, 0x08a3, 0x08a4, 0x0062, 0x0021, 0x0041, 0x0041, 0x0041, 0x0041, 0x0041, 0x0041,
  0x0041, 0x0041, 0x0041, 0x0041, 0x0041, 0x0041, 0x0041, 0x0041, 0x0041, 0x0041, 0x0062, 0x08a3,
  0x08a3, 0x08a4, 0x08a4, 0x08a3, 0x08a4, 0x08a4, 0x0042, 0x0042, 0x0042, 0x0042, 0x0042, 0x0042,
  0x0042, 0x0042, 0x0042, 0x0042, 0x0042, 0x0042, 0x0042, 0x0042, 0x0042, 0x0042, 0x0042, 0x0042,
  0x0042, 0x0042, 0x0042, 0x0042, 0x0042, 0x0042, 0x0042, 0x0042, 0x0042, 0x0042, 0x0042, 0x0042,
  0x0042, 0x0042, 0x0042, 0x0042, 0x0042, 0x0042, 0x0042, 0x0042, 0x0042, 0x0042, 0x0042, 0x0042,
  0x0042, 0x0042, 0x0042, 0x0042, 0x0042, 0x0042, 0x0042, 0x0042, 0x0042, 0x0042, 0x0042, 0x0042,
  0x0042, 0x0042, 0x0042, 0x0042, 0x0042, 0x0042, 0x0042, 0x0042, 0x0042, 0x0042, 0x0042, 0x0042,
  0x0042, 0x0042, 0x0042, 0x0042, 0x0042, 0x0042, 0x0042, 0x0042, 0x0042, 0x0042, 0x0042, 0x0042,
  0x0042, 0x0042, 0x0042, 0x0042, 0x0042, 0x0042, 0x0042, 0x0042, 0x0042, 0x0042, 0x0022, 0x0022,
  0x0042, 0x0042, 0x0042, 0x0042, 0x0042, 0x0042, 0x0042, 0x0042, 0x0042, 0x0042, 0x0042, 0x0042,
  0x0042, 0x0042, 0x18c2, 0x3963, 0x0042, 0x0042, 0x0042, 0x0042, 0x0042, 0x0042, 0x0042, 0x0042,
  0x0042, 0x0042, 0x0042, 0x0042, 0x0042, 0x0042, 0x0042, 0x0042, 0x0042, 0x0042, 0x0042, 0x0042,
  0x0042, 0x0042, 0x0042, 0x0042, 0x0042, 0x08c4, 0x10e5, 0x10e5, 0x10e5, 0x10e5, 0x10e5, 0x10e5,
  0x10e5, 0x10e5, 0x10e5, 0x08c4, 0x08c4, 0x08c4, 0x10c5, 0x08c4, 0x08c4, 0x08c4, 0x08c4, 0x08c4,
  0x10e5, 0x10e5, 0x08e5, 0x10e5, 0x10e5, 0x10e5, 0x10e5, 0x10e5, 0x10e5, 0x08c4, 0x08c4, 0x10c4,
  0x10e4, 0x10e5, 0x08e4, 0x10c4, 0x08c4, 0x08e5, 0x10e5, 0x1105, 0x10e5, 0x10e5, 0x10e5, 0x10e5,
  0x10e5, 0x10e4, 0x10e4, 0x1105, 0x1125, 0x10e5, 0x08a4, 0x08a4, 0x08a4, 0x08a4, 0x0083, 0x0083,
  0x0083, 0x0083, 0x0083, 0x08a3, 0x08a3, 0x08a3, 0x08a3, 0x08a3, 0x08a3, 0x08a3, 0x08a3, 0x08a4,
  0x08a3, 0x08a3, 0x08a3, 0x0083, 0x0083, 0x0082, 0x0082, 0x0883, 0x08a4, 0x08a4, 0x08a3, 0x08a3,
  0x0082, 0x0083, 0x0062, 0x0062, 0x0062, 0x08a3, 0x08a4, 0x08a3, 0x08a3, 0x0083, 0x0082, 0x0062,
  0x0082, 0x0062, 0x0062, 0x0062, 0x0062, 0x0062, 0x0062, 0x0062, 0x0062, 0x0062, 0x0062, 0x0062,
  0x0062, 0x0083, 0x08a3, 0x08a3, 0x08a4, 0x08a4, 0x08a4, 0x08a4, 0x0083, 0x0082, 0x0062, 0x0062,
  0x0062, 0x0082, 0x0082, 0x0062, 0x0062, 0x0062, 0x0062, 0x0062, 0x0062, 0x0082, 0x0082, 0x0083,
  0x08a3, 0x08a4, 0x08a4, 0x08a4, 0x08a4, 0x08a3, 0x08a3, 0x0082, 0x0062, 0x0062, 0x0083, 0x0883,
  0x08a4, 0x08a4, 0x08a4, 0x08a4, 0x0083, 0x0083, 0x0082, 0x0082, 0x0082, 0x0062, 0x0082, 0x0062,
  0x0062, 0x0062, 0x0062, 0x0062, 0x0062, 0x0062, 0x0062, 0x0062, 0x0082, 0x08a3, 0x08a4, 0x08a4,
  0x08a3, 0x0083, 0x0083, 0x0082, 0x0062, 0x0062, 0x0062, 0x0082, 0x0082, 0x0083, 0x0082, 0x0082,
  0x0083, 0x0083, 0x0083, 0x0082, 0x0062, 0x0082, 0x08a3, 0x08a4, 0x08a4, 0x08a4, 0x08a3, 0x08a4,
  0x08c4, 0x08a3, 0x10e5, 0x10e5, 0x10e5, 0x08c4, 0x08e5, 0x08e5, 0x10e5, 0x10e5, 0x10e5, 0x10e5,
  0x08e5, 0x08e5, 0x08c5, 0x10e5, 0x10e5, 0x1105, 0x10e5, 0x10e5, 0x10e5, 0x1105, 0x10e5, 0x1105,
  0x1105, 0x1105, 0x10e5, 0x10e5, 0x10e5, 0x10e5, 0x10e5, 0x10e5, 0x10e5, 0x1105, 0x10e5, 0x10e5,
  0x10e5, 0x10e5, 0x10c4, 0x08c4, 0x08c4, 0x08c4, 0x08c4, 0x08c4, 0x10c4, 0x08c4, 0x08c4, 0x10e4,
  0x1946, 0x2987, 0x0042, 0x0042, 0x0042, 0x0042, 0x0042, 0x0042, 0x0042, 0x0042, 0x0042, 0x0042,
  0x0042, 0x0042, 0x0042, 0x0042, 0x0042, 0x0042, 0x0042, 0x0042, 0x0042, 0x0042, 0x0042, 0x0042,
  0x0042, 0x0042, 0x0042, 0x0042, 0x0042, 0x0042, 0x0042, 0x0042, 0x0042, 0x0042, 0x0042, 0x0042,
  0x0042, 0x0042, 0x0042, 0x0042, 0x0042, 0x0042, 0x0022, 0x0021, 0x0042, 0x0042, 0x0042, 0x0042,
  0x0042, 0x0042, 0x0042, 0x0042, 0x0042, 0x0042, 0x0042, 0x0042, 0x0042, 0x0042, 0x0042, 0x49e4,
  0x0042, 0x0042, 0x0042, 0x0042, 0x0042, 0x0042, 0x0042, 0x0042, 0x0042, 0x0042, 0x0042, 0x0042,
  0x0042, 0x0042, 0x0042, 0x0042, 0x0042, 0x0042, 0x0042, 0x0042, 0x0042, 0x0042, 0x0042, 0x0042,
  0x0042, 0x08c4, 0x2188, 0x21a8, 0x21a8, 0x1988, 0x1987, 0x1987, 0x2188, 0x1987, 0x1987, 0x1987,
  0x1987, 0x1987, 0x1987, 0x1987, 0x1987, 0x1967, 0x1967, 0x1987, 0x1987, 0x1987, 0x1987, 0x1987,
  0x1988, 0x1988, 0x1988, 0x1988, 0x21a8, 0x1987, 0x1987, 0x1987, 0x1967, 0x1967, 0x1988, 0x1988,
  0x2188, 0x2188, 0x21a8, 0x21a8, 0x2188, 0x1988, 0x1988, 0x1988, 0x1988, 0x1988, 0x1988, 0x21a8,
  0x21a8, 0x1946, 0x08c4, 0x08a4, 0x08a4, 0x08a4, 0x08a4, 0x08a4, 0x08a4, 0x08a3, 0x08a3, 0x08a3,
  0x08a3, 0x08a3, 0x08a3, 0x08a3, 0x08a3, 0x08a3, 0x08a4, 0x08a4, 0x08a3, 0x08a3, 0x08a3, 0x08a3,
  0x08a4, 0x08a4, 0x08a4, 0x08a4, 0x08a4, 0x08a3, 0x08a3, 0x08a4, 0x08a4, 0x08a4, 0x08a3, 0x08a3,
  0x08a3, 0x08a3, 0x08a4, 0x08a3, 0x08a3, 0x08a4, 0x08a4, 0x08a4, 0x08a4, 0x08a4, 0x08a4, 0x08a3,
  0x08a3, 0x08a3, 0x08a3, 0x08a4, 0x08a4, 0x08a4, 0x08a4, 0x08a4, 0x08a4, 0x08a4, 0x08a4, 0x08a4,
  0x08a4, 0x08a4, 0x08a4, 0x08a4, 0x08a4, 0x08a4, 0x08a4, 0x08a4, 0x08a4, 0x08a4, 0x08a4, 0x08a4,
  0x08a4, 0x08a4, 0x08a4, 0x08a4, 0x08a4, 0x08a4, 0x08c4, 0x08c4, 0x08c4, 0x08a4, 0x08a4, 0x08a4,
  0x08a4, 0x08a4, 0x08a4, 0x08a4, 0x08a4, 0x08a4, 0x08a4, 0x08c4, 0x08a4, 0x08a4, 0x08a4, 0x08a4,
  0x08a4, 0x08a4, 0x08c4, 0x08c4, 0x08a4, 0x08a4, 0x08a4, 0x08a4, 0x08c4, 0x08a4, 0x08c4, 0x08a4,
  0x08a4, 0x08a3, 0x08a3, 0x08a4, 0x08a4, 0x08a4, 0x08a4, 0x08a4, 0x08c4, 0x08c4, 0x08a4, 0x08a3,
  0x08a3, 0x08a3, 0x08a4, 0x08a4, 0x08a4, 0x08a4, 0x08a4, 0x08a4, 0x08a4, 0x08a4, 0x08a4, 0x08a4,
  0x08a4, 0x08a4, 0x08a4, 0x08a4, 0x08a4, 0x08a4, 0x08a3, 0x08c4, 0x1105, 0x1988, 0x1967, 0x1988,
  0x1988, 0x1988, 0x1988, 0x19a8, 0x21a8, 0x21a8, 0x21a8, 0x21a8, 0x19a8, 0x1988, 0x1988, 0x1988,
  0x1988, 0x1988, 0x2188, 0x1988, 0x1988, 0x21a8, 0x21a8, 0x21a8, 0x21a8, 0x2188, 0x2188, 0x1988,
  0x2188, 0x21a8, 0x21a8, 0x21a8, 0x21a8, 0x21a8, 0x2188, 0x1988, 0x1987, 0x1987, 0x1967, 0x1967,
  0x1967, 0x1967, 0x1967, 0x1967, 0x1967, 0x1967, 0x1967, 0x1967, 0x29a8, 0x29a7, 0x0042, 0x0042,
  0x0042, 0x0042, 0x0042, 0x0042, 0x0042, 0x0042, 0x0042, 0x0042, 0x0042, 0x0022, 0x0042, 0x0042,
  0x0042, 0x0042, 0x0042, 0x0042, 0x0042, 0x0042, 0x0042, 0x0022, 0x0022, 0x0042, 0x0042, 0x0042,
  0x0042, 0x0042, 0x0042, 0x0042, 0x0042, 0x0042, 0x0042, 0x0042, 0x0042, 0x0042, 0x0042, 0x0042,
  0x0042, 0x0042, 0x0022, 0x0021, 0x0042, 0x0042, 0x0042, 0x0042, 0x0042, 0x0042, 0x0042, 0x0042,
  0x0042, 0x0042, 0x0042, 0x0042, 0x0042, 0x0042, 0x0042, 0x0862, 0x3984, 0x0042, 0x0042, 0x0042,
  0x0042, 0x0042, 0x0042, 0x0042, 0x0042, 0x0042, 0x0042, 0x0042, 0x0042, 0x0042, 0x0042, 0x0042,
  0x0042, 0x0042, 0x0042, 0x0042, 0x0042, 0x0042, 0x0042, 0x0042, 0x0042, 0x0042, 0x0883, 0x1967,
  0x1967, 0x1967, 0x1967, 0x1987, 0x1987, 0x1967, 0x1967, 0x1967, 0x1987, 0x1988, 0x1987, 0x1987,
  0x1967, 0x1967, 0x1967, 0x1967, 0x1987, 0x1967, 0x1967, 0x1987, 0x1967, 0x1946, 0x08e5, 0x00a3,
  0x08a4, 0x08a3, 0x08a3, 0x08a4, 0x08a4, 0x08a4, 0x08a4, 0x08a4, 0x08c4, 0x08c4, 0x08c4, 0x08c4,
  0x08c4, 0x08c4, 0x08c4, 0x08a4, 0x08c4, 0x08c4, 0x08c4, 0x08c4, 0x08e4, 0x1105, 0x1946, 0x10e4,
  0x08c4, 0x08a4, 0x08a4, 0x08a4, 0x08a4, 0x08a4, 0x08a4, 0x08a4, 0x08a4, 0x08a4, 0x08a3, 0x08a3,
  0x08a3, 0x08a3, 0x08a4, 0x08a4, 0x08a3, 0x08a4, 0x08a3, 0x08a3, 0x08a3, 0x08a3, 0x08a4, 0x08a4,
  0x08a4, 0x08a4, 0x08a4, 0x08a4, 0x08a4, 0x08a4, 0x08a4, 0x08a4, 0x08a4, 0x08a4, 0x08a4, 0x08a4,
  0x08a4, 0x08a4, 0x08a4, 0x08a4, 0x08a4, 0x08a3, 0x08a4, 0x08a3, 0x08a3, 0x08a4, 0x08a3, 0x08a4,
  0x08a4, 0x08a4, 0x08a4, 0x08a4, 0x08a4, 0x08a4, 0x08a4, 0x08a4, 0x08a4, 0x08a4, 0x08a4, 0x08a4,
  0x08a4, 0x08a4, 0x08a4, 0x08a4, 0x08a4, 0x08a4, 0x08a4, 0x08a4, 0x08c4, 0x08c4, 0x08c4, 0x08c4,
  0x08a4, 0x08a4, 0x08a4, 0x08a4, 0x08a4, 0x08a4, 0x08a4, 0x08a4, 0x08c4, 0x08c4, 0x08a4, 0x08a4,
  0x08a4, 0x08a4, 0x08a4, 0x08c4, 0x08a4, 0x08a4, 0x08a4, 0x08a4, 0x08a4, 0x08a4, 0x08a4, 0x08a4,
  0x08a4, 0x08a4, 0x08a4, 0x08a4, 0x08a4, 0x08a4, 0x08a4, 0x08a4, 0x08a4, 0x08a4, 0x08a4, 0x08c4,
  0x08c4, 0x08a4, 0x08a4, 0x08a4, 0x08c4, 0x08a4, 0x08a4, 0x08a4, 0x08a4, 0x08a4, 0x08a4, 0x08a4,
  0x08a4, 0x08a4, 0x08a4, 0x08a4, 0x08c4, 0x08a4, 0x08a4, 0x08a4, 0x08a4, 0x08a4, 0x08c4, 0x08a4,
  0x08a4, 0x08a4, 0x08a4, 0x08c4, 0x08a4, 0x08a3, 0x08a3, 0x0083, 0x0083, 0x0083, 0x00a3, 0x00a3,
  0x00a4, 0x08a4, 0x08a4, 0x08a4, 0x08a4, 0x00a4, 0x00a3, 0x00a3, 0x00a3, 0x00a4, 0x08a4, 0x00a4,
  0x08c4, 0x08c4, 0x08a4, 0x08a4, 0x08e5, 0x1947, 0x1967, 0x1967, 0x1967, 0x1967, 0x1967, 0x1967,
  0x1967, 0x1967, 0x1967, 0x1967, 0x1967, 0x1967, 0x1967, 0x1967, 0x1967, 0x1967, 0x1967, 0x1967,
  0x1967, 0x1967, 0x1967, 0x1946, 0x08c4, 0x0042, 0x0042, 0x0042, 0x0042, 0x0042, 0x0042, 0x0042,
  0x0042, 0x0042, 0x0042, 0x0042, 0x0042, 0x0042, 0x0042, 0x0042, 0x0042, 0x0042, 0x0042, 0x0042,
  0x0042, 0x0042, 0x0042, 0x0042, 0x0042, 0x0042, 0x0042, 0x0042, 0x0042, 0x0042, 0x0042, 0x0042,
  0x0042, 0x0042, 0x0042, 0x0042, 0x0042, 0x0042, 0x0042, 0x0042, 0x0042, 0x0022, 0x0022, 0x0042,
  0x0042, 0x0042, 0x0042, 0x0042, 0x0042, 0x0042, 0x0042, 0x0042, 0x0042, 0x0042, 0x0042, 0x0042,
  0x0042, 0x0042, 0x0042, 0x0042, 0x3983, 0x0862, 0x0042, 0x0042, 0x0042, 0x0042, 0x0042, 0x0042,
  0x0042, 0x0042, 0x0042, 0x0042, 0x0042, 0x0042, 0x0042, 0x0042, 0x0042, 0x0042, 0x0042, 0x0042,
  0x0042, 0x0042, 0x0042, 0x0042, 0x0042, 0x0042, 0x0042, 0x08a4, 0x08c4, 0x08c5, 0x08e5, 0x10e5,
  0x10e5, 0x08c4, 0x08c4, 0x08e4, 0x10e5, 0x10e5, 0x08e4, 0x10e4, 0x10e4, 0x08e5, 0x08e4, 0x08e5,
  0x10e5, 0x10e5, 0x08e5, 0x08e5, 0x08e4, 0x00a3, 0x08a3, 0x08a4, 0x08a4, 0x08a4, 0x08a4, 0x08a4,
  0x08a4, 0x08a4, 0x08a4, 0x08c4, 0x08c4, 0x08c4, 0x08c4, 0x08a4, 0x08a4, 0x08a4, 0x08a4, 0x08a4,
  0x08c4, 0x08a4, 0x08c4, 0x08c4, 0x08c4, 0x08e5, 0x08e4, 0x08e4, 0x08c4, 0x08a4, 0x08a4, 0x08a4,
  0x08a4, 0x08a4, 0x08a4, 0x08a4, 0x08a4, 0x08a4, 0x08a4, 0x08a4, 0x08a3, 0x08a4, 0x08a4, 0x08a4,
  0x08a4, 0x08a4, 0x08a3, 0x08a3, 0x08a3, 0x08a3, 0x08a4, 0x08a4, 0x08a4, 0x08a4, 0x08a4, 0x08a4,
  0x08a4, 0x08a4, 0x08a4, 0x08a4, 0x08a4, 0x08a4, 0x08a4, 0x08a4, 0x08a4, 0x08a4, 0x08a3, 0x08a4,
  0x08a4, 0x08a4, 0x08a4, 0x08a4, 0x08a4, 0x08a4, 0x08a4, 0x08a4, 0x08a3, 0x08a3, 0x08a4, 0x08a4,
  0x08a4, 0x08a4, 0x08c4, 0x08a4, 0x08a4, 0x08a4, 0x08a4, 0x08a4, 0x08a4, 0x08a4, 0x08a4, 0x08a4,
  0x08a4, 0x08a4, 0x08a4, 0x08a4, 0x08c4, 0x08c4, 0x08c4, 0x08c4, 0x08c4, 0x08c4, 0x08a4, 0x08a4,
  0x08a4, 0x08a4, 0x08a4, 0x08c4, 0x08c4, 0x08c4, 0x08a4, 0x08a4, 0x08a4, 0x08a4, 0x08a4, 0x08a4,
  0x08a4, 0x08a4, 0x08a4, 0x08a4, 0x08a4, 0x08c4, 0x08a4, 0x08a4, 0x08a4, 0x08a4, 0x08a4, 0x08a4,
  0x08a4, 0x08c4, 0x08a4, 0x08c4, 0x08a4, 0x08a4, 0x08c4, 0x08c4, 0x08c4, 0x08c4, 0x08c4, 0x08c4,
  0x08c4, 0x08a4, 0x08a4, 0x08a4, 0x08c4, 0x08c4, 0x08a4, 0x08a4, 0x08a4, 0x08c4, 0x08c4, 0x08c4,
  0x08c4, 0x08c4, 0x08a4, 0x08a4, 0x08a4, 0x08c4, 0x08c4, 0x08c4, 0x08a4, 0x08a4, 0x08a4, 0x08c4,
  0x08a4, 0x08a3, 0x08a3, 0x08a3, 0x08a3, 0x08a3, 0x08a3, 0x08a3, 0x08a4, 0x08a4, 0x08a4, 0x08a4,
  0x08a3, 0x08a3, 0x08a3, 0x08a3, 0x08a3, 0x08c4, 0x08c4, 0x08c4, 0x08c4, 0x08c4, 0x08a4, 0x08a3,
  0x08a3, 0x08c4, 0x10e4, 0x10e5, 0x08e5, 0x10e5, 0x08e4, 0x08e4, 0x08c4, 0x08e4, 0x08e4, 0x08e4,
  0x08e4, 0x08c4, 0x08e5, 0x10e5, 0x1105, 0x1105, 0x10e4, 0x08c4, 0x08c4, 0x08c5, 0x08c4, 0x08a4,
  0x0042, 0x0042, 0x0042, 0x0042, 0x0042, 0x0062, 0x0042, 0x0042, 0x0042, 0x0042, 0x0042, 0x0042,
  0x0042, 0x0042, 0x0042, 0x0042, 0x0042, 0x0042, 0x0042, 0x0042, 0x0042, 0x0042, 0x0042, 0x0042,
  0x0042, 0x0042, 0x0042, 0x0042, 0x0042, 0x0042, 0x0042, 0x0042, 0x0042, 0x0042, 0x0042, 0x0042,
  0x0062, 0x0042, 0x0042, 0x0042, 0x0042, 0x0042, 0x0042, 0x0042, 0x0042, 0x0042, 0x0042, 0x0042,
  0x0042, 0x0042, 0x0042, 0x0042, 0x0042, 0x0042, 0x0042, 0x0042, 0x0042, 0x0042, 0x0042, 0x0042,
  0x0062, 0x3983, 0x0042, 0x0042, 0x0042, 0x0042, 0x0042, 0x0042, 0x0042, 0x0063, 0x0042, 0x0042,
  0x0042, 0x0042, 0x0042, 0x0042, 0x0042, 0x0042, 0x0042, 0x0042, 0x08a3, 0x0042, 0x0042, 0x0042,
  0x0042, 0x0042, 0x0042, 0x0062, 0x0062, 0x0042, 0x0062, 0x0062, 0x0062, 0x2167, 0x29e9, 0x31e9,
  0x29e9, 0x29c8, 0x29c8, 0x29c8, 0x29c8, 0x21a7, 0x2167, 0x1946, 0x1926, 0x1105, 0x10e4, 0x08c4,
  0x08a3, 0x08a3, 0x08a4, 0x08c4, 0x08c4, 0x08c4, 0x08a4, 0x08c4, 0x08a4, 0x08c4, 0x08c4, 0x08c4,
  0x08c4, 0x08a4, 0x08a4, 0x08a3, 0x08a3, 0x08a3, 0x08a3, 0x08a3, 0x08a3, 0x08a4, 0x08c4, 0x08a4,
  0x08a3, 0x08a4, 0x08a4, 0x08c4, 0x08a4, 0x08a4, 0x08c4, 0x08c4, 0x08a4, 0x08a4, 0x08a4, 0x08a4,
  0x08a4, 0x08a4, 0x08a4, 0x08a4, 0x08a4, 0x08a4, 0x08a4, 0x08a4, 0x08a4, 0x08a4, 0x08a4, 0x08a3,
  0x08a3, 0x08a4, 0x08c4, 0x08a4, 0x08a4, 0x08a4, 0x08a4, 0x08a4, 0x08a4, 0x08c4, 0x08c4, 0x08a4,
  0x08a4, 0x08a4, 0x08a4, 0x08a4, 0x08a4, 0x08a4, 0x08a3, 0x08a4, 0x08a4, 0x08a3, 0x08a4, 0x08a4,
  0x08a4, 0x08a4, 0x08a4, 0x08a4, 0x08a4, 0x08a3, 0x08a3, 0x08a3, 0x08a4, 0x08c4, 0x08c4, 0x08c4,
  0x08c4, 0x08a4, 0x08a4, 0x08a4, 0x08a4, 0x08a3, 0x08a4, 0x08c4, 0x08c4, 0x08c4, 0x08c4, 0x08c4,
  0x08c4, 0x08c4, 0x08c4, 0x08a4, 0x08c4, 0x08c4, 0x08c4, 0x08a4, 0x08a4, 0x08c4, 0x08c4, 0x08c4,
  0x08a4, 0x08a4, 0x08c4, 0x08c4, 0x08a4, 0x08a4, 0x08a4, 0x08a4, 0x08a4, 0x08a4, 0x08a4, 0x08a4,
  0x08a4, 0x08a4, 0x08a4, 0x08a4, 0x08a4, 0x08a3, 0x08a3, 0x08a4, 0x08c4, 0x08c4, 0x08a4, 0x08a4,
  0x08a4, 0x08a4, 0x08a4, 0x08c4, 0x08c4, 0x08c4, 0x08c4, 0x08c4, 0x08c4, 0x08a4, 0x08a4, 0x08c4,
  0x08c4, 0x08c4, 0x08c4, 0x08c4, 0x08c4, 0x08c4, 0x08a4, 0x08c4, 0x08c4, 0x08c4, 0x08a4, 0x08c4,
  0x08c4, 0x08a4, 0x08a4, 0x08c4, 0x08c4, 0x08c4, 0x08a4, 0x08a4, 0x08a4, 0x08a3, 0x08a3, 0x0883,
  0x08a3, 0x08a3, 0x08a4, 0x08a4, 0x08a4, 0x08a3, 0x08a3, 0x08a3, 0x08a3, 0x08a3, 0x08a3, 0x08a3,
  0x08a3, 0x08a3, 0x08a4, 0x08a3, 0x08a4, 0x08a4, 0x08a4, 0x08a3, 0x08a3, 0x08a3, 0x08a3, 0x08c4,
  0x08e5, 0x10e5, 0x1105, 0x1926, 0x1926, 0x1967, 0x2187, 0x2187, 0x21a8, 0x2187, 0x2187, 0x2188,
  0x21a8, 0x1946, 0x0063, 0x0042, 0x0042, 0x0042, 0x0042, 0x0042, 0x0042, 0x0042, 0x0042, 0x0042,
  0x0062, 0x0042, 0x0042, 0x0042, 0x0042, 0x0042, 0x0042, 0x0042, 0x0042, 0x0042, 0x0042, 0x0042,
  0x0042, 0x0042, 0x0042, 0x0042, 0x0062, 0x0042, 0x0042, 0x0042, 0x0042, 0x0042, 0x0042, 0x0042,
  0x0042, 0x0042, 0x0042, 0x0042, 0x0042, 0x0042, 0x0042, 0x0042, 0x0042, 0x0042, 0x0042, 0x0042,
  0x0042, 0x0042, 0x0042, 0x0042, 0x0062, 0x0042, 0x0042, 0x0042, 0x0042, 0x0042, 0x0062, 0x0042,
  0x0042, 0x0042, 0x0042, 0x0042, 0x0042, 0x0042, 0x0042, 0x0042, 0x0042, 0x41a3, 0x18c2, 0x0042,
  0x0042, 0x0042, 0x0042, 0x0042, 0x0042, 0x0083, 0x0042, 0x0042, 0x0042, 0x0042, 0x0042, 0x0042,
  0x0042, 0x0042, 0x0042, 0x0062, 0x0042, 0x0042, 0x0042, 0x0042, 0x0042, 0x0042, 0x0062, 0x0062,
  0x0063, 0x0042, 0x0042, 0x0042, 0x0062, 0x0083, 0x42ac, 0x42cd, 0x42cc, 0x3aac, 0x3aac, 0x3a8c,
  0x3a8c, 0x322a, 0x29e9, 0x29c9, 0x2188, 0x1947, 0x1126, 0x10e5, 0x08c4, 0x08c4, 0x08a4, 0x08a4,
  0x08a4, 0x08c4, 0x08c4, 0x4a8a, 0x8410, 0x8410, 0x8410, 0x8410, 0x8410, 0x840f, 0x840f, 0x840f,
  0x8410, 0x8410, 0x8410, 0x8410, 0x8410, 0x8410, 0x8410, 0x8430, 0x7bef, 0x2125, 0x08a4, 0x08a4,
  0x08a4, 0x08a4, 0x08c4, 0x08c4, 0x6b8e, 0x7bef, 0x7bef, 0x7bef, 0x840f, 0x8410, 0x8410, 0x8430,
  0x8430, 0x8410, 0x8410, 0x8410, 0x8410, 0x8410, 0x7c0f, 0x7bef, 0x7bef, 0x10e5, 0x08c4, 0x08c4,
  0x08a4, 0x08a4, 0x08a3, 0x08a3, 0x7bcf, 0x8410, 0x7bef, 0x7bef, 0x8410, 0x8430, 0x3a08, 0x08a4,
  0x08a4, 0x08a4, 0x08a4, 0x08a4, 0x08a4, 0x08a4, 0x08a4, 0x08a4, 0x08a4, 0x08a3, 0x634d, 0x73cf,
  0x7bef, 0x7bef, 0x7bcf, 0x73ae, 0x4a69, 0x08c4, 0x08c4, 0x08c4, 0x10e4, 0x73af, 0x7bef, 0x7bef,
  0x7bef, 0x8410, 0x8410, 0x4249, 0x08a4, 0x08a4, 0x08a4, 0x08c4, 0x08c4, 0x08c4, 0x08c4, 0x08c4,
  0x08c4, 0x08a4, 0x08a4, 0x632d, 0x7bef, 0x8410, 0x7bef, 0x73cf, 0x7bef, 0x5b0c, 0x08c4, 0x08c4,
  0x08c4, 0x08a4, 0x08a4, 0x08a4, 0x08a4, 0x08a4, 0x08a4, 0x08a4, 0x08c4, 0x08a4, 0x630c, 0x7bef,
  0x7c0f, 0x7c0f, 0x7bef, 0x7bef, 0x6b6d, 0x08a4, 0x08a4, 0x08a4, 0x08a4, 0x08a4, 0x08c4, 0x08c4,
  0x08c4, 0x08c4, 0x08c4, 0x08c4, 0x08c4, 0x52cb, 0x7bef, 0x7bcf, 0x7bcf, 0x7bcf, 0x7c10, 0x39e8,
  0x08a4, 0x08a4, 0x08c4, 0x08c4, 0x08c4, 0x08c4, 0x08c4, 0x08a4, 0x08a4, 0x632c, 0x7bcf, 0x7bef,
  0x7bef, 0x7bef, 0x31c7, 0x08a3, 0x08a3, 0x08a3, 0x1925, 0x73cf, 0x73af, 0x7bcf, 0x7bef, 0x840f,
  0x7bef, 0x7bef, 0x7bef, 0x7bef, 0x7bef, 0x7bef, 0x7bef, 0x7bef, 0x7c0f, 0x840f, 0x840f, 0x4a69,
  0x08a3, 0x08a3, 0x08a4, 0x08a4, 0x08a4, 0x08a3, 0x08a4, 0x08c4, 0x1126, 0x1946, 0x1967, 0x2187,
  0x21a8, 0x29e9, 0x29e9, 0x2a0a, 0x322a, 0x324b, 0x324b, 0x322a, 0x322a, 0x2188, 0x0063, 0x0062,
  0x0042, 0x0042, 0x0042, 0x0042, 0x0042, 0x0042, 0x0042, 0x0042, 0x0042, 0x0042, 0x0042, 0x0042,
  0x0042, 0x0042, 0x0042, 0x0042, 0x0042, 0x0042, 0x0042, 0x0042, 0x0042, 0x0042, 0x0042, 0x0042,
  0x0042, 0x0042, 0x0042, 0x0042, 0x0042, 0x0042, 0x0042, 0x0042, 0x0042, 0x0042, 0x0042, 0x0042,
  0x0042, 0x0042, 0x0042, 0x0042, 0x0042, 0x0042, 0x0042, 0x0042, 0x0042, 0x0042, 0x0042, 0x0042,
  0x0062, 0x0062, 0x0042, 0x0042, 0x0042, 0x0042, 0x0063, 0x0042, 0x0042, 0x0042, 0x0042, 0x0042,
  0x0042, 0x0042, 0x0042, 0x0042, 0x0042, 0x20e3, 0x3943, 0x0042, 0x0042, 0x0042, 0x0042, 0x0042,
  0x0042, 0x0062, 0x0042, 0x0042, 0x0042, 0x0063, 0x0042, 0x0042, 0x0042, 0x0042, 0x0062, 0x0062,
  0x0062, 0x0062, 0x0042, 0x0042, 0x0042, 0x0042, 0x0042, 0x0042, 0x0042, 0x0043, 0x0042, 0x0063,
  0x0063, 0x0063, 0x2166, 0x3a6b, 0x42cd, 0x42ed, 0x42ac, 0x3a6b, 0x324a, 0x29e9, 0x29e9, 0x21a8,
  0x1967, 0x1926, 0x10e5, 0x08c4, 0x08c4, 0x08c4, 0x08a4, 0x08c4, 0x08a4, 0x08c4, 0x08a4, 0x8431,
  0xcebb, 0xceba, 0xce9a, 0xce9a, 0xc69a, 0xc69a, 0xce9a, 0xce9a, 0xceba, 0xceba, 0xceba, 0xce9a,
  0xce9a, 0xce9a, 0xc67a, 0xc69a, 0xdf1c, 0x4249, 0x08a4, 0x08a4, 0x08a4, 0x08a4, 0x08a4, 0x0063,
  0xbdf8, 0xcebb, 0xce9a, 0xce9a, 0xce9a, 0xce9a, 0xce9a, 0xceba, 0xceba, 0xcebb, 0xcebb, 0xce9a,
  0xce9a, 0xc69a, 0xce9a, 0xceba, 0xce9a, 0x2145, 0x08a3, 0x08a3, 0x08a4, 0x08c4, 0x08c4, 0x10c3,
  0xce9a, 0xc67a, 0xc69a, 0xce9a, 0xce9a, 0xce9a, 0x73ae, 0x08a4, 0x08c4, 0x08c4, 0x08a4, 0x08c4,
  0x08c4, 0x08a4, 0x08a4, 0x08a4, 0x08a3, 0x0001, 0xb5f7, 0xc67a, 0xceba, 0xd6bb, 0xcebb, 0xcebb,
  0x8c92, 0x08a3, 0x08a3, 0x08a3, 0x2125, 0xce9a, 0xc67a, 0xc69a, 0xceba, 0xceba, 0xce9a, 0x7bf0,
  0x0083, 0x08a3, 0x08c4, 0x08c4, 0x08c4, 0x08c4, 0x08c4, 0x08c4, 0x08c4, 0x08a3, 0x0062, 0xa575,
  0xce9a, 0xceba, 0xce9a, 0xc67a, 0xce9a, 0xb596, 0x08a3, 0x08a4, 0x08a4, 0x08a4, 0x08a4, 0x08a4,
  0x08c4, 0x08c4, 0x08c4, 0x08a4, 0x08a4, 0x08c4, 0xa535, 0xce9a, 0xce9a, 0xceba, 0xcebb, 0xce9a,
  0xbe18, 0x0883, 0x08a4, 0x08a4, 0x08a4, 0x08a4, 0x08c4, 0x08c4, 0x08c4, 0x08c4, 0x08c4, 0x08c4,
  0x08a3, 0x9d14, 0xce9a, 0xc67a, 0xce9a, 0xce9a, 0xd6db, 0x6b4d, 0x0083, 0x08a4, 0x08c4, 0x08c4,
  0x08c4, 0x08c4, 0x08a4, 0x08a4, 0x0882, 0xb5d7, 0xce9a, 0xce9a, 0xcebb, 0xd6fc, 0x6b4d, 0x08a3,
  0x08a3, 0x08a3, 0x39c7, 0xd6fc, 0xce9a, 0xce9a, 0xceba, 0xceba, 0xce9a, 0xce9a, 0xce9a, 0xce9a,
  0xce9a, 0xce9a, 0xce9a, 0xce9a, 0xce9a, 0xce9a, 0xc679, 0x73cf, 0x0063, 0x08a4, 0x08a4, 0x08a4,
  0x08a4, 0x08a4, 0x08a4, 0x08e4, 0x08e4, 0x10e5, 0x1946, 0x1967, 0x2167, 0x2187, 0x21a8, 0x29c9,
  0x2a0a, 0x324b, 0x324b, 0x322a, 0x1966, 0x0062, 0x0062, 0x0063, 0x0042, 0x0042, 0x0042, 0x0042,
  0x0042, 0x0042, 0x0042, 0x0042, 0x0042, 0x0042, 0x0042, 0x0042, 0x0042, 0x0042, 0x0062, 0x0042,
  0x0042, 0x0042, 0x0042, 0x0062, 0x0062, 0x0042, 0x0042, 0x0062, 0x0042, 0x0042, 0x0042, 0x0042,
  0x0042, 0x0042, 0x0042, 0x0042, 0x0042, 0x0042, 0x0042, 0x0042, 0x0042, 0x0042, 0x0042, 0x0042,
  0x0042, 0x0042, 0x0042, 0x0042, 0x0042, 0x0042, 0x0022, 0x0042, 0x0042, 0x0042, 0x0042, 0x0042,
  0x0042, 0x0042, 0x0042, 0x0042, 0x0042, 0x0042, 0x0042, 0x0042, 0x0042, 0x0042, 0x0062, 0x0042,
  0x0063, 0x0062, 0x3963, 0x18a2, 0x0042, 0x0042, 0x0042, 0x0042, 0x0042, 0x0042, 0x0042, 0x0042,
  0x0042, 0x0062, 0x0062, 0x0042, 0x0063, 0x0063, 0x0062, 0x0062, 0x0062, 0x0042, 0x0042, 0x0063,
  0x0062, 0x0042, 0x0063, 0x0063, 0x0062, 0x0042, 0x0063, 0x0063, 0x0063, 0x0063, 0x0063, 0x29c8,
  0x3a6b, 0x3a6b, 0x322a, 0x3209, 0x29c8, 0x29a8, 0x21a8, 0x21a8, 0x2188, 0x1946, 0x1926, 0x1125,
  0x08c4, 0x08c4, 0x08c4, 0x08c4, 0x08c4, 0x08c4, 0x8cb2, 0xb5f8, 0xbe18, 0xbe18, 0xbe18, 0xb618,
  0xb618, 0xb618, 0xb618, 0xb618, 0xbe18, 0xbe18, 0xbe18, 0xbe18, 0xbe18, 0xb618, 0xb5f8, 0xb5f8,
  0xd6fb, 0x4a49, 0x08c4, 0x08c4, 0x08c4, 0x08c4, 0x08a3, 0xb5f8, 0xb618, 0xbe18, 0xbe39, 0xbe39,
  0xbe39, 0xbe39, 0xbe39, 0xbe39, 0xbe39, 0xbe39, 0xbe39, 0xbe39, 0xbe39, 0xbe18, 0xbe18, 0xbe39,
  0xbe18, 0xbe19, 0x632c, 0x08a3, 0x08c4, 0x08c4, 0x08e4, 0x08a3, 0xbe18, 0xb5f8, 0xb5f8, 0xbe18,
  0xbe18, 0xbe18, 0xdefb, 0x4a69, 0x08c4, 0x08c4, 0x08a4, 0x08c4, 0x08c4, 0x08c4, 0x08c4, 0x08a4,
  0x0883, 0xadb7, 0xb618, 0xb618, 0xbe18, 0xbe39, 0xbe39, 0xc67a, 0x8451, 0x08a3, 0x08a4, 0x08a4,
  0x1904, 0xc659, 0xb5f8, 0xbe18, 0xbe18, 0xbe18, 0xb618, 0xbe39, 0x5b0c, 0x08c4, 0x08c4, 0x08c4,
  0x08c4, 0x08c4, 0x08c4, 0x08c4, 0x08e4, 0x08a4, 0xa535, 0xb618, 0xb5f8, 0xbe18, 0xbe38, 0xbe39,
  0xbe39, 0xad96, 0x0883, 0x08a4, 0x08c4, 0x08c4, 0x08c4, 0x08c4, 0x08c4, 0x08c4, 0x08a4, 0x08a3,
  0x08a3, 0x0883, 0x9d14, 0xbe18, 0xbe18, 0xbe39, 0xbe39, 0xbe18, 0xb5d7, 0x0883, 0x08a4, 0x08c4,
  0x08c4, 0x08a4, 0x08c4, 0x08c4, 0x08c4, 0x08c4, 0x08c4, 0x08c4, 0x0883, 0x94d3, 0xbe38, 0xbe18,
  0xbe38, 0xbe38, 0xbe39, 0xc679, 0x73cf, 0x08c4, 0x08c4, 0x08c4, 0x08c4, 0x08c4, 0x08c4, 0x08c4,
  0x0882, 0xb5b7, 0xbe39, 0xbe39, 0xbe39, 0xce9a, 0x6b6d, 0x08a3, 0x08a3, 0x08a3, 0x31c7, 0xcebb,
  0xbe18, 0xbe18, 0xbe18, 0xbe18, 0xbe18, 0xb618, 0xb618, 0xb618, 0xb618, 0xbe18, 0xbe18, 0xbe18,
  0xb618, 0xb618, 0xb5f8, 0xbe18, 0x8c91, 0x08a4, 0x08a4, 0x08a4, 0x08a4, 0x08c4, 0x08c4, 0x08c4,
  0x1126, 0x1126, 0x1947, 0x1967, 0x2167, 0x2187, 0x2167, 0x2167, 0x29c8, 0x29e9, 0x29c9, 0x2188,
  0x0063, 0x0042, 0x0042, 0x0062, 0x0042, 0x0042, 0x0042, 0x0042, 0x0042, 0x0042, 0x0042, 0x0042,
  0x0042, 0x0042, 0x0042, 0x0042, 0x0042, 0x0063, 0x0042, 0x0042, 0x0042, 0x0042, 0x0042, 0x0062,
  0x0063, 0x0042, 0x0042, 0x0042, 0x0042, 0x0042, 0x0042, 0x0042, 0x0042, 0x0042, 0x0062, 0x0062,
  0x0042, 0x0042, 0x0042, 0x0042, 0x0042, 0x0042, 0x0042, 0x0042, 0x0042, 0x0042, 0x0042, 0x0042,
  0x0042, 0x0042, 0x0042, 0x0042, 0x0042, 0x0042, 0x0083, 0x0062, 0x0042, 0x0062, 0x0062, 0x0042,
  0x0042, 0x0042, 0x0042, 0x0042, 0x0062, 0x0042, 0x0042, 0x0042, 0x0062, 0x0062, 0x18c2, 0x4183,
  0x0042, 0x0042, 0x0042, 0x0062, 0x0042, 0x0042, 0x0042, 0x0042, 0x0062, 0x0062, 0x0062, 0x0062,
  0x0063, 0x0042, 0x0062, 0x0062, 0x0042, 0x0042, 0x0042, 0x0062, 0x0062, 0x0063, 0x0042, 0x0063,
  0x0063, 0x0062, 0x0063, 0x0042, 0x0063, 0x0063, 0x0063, 0x0063, 0x0062, 0x0063, 0x0063, 0x0062,
  0x0042, 0x0063, 0x0083, 0x0083, 0x0083, 0x0063, 0x0083, 0x08a3, 0x08a3, 0x08a4, 0x08c4, 0x08c4,
  0x08c4, 0xbdf8, 0xadb7, 0xb5f8, 0xb618, 0xbe18, 0xb618, 0xb618, 0xb618, 0xbe18, 0xbe18, 0xbe18,
  0xbe18, 0xbe18, 0xbe18, 0xbe18, 0xbe18, 0xbe18, 0xbe18, 0xb618, 0xd6db, 0x4249, 0x08a4, 0x08c4,
  0x08c4, 0x6b6d, 0xc638, 0xbe18, 0xbe18, 0xbe18, 0xbe18, 0xbe39, 0xbe39, 0xbe39, 0xbe39, 0xbe39,
  0xbe39, 0xbe39, 0xbe39, 0xbe39, 0xbe39, 0xbe39, 0xbe18, 0xbe18, 0xbe18, 0xbe18, 0xbe18, 0x7c10,
  0x08a3, 0x08a4, 0x08c4, 0x08a3, 0xc639, 0xbe18, 0xbe18, 0xbe18, 0xbe18, 0xbe18, 0xc659, 0xb5b6,
  0x2145, 0x08a4, 0x08a4, 0x08c4, 0x08c4, 0x08c4, 0x08c4, 0x08c4, 0x8cb2, 0xb5f8, 0xbe38, 0xbe38,
  0xbe18, 0xbe38, 0xbe39, 0xc67a, 0x8c71, 0x08a4, 0x08c4, 0x08c4, 0x1904, 0xc679, 0xbe18, 0xbe38,
  0xbe18, 0xbe18, 0xbe18, 0xbe39, 0xb5d7, 0x4a6a, 0x08c4, 0x08c4, 0x08c4, 0x08c4, 0x08c4, 0x08c4,
  0x08e5, 0xa535, 0xb5f7, 0xb618, 0xbe18, 0xbe18, 0xbe18, 0xbe38, 0xc659, 0xb596, 0x0883, 0x08c4,
  0x08c4, 0x08c4, 0x08c4, 0x08c4, 0x08c4, 0x08c4, 0x08c4, 0x08c4, 0x10a3, 0xb5d7, 0xbe18, 0xbe18,
  0xbe38, 0xbe38, 0xbe18, 0xb618, 0xb5f8, 0xbe18, 0x2966, 0x08c4, 0x08c4, 0x08c4, 0x08c4, 0x08c4,
  0x08c4, 0x08c4, 0x08c4, 0x08c4, 0x08a3, 0x9cf3, 0xbe59, 0xbe38, 0xbe38, 0xbe38, 0xbe18, 0xbe38,
  0xbe18, 0x7bf0, 0x08c5, 0x08c4, 0x08c4, 0x08c4, 0x08c4, 0x08c4, 0x0882, 0xb5d7, 0xbe39, 0xbe18,
  0xbe38, 0xcebb, 0x6b4d, 0x08a3, 0x08a4, 0x08c4, 0x39e7, 0xce9a, 0xbe18, 0xbe18, 0xbe18, 0xb618,
  0xb618, 0xbe18, 0xbe18, 0xbe18, 0xbe18, 0xbe18, 0xbe18, 0xbe18, 0xbe18, 0xb618, 0xb618, 0xbe18,
  0xb5f8, 0xad96, 0x08a4, 0x08c4, 0x08c4, 0x08c4, 0x08c4, 0x08a4, 0x08a3, 0x08a3, 0x0883, 0x00a3,
  0x08a4, 0x00a3, 0x0083, 0x0063, 0x0062, 0x0063, 0x0063, 0x0063, 0x0063, 0x0062, 0x0042, 0x0062,
  0x0042, 0x0042, 0x0042, 0x0042, 0x0042, 0x0062, 0x0042, 0x0042, 0x0042, 0x0042, 0x0042, 0x0042,
  0x0042, 0x0063, 0x0062, 0x0042, 0x0062, 0x0042, 0x0042, 0x0042, 0x0062, 0x0042, 0x0042, 0x0042,
  0x0042, 0x0062, 0x0042, 0x0042, 0x0062, 0x0062, 0x0042, 0x0042, 0x0042, 0x0062, 0x0042, 0x0042,
  0x0042, 0x0042, 0x0042, 0x0042, 0x0042, 0x0042, 0x0042, 0x0042, 0x0042, 0x0042, 0x0042, 0x0042,
  0x0042, 0x0042, 0x0042, 0x0042, 0x0042, 0x0042, 0x0062, 0x0042, 0x0042, 0x0042, 0x0042, 0x0043,
  0x0042, 0x0042, 0x0042, 0x0062, 0x0042, 0x0062, 0x0042, 0x5204, 0x0862, 0x0042, 0x0042, 0x0042,
  0x0042, 0x0042, 0x0062, 0x0062, 0x0062, 0x0062, 0x0062, 0x0063, 0x0043, 0x0063, 0x0062, 0x0062,
  0x0062, 0x0062, 0x0063, 0x0062, 0x0062, 0x0062, 0x0062, 0x0063, 0x0063, 0x0062, 0x0063, 0x0062,
  0x0063, 0x0063, 0x0063, 0x0062, 0x0062, 0x0063, 0x0062, 0x322a, 0x3229, 0x3209, 0x2a09, 0x29e8,
  0x29e8, 0x1967, 0x10e5, 0x10e4, 0x08a4, 0x08a4, 0x08a4, 0x08c4, 0x08a3, 0xce9a, 0xb5f8, 0xb618,
  0xb618, 0xb618, 0xb618, 0xb618, 0xbe18, 0xbe38, 0xbe39, 0xbe39, 0xbe18, 0xbe18, 0xb618, 0xb618,
  0xbe18, 0xbe18, 0xbe19, 0xbe39, 0xd6fb, 0x4249, 0x08a3, 0x08a3, 0x08a4, 0x73ae, 0xd6bb, 0xbe38,
  0xbe38, 0xbe38, 0xbe38, 0xbe18, 0xbe38, 0xbe39, 0xbe39, 0xbe39, 0xbe39, 0xbe39, 0xbe39, 0xbe39,
  0xbe39, 0xbe39, 0xbe18, 0xbe18, 0xbe18, 0xbe18, 0xce9a, 0x8c92, 0x08a3, 0x08c4, 0x08c4, 0x08a3,
  0xc659, 0xbe18, 0xbe18, 0xbe18, 0xbe18, 0xbe18, 0xbe38, 0xc659, 0x73af, 0x08a3, 0x08a4, 0x08a4,
  0x08a4, 0x08a4, 0x08c4, 0x00a4, 0xbe18, 0xc659, 0xbe39, 0xbe38, 0xbe18, 0xbe18, 0xbe39, 0xc67a,
  0x8c71, 0x08c4, 0x08c4, 0x08c4, 0x1904, 0xc67a, 0xbe38, 0xbe18, 0xbe18, 0xbe38, 0xbe39, 0xbe59,
  0xce9a, 0x9cf3, 0x08a4, 0x08c4, 0x08c4, 0x08c4, 0x08c4, 0x08c4, 0x08c4, 0xb5d7, 0xc659, 0xbe18,
  0xbe18, 0xbe18, 0xbe18, 0xbe18, 0xc659, 0xb596, 0x08a3, 0x08c4, 0x08c4, 0x08c4, 0x08c4, 0x08c4,
  0x08a4, 0x08a4, 0x08c4, 0x08c4, 0x10c4, 0xce7a, 0xbe39, 0xbe39, 0xbe18, 0xb618, 0xb618, 0xb618,
  0xbe18, 0xd6db, 0x3186, 0x08c4, 0x08a4, 0x08c4, 0x08c4, 0x08c4, 0x08c4, 0x08c4, 0x08c4, 0x08c4,
  0x08a3, 0x9d14, 0xc659, 0xbe38, 0xbe38, 0xbe38, 0xbe38, 0xbe39, 0xc67a, 0xb5d7, 0x6b8e, 0x08a4,
  0x08a4, 0x08c4, 0x08c4, 0x08c4, 0x0882, 0xb5d7, 0xbe39, 0xbe38, 0xbe39, 0xcebb, 0x634c, 0x08a3,
  0x08a4, 0x08c4, 0x39e7, 0xce9a, 0xbe18, 0xb618, 0xb618, 0xb618, 0xb618, 0xbe18, 0xbe39, 0xbe39,
  0xbe39, 0xbe18, 0xb618, 0xb618, 0xb618, 0xb618, 0xb618, 0xbe39, 0xbe39, 0xc639, 0x9cd3, 0x2986,
  0x08c4, 0x08c4, 0x08c4, 0x08c4, 0x08c4, 0x10e4, 0x1105, 0x1105, 0x1967, 0x29c8, 0x29c8, 0x29c8,
  0x1966, 0x0063, 0x0063, 0x0063, 0x0063, 0x0063, 0x0042, 0x0062, 0x0042, 0x0042, 0x0042, 0x0062,
  0x0062, 0x0042, 0x0042, 0x0042, 0x0042, 0x0062, 0x0062, 0x0062, 0x0042, 0x0063, 0x0062, 0x0062,
  0x4a29, 0x0042, 0x0042, 0x0062, 0x0062, 0x0062, 0x0042, 0x0042, 0x0062, 0x0062, 0x0042, 0x0042,
  0x0042, 0x0062, 0x0042, 0x0042, 0x0062, 0x0062, 0x0042, 0x0042, 0x0042, 0x0042, 0x0042, 0x0042,
  0x0042, 0x0042, 0x0042, 0x0042, 0x0042, 0x0042, 0x0042, 0x0042, 0x0042, 0x0042, 0x0042, 0x0042,
  0x0042, 0x0042, 0x0042, 0x0042, 0x0042, 0x0042, 0x0042, 0x0042, 0x0042, 0x0042, 0x0042, 0x0042,
  0x0042, 0x0042, 0x0042, 0x3123, 0x49e3, 0x0042, 0x0042, 0x0042, 0x0042, 0x0042, 0x0042, 0x0042,
  0x0042, 0x0062, 0x0062, 0x0062, 0x0062, 0x0063, 0x0062, 0x0063, 0x0063, 0x0062, 0x0062, 0x0062,
  0x0062, 0x0062, 0x0062, 0x0062, 0x0062, 0x0063, 0x0063, 0x0063, 0x0063, 0x0063, 0x0063, 0x0062,
  0x0062, 0x0063, 0x0042, 0x42cd, 0x42ac, 0x3a8c, 0x3a6b, 0x322a, 0x320a, 0x29c9, 0x21a8, 0x2187,
  0x08c4, 0x08c4, 0x08c4, 0x08c4, 0x0862, 0xce7a, 0xbe18, 0xbe18, 0xb618, 0xbe18, 0x9d35, 0xa576,
  0xad96, 0xad96, 0xa576, 0xa576, 0xa576, 0xa555, 0xa555, 0xa555, 0xa576, 0xa575, 0xa555, 0xa576,
  0xb5f7, 0x3a08, 0x08a4, 0x08a3, 0x08a3, 0x6b8e, 0xce9a, 0xbe39, 0xbe39, 0xbe39, 0xbe38, 0x9d55,
  0x9d35, 0xa555, 0xa555, 0xa576, 0xa576, 0xa576, 0xa576, 0xa576, 0xa576, 0xad96, 0xb5f8, 0xbe39,
  0xbe38, 0xbe38, 0xc67a, 0x8c92, 0x08c4, 0x08c4, 0x08c4, 0x10a3, 0xc659, 0xbe18, 0xbe18, 0xbe18,
  0xbe18, 0xbe18, 0xbe39, 0xbe39, 0xa555, 0x31a7, 0x08a3, 0x08c4, 0x08c4, 0x08a4, 0x2966, 0x5b0c,
  0xbdf8, 0xc659, 0xbe39, 0xbe38, 0xbe18, 0xbe18, 0xbe39, 0xc67a, 0x8c92, 0x08c4, 0x08c4, 0x08c4,
  0x1904, 0xc67a, 0xbe18, 0xbe18, 0xbe38, 0xbe39, 0xbe39, 0xc659, 0xc659, 0xc659, 0x4a6a, 0x08a3,
  0x08c4, 0x08c4, 0x08c4, 0x10c4, 0x5b0c, 0xadb6, 0xbe39, 0xbe38, 0xbe38, 0xbe18, 0xbe18, 0xbe18,
  0xc659, 0xb596, 0x08a3, 0x08c4, 0x08c4, 0x08c4, 0x08c4, 0x08c4, 0x08c4, 0x08a3, 0x08a3, 0x2986,
  0x630c, 0xce7a, 0xc659, 0xc659, 0xbe18, 0xa555, 0xadb7, 0xb618, 0xbe18, 0xd6db, 0x6b6d, 0x31a7,
  0x08a4, 0x08c4, 0x08c4, 0x08c4, 0x08c4, 0x08c4, 0x08c4, 0x08c4, 0x08a3, 0x9cf3, 0xc659, 0xbe38,
  0xbe39, 0xbe39, 0xbe39, 0xbe39, 0xc659, 0xc67a, 0xa534, 0x4a8a, 0x08a4, 0x08c4, 0x08c4, 0x08c4,
  0x0882, 0xb5b7, 0xbe39, 0xbe39, 0xbe39, 0xd6db, 0x634c, 0x08a3, 0x08a4, 0x08a4, 0x31c7, 0xce9a,
  0xbe18, 0xbe18, 0xb618, 0xbe38, 0x9d35, 0xa576, 0xa576, 0xad76, 0xa576, 0xa555, 0xa555, 0xa555,
  0xa576, 0xbe39, 0xbe39, 0xbe39, 0xbe39, 0xbe39, 0xce9a, 0x39e8, 0x08a3, 0x08a3, 0x08a4, 0x08c4,
  0x2167, 0x2187, 0x2188, 0x21a8, 0x21c8, 0x29e9, 0x2a0a, 0x2a09, 0x2187, 0x0063, 0x0063, 0x0063,
  0x0063, 0x0063, 0x0063, 0x0062, 0x0042, 0x0042, 0x0042, 0x0042, 0x0042, 0x0042, 0x0062, 0x0042,
  0x0042, 0x0062, 0x0062, 0x0062, 0x0042, 0x0042, 0x0042, 0x0062, 0x0042, 0x0042, 0x0042, 0x0042,
  0x0042, 0x0042, 0x0042, 0x0042, 0x0042, 0x0042, 0x0042, 0x0042, 0x0042, 0x0042, 0x0042, 0x0042,
  0x0882, 0x0042, 0x0042, 0x0042, 0x0042, 0x0042, 0x0042, 0x0042, 0x0042, 0x0042, 0x0042, 0x0042,
  0x0042, 0x0042, 0x0042, 0x0042, 0x0042, 0x0042, 0x0042, 0x0062, 0x0042, 0x0042, 0x0042, 0x0042,
  0x0042, 0x0062, 0x0062, 0x0062, 0x0042, 0x0042, 0x0042, 0x0042, 0x0042, 0x0062, 0x0062, 0x0062,
  0x6a84, 0x0042, 0x0042, 0x0042, 0x0042, 0x0042, 0x0042, 0x0063, 0x0042, 0x0042, 0x0062, 0x0062,
  0x0062, 0x0063, 0x0062, 0x0063, 0x0063, 0x0063, 0x0063, 0x0063, 0x0063, 0x0063, 0x0063, 0x0063,
  0x0062, 0x0063, 0x0063, 0x0063, 0x0063, 0x0063, 0x0063, 0x0063, 0x0063, 0x0063, 0x0063, 0x0083,
  0x324b, 0x324b, 0x322a, 0x29e9, 0x21c8, 0x21c8, 0x1946, 0x1105, 0x08c4, 0x08c4, 0x08a4, 0x08c4,
  0x0862, 0xce9a, 0xbe18, 0xbe38, 0xbe38, 0xce9a, 0x2986, 0x0041, 0x0041, 0x0021, 0x0021, 0x0021,
  0x0021, 0x0020, 0x0021, 0x0021, 0x0020, 0x0021, 0x0021, 0x0021, 0x0021, 0x0083, 0x08c4, 0x08c4,
  0x08a3, 0x738e, 0xceba, 0xbe39, 0xbe39, 0xbe39, 0xbdf7, 0x0041, 0x0020, 0x0000, 0x0020, 0x0021,
  0x0021, 0x0021, 0x0021, 0x0020, 0x0020, 0x0041, 0xad96, 0xce7a, 0xbe39, 0xbe39, 0xc679, 0x8c92,
  0x08a3, 0x08c4, 0x08c4, 0x10a3, 0xce79, 0xbe18, 0xbe18, 0xbe18, 0xbe18, 0xbe38, 0xbe18, 0xbe18,
  0xbe18, 0x8451, 0x08a3, 0x08c4, 0x08c4, 0x08c4, 0x5aec, 0xbe39, 0xbe38, 0xbe39, 0xbe39, 0xbe38,
  0xbe38, 0xbe39, 0xbe39, 0xce9a, 0x8c92, 0x08c4, 0x08c4, 0x08c4, 0x1904, 0xce9a, 0xbe18, 0xbe38,
  0xbe39, 0xbe39, 0xbe59, 0xbe59, 0xbe39, 0xbe39, 0xa576, 0x0883, 0x08e4, 0x10e4, 0x10e4, 0x2145,
  0xc639, 0xbe18, 0xbe39, 0xbe39, 0xbe39, 0xbe39, 0xbe39, 0xbe38, 0xc659, 0xb596, 0x0883, 0x08c4,
  0x08c4, 0x08c4, 0x08c4, 0x08a4, 0x08a4, 0x08c4, 0x08c4, 0x6b6d, 0xd6db, 0xbe39, 0xbe39, 0xbe39,
  0xc639, 0x0020, 0x8c92, 0xbe39, 0xbe39, 0xbe39, 0xce9a, 0x6b6d, 0x08a3, 0x08c4, 0x08c4, 0x08c4,
  0x08c4, 0x08c4, 0x08c4, 0x08c4, 0x08a3, 0x9cd3, 0xbe39, 0xbe38, 0xbe39, 0xbe39, 0xbe39, 0xbe39,
  0xbe39, 0xbe38, 0xbe59, 0xad75, 0x2146, 0x08c4, 0x08c4, 0x08a4, 0x0862, 0xb5d7, 0xbe39, 0xbe39,
  0xbe39, 0xd6db, 0x634c, 0x08a3, 0x08a4, 0x08a3, 0x31c7, 0xce9a, 0xbe18, 0xbe18, 0xbe38, 0xd6fb,
  0x2124, 0x0041, 0x0041, 0x0020, 0x0000, 0x0020, 0x0000, 0x0020, 0x39c7, 0xcebb, 0xc659, 0xbe39,
  0xbe39, 0xbe18, 0xc67a, 0x39c7, 0x08a4, 0x08a4, 0x08c4, 0x08c4, 0x08e5, 0x1967, 0x1988, 0x1967,
  0x21a8, 0x21a8, 0x29c8, 0x1967, 0x0063, 0x0063, 0x0063, 0x0063, 0x0063, 0x0063, 0x0063, 0x0063,
  0x0042, 0x0042, 0x0042, 0x0063, 0x0062, 0x0063, 0x0063, 0x0063, 0x0062, 0x0063, 0x0063, 0x0062,
  0x0042, 0x0062, 0x0062, 0x0062, 0x0042, 0x0042, 0x0062, 0x0042, 0x0042, 0x0042, 0x0042, 0x0062,
  0x0062, 0x0062, 0x0042, 0x0042, 0x0042, 0x0042, 0x0062, 0x0882, 0x0042, 0x0042, 0x0042, 0x0042,
  0x0042, 0x0042, 0x0042, 0x0042, 0x0042, 0x0042, 0x0042, 0x0042, 0x0042, 0x0042, 0x0042, 0x0042,
  0x0042, 0x0062, 0x0042, 0x0042, 0x0042, 0x0062, 0x0042, 0x0042, 0x0042, 0x0042, 0x0062, 0x0062,
  0x0042, 0x0042, 0x0062, 0x0063, 0x0042, 0x0042, 0x0062, 0x0062, 0x0862, 0x4183, 0x0042, 0x0042,
  0x0042, 0x0042, 0x0063, 0x0042, 0x0062, 0x0063, 0x0063, 0x0062, 0x0063, 0x0063, 0x0063, 0x0063,
  0x0063, 0x0063, 0x0063, 0x0062, 0x0063, 0x0063, 0x0063, 0x0063, 0x0063, 0x0063, 0x0063, 0x0063,
  0x0063, 0x0063, 0x0063, 0x0063, 0x0063, 0x0063, 0x0063, 0x0063, 0x1926, 0x21c8, 0x29c8, 0x21a8,
  0x21c8, 0x2187, 0x1947, 0x10e5, 0x08c4, 0x08c4, 0x08c4, 0x08c4, 0x0862, 0xce9a, 0xbe18, 0xbe18,
  0xbe39, 0xd6fb, 0x31c7, 0x0082, 0x0062, 0x0062, 0x0062, 0x0062, 0x0062, 0x0062, 0x0062, 0x0062,
  0x0062, 0x0062, 0x0062, 0x0062, 0x0062, 0x08a3, 0x08c4, 0x08c4, 0x08a4, 0x738e, 0xd6bb, 0xbe38,
  0xbe18, 0xb618, 0xb5d7, 0x0041, 0x0062, 0x0062, 0x0062, 0x0062, 0x0062, 0x0062, 0x0062, 0x0062,
  0x0041, 0x0041, 0xad96, 0xce7a, 0xc659, 0xbe39, 0xc67a, 0x8c92, 0x08a3, 0x08c4, 0x08c4, 0x10a3,
  0xce7a, 0xbe38, 0xbe38, 0xbe18, 0xbe18, 0xbe18, 0xbe18, 0xb618, 0xbe18, 0xd6bb, 0x5b2c, 0x08e5,
  0x08e5, 0x08a4, 0xb5b6, 0xbe39, 0xbe18, 0xbe18, 0xbe18, 0xbe38, 0xbe39, 0xbe39, 0xbe39, 0xce9a,
  0x8c92, 0x08a4, 0x08c4, 0x08c4, 0x1904, 0xce9a, 0xbe39, 0xbe39, 0xbe39, 0xbe39, 0xbe59, 0xbe39,
  0xbe39, 0xbe39, 0xceba, 0x4249, 0x10e5, 0x10e5, 0x10c4, 0x94d3, 0xbe18, 0xb618, 0xbe18, 0xbe39,
  0xbe39, 0xbe39, 0xbe39, 0xbe39, 0xc659, 0xad96, 0x08a3, 0x08c4, 0x08c4, 0x08c4, 0x08a4, 0x08c4,
  0x08c4, 0x08c4, 0x10e4, 0x738e, 0xc67a, 0xbe39, 0xbe39, 0xbe18, 0xc659, 0x0021, 0x9cf3, 0xc659,
  0xbe39, 0xbe38, 0xc679, 0x6b6d, 0x08a3, 0x08c4, 0x08c4, 0x08c4, 0x08c4, 0x08c4, 0x08c4, 0x08c4,
  0x0883, 0x9cf3, 0xbe39, 0xbe39, 0xbe39, 0xbe59, 0xbe59, 0xbe39, 0xbe39, 0xbe39, 0xbe39, 0xce9a,
  0xbdf7, 0x08a3, 0x08c4, 0x08c4, 0x0882, 0xb5d7, 0xbe39, 0xbe39, 0xbe39, 0xd6db, 0x6b4d, 0x08a3,
  0x08a4, 0x08a4, 0x31c7, 0xce9a, 0xbe18, 0xbe18, 0xbe39, 0xdf1c, 0x2145, 0x0062, 0x0042, 0x0041,
  0x0062, 0x0062, 0x0062, 0x0062, 0x08a3, 0x4a8a, 0xce79, 0xbe39, 0xbe38, 0xb618, 0xce9a, 0x39e7,
  0x08c4, 0x08c4, 0x08c4, 0x08c4, 0x08c4, 0x1105, 0x2187, 0x1967, 0x1946, 0x1967, 0x2146, 0x0063,
  0x0063, 0x0063, 0x0063, 0x0063, 0x0062, 0x0062, 0x0062, 0x0063, 0x0063, 0x2986, 0x0042, 0x0042,
  0x0062, 0x0063, 0x0062, 0x0063, 0x0063, 0x0063, 0x0063, 0x0062, 0x0062, 0x0042, 0x0062, 0x0062,
  0x0042, 0x0042, 0x0062, 0x0062, 0x0042, 0x0042, 0x0042, 0x0042, 0x0042, 0x0062, 0x0062, 0x0062,
  0x0062, 0x0042, 0x0062, 0x0883, 0x0042, 0x0042, 0x0042, 0x0042, 0x0042, 0x0042, 0x0042, 0x0042,
  0x0042, 0x0042, 0x2945, 0x0042, 0x0042, 0x0042, 0x0042, 0x0042, 0x0063, 0x0062, 0x0062, 0x0083,
  0x0062, 0x0063, 0x0062, 0x0062, 0x0062, 0x0063, 0x0042, 0x0063, 0x0042, 0x0062, 0x0062, 0x0063,
  0x0042, 0x0063, 0x0042, 0x0042, 0x0862, 0x5a04, 0x0042, 0x0042, 0x0042, 0x0042, 0x0042, 0x0042,
  0x0042, 0x0062, 0x0063, 0x0062, 0x0063, 0x0063, 0x0063, 0x0063, 0x0063, 0x0063, 0x0063, 0x0063,
  0x0063, 0x0063, 0x0063, 0x0063, 0x0063, 0x0063, 0x0063, 0x0063, 0x0063, 0x0062, 0x0062, 0x0062,
  0x0063, 0x0063, 0x0063, 0x0063, 0x0063, 0x0063, 0x0063, 0x0083, 0x0083, 0x0083, 0x0062, 0x08a3,
  0x08c4, 0x08c4, 0x08c4, 0x08c4, 0x0862, 0xd69a, 0xbe18, 0xbe18, 0xbe18, 0xdefb, 0x31c7, 0x08a3,
  0x08a3, 0x08a3, 0x00a3, 0x00a3, 0x00a3, 0x08a3, 0x08a3, 0x08a3, 0x08a3, 0x08a3, 0x08a3, 0x08a3,
  0x08a3, 0x08a4, 0x08a4, 0x08a4, 0x08a4, 0x738e, 0xcebb, 0xbe18, 0xbe18, 0xbe18, 0xb5d7, 0x0062,
  0x08a3, 0x08a3, 0x08a3, 0x08a3, 0x08a3, 0x08a3, 0x08a3, 0x08a3, 0x0083, 0x0862, 0xad76, 0xc679,
  0xbe39, 0xbe39, 0xce9a, 0x8c92, 0x08a3, 0x08c4, 0x08c4, 0x10a3, 0xce7a, 0xbe38, 0xbe39, 0xbe38,
  0xbe38, 0xbe18, 0xbe18, 0xbe38, 0xbe38, 0xc67a, 0xb5b6, 0x73ae, 0x08a4, 0xb5b7, 0xc659, 0xc659,
  0xbe39, 0xbe18, 0xb618, 0xbe18, 0xbe38, 0xbe39, 0xbe39, 0xce9a, 0x8c71, 0x08a3, 0x08c4, 0x08c4,
  0x1904, 0xce9a, 0xbe39, 0xbe39, 0xbe39, 0xbe39, 0xbe38, 0xbe18, 0xbe39, 0xbe59, 0xce7a, 0xbdf7,
  0x5aeb, 0x08c4, 0x94b2, 0xbe18, 0xbe39, 0xbe18, 0xb618, 0xb618, 0xbe39, 0xbe39, 0xbe39, 0xbe39,
  0xc659, 0xad96, 0x0883, 0x08c4, 0x08c4, 0x08c4, 0x08c4, 0x08c4, 0x08c4, 0x08a3, 0x8431, 0xc638,
  0xc659, 0xbe39, 0xc659, 0xad76, 0x7bcf, 0x0042, 0x632c, 0xa535, 0xbe18, 0xbe38, 0xbe39, 0xadb6,
  0x8cb2, 0x08a3, 0x08c4, 0x08c4, 0x08c4, 0x08c4, 0x08c4, 0x08c4, 0x0883, 0x9cf4, 0xc659, 0xbe39,
  0xbe39, 0xc67a, 0x9d14, 0xad96, 0xbe38, 0xbe38, 0xbe39, 0xc659, 0xbe38, 0xa555, 0x00a3, 0x08e5,
  0x08a3, 0xb5d7, 0xbe39, 0xbe39, 0xbe39, 0xd6db, 0x6b4d, 0x08a4, 0x08a4, 0x08c4, 0x31c7, 0xce9a,
  0xbe18, 0xbe18, 0xbe38, 0xdefb, 0x2124, 0x0083, 0x0883, 0x00a3, 0x00a3, 0x00a3, 0x08a3, 0x08a3,
  0x0082, 0x0041, 0xc659, 0xb618, 0xbe18, 0xbe18, 0xd6db, 0x39e7, 0x08c4, 0x08c4, 0x08c4, 0x08a4,
  0x0083, 0x0083, 0x00a3, 0x00a3, 0x0063, 0x0063, 0x0063, 0x0063, 0x0063, 0x0063, 0x0063, 0x0063,
  0x0062, 0x0063, 0x0063, 0x0063, 0x0062, 0x0062, 0x0062, 0x0042, 0x0042, 0x0063, 0x0063, 0x0063,
  0x0062, 0x0063, 0x0063, 0x0062, 0x0063, 0x0042, 0x0062, 0x0042, 0x0042, 0x0062, 0x0062, 0x0042,
  0x0042, 0x0042, 0x0042, 0x0042, 0x0063, 0x0042, 0x0062, 0x0042, 0x0062, 0x0042, 0x08a3, 0x0062,
  0x0042, 0x0042, 0x0042, 0x0042, 0x0042, 0x0042, 0x0042, 0x0042, 0x0042, 0x0042, 0x2125, 0x0042,
  0x0042, 0x0042, 0x0042, 0x0042, 0x0063, 0x0063, 0x0042, 0x0042, 0x0062, 0x0062, 0x0042, 0x0062,
  0x0062, 0x0062, 0x0062, 0x0062, 0x0062, 0x0063, 0x0062, 0x0042, 0x0063, 0x0063, 0x0042, 0x0062,
  0x0062, 0x41a3, 0x3122, 0x0042, 0x0042, 0x0042, 0x0062, 0x0062, 0x0062, 0x0063, 0x0062, 0x0063,
  0x0063, 0x0063, 0x0062, 0x0063, 0x0063, 0x0063, 0x0063, 0x0063, 0x0063, 0x0063, 0x0063, 0x0063,
  0x0063, 0x0063, 0x0063, 0x0063, 0x0063, 0x0063, 0x0063, 0x0063, 0x0063, 0x0063, 0x0063, 0x0063,
  0x0063, 0x0063, 0x0063, 0x29c8, 0x320a, 0x29e9, 0x2167, 0x1105, 0x08c4, 0x08c4, 0x08c4, 0x08c4,
  0x0862, 0xd6ba, 0xbe39, 0xbe18, 0xbe18, 0xd6db, 0x31a6, 0x08a4, 0x08a4, 0x08a4, 0x08a4, 0x08a4,
  0x08a4, 0x08a4, 0x08a4, 0x08a4, 0x08a4, 0x08a4, 0x08a4, 0x08a4, 0x08a4, 0x08a4, 0x08a4, 0x08a4,
  0x08a3, 0x738e, 0xceba, 0xbe18, 0xbe38, 0xbe39, 0xbdf7, 0x0883, 0x08c4, 0x08c4, 0x08c4, 0x08c4,
  0x08a4, 0x08a4, 0x08a4, 0x08a4, 0x08c4, 0x08a3, 0xa555, 0xbe39, 0xbe18, 0xbe18, 0xc679, 0x8c92,
  0x08a3, 0x08c4, 0x08c4, 0x10a3, 0xce79, 0xb618, 0xbe18, 0xbe18, 0xc639, 0x9d14, 0xb5d7, 0xbe38,
  0xbe18, 0xbe18, 0xbe18, 0x8c51, 0x0862, 0xc659, 0xc659, 0xbe39, 0xbe39, 0xc639, 0xa575, 0xb5b7,
  0xbe38, 0xbe18, 0xb618, 0xc67a, 0x8c71, 0x08a3, 0x08c4, 0x08c4, 0x1904, 0xce9a, 0xbe39, 0xbe39,
  0xbe39, 0xce7a, 0x94d3, 0xadb7, 0xbe18, 0xbe39, 0xbe39, 0xbe59, 0x634d, 0x08a3, 0xa555, 0xbe38,
  0xbe18, 0xbe18, 0xb618, 0x9d55, 0xb5b7, 0xc659, 0xbe39, 0xbe39, 0xbe59, 0xad76, 0x0883, 0x08c4,
  0x08c4, 0x08c4, 0x08c4, 0x08c4, 0x08a4, 0x0882, 0x94d3, 0xbe18, 0xbe38, 0xbe39, 0xbe39, 0x9cf4,
  0x0062, 0x08c4, 0x0083, 0x8c71, 0xb618, 0xb618, 0xbe18, 0xbe18, 0xa575, 0x0883, 0x08c4, 0x08c4,
  0x08c4, 0x08c4, 0x08c4, 0x08c4, 0x0883, 0x9cf3, 0xc659, 0xbe59, 0xbe59, 0xce9a, 0x7c10, 0x8430,
  0xad96, 0xbe18, 0xbe39, 0xbe39, 0xbe18, 0xbdf8, 0x8430, 0x10e4, 0x0883, 0xb5d7, 0xbe39, 0xbe39,
  0xbe39, 0xd6db, 0x6b6d, 0x08a4, 0x08a4, 0x08c4, 0x39c7, 0xceba, 0xbe18, 0xb618, 0xb618, 0xdefb,
  0x2124, 0x08a3, 0x08a4, 0x08a4, 0x08a4, 0x08a4, 0x08a4, 0x08a4, 0x08a3, 0x0041, 0xc659, 0xb5f8,
  0xbe18, 0xbe39, 0xd6db, 0x39e8, 0x08c4, 0x08c4, 0x08c4, 0x08c4, 0x1105, 0x2187, 0x29e9, 0x320a,
  0x0083, 0x0063, 0x0063, 0x0063, 0x0063, 0x0063, 0x0063, 0x0063, 0x0063, 0x0063, 0x0063, 0x0063,
  0x0063, 0x0062, 0x0062, 0x0042, 0x0042, 0x0063, 0x0063, 0x0063, 0x0063, 0x0063, 0x0063, 0x0062,
  0x0063, 0x0042, 0x0063, 0x0062, 0x0063, 0x0062, 0x0062, 0x0062, 0x0042, 0x0062, 0x0042, 0x0042,
  0x0042, 0x0042, 0x0042, 0x0042, 0x0063, 0x0862, 0x10a3, 0x0042, 0x0042, 0x0042, 0x0042, 0x0042,
  0x0042, 0x0042, 0x0042, 0x0042, 0x0042, 0x0042, 0x0042, 0x0042, 0x0042, 0x0042, 0x0042, 0x0042,
  0x0063, 0x0063, 0x0042, 0x0042, 0x0042, 0x0062, 0x0062, 0x0062, 0x0062, 0x0062, 0x0042, 0x0062,
  0x0062, 0x0062, 0x0062, 0x0042, 0x0063, 0x0042, 0x0063, 0x0063, 0x0062, 0x0062, 0x5203, 0x1082,
  0x0042, 0x0042, 0x0062, 0x0062, 0x0063, 0x0062, 0x0042, 0x0063, 0x0063, 0x0063, 0x0063, 0x0063,
  0x0063, 0x0063, 0x0063, 0x0063, 0x0063, 0x0062, 0x0063, 0x0063, 0x0063, 0x0063, 0x0063, 0x0063,
  0x0063, 0x0063, 0x0063, 0x0063, 0x0063, 0x0063, 0x0063, 0x0063, 0x0063, 0x0063, 0x0063, 0x0083,
  0x322a, 0x2188, 0x1946, 0x10e4, 0x08a4, 0x08c4, 0x08c4, 0x08c4, 0x0862, 0xce9a, 0xbe38, 0xbe38,
  0xbe18, 0xdefb, 0x31a6, 0x08a4, 0x08a4, 0x08a4, 0x08a4, 0x08a4, 0x08a4, 0x08a4, 0x08a4, 0x08c4,
  0x08c4, 0x08a4, 0x08a4, 0x08a4, 0x08a4, 0x08a4, 0x08a4, 0x08a4, 0x08a3, 0x738e, 0xd6bb, 0xbe38,
  0xbe18, 0xb618, 0xb5d7, 0x0883, 0x08c4, 0x08c4, 0x08c4, 0x08c4, 0x08a4, 0x08c4, 0x08c4, 0x08c4,
  0x08c4, 0x08a3, 0xa534, 0xbe18, 0xb5f8, 0xbe18, 0xc67a, 0x8c92, 0x08a3, 0x08c4, 0x08c4, 0x10a3,
  0xce79, 0xb5f8, 0xbe18, 0xbe38, 0xd6ba, 0x2104, 0x9cf3, 0xb5f8, 0xb5f8, 0xb5f8, 0xb5f8, 0x8c71,
  0x3a08, 0xbe18, 0xbe39, 0xbe38, 0xbe38, 0xbe39, 0x6b4d, 0x9cf4, 0xbe18, 0xb5f8, 0xb5f8, 0xce9a,
  0x8c71, 0x08a4, 0x08c4, 0x08c4, 0x18e4, 0xce79, 0xbe38, 0xbe39, 0xc659, 0xceba, 0x2945, 0x9d14,
  0xbe18, 0xbe38, 0xbe39, 0xbe59, 0x73ae, 0x3a08, 0x9cf4, 0xadd7, 0xb5f8, 0xb618, 0xb5f7, 0x73ae,
  0x8c71, 0xbe39, 0xbe18, 0xbe18, 0xbe39, 0xad96, 0x0883, 0x08c4, 0x08c4, 0x08c4, 0x08c4, 0x08a4,
  0x08a3, 0x2965, 0xa514, 0xbe39, 0xbe39, 0xbe39, 0xbe39, 0x9cf4, 0x0082, 0x08c4, 0x0062, 0x4228,
  0xc659, 0xb5f8, 0xb5f8, 0xb5f8, 0xa555, 0x2966, 0x08c4, 0x08c4, 0x08c4, 0x08c4, 0x08c4, 0x08c4,
  0x0883, 0x9cf3, 0xc659, 0xbe39, 0xc659, 0xce9a, 0x7c10, 0x0841, 0x8451, 0xb5f8, 0xbe39, 0xbe39,
  0xbe39, 0xbe39, 0xce9a, 0x4208, 0x2125, 0xb5d7, 0xbe39, 0xbe18, 0xbe39, 0xd6db, 0x6b4d, 0x08a3,
  0x08a4, 0x08a4, 0x31c7, 0xce9a, 0xb618, 0xb618, 0xb618, 0xd6db, 0x2145, 0x08c4, 0x08a4, 0x08c4,
  0x08c4, 0x08a4, 0x08a4, 0x08a3, 0x08a3, 0x0041, 0xc659, 0xbe18, 0xbe39, 0xbe18, 0xd6ba, 0x39e7,
  0x08c4, 0x08a4, 0x08c4, 0x08c4, 0x1105, 0x1126, 0x1967, 0x1967, 0x0063, 0x0063, 0x0063, 0x0063,
  0x0063, 0x0063, 0x0063, 0x0063, 0x0062, 0x0063, 0x0063, 0x0063, 0x0063, 0x0063, 0x0042, 0x0042,
  0x0042, 0x0062, 0x0062, 0x0063, 0x0063, 0x0063, 0x0063, 0x0063, 0x0062, 0x0063, 0x0063, 0x0062,
  0x0042, 0x0042, 0x0062, 0x0042, 0x0062, 0x0062, 0x0062, 0x0062, 0x0042, 0x0062, 0x0062, 0x0042,
  0x0042, 0x10a3, 0x0862, 0x0042, 0x0062, 0x0042, 0x0062, 0x0042, 0x0042, 0x0042, 0x0042, 0x0042,
  0x0042, 0x0042, 0x0042, 0x0042, 0x0042, 0x0042, 0x0042, 0x0042, 0x0063, 0x0062, 0x0042, 0x0042,
  0x0042, 0x0062, 0x0062, 0x0063, 0x0062, 0x0062, 0x0062, 0x0063, 0x0062, 0x0063, 0x0062, 0x0063,
  0x0062, 0x0062, 0x0042, 0x0062, 0x0062, 0x0062, 0x5a04, 0x3963, 0x0062, 0x0042, 0x0063, 0x0063,
  0x0062, 0x0062, 0x0062, 0x0063, 0x0063, 0x0063, 0x0063, 0x0063, 0x0063, 0x0063, 0x0063, 0x0063,
  0x0063, 0x0063, 0x0063, 0x0063, 0x0063, 0x0063, 0x0063, 0x0063, 0x0063, 0x0063, 0x0063, 0x0063,
  0x0063, 0x0063, 0x0063, 0x0063, 0x0063, 0x0063, 0x0063, 0x0063, 0x08c4, 0x2188, 0x1967, 0x1126,
  0x08c4, 0x08c4, 0x08c4, 0x08c4, 0x0862, 0xc639, 0xadb7, 0xadb7, 0xadb7, 0xce9a, 0x31c7, 0x08a3,
  0x08a4, 0x08a4, 0x08a4, 0x08a4, 0x08a4, 0x08c4, 0x08c4, 0x08c4, 0x08c4, 0x08a4, 0x08a4, 0x08a4,
  0x08a4, 0x08a4, 0x08a4, 0x08a4, 0x08a3, 0x6b8e, 0xbe59, 0xa596, 0xa597, 0xa596, 0xad96, 0x0062,
  0x08c4, 0x08c4, 0x08c4, 0x08c4, 0x08c4, 0x08c4, 0x08c4, 0x08c4, 0x08c4, 0x0883, 0x8472, 0xa576,
  0x9d56, 0x9d56, 0xadd7, 0x8451, 0x08a3, 0x08c4, 0x08c4, 0x0882, 0xc659, 0x9d56, 0xa597, 0xa597,
  0xce9a, 0x1904, 0x0021, 0x9d34, 0xa596, 0xa597, 0xa576, 0xa596, 0xc659, 0xa596, 0xadb7, 0xadb7,
  0xb5d8, 0x3a08, 0x0841, 0x8451, 0xa576, 0xa596, 0xa596, 0xbe18, 0x8451, 0x08c4, 0x08c4, 0x08c4,
  0x10c3, 0xb5d7, 0xa596, 0xa596, 0xa596, 0xce9a, 0x2945, 0x2986, 0xadb7, 0xa596, 0xa596, 0xa596,
  0xb5d7, 0xb5f7, 0xa596, 0x9d56, 0xa576, 0xadb7, 0x632c, 0x0862, 0x8c51, 0xadb7, 0x9d76, 0xa576,
  0xadb7, 0xb596, 0x0882, 0x08c4, 0x08c4, 0x08c4, 0x08c4, 0x08c4, 0x08a4, 0xad96, 0xadb7, 0xadb7,
  0xadb7, 0xadb7, 0x94d3, 0x10a2, 0x08a3, 0x0083, 0x0062, 0x0862, 0xa597, 0x9d56, 0x9d35, 0x9d35,
  0xa556, 0xbe18, 0x08c4, 0x08e4, 0x08c4, 0x08c4, 0x08c4, 0x08c4, 0x0883, 0x9cf3, 0xadb7, 0xa597,
  0xa597, 0xbe39, 0x7bef, 0x0062, 0x0882, 0x3a08, 0xa596, 0xa576, 0xadb7, 0xadb7, 0xb5d7, 0xd6ba,
  0x738e, 0xb5b6, 0xa576, 0xa576, 0xa596, 0xc659, 0x6b4d, 0x08a3, 0x08a3, 0x08a3, 0x2986, 0xbe18,
  0xa576, 0xa596, 0xa576, 0xd6bb, 0x2145, 0x08a4, 0x08c4, 0x08c4, 0x08a4, 0x08a4, 0x08a4, 0x08a3,
  0x08a3, 0x0062, 0xad96, 0xa597, 0xa576, 0xa576, 0xc659, 0x4208, 0x08c4, 0x08c4, 0x08c4, 0x08c4,
  0x1946, 0x1946, 0x1105, 0x0063, 0x0063, 0x0063, 0x0063, 0x0063, 0x0063, 0x0063, 0x0063, 0x0063,
  0x0063, 0x0063, 0x0063, 0x0063, 0x0043, 0x0063, 0x0042, 0x0042, 0x0042, 0x0062, 0x0062, 0x0062,
  0x0063, 0x0063, 0x0062, 0x0063, 0x0063, 0x0063, 0x0062, 0x0062, 0x0883, 0x10c4, 0x0062, 0x0062,
  0x0042, 0x0062, 0x0062, 0x0062, 0x0062, 0x0062, 0x0062, 0x0062, 0x10a3, 0x10a3, 0x0042, 0x0042,
  0x0062, 0x0042, 0x0042, 0x0042, 0x0062, 0x0042, 0x0042, 0x0042, 0x0042, 0x0042, 0x0042, 0x0042,
  0x0042, 0x0042, 0x0042, 0x0042, 0x0062, 0x0042, 0x0042, 0x0043, 0x0063, 0x0062, 0x0062, 0x0062,
  0x0062, 0x0042, 0x0062, 0x0042, 0x0042, 0x0042, 0x0042, 0x0042, 0x0042, 0x0063, 0x0042, 0x0062,
  0x0063, 0x0063, 0x0062, 0x7ae5, 0x0042, 0x0063, 0x0062, 0x0063, 0x0063, 0x0062, 0x0063, 0x0063,
  0x0063, 0x0063, 0x0063, 0x0063, 0x0063, 0x0063, 0x0063, 0x0063, 0x0062, 0x0063, 0x0063, 0x0063,
  0x0063, 0x0062, 0x1905, 0x0063, 0x0063, 0x0063, 0x0063, 0x0063, 0x0063, 0x0063, 0x0063, 0x0063,
  0x0063, 0x0063, 0x0063, 0x0063, 0x0063, 0x0083, 0x0083, 0x0083, 0x08a4, 0x08c4, 0x08a4, 0x08c4,
  0x0861, 0xb5f8, 0xa576, 0xa576, 0xa576, 0xce79, 0x39c7, 0x08a3, 0x08a4, 0x08a4, 0x08a4, 0x08a4,
  0x08c4, 0x08c4, 0x08c4, 0x08c4, 0x08c4, 0x08c4, 0x08a4, 0x08c4, 0x08a4, 0x08a4, 0x08a4, 0x08a4,
  0x08a3, 0x634d, 0xadd8, 0x9d35, 0x9d35, 0x9d55, 0xad96, 0x0083, 0x08c4, 0x08c4, 0x08c4, 0x08c4,
  0x08c4, 0x08c4, 0x08c4, 0x08c4, 0x08a4, 0x0882, 0x8472, 0x9d35, 0x9d35, 0x9d35, 0xa596, 0x7bf0,
  0x08a3, 0x08c4, 0x08c4, 0x0882, 0xa576, 0x94f5, 0x9515, 0x9535, 0xadb7, 0x18e3, 0x0021, 0x634d,
  0xa576, 0x9d55, 0x9535, 0x9515, 0x9d35, 0x9515, 0x9d35, 0x9d56, 0x8452, 0x1904, 0x0062, 0x73f0,
  0x9d56, 0xa576, 0x9d56, 0xadb7, 0x73ef, 0x08a3, 0x08a4, 0x08c4, 0x10c3, 0xad97, 0x9d56, 0x9d35,
  0x9535, 0xadd7, 0x2124, 0x10c3, 0x6b8e, 0x9d56, 0x9535, 0x9515, 0x9515, 0x9514, 0x9515, 0x9515,
  0x9d55, 0x7c31, 0x31c7, 0x0082, 0x73af, 0xa576, 0x9d56, 0x9d56, 0xa576, 0x9d14, 0x0882, 0x08c4,
  0x08c4, 0x08c4, 0x08c4, 0x08e4, 0x08c4, 0x8cd3, 0x9d35, 0x9d35, 0xa576, 0xa576, 0xadb7, 0xc638,
  0xbe18, 0xbdf7, 0xbdf7, 0xbe18, 0xb5d8, 0x9d35, 0x9515, 0x94f4, 0x94f4, 0xc618, 0x08c4, 0x08e4,
  0x08c4, 0x08c4, 0x08c4, 0x08c4, 0x0883, 0x8c72, 0x9d56, 0x9535, 0x9515, 0xa576, 0x6b8e, 0x0062,
  0x0062, 0x2145, 0x6baf, 0x8cf4, 0x9515, 0x9d35, 0x9d35, 0xa576, 0xb5d7, 0xad96, 0x9d56, 0xa576,
  0xa596, 0xbe39, 0x634d, 0x08a3, 0x08a3, 0x08a3, 0x31a6, 0xb5f8, 0xa596, 0xa596, 0xa596, 0xc659,
  0x2125, 0x08c4, 0x08a4, 0x08c4, 0x08c4, 0x08a4, 0x08a3, 0x08a3, 0x08a3, 0x0062, 0x94f4, 0x9535,
  0x9515, 0x9535, 0xb5f8, 0x39e7, 0x08c4, 0x08a4, 0x08a4, 0x08c4, 0x0083, 0x0083, 0x0063, 0x0063,
  0x0063, 0x0063, 0x0063, 0x0063, 0x0063, 0x0063, 0x0063, 0x0062, 0x0063, 0x0062, 0x0063, 0x0063,
  0x0063, 0x0062, 0x0042, 0x0042, 0x0042, 0x0042, 0x0063, 0x0063, 0x0063, 0x0063, 0x0063, 0x0042,
  0x0063, 0x0063, 0x0062, 0x0062, 0x0062, 0x0062, 0x0062, 0x0062, 0x0062, 0x0062, 0x0042, 0x0062,
  0x0062, 0x0062, 0x0062, 0x0042, 0x18e3, 0x0062, 0x0042, 0x0042, 0x0063, 0x0042, 0x0063, 0x0063,
  0x0062, 0x0042, 0x0042, 0x0042, 0x0042, 0x0042, 0x0042, 0x0042, 0x0042, 0x0042, 0x0042, 0x0042,
  0x0062, 0x0042, 0x0062, 0x0042, 0x0062, 0x0062, 0x0062, 0x0062, 0x0062, 0x0042, 0x0042, 0x0043,
  0x0042, 0x0062, 0x0062, 0x0062, 0x0062, 0x0042, 0x0042, 0x0063, 0x0063, 0x0042, 0x0062, 0x41a3,
  0x4183, 0x0063, 0x0062, 0x0062, 0x0063, 0x0062, 0x0062, 0x0063, 0x0063, 0x0063, 0x0063, 0x0063,
  0x0063, 0x0063, 0x0063, 0x0063, 0x0063, 0x0063, 0x0063, 0x0063, 0x0063, 0x0063, 0x0063, 0x0063,
  0x0063, 0x0063, 0x0063, 0x0063, 0x0063, 0x0063, 0x0063, 0x0063, 0x0063, 0x0063, 0x0063, 0x0063,
  0x0063, 0x0063, 0x0063, 0x0062, 0x08c4, 0x08c4, 0x08c4, 0x08c4, 0x0862, 0xb5f8, 0x9d55, 0x9d35,
  0x9515, 0xc659, 0x31c7, 0x08a4, 0x08a4, 0x08a4, 0x08a4, 0x08a4, 0x08a4, 0x08c4, 0x08c4, 0x08c4,
  0x08c4, 0x08c4, 0x08c4, 0x08c4, 0x08c4, 0x08a4, 0x08a3, 0x08a3, 0x0883, 0x634d, 0xadb7, 0x9d35,
  0x9514, 0x9514, 0xa575, 0x0083, 0x08c4, 0x08c4, 0x08c4, 0x08c4, 0x08c4, 0x08c4, 0x08c4, 0x08c4,
  0x08c4, 0x08a3, 0x8452, 0x8cf4, 0x8cd4, 0x8cf4, 0xa556, 0x73ef, 0x08a3, 0x08c4, 0x08c4, 0x0882,
  0x9d35, 0x8cd4, 0x8cd4, 0x8cd4, 0x9d56, 0x10c3, 0x0062, 0x0882, 0x9515, 0x8cd4, 0x8cf4, 0x94f4,
  0x94f4, 0x94f4, 0x94f4, 0x9515, 0x5b0c, 0x0062, 0x00a3, 0x73cf, 0x9d35, 0x9515, 0x9515, 0xa576,
  0x6baf, 0x0883, 0x08a4, 0x08a4, 0x10c3, 0x9d35, 0x9535, 0x9515, 0x9515, 0xadb7, 0x2124, 0x0042,
  0x0000, 0x8cb3, 0x8cd4, 0x8cf4, 0x8cf4, 0x94f4, 0x9514, 0x8cf4, 0x9d35, 0x634d, 0x0041, 0x08a3,
  0x634e, 0x9d35, 0x9d35, 0x9d35, 0x9d56, 0x94f4, 0x0882, 0x08c4, 0x08c4, 0x08c4, 0x08c4, 0x08a4,
  0xa555, 0x9d35, 0x94f4, 0x94f4, 0x94f4, 0x9515, 0x9d35, 0x9514, 0x94f4, 0x8cd4, 0x8cd4, 0x94f4,
  0x9515, 0x94f4, 0x8cf4, 0x8cd4, 0x94f4, 0xa555, 0xa555, 0x39e8, 0x08c4, 0x08c4, 0x08c4, 0x08c4,
  0x08a3, 0x8451, 0x9515, 0x8cf4, 0x8cf4, 0x9d35, 0x636d, 0x00a3, 0x08a4, 0x0083, 0x31c7, 0x73f0,
  0x8cd4, 0x9514, 0x9515, 0x9515, 0x9515, 0x9514, 0x9d35, 0x9d56, 0x9d56, 0xbe19, 0x634d, 0x08a3,
  0x08a4, 0x08a4, 0x3186, 0xadd7, 0x9d55, 0x9d35, 0x9d35, 0xbe18, 0x2125, 0x08c4, 0x08c4, 0x08c4,
  0x08c4, 0x08c4, 0x08c4, 0x08c4, 0x2986, 0xad96, 0x94f4, 0x94f5, 0x94f5, 0x9515, 0xa597, 0x31a7,
  0x08a3, 0x08a3, 0x08a4, 0x08a4, 0x0063, 0x0063, 0x0063, 0x0063, 0x0063, 0x0063, 0x0063, 0x0063,
  0x0063, 0x0063, 0x0042, 0x0063, 0x0063, 0x0063, 0x0063, 0x0063, 0x0062, 0x0063, 0x0062, 0x0042,
  0x0062, 0x0063, 0x0063, 0x0063, 0x0062, 0x0063, 0x0063, 0x0063, 0x0063, 0x0062, 0x0063, 0x0062,
  0x0062, 0x0062, 0x0063, 0x0062, 0x0063, 0x0063, 0x0063, 0x0042, 0x0062, 0x0062, 0x0062, 0x18e3,
  0x1083, 0x0063, 0x0042, 0x0042, 0x0042, 0x0042, 0x0042, 0x0062, 0x0062, 0x0042, 0x0042, 0x0042,
  0x0042, 0x0042, 0x0042, 0x0042, 0x0042, 0x0042, 0x0042, 0x0042, 0x0063, 0x0063, 0x0062, 0x0062,
  0x0062, 0x0063, 0x0042, 0x0042, 0x0062, 0x0042, 0x0062, 0x0042, 0x0063, 0x0042, 0x0042, 0x0042,
  0x0042, 0x0042, 0x0083, 0x08c4, 0x0063, 0x0063, 0x0063, 0x0062, 0x5a02, 0x10a3, 0x0043, 0x0063,
  0x0042, 0x0063, 0x0063, 0x0063, 0x0063, 0x0063, 0x0063, 0x0063, 0x0063, 0x0063, 0x0063, 0x0063,
  0x0063, 0x0063, 0x0063, 0x0063, 0x0063, 0x0063, 0x0063, 0x0063, 0x0063, 0x0063, 0x0063, 0x0063,
  0x0063, 0x0063, 0x0063, 0x0063, 0x0063, 0x0063, 0x0063, 0x0063, 0x0063, 0x0063, 0x0063, 0x0063,
  0x08c4, 0x08c4, 0x08c4, 0x08c4, 0x0861, 0xadb7, 0x8cf4, 0x8cd4, 0x8cd4, 0xb5f8, 0x4a49, 0x39c7,
  0x39e8, 0x39e7, 0x39c7, 0x39c7, 0x39c7, 0x39c7, 0x31c7, 0x31c7, 0x31c7, 0x39c7, 0x39e8, 0x39e8,
  0x31c7, 0x10c4, 0x08a3, 0x08a3, 0x0883, 0x5b0c, 0xa597, 0x8cd4, 0x8cd4, 0x8cd4, 0x9d35, 0x31a7,
  0x31c7, 0x31a7, 0x31a7, 0x31a7, 0x31c7, 0x31a7, 0x31a7, 0x31a7, 0x39c7, 0x3a08, 0x8452, 0x84b3,
  0x8493, 0x8493, 0x94f4, 0x6baf, 0x08a3, 0x08c4, 0x08c4, 0x0882, 0x9514, 0x8cd4, 0x84b3, 0x84b3,
  0x9d35, 0x10e4, 0x08a4, 0x0862, 0x7411, 0x8493, 0x8cb4, 0x8cd4, 0x8cd4, 0x8cd4, 0x8cd4, 0x7431,
  0x31c7, 0x0062, 0x0083, 0x636e, 0x8cb4, 0x8cb4, 0x8cd4, 0x9d56, 0x6baf, 0x08a3, 0x08c4, 0x08a4,
  0x10c3, 0x84b4, 0x84b4, 0x8cb4, 0x8cd4, 0xa597, 0x2124, 0x0082, 0x0021, 0x63af, 0x8493, 0x8cb3,
  0x8cb3, 0x8cb4, 0x8cd4, 0x8cb3, 0x7c52, 0x4aaa, 0x0062, 0x0083, 0x5b2d, 0x8cd4, 0x8cd4, 0x8cb4,
  0x8cd4, 0x94d3, 0x0882, 0x08c4, 0x08c4, 0x08a4, 0x08a3, 0x31e8, 0xb5b7, 0x8cd4, 0x8cd4, 0x94f4,
  0x94f4, 0x9514, 0x9514, 0x94f4, 0x8cd4, 0x8cd4, 0x8cd4, 0x94f4, 0x94f4, 0x8cd4, 0x8cd4, 0x8cd4,
  0x8cd4, 0x8cf4, 0xbe38, 0x5aec, 0x08a3, 0x08c4, 0x08c4, 0x08c4, 0x0882, 0x7bf0, 0x8cb3, 0x84b3,
  0x8493, 0x94f4, 0x632d, 0x08a3, 0x08c4, 0x08a3, 0x0083, 0x1904, 0x8c93, 0x84b3, 0x8cf4, 0x8cf4,
  0x8cf4, 0x8cf4, 0x8cf4, 0x8cf4, 0x9515, 0xadb7, 0x5b0c, 0x08a3, 0x08a3, 0x08a3, 0x2165, 0x9535,
  0x8cf4, 0x8cd4, 0x84b3, 0xa596, 0x3a08, 0x39e8, 0x3a08, 0x4228, 0x4208, 0x3a08, 0x3a08, 0x4229,
  0x4a6a, 0xb5d8, 0x8cd4, 0x8cd4, 0x8cb4, 0x84b3, 0x9d35, 0x2986, 0x08a4, 0x08a4, 0x08c4, 0x08c4,
  0x0063, 0x0063, 0x0063, 0x0063, 0x0063, 0x0063, 0x0063, 0x0063, 0x0063, 0x0063, 0x0062, 0x0063,
  0x0063, 0x0063, 0x0063, 0x0062, 0x0063, 0x0062, 0x0063, 0x0063, 0x0063, 0x0062, 0x0063, 0x0062,
  0x0063, 0x0063, 0x0063, 0x0063, 0x0063, 0x0063, 0x0063, 0x0063, 0x0062, 0x0062, 0x0062, 0x0063,
  0x0063, 0x0063, 0x0062, 0x0062, 0x0042, 0x0062, 0x0062, 0x2923, 0x0063, 0x0063, 0x0062, 0x0062,
  0x0042, 0x0042, 0x0042, 0x0062, 0x0042, 0x0042, 0x0042, 0x0042, 0x0042, 0x0042, 0x0042, 0x0042,
  0x0042, 0x0042, 0x0042, 0x0042, 0x0063, 0x0063, 0x0063, 0x0063, 0x0062, 0x0062, 0x0042, 0x0042,
  0x0062, 0x0042, 0x0042, 0x0042, 0x0042, 0x0063, 0x0063, 0x0043, 0x0042, 0x0042, 0x0042, 0x0042,
  0x0063, 0x0042, 0x0063, 0x0063, 0x5a23, 0x5a24, 0x0062, 0x0063, 0x0062, 0x0063, 0x0063, 0x0063,
  0x0063, 0x0063, 0x0063, 0x0063, 0x0063, 0x0063, 0x0063, 0x0063, 0x0063, 0x0063, 0x0063, 0x0063,
  0x0063, 0x0063, 0x0063, 0x0063, 0x0063, 0x0063, 0x0063, 0x0063, 0x0063, 0x0063, 0x0063, 0x0063,
  0x0063, 0x0063, 0x0063, 0x0063, 0x0063, 0x0063, 0x0063, 0x0063, 0x08c4, 0x08c4, 0x08c4, 0x08c4,
  0x0861, 0xad97, 0x8473, 0x8493, 0x84b3, 0x84b3, 0xbe39, 0xc659, 0xc659, 0xc659, 0xc659, 0xc659,
  0xc659, 0xc659, 0xc659, 0xc659, 0xc659, 0xc659, 0xc659, 0xc659, 0xce7a, 0x3a08, 0x08c4, 0x08a3,
  0x0883, 0x52cc, 0x9515, 0x8473, 0x8493, 0x8493, 0x9d35, 0xbe39, 0xbe39, 0xbe39, 0xc639, 0xc639,
  0xc659, 0xc659, 0xc639, 0xc639, 0xc639, 0xc659, 0xad96, 0x8473, 0x7c72, 0x7c72, 0x8493, 0x634d,
  0x0883, 0x08c4, 0x08c4, 0x0862, 0x8472, 0x7c52, 0x7c52, 0x7c52, 0x84b3, 0x08a3, 0x0083, 0x0062,
  0x0020, 0x636e, 0x7c73, 0x8493, 0x8493, 0x8493, 0x8cb3, 0x0041, 0x0062, 0x0083, 0x0062, 0x530c,
  0x7432, 0x7c52, 0x7c72, 0x9515, 0x6b8e, 0x08c4, 0x08c4, 0x08c4, 0x10c3, 0x7c52, 0x7c52, 0x7c52,
  0x7c52, 0x9535, 0x1904, 0x08a3, 0x0082, 0x0020, 0x5b0c, 0x8473, 0x7c72, 0x7c72, 0x7c72, 0x6bd0,
  0x0020, 0x0041, 0x0083, 0x0083, 0x4aab, 0x7432, 0x7432, 0x7432, 0x7c72, 0x8472, 0x0883, 0x08c4,
  0x08c4, 0x08c4, 0x0883, 0x8cd4, 0x7c72, 0x7c52, 0x8472, 0x8473, 0x8493, 0x8cd4, 0x8cd4, 0x8cb3,
  0x8493, 0x8493, 0x84b3, 0x8cd4, 0x8cd4, 0x84b3, 0x8493, 0x8493, 0x8493, 0x8473, 0x7c52, 0xa5b7,
  0x10c3, 0x08a3, 0x08c4, 0x08c4, 0x0062, 0x636e, 0x7c73, 0x7c52, 0x7c52, 0x7c72, 0x4acb, 0x0083,
  0x08a3, 0x08a4, 0x00a3, 0x0041, 0x0000, 0x7c31, 0x7c52, 0x7c52, 0x7c52, 0x7c52, 0x7c52, 0x7c72,
  0x7c73, 0x9515, 0x52cb, 0x0883, 0x08a3, 0x08a3, 0x2145, 0x84b3, 0x8493, 0x8493, 0x8493, 0x8493,
  0xbe18, 0xc659, 0xc659, 0xc659, 0xc659, 0xbe39, 0xbe39, 0xc659, 0xbe18, 0x8493, 0x8493, 0x8473,
  0x7c72, 0x7c72, 0x84b3, 0x2145, 0x08c4, 0x08c4, 0x08c4, 0x08c4, 0x0063, 0x0063, 0x0063, 0x0063,
  0x0063, 0x0063, 0x0063, 0x0063, 0x0063, 0x0063, 0x0063, 0x0063, 0x0063, 0x0063, 0x0063, 0x0063,
  0x0063, 0x0063, 0x0063, 0x0062, 0x0063, 0x0063, 0x0063, 0x0063, 0x0063, 0x0063, 0x0063, 0x0062,
  0x0063, 0x0062, 0x0062, 0x0063, 0x0063, 0x0063, 0x0062, 0x0062, 0x0063, 0x0063, 0x0062, 0x0042,
  0x0063, 0x0062, 0x2923, 0x10a2, 0x0062, 0x0042, 0x0062, 0x0062, 0x0062, 0x0062, 0x0062, 0x0042,
  0x0042, 0x0042, 0x0062, 0x0042, 0x0042, 0x0042, 0x0042, 0x0062, 0x0042, 0x0042, 0x0042, 0x0042,
  0x0063, 0x0063, 0x0062, 0x0063, 0x0062, 0x0042, 0x0063, 0x0043, 0x0042, 0x0042, 0x0042, 0x0042,
  0x0062, 0x0063, 0x0063, 0x0063, 0x0042, 0x0043, 0x0063, 0x0063, 0x0063, 0x0063, 0x0063, 0x0063,
  0x0062, 0x7283, 0x0062, 0x0042, 0x0063, 0x0063, 0x0063, 0x0063, 0x0063, 0x0063, 0x0063, 0x0063,
  0x0063, 0x0063, 0x0063, 0x0063, 0x0063, 0x0063, 0x0083, 0x0063, 0x0063, 0x0062, 0x0063, 0x0063,
  0x0063, 0x0063, 0x0063, 0x0063, 0x0063, 0x0063, 0x0063, 0x0063, 0x0062, 0x0063, 0x0063, 0x0063,
  0x0063, 0x0063, 0x0063, 0x0063, 0x08c4, 0x08c4, 0x08c4, 0x08c4, 0x0862, 0xb5d8, 0x84b3, 0x84b3,
  0x84b3, 0x84b3, 0x8493, 0x8493, 0x84b3, 0x84b3, 0x8493, 0x8493, 0x8493, 0x8493, 0x8493, 0x8493,
  0x8493, 0x8493, 0x8493, 0x8493, 0xbe39, 0x4229, 0x08c4, 0x08a4, 0x0883, 0x5aec, 0x9d36, 0x8493,
  0x8493, 0x8493, 0x8493, 0x8493, 0x7c72, 0x7c72, 0x7c72, 0x7c72, 0x7c73, 0x7c72, 0x7c52, 0x7c72,
  0x7c73, 0x7c73, 0x7c72, 0x7c72, 0x7c72, 0x8473, 0x8cb3, 0x634d, 0x0883, 0x08c4, 0x08c4, 0x0062,
  0x7c52, 0x7c52, 0x7c52, 0x7452, 0x8493, 0x08a3, 0x08a4, 0x08a4, 0x0041, 0x636e, 0x8493, 0x8493,
  0x8493, 0x8493, 0x4aab, 0x0041, 0x08a3, 0x08a3, 0x0062, 0x530d, 0x7c52, 0x7c52, 0x8473, 0x9515,
  0x6baf, 0x08a4, 0x08c4, 0x08a4, 0x10a3, 0x7c52, 0x7c52, 0x7c52, 0x7452, 0x8cf4, 0x1904, 0x08c4,
  0x08c4, 0x0083, 0x10a3, 0x8473, 0x7c52, 0x7c72, 0x7c72, 0x6bd0, 0x0062, 0x08a3, 0x08c4, 0x0883,
  0x4a8b, 0x7411, 0x7431, 0x7c32, 0x8473, 0x8c93, 0x08a3, 0x08c4, 0x08c4, 0x08c4, 0x0882, 0x9515,
  0x7c52, 0x7c52, 0x7c72, 0x7c73, 0x52cc, 0x4249, 0x4249, 0x4229, 0x3a08, 0x3a09, 0x4249, 0x426a,
  0x4a6a, 0x426a, 0x4b0d, 0x7c72, 0x7c72, 0x7c72, 0x7c52, 0xa597, 0x18e4, 0x08a3, 0x08c4, 0x08c4,
  0x0883, 0x636e, 0x7c72, 0x7c52, 0x7c52, 0x7c52, 0x4acb, 0x0083, 0x08a4, 0x08a4, 0x08a4, 0x0883,
  0x0041, 0x2986, 0x6bd0, 0x8472, 0x7c72, 0x7c52, 0x7c52, 0x7c72, 0x7c52, 0x8cf4, 0x52cb, 0x08a3,
  0x08a4, 0x08c4, 0x2145, 0x84b3, 0x8493, 0x8493, 0x8493, 0x7c73, 0x7c73, 0x8493, 0x8473, 0x7c72,
  0x7c52, 0x7c52, 0x7c52, 0x7c52, 0x7c52, 0x7c72, 0x7c73, 0x8473, 0x8493, 0x7c52, 0x2145, 0x0883,
  0x08c4, 0x08c4, 0x08c4, 0x08c4, 0x0063, 0x0063, 0x0063, 0x0063, 0x0083, 0x0063, 0x0063, 0x0063,
  0x0063, 0x0063, 0x0063, 0x0063, 0x0063, 0x0063, 0x0063, 0x0063, 0x0063, 0x0063, 0x0063, 0x0063,
  0x0063, 0x0063, 0x0063, 0x0063, 0x0063, 0x0063, 0x0063, 0x0063, 0x0063, 0x0063, 0x2125, 0x10c4,
  0x0063, 0x0062, 0x0062, 0x0063, 0x0063, 0x0062, 0x0062, 0x0063, 0x0063, 0x0862, 0x2923, 0x0062,
  0x0062, 0x0042, 0x0042, 0x0042, 0x0062, 0x0063, 0x0063, 0x0042, 0x0062, 0x0042, 0x0062, 0x0042,
  0x0062, 0x0042, 0x0042, 0x0042, 0x0062, 0x0042, 0x0042, 0x0042, 0x0063, 0x0062, 0x0063, 0x0063,
  0x0063, 0x0063, 0x0063, 0x0063, 0x0062, 0x0062, 0x0043, 0x0063, 0x0063, 0x0063, 0x0063, 0x0062,
  0x0063, 0x0043, 0x0063, 0x0063, 0x0063, 0x0063, 0x0063, 0x0063, 0x0063, 0x3983, 0x6224, 0x0042,
  0x0062, 0x0063, 0x0063, 0x0063, 0x0063, 0x0063, 0x0063, 0x0063, 0x0063, 0x0063, 0x0063, 0x0063,
  0x0063, 0x0063, 0x0063, 0x0063, 0x0063, 0x0063, 0x0063, 0x0063, 0x0063, 0x0063, 0x0063, 0x0063,
  0x0063, 0x0063, 0x0063, 0x0063, 0x0063, 0x0063, 0x0063, 0x0063, 0x0063, 0x0063, 0x0063, 0x0063,
  0x08c4, 0x08c4, 0x08c4, 0x08c4, 0x0882, 0x7bf0, 0x7c31, 0x8493, 0x8493, 0x84b3, 0x84b3, 0x8cb3,
  0x84b3, 0x84b3, 0x8493, 0x8493, 0x8493, 0x84b3, 0x84b3, 0x8493, 0x8493, 0x8493, 0x8493, 0x7c73,
  0xb5f8, 0x4208, 0x08a4, 0x08c4, 0x08c4, 0x3a08, 0x73cf, 0x8472, 0x8493, 0x8493, 0x8493, 0x7c73,
  0x7c73, 0x7c73, 0x7c72, 0x7c72, 0x7c72, 0x7c52, 0x7c72, 0x7c73, 0x8473, 0x8473, 0x7c72, 0x7c52,
  0x7c72, 0x8493, 0x73cf, 0x426a, 0x08c4, 0x08c4, 0x08e4, 0x0062, 0x7c31, 0x7432, 0x7452, 0x7c52,
  0x8493, 0x10e4, 0x08c4, 0x08c4, 0x08a3, 0x426a, 0x5b4e, 0x7c72, 0x8473, 0x636e, 0x2125, 0x0083,
  0x08c4, 0x08c4, 0x08a3, 0x5b4d, 0x7c52, 0x7c52, 0x7c72, 0x8cf4, 0x6b8e, 0x08a3, 0x08c4, 0x08c4,
  0x08a3, 0x7432, 0x7432, 0x7c52, 0x7c52, 0x8cf4, 0x18e4, 0x08a4, 0x08c4, 0x08c4, 0x0082, 0x52ec,
  0x7411, 0x7c31, 0x6bcf, 0x4a8a, 0x08a3, 0x08c4, 0x08c4, 0x0883, 0x4aab, 0x7432, 0x7432, 0x7432,
  0x7c52, 0x8472, 0x08a3, 0x08c4, 0x08c4, 0x2145, 0x9cf4, 0x94f4, 0x7c52, 0x7c52, 0x7c72, 0x84b4,
  0x31c7, 0x0021, 0x0041, 0x0021, 0x0021, 0x0021, 0x0041, 0x0041, 0x0041, 0x0042, 0x2186, 0x530c,
  0x7c72, 0x7c52, 0x7c52, 0x8493, 0x8c92, 0x6b8e, 0x08e5, 0x08e4, 0x08a3, 0x634e, 0x7c52, 0x7432,
  0x7432, 0x7c52, 0x4aab, 0x08a4, 0x08c4, 0x08a4, 0x08a4, 0x08a4, 0x0883, 0x0062, 0x5aec, 0x634d,
  0x8493, 0x7c72, 0x7c72, 0x7c52, 0x7c52, 0x8cd4, 0x52cb, 0x08c4, 0x08c4, 0x08c4, 0x2145, 0x8493,
  0x8473, 0x8493, 0x8493, 0x8493, 0x8493, 0x8473, 0x7c73, 0x7c72, 0x7c72, 0x7c52, 0x7c52, 0x7c72,
  0x7c72, 0x7c72, 0x7c72, 0x7c73, 0x73f0, 0x5b2d, 0x0062, 0x08a4, 0x08c4, 0x08c4, 0x08a4, 0x08c4,
  0x0063, 0x0063, 0x0063, 0x0063, 0x0063, 0x0063, 0x0063, 0x0063, 0x0063, 0x0063, 0x0063, 0x0063,
  0x0063, 0x0063, 0x0063, 0x0063, 0x0063, 0x0063, 0x0063, 0x0063, 0x0063, 0x0063, 0x0063, 0x0063,
  0x0063, 0x0063, 0x0063, 0x0063, 0x0063, 0x0063, 0x0062, 0x0062, 0x0063, 0x0063, 0x0062, 0x0063,
  0x0063, 0x0063, 0x0063, 0x0063, 0x0882, 0x3984, 0x10a3, 0x0062, 0x0063, 0x0062, 0x0063, 0x0042,
  0x0042, 0x0042, 0x0063, 0x0062, 0x0062, 0x0062, 0x0063, 0x0063, 0x0062, 0x0042, 0x0062, 0x0062,
  0x0042, 0x0042, 0x0042, 0x0062, 0x0063, 0x0063, 0x0063, 0x0063, 0x0063, 0x0063, 0x0063, 0x0063,
  0x0063, 0x0063, 0x0063, 0x0063, 0x0063, 0x0063, 0x0063, 0x0063, 0x0063, 0x0063, 0x0063, 0x0063,
  0x0063, 0x0063, 0x0063, 0x0063, 0x0063, 0x18e3, 0x9346, 0x0042, 0x0063, 0x0063, 0x0063, 0x0063,
  0x0063, 0x0063, 0x0063, 0x0063, 0x0063, 0x0063, 0x0063, 0x0063, 0x0063, 0x0063, 0x0063, 0x0063,
  0x0063, 0x0063, 0x0063, 0x0063, 0x0063, 0x0063, 0x0063, 0x0083, 0x0063, 0x0063, 0x0063, 0x0063,
  0x0063, 0x0083, 0x0083, 0x0063, 0x0063, 0x0063, 0x0063, 0x0063, 0x08a4, 0x08c4, 0x08c4, 0x08c4,
  0x08a3, 0x0041, 0x5b2d, 0x7c32, 0x84b3, 0x8cb4, 0x8cd4, 0x8cb4, 0x84b3, 0x84b3, 0x84b3, 0x84b3,
  0x84b3, 0x8cb3, 0x8cb3, 0x84b3, 0x84b3, 0x8493, 0x8493, 0x7c93, 0xb5f8, 0x4228, 0x08a3, 0x08c4,
  0x08c4, 0x08a3, 0x0041, 0x6bd0, 0x7c73, 0x8493, 0x8493, 0x7c73, 0x7c73, 0x7c73, 0x8473, 0x8473,
  0x7c73, 0x7c73, 0x7c73, 0x8493, 0x8493, 0x8493, 0x7c72, 0x7c52, 0x7c52, 0x7411, 0x4229, 0x0083,
  0x08c4, 0x08c4, 0x08e4, 0x0882, 0x7c52, 0x7c52, 0x7c52, 0x7c52, 0x8493, 0x10c4, 0x08a4, 0x08a4,
  0x08c4, 0x08a3, 0x2986, 0x6baf, 0x6bd0, 0x2145, 0x0083, 0x08a4, 0x08a4, 0x08a4, 0x08a3, 0x5b4d,
  0x7c52, 0x7c52, 0x7c52, 0x84b3, 0x636e, 0x08a3, 0x08c4, 0x08e4, 0x10c3, 0x7c52, 0x7432, 0x7432,
  0x7c52, 0x9515, 0x1904, 0x08a3, 0x08a4, 0x08c4, 0x08a3, 0x0062, 0x52ed, 0x5b2d, 0x426a, 0x0082,
  0x08a4, 0x08c4, 0x08c4, 0x08a3, 0x4acc, 0x7432, 0x7431, 0x7411, 0x7c52, 0x8472, 0x08a3, 0x08c4,
  0x08e4, 0x2986, 0xa576, 0x7c72, 0x7c52, 0x7c52, 0x7c73, 0x84b3, 0x31e7, 0x0062, 0x0062, 0x0062,
  0x0082, 0x0062, 0x0062, 0x0062, 0x0062, 0x0062, 0x0041, 0x10a3, 0x8473, 0x7c52, 0x7c72, 0x7c31,
  0xa556, 0x8451, 0x08c4, 0x08c4, 0x08a3, 0x5b4d, 0x7432, 0x7432, 0x7c52, 0x7c52, 0x4aab, 0x08a3,
  0x08a4, 0x08a4, 0x08c4, 0x08a4, 0x08c4, 0x0883, 0x0082, 0x10c3, 0x7c31, 0x7c52, 0x7c52, 0x7c52,
  0x7c52, 0x8cf4, 0x52cb, 0x08c4, 0x08c4, 0x08c4, 0x2145, 0x84b3, 0x8493, 0x84b3, 0x8493, 0x8493,
  0x8493, 0x8473, 0x7c72, 0x7c72, 0x7c73, 0x7c72, 0x7c72, 0x8472, 0x7c72, 0x7c52, 0x7c72, 0x73f1,
  0x52cb, 0x0062, 0x0083, 0x08c4, 0x08c4, 0x08c4, 0x08a4, 0x08a3, 0x0063, 0x0063, 0x0063, 0x0063,
  0x0063, 0x0063, 0x0063, 0x0063, 0x0063, 0x0063, 0x0063, 0x0063, 0x0063, 0x0063, 0x0063, 0x0063,
  0x0063, 0x0063, 0x0063, 0x0063, 0x0063, 0x0063, 0x0063, 0x0063, 0x0063, 0x0063, 0x0063, 0x0062,
  0x0063, 0x0062, 0x0063, 0x0062, 0x0063, 0x0063, 0x0063, 0x0063, 0x0063, 0x0063, 0x0063, 0x0062,
  0x2903, 0x2903, 0x0062, 0x0062, 0x0062, 0x0062, 0x0062, 0x0063, 0x0062, 0x0062, 0x0062, 0x0062,
  0x0062, 0x0062, 0x0042, 0x0042, 0x0062, 0x0062, 0x0062, 0x0062, 0x0062, 0x0062, 0x0042, 0x0062,
  0x0063, 0x0063, 0x0063, 0x0063, 0x0063, 0x0063, 0x0063, 0x0063, 0x0063, 0x0062, 0x0063, 0x0063,
  0x0063, 0x0063, 0x0063, 0x0063, 0x0063, 0x0063, 0x0063, 0x0063, 0x0063, 0x0063, 0x0063, 0x0063,
  0x0063, 0x0062, 0x49c4, 0x1082, 0x0062, 0x0062, 0x0063, 0x0062, 0x0063, 0x0063, 0x0063, 0x0063,
  0x0063, 0x0063, 0x0063, 0x0063, 0x0063, 0x0063, 0x0063, 0x0063, 0x0063, 0x0063, 0x0063, 0x0063,
  0x0063, 0x0063, 0x0083, 0x0083, 0x0063, 0x0063, 0x0063, 0x0063, 0x0063, 0x0083, 0x0083, 0x0063,
  0x0063, 0x0063, 0x0063, 0x0063, 0x0063, 0x08c4, 0x08c4, 0x08c4, 0x08c4, 0x0062, 0x0041, 0x6b8e,
  0x94f4, 0x8cf4, 0x94f5, 0x94f4, 0x94f4, 0x94f4, 0x94f4, 0x94f4, 0x9514, 0x9515, 0x9d35, 0x9d35,
  0x9535, 0x94f5, 0x94f5, 0x94f4, 0xb5f8, 0x4208, 0x08a3, 0x08a4, 0x08c4, 0x08a3, 0x0041, 0x0020,
  0x8472, 0x9d35, 0x8cb3, 0x8cb3, 0x8cd4, 0x94f4, 0x94f4, 0x94f4, 0x8473, 0x8493, 0x84b3, 0x84b3,
  0x8493, 0x8493, 0x8493, 0x8493, 0x8493, 0x0882, 0x0062, 0x08a3, 0x08c4, 0x08c4, 0x08c4, 0x0882,
  0x8cd4, 0x8493, 0x8493, 0x7c72, 0x8cb3, 0x10c3, 0x08a3, 0x08a4, 0x08c4, 0x08c4, 0x0042, 0x0021,
  0x0021, 0x0042, 0x08a4, 0x08c4, 0x08c4, 0x08c4, 0x0883, 0x73f0, 0x8cd4, 0x8473, 0x7c52, 0x8cb4,
  0x73cf, 0x08a4, 0x08c4, 0x08c4, 0x10e4, 0x8cd4, 0x7c52, 0x7432, 0x7452, 0x9d55, 0x1924, 0x08a3,
  0x08a3, 0x08c4, 0x08c4, 0x0083, 0x0041, 0x0041, 0x0062, 0x08a3, 0x08c4, 0x08a4, 0x08a3, 0x08a3,
  0x5b2d, 0x7c72, 0x7431, 0x7411, 0x7c72, 0x8c92, 0x0883, 0x08c4, 0x08c4, 0x2986, 0xa556, 0x94f4,
  0x8cb3, 0x8473, 0x84b3, 0x31c7, 0x0082, 0x08a4, 0x08a3, 0x08a3, 0x08a3, 0x08a3, 0x08a3, 0x08a3,
  0x08a3, 0x08a3, 0x0062, 0x0862, 0x8cd4, 0x8493, 0x8493, 0x8492, 0x94f4, 0x6bae, 0x08a3, 0x08a3,
  0x0062, 0x73d0, 0x8473, 0x7c72, 0x7c52, 0x8cb3, 0x634d, 0x08a3, 0x08a4, 0x08a4, 0x08c4, 0x08a4,
  0x08c4, 0x08c4, 0x0083, 0x0041, 0x0041, 0x8472, 0x7c72, 0x7c72, 0x8473, 0x8cd4, 0x4a8a, 0x08a3,
  0x08a4, 0x08a4, 0x2986, 0xad97, 0x9d15, 0x9515, 0x94f4, 0x8cd4, 0x8cd4, 0x8cd4, 0x8cb4, 0x8cb4,
  0x8cb4, 0x8cb3, 0x8cb4, 0x84b3, 0x8493, 0x8493, 0x84b4, 0x31a7, 0x0021, 0x0083, 0x08c4, 0x08c4,
  0x08c4, 0x08c4, 0x08a4, 0x0063, 0x0063, 0x0063, 0x0063, 0x0063, 0x0063, 0x0063, 0x0063, 0x0063,
  0x0063, 0x0063, 0x0063, 0x0063, 0x0063, 0x0063, 0x0063, 0x0063, 0x0063, 0x0063, 0x0063, 0x0063,
  0x0063, 0x0063, 0x0063, 0x0063, 0x0063, 0x0063, 0x0063, 0x0063, 0x0063, 0x0063, 0x0063, 0x0063,
  0x0062, 0x0063, 0x0063, 0x0063, 0x0063, 0x0062, 0x0062, 0x0062, 0x5205, 0x0062, 0x0063, 0x0062,
  0x0063, 0x0062, 0x0062, 0x0063, 0x0063, 0x0062, 0x0063, 0x0063, 0x0063, 0x0042, 0x0042, 0x0042,
  0x0042, 0x0042, 0x0042, 0x0042, 0x0062, 0x0042, 0x0042, 0x0042, 0x0063, 0x0063, 0x0063, 0x0063,
  0x0063, 0x0063, 0x0063, 0x10e4, 0x0063, 0x0063, 0x0063, 0x0063, 0x0063, 0x0063, 0x0063, 0x0063,
  0x0063, 0x0063, 0x0063, 0x0063, 0x0063, 0x0063, 0x0063, 0x0063, 0x0063, 0x0063, 0x0862, 0xa427,
  0x0042, 0x0042, 0x0063, 0x0063, 0x0063, 0x0063, 0x0063, 0x0063, 0x0063, 0x0063, 0x0063, 0x0063,
  0x0063, 0x0063, 0x0063, 0x0063, 0x0063, 0x0063, 0x0063, 0x0063, 0x0063, 0x0063, 0x0063, 0x0063,
  0x0063, 0x0063, 0x0063, 0x0063, 0x0063, 0x0063, 0x0063, 0x0063, 0x0063, 0x0063, 0x0063, 0x0063,
  0x0083, 0x0083, 0x08a4, 0x08c4, 0x08c4, 0x08c4, 0x0082, 0x0882, 0x0882, 0x0882, 0x1082, 0x10a2,
  0x10a3, 0x10a3, 0x10a3, 0x10a3, 0x10a2, 0x10a2, 0x10a2, 0x10a2, 0x10a3, 0x10a2, 0x10a3, 0x10a3,
  0x10c3, 0x0883, 0x08c4, 0x08c4, 0x08c4, 0x08c4, 0x08a4, 0x0062, 0x0882, 0x0882, 0x0862, 0x0882,
  0x0882, 0x1082, 0x0882, 0x1082, 0x0882, 0x1082, 0x0882, 0x0862, 0x0862, 0x0862, 0x0882, 0x0882,
  0x0882, 0x0062, 0x08a4, 0x08c4, 0x08c4, 0x08c4, 0x08c4, 0x0062, 0x0862, 0x0862, 0x0862, 0x0862,
  0x0861, 0x0062, 0x08a3, 0x08c4, 0x08c4, 0x08c4, 0x08a3, 0x0062, 0x0083, 0x08a3, 0x08c4, 0x08c4,
  0x08c4, 0x08a4, 0x0083, 0x0882, 0x08a3, 0x0882, 0x0882, 0x0882, 0x0882, 0x08c4, 0x08c4, 0x08a3,
  0x0062, 0x08a3, 0x08a3, 0x0882, 0x0862, 0x10c3, 0x0883, 0x08a4, 0x08a4, 0x08c4, 0x08c4, 0x08c4,
  0x0083, 0x0083, 0x08a3, 0x08c4, 0x08c4, 0x08a4, 0x08a4, 0x08a3, 0x0882, 0x0882, 0x0882, 0x0882,
  0x0882, 0x0862, 0x0883, 0x08c4, 0x08c4, 0x0042, 0x10a3, 0x10a3, 0x0882, 0x0862, 0x0882, 0x0882,
  0x08c4, 0x08a4, 0x08a4, 0x08a4, 0x08c4, 0x08a4, 0x08c4, 0x08c4, 0x08c4, 0x08a4, 0x0083, 0x0062,
  0x10a3, 0x10a3, 0x0882, 0x0882, 0x08a3, 0x08a3, 0x08a3, 0x08c4, 0x0083, 0x0882, 0x0883, 0x0882,
  0x0862, 0x0862, 0x0882, 0x08a4, 0x08c4, 0x08a4, 0x08a4, 0x08c4, 0x08c4, 0x08c4, 0x08a4, 0x08a3,
  0x0062, 0x0882, 0x0882, 0x0882, 0x0882, 0x0882, 0x0062, 0x08a3, 0x08a4, 0x08c4, 0x0883, 0x10a3,
  0x1082, 0x1082, 0x0882, 0x0882, 0x0882, 0x0882, 0x0882, 0x0882, 0x0882, 0x0882, 0x0882, 0x0882,
  0x0862, 0x0882, 0x0882, 0x0062, 0x08a3, 0x08a4, 0x08c4, 0x08c4, 0x08c4, 0x0083, 0x0063, 0x0063,
  0x0063, 0x0063, 0x0063, 0x0063, 0x0063, 0x0063, 0x0063, 0x0063, 0x0063, 0x0063, 0x0063, 0x0063,
  0x0063, 0x0063, 0x0063, 0x0063, 0x0063, 0x0063, 0x0063, 0x0063, 0x0063, 0x0063, 0x0063, 0x0063,
  0x0063, 0x0063, 0x0063, 0x0063, 0x0063, 0x0063, 0x0063, 0x0063, 0x0063, 0x0063, 0x0063, 0x0062,
  0x0062, 0x0063, 0x0062, 0x51c4, 0x10a3, 0x0063, 0x0063, 0x0063, 0x0063, 0x0063, 0x0062, 0x0062,
  0x0063, 0x0062, 0x0063, 0x0063, 0x0062, 0x0063, 0x0063, 0x0063, 0x0062, 0x0062, 0x0063, 0x0042,
  0x0062, 0x0062, 0x0063, 0x0062, 0x0063, 0x0063, 0x0063, 0x0063, 0x0063, 0x0063, 0x0063, 0x08c4,
  0x0063, 0x0063, 0x0063, 0x0063, 0x0063, 0x0063, 0x0063, 0x0063, 0x0063, 0x0063, 0x0063, 0x0063,
  0x0063, 0x0063, 0x0063, 0x0063, 0x0063, 0x0063, 0x0063, 0x8325, 0x20e2, 0x0063, 0x0063, 0x0063,
  0x0063, 0x0063, 0x0063, 0x0063, 0x0063, 0x0063, 0x0063, 0x0063, 0x0063, 0x0063, 0x0063, 0x0063,
  0x0063, 0x0063, 0x0063, 0x0063, 0x0063, 0x0063, 0x0063, 0x0063, 0x0063, 0x0063, 0x0063, 0x0063,
  0x0063, 0x0063, 0x0063, 0x0063, 0x0063, 0x0063, 0x0063, 0x0063, 0x0083, 0x0083, 0x0083, 0x08a4,
  0x08c4, 0x08c4, 0x08c4, 0x0083, 0x0062, 0x0061, 0x0062, 0x0062, 0x0062, 0x0062, 0x0062, 0x0062,
  0x0062, 0x0042, 0x0041, 0x0062, 0x0062, 0x0062, 0x0041, 0x0041, 0x0062, 0x08a3, 0x08c4, 0x08c4,
  0x08c4, 0x08c4, 0x08c4, 0x08a3, 0x0041, 0x0041, 0x0041, 0x0062, 0x0062, 0x0062, 0x0041, 0x0041,
  0x0041, 0x0041, 0x0061, 0x0062, 0x0062, 0x0062, 0x0062, 0x0062, 0x0062, 0x08a3, 0x08c4, 0x08c4,
  0x08c4, 0x08c4, 0x08c4, 0x08a3, 0x0062, 0x0062, 0x0062, 0x0082, 0x0062, 0x08a3, 0x08c4, 0x08c4,
  0x08c4, 0x08c4, 0x08c4, 0x08a4, 0x08c4, 0x08c4, 0x08c4, 0x08c4, 0x08c4, 0x08a4, 0x08a3, 0x0083,
  0x0062, 0x0062, 0x0062, 0x0062, 0x0883, 0x08c4, 0x08a4, 0x08a4, 0x08a3, 0x0082, 0x0082, 0x0082,
  0x0062, 0x0062, 0x08a3, 0x08a4, 0x08c4, 0x08c4, 0x08c4, 0x08c4, 0x08c4, 0x08c4, 0x08c4, 0x08c4,
  0x08c4, 0x08c4, 0x08c4, 0x08c4, 0x0083, 0x0062, 0x0082, 0x0082, 0x0082, 0x0083, 0x08a4, 0x08a4,
  0x08c4, 0x08a3, 0x0082, 0x0082, 0x0082, 0x0062, 0x0062, 0x0883, 0x08a4, 0x08c4, 0x08c4, 0x08c4,
  0x08a4, 0x08c4, 0x08c4, 0x08c4, 0x08c4, 0x08a4, 0x08a4, 0x08a3, 0x0062, 0x0062, 0x0041, 0x0062,
  0x0062, 0x08a3, 0x08c4, 0x08c4, 0x08a4, 0x0082, 0x0062, 0x0062, 0x0062, 0x0062, 0x0883, 0x08a4,
  0x08a4, 0x08a4, 0x08c4, 0x08c4, 0x08c4, 0x08c4, 0x08c4, 0x08c4, 0x08a3, 0x0062, 0x0062, 0x0041,
  0x0062, 0x0062, 0x08a3, 0x08c4, 0x08c4, 0x08c4, 0x0083, 0x0041, 0x0041, 0x0041, 0x0041, 0x0041,
  0x0041, 0x0062, 0x0062, 0x0062, 0x0062, 0x0062, 0x0062, 0x0041, 0x0062, 0x0062, 0x0062, 0x08a3,
  0x08a4, 0x08c4, 0x08c4, 0x08c4, 0x0083, 0x0063, 0x0063, 0x0063, 0x0063, 0x0063, 0x0063, 0x0063,
  0x0063, 0x0063, 0x0063, 0x0063, 0x0063, 0x0063, 0x0063, 0x0063, 0x0063, 0x0063, 0x0063, 0x0063,
  0x0063, 0x0063, 0x0063, 0x0063, 0x0063, 0x0063, 0x0063, 0x0063, 0x0063, 0x0063, 0x0063, 0x0063,
  0x0063, 0x0063, 0x0063, 0x0063, 0x0063, 0x0062, 0x0063, 0x0063, 0x0063, 0x0063, 0x1082, 0x5a25,
  0x0063, 0x0063, 0x0063, 0x0063, 0x0063, 0x0063, 0x0063, 0x0062, 0x0063, 0x0062, 0x0062, 0x0042,
  0x0042, 0x0063, 0x0063, 0x0063, 0x0062, 0x0042, 0x0063, 0x0042, 0x0062, 0x0042, 0x0063, 0x0042,
  0x0063, 0x0063, 0x0063, 0x0063, 0x0063, 0x0063, 0x0063, 0x0063, 0x0063, 0x0063, 0x0063, 0x0063,
  0x0063, 0x0063, 0x10e4, 0x0083, 0x0063, 0x0063, 0x0063, 0x0063, 0x0063, 0x0063, 0x0063, 0x0063,
  0x0063, 0x0063, 0x0063, 0x0883, 0x6a84, 0x0042, 0x0062, 0x0063, 0x0063, 0x0063, 0x0063, 0x0063,
  0x0063, 0x0063, 0x0063, 0x0063, 0x0063, 0x0063, 0x0063, 0x0063, 0x0063, 0x0063, 0x0063, 0x0063,
  0x0063, 0x0063, 0x0063, 0x0063, 0x0063, 0x0063, 0x0063, 0x0063, 0x0063, 0x0063, 0x0063, 0x0063,
  0x0063, 0x0063, 0x0063, 0x0063, 0x0063, 0x0083, 0x0063, 0x0083, 0x08a4, 0x08c4, 0x08c4, 0x08a3,
  0x0083, 0x0083, 0x0083, 0x0083, 0x0083, 0x0083, 0x0083, 0x0083, 0x0083, 0x0083, 0x0083, 0x0083,
  0x0083, 0x0083, 0x0083, 0x0083, 0x0083, 0x08c4, 0x08c4, 0x08c4, 0x08a4, 0x08c4, 0x08a4, 0x08a4,
  0x0083, 0x00a3, 0x0083, 0x0083, 0x0083, 0x0083, 0x0083, 0x0083, 0x0083, 0x0083, 0x0083, 0x0083,
  0x0083, 0x0883, 0x00a3, 0x0083, 0x0083, 0x08a4, 0x08a4, 0x08c4, 0x08a4, 0x08c4, 0x08c4, 0x08c4,
  0x08a3, 0x08a3, 0x08a3, 0x08a3, 0x08a3, 0x08c4, 0x08c4, 0x08c4, 0x08c4, 0x08c4, 0x08c4, 0x08a4,
  0x08c4, 0x08c4, 0x08c4, 0x08c4, 0x08c4, 0x08c4, 0x08c4, 0x08a4, 0x0083, 0x0083, 0x0883, 0x08a3,
  0x08a3, 0x08c4, 0x08c4, 0x08c4, 0x08c4, 0x00a3, 0x0083, 0x0083, 0x0883, 0x0883, 0x08c4, 0x08c4,
  0x08c4, 0x08c4, 0x08c4, 0x08c4, 0x08c4, 0x08c4, 0x08c4, 0x08c4, 0x08c4, 0x08c4, 0x08c4, 0x08c4,
  0x08a3, 0x0083, 0x0083, 0x0083, 0x08a3, 0x08a4, 0x08c4, 0x08c4, 0x08c4, 0x08c4, 0x00a3, 0x00a3,
  0x0083, 0x0083, 0x0083, 0x08a3, 0x08c4, 0x08c4, 0x08c4, 0x08a4, 0x08a4, 0x08a4, 0x08c4, 0x08c4,
  0x08c4, 0x08c4, 0x08a4, 0x08a3, 0x0083, 0x0083, 0x0083, 0x0083, 0x00a3, 0x08a4, 0x08c4, 0x08c4,
  0x08c4, 0x08a3, 0x0083, 0x00a3, 0x00a3, 0x00a3, 0x08a3, 0x08a4, 0x08a4, 0x08c4, 0x08c4, 0x08c4,
  0x08c4, 0x08c4, 0x08c4, 0x08c4, 0x08a4, 0x0083, 0x0083, 0x0083, 0x00a3, 0x0083, 0x08a3, 0x08a4,
  0x08c4, 0x08a4, 0x08a4, 0x0083, 0x0883, 0x0083, 0x0083, 0x0083, 0x0083, 0x0083, 0x0083, 0x0083,
  0x0083, 0x0083, 0x0083, 0x0083, 0x0083, 0x0083, 0x0083, 0x08a3, 0x08a4, 0x08c4, 0x08a4, 0x00a3,
  0x0063, 0x0063, 0x0063, 0x0063, 0x0063, 0x0063, 0x0063, 0x0063, 0x0063, 0x0083, 0x0063, 0x0063,
  0x0063, 0x0063, 0x0063, 0x0063, 0x0063, 0x0063, 0x0083, 0x0063, 0x0063, 0x0063, 0x0063, 0x0063,
  0x0063, 0x0063, 0x0063, 0x0063, 0x0063, 0x0063, 0x0063, 0x0063, 0x0063, 0x0063, 0x0063, 0x0063,
  0x0062, 0x0063, 0x0063, 0x0063, 0x0063, 0x0062, 0x51c4, 0x18c3, 0x0062, 0x0063, 0x0063, 0x0063,
  0x0063, 0x0063, 0x0063, 0x0062, 0x0062, 0x0062, 0x0042, 0x0062, 0x0062, 0x0063, 0x0063, 0x0062,
  0x0062, 0x0042, 0x0042, 0x0062, 0x0062, 0x0042, 0x0042, 0x0042, 0x0063, 0x0063, 0x0063, 0x0063,
  0x0063, 0x0063, 0x0063, 0x0063, 0x0063, 0x0063, 0x0063, 0x0063, 0x0063, 0x0063, 0x0063, 0x0063,
  0x0063, 0x0063, 0x0063, 0x0063, 0x0063, 0x0063, 0x0063, 0x0063, 0x0063, 0x0063, 0x0063, 0x0062,
  0x6a63, 0x3983, 0x0063, 0x0063, 0x0063, 0x0063, 0x0063, 0x0063, 0x0063, 0x0063, 0x0063, 0x0063,
  0x0063, 0x0063, 0x0063, 0x0063, 0x0063, 0x0063, 0x0063, 0x0063, 0x0063, 0x0063, 0x0063, 0x0063,
  0x0063, 0x0063, 0x0063, 0x0063, 0x0063, 0x0063, 0x0063, 0x0063, 0x0063, 0x0063, 0x0063, 0x0063,
  0x0083, 0x0083, 0x0063, 0x0083, 0x0063, 0x08a4, 0x08c4, 0x08c4, 0x08c4, 0x08c4, 0x08c4, 0x08c4,
  0x08c4, 0x08a4, 0x08a4, 0x08c4, 0x08c4, 0x08c4, 0x08c4, 0x08a4, 0x08a4, 0x08a4, 0x08a4, 0x08c4,
  0x08c4, 0x08c4, 0x08c4, 0x08a4, 0x08a4, 0x08a4, 0x08a4, 0x08c4, 0x08c4, 0x08c4, 0x08c4, 0x08a4,
  0x08a4, 0x08a4, 0x08c4, 0x08c4, 0x08c4, 0x08c4, 0x08c4, 0x08a4, 0x08c4, 0x08c4, 0x08c4, 0x08c4,
  0x08c4, 0x08c4, 0x08a4, 0x08a4, 0x08a4, 0x08c4, 0x08c4, 0x08c4, 0x08c4, 0x08c4, 0x08c4, 0x08c4,
  0x08c4, 0x08c4, 0x08c4, 0x08c4, 0x08a4, 0x08c4, 0x08c4, 0x08c4, 0x08c4, 0x08c4, 0x08c4, 0x08c4,
  0x08c4, 0x08c4, 0x08c4, 0x08c4, 0x08c4, 0x08a4, 0x08a4, 0x08c4, 0x08c4, 0x08c4, 0x08c4, 0x08c4,
  0x08c4, 0x08c4, 0x08a4, 0x08c4, 0x08c4, 0x08c4, 0x08c4, 0x08c4, 0x08c4, 0x08c4, 0x08c4, 0x08c4,
  0x08c4, 0x08c4, 0x08c4, 0x08c4, 0x08c4, 0x08c4, 0x08c4, 0x08c4, 0x08c4, 0x08c4, 0x08c4, 0x08c4,
  0x08c4, 0x08c4, 0x08c4, 0x08c4, 0x08c4, 0x08c4, 0x08c4, 0x08a4, 0x08a4, 0x08a4, 0x08a4, 0x08a4,
  0x08c4, 0x08c4, 0x08c4, 0x08a4, 0x08a4, 0x08c4, 0x08a4, 0x08c4, 0x08c4, 0x08c4, 0x08c4, 0x08c4,
  0x08c4, 0x08c4, 0x08c4, 0x08c4, 0x08c4, 0x08c4, 0x08c4, 0x08c4, 0x08c4, 0x08c4, 0x08c4, 0x08c4,
  0x08c4, 0x08c4, 0x08c4, 0x08c4, 0x08c4, 0x08c4, 0x08c4, 0x08c4, 0x08c4, 0x08c4, 0x08c4, 0x08c4,
  0x08c4, 0x08c4, 0x08c4, 0x08c4, 0x08c4, 0x08c4, 0x08c4, 0x08a4, 0x08a4, 0x08a4, 0x08c4, 0x08c4,
  0x08c4, 0x08c4, 0x08c4, 0x08c4, 0x08c4, 0x08c4, 0x08c4, 0x08c4, 0x08a4, 0x08c4, 0x08c4, 0x08c4,
  0x08c4, 0x08c4, 0x08a4, 0x08a4, 0x08a4, 0x08a4, 0x08a3, 0x0063, 0x0063, 0x0083, 0x0063, 0x0063,
  0x0063, 0x0063, 0x0063, 0x0063, 0x0063, 0x0063, 0x0063, 0x0063, 0x0063, 0x0063, 0x0063, 0x0063,
  0x0063, 0x0063, 0x0063, 0x0083, 0x0063, 0x0063, 0x0063, 0x0063, 0x0063, 0x0063, 0x0063, 0x0063,
  0x0063, 0x0063, 0x0063, 0x10c4, 0x0063, 0x0063, 0x0063, 0x0063, 0x0063, 0x0063, 0x0063, 0x0063,
  0x0063, 0x18c2, 0x4184, 0x0062, 0x0063, 0x0063, 0x0063, 0x0063, 0x0063, 0x0063, 0x0063, 0x0062,
  0x0063, 0x2105, 0x0062, 0x0062, 0x0062, 0x0063, 0x0063, 0x0063, 0x0062, 0x0042, 0x0042, 0x0042,
  0x0042, 0x0042, 0x0042, 0x0042, 0x0063, 0x0063, 0x0063, 0x0063, 0x0063, 0x0063, 0x0063, 0x0063,
  0x0063, 0x0063, 0x0063, 0x0063, 0x0063, 0x0063, 0x0063, 0x0063, 0x0063, 0x0063, 0x0063, 0x0063,
  0x0063, 0x0063, 0x0063, 0x0063, 0x0063, 0x0063, 0x0063, 0x0063, 0x18c2, 0x8325, 0x0063, 0x0063,
  0x0063, 0x0063, 0x0063, 0x0063, 0x0063, 0x0063, 0x0063, 0x0063, 0x0063, 0x0063, 0x0063, 0x0063,
  0x0063, 0x0063, 0x0063, 0x0063, 0x0063, 0x0063, 0x0063, 0x0063, 0x0063, 0x0063, 0x0063, 0x0063,
  0x0063, 0x0063, 0x0063, 0x0063, 0x0063, 0x0063, 0x0063, 0x0063, 0x0083, 0x0063, 0x0063, 0x0063,
  0x0063, 0x0083, 0x00a3, 0x08c4, 0x08c4, 0x08c4, 0x08c4, 0x08c4, 0x08a4, 0x08a4, 0x08a4, 0x08c4,
  0x08c4, 0x08c4, 0x08c4, 0x08c4, 0x08c4, 0x08c4, 0x08c4, 0x08c4, 0x08c4, 0x08c4, 0x08c4, 0x08c4,
  0x08c4, 0x08a4, 0x08a4, 0x08a4, 0x08c4, 0x08c4, 0x08a4, 0x08c4, 0x08c4, 0x08c4, 0x08c4, 0x08c4,
  0x08c4, 0x08c4, 0x08c4, 0x08c4, 0x08c4, 0x08c4, 0x08c4, 0x08c4, 0x08c4, 0x08c4, 0x08a4, 0x08a4,
  0x08c4, 0x08c4, 0x08c4, 0x08c4, 0x08a4, 0x08a4, 0x08c4, 0x08c4, 0x08c4, 0x08c4, 0x08c4, 0x08a4,
  0x08a4, 0x08c4, 0x08c4, 0x08c4, 0x08c4, 0x08a4, 0x08a4, 0x08a4, 0x08c4, 0x08c4, 0x08c4, 0x08c4,
  0x08c4, 0x08c4, 0x08c4, 0x08c4, 0x08c4, 0x08c4, 0x08c4, 0x08c4, 0x08c4, 0x08a4, 0x08a4, 0x08c4,
  0x08c4, 0x08c4, 0x08c4, 0x08c4, 0x08c4, 0x08c4, 0x08c4, 0x08c4, 0x08c4, 0x08c4, 0x08c4, 0x08c4,
  0x08c4, 0x08c4, 0x08c4, 0x08c4, 0x08c4, 0x08c4, 0x08c4, 0x08c4, 0x08c4, 0x08c4, 0x08c4, 0x08c4,
  0x08c4, 0x08c4, 0x08c4, 0x08a4, 0x08a4, 0x08a4, 0x08a4, 0x08a4, 0x08a4, 0x08a4, 0x08a4, 0x08a4,
  0x08a4, 0x08c4, 0x08c4, 0x08c4, 0x08c4, 0x08a4, 0x08c4, 0x08c4, 0x08c4, 0x08c4, 0x08a4, 0x08a4,
  0x08c4, 0x08c4, 0x08c4, 0x08c4, 0x08c4, 0x08c4, 0x08c4, 0x08a4, 0x08a4, 0x08c4, 0x08c4, 0x08c4,
  0x08c4, 0x08c4, 0x08c4, 0x08c4, 0x08c4, 0x08c4, 0x08c4, 0x08c4, 0x08c4, 0x08c4, 0x08c4, 0x08c4,
  0x08a4, 0x08a4, 0x08c4, 0x08c4, 0x08c4, 0x08c4, 0x08c4, 0x08c4, 0x08c4, 0x08c4, 0x08c4, 0x08c4,
  0x08c4, 0x08c4, 0x08c4, 0x08c4, 0x08c4, 0x08c4, 0x08c4, 0x08c4, 0x08a4, 0x08c4, 0x08c4, 0x08c4,
  0x08c4, 0x0083, 0x0063, 0x0063, 0x0063, 0x0063, 0x0063, 0x0063, 0x0063, 0x0063, 0x0063, 0x0063,
  0x0063, 0x0063, 0x0063, 0x0063, 0x0063, 0x0063, 0x0063, 0x0063, 0x0083, 0x0063, 0x0063, 0x0063,
  0x0063, 0x0063, 0x0063, 0x0083, 0x0063, 0x0063, 0x0063, 0x0063, 0x0063, 0x0063, 0x0063, 0x08c4,
  0x0063, 0x0063, 0x0063, 0x0063, 0x0063, 0x0063, 0x0063, 0x0063, 0x0062, 0x6a65, 0x0042, 0x0063,
  0x0063, 0x0063, 0x0063, 0x0063, 0x0063, 0x0063, 0x0063, 0x0063, 0x0063, 0x0062, 0x0062, 0x0062,
  0x0062, 0x0063, 0x0063, 0x0063, 0x0062, 0x0042, 0x0042, 0x0042, 0x0042, 0x0042, 0x0042, 0x0042,
  0x0063, 0x0063, 0x0063, 0x0063, 0x0063, 0x0063, 0x0063, 0x0063, 0x0063, 0x0063, 0x0063, 0x0063,
  0x0063, 0x0063, 0x0063, 0x0063, 0x0063, 0x0063, 0x0063, 0x0063, 0x0063, 0x0063, 0x0063, 0x0063,
  0x0063, 0x0063, 0x0063, 0x0063, 0x0063, 0x7b04, 0x5a24, 0x0063, 0x0063, 0x0063, 0x0063, 0x0063,
  0x0063, 0x0063, 0x0083, 0x0063, 0x0063, 0x0063, 0x0063, 0x0063, 0x0063, 0x0063, 0x0063, 0x0063,
  0x0083, 0x0083, 0x0063, 0x0063, 0x0063, 0x0063, 0x0063, 0x0063, 0x0063, 0x0063, 0x0063, 0x0063,
  0x0063, 0x0063, 0x0063, 0x0063, 0x0063, 0x0063, 0x0063, 0x0063, 0x0063, 0x0063, 0x0083, 0x0083,
  0x00a3, 0x0083, 0x0083, 0x0083, 0x0083, 0x0083, 0x0083, 0x0063, 0x0062, 0x0083, 0x0083, 0x0083,
  0x0083, 0x0083, 0x0063, 0x0062, 0x0062, 0x0063, 0x0083, 0x0083, 0x0083, 0x0083, 0x0083, 0x0083,
  0x0083, 0x0083, 0x0083, 0x0083, 0x0083, 0x0083, 0x0083, 0x0083, 0x0083, 0x0083, 0x0083, 0x0083,
  0x0083, 0x0083, 0x0083, 0x0083, 0x0063, 0x0083, 0x0083, 0x0083, 0x0883, 0x0083, 0x0083, 0x0083,
  0x0083, 0x0083, 0x0083, 0x0083, 0x0083, 0x0083, 0x0083, 0x0083, 0x0083, 0x0083, 0x0083, 0x0083,
  0x0083, 0x0083, 0x0083, 0x0083, 0x0083, 0x0083, 0x0083, 0x0083, 0x0083, 0x00a3, 0x00a3, 0x08a3,
  0x0083, 0x0083, 0x0083, 0x0083, 0x0083, 0x0883, 0x0083, 0x0083, 0x0083, 0x0883, 0x0083, 0x0083,
  0x0083, 0x0883, 0x0883, 0x0883, 0x0083, 0x0083, 0x0083, 0x0083, 0x0083, 0x0883, 0x0083, 0x0083,
  0x0883, 0x08a3, 0x08a3, 0x0883, 0x08a3, 0x0883, 0x08a3, 0x0883, 0x0083, 0x0083, 0x0883, 0x0083,
  0x0083, 0x0083, 0x0083, 0x0083, 0x0083, 0x0083, 0x0083, 0x0083, 0x0083, 0x0083, 0x0083, 0x0083,
  0x0083, 0x0083, 0x0083, 0x0083, 0x0083, 0x0083, 0x0083, 0x0083, 0x0083, 0x0083, 0x0083, 0x0083,
  0x0083, 0x0083, 0x0083, 0x0083, 0x0083, 0x0083, 0x0083, 0x0083, 0x0083, 0x0083, 0x0083, 0x0063,
  0x0083, 0x0083, 0x0083, 0x0083, 0x0083, 0x0083, 0x0083, 0x0083, 0x0063, 0x0062, 0x0063, 0x0083,
  0x0083, 0x0083, 0x0063, 0x0062, 0x0083, 0x0083, 0x0083, 0x0083, 0x0063, 0x0083, 0x0083, 0x0083,
  0x0083, 0x0083, 0x0083, 0x0062, 0x0062, 0x0062, 0x0083, 0x0083, 0x0083, 0x0083, 0x0063, 0x0063,
  0x0063, 0x0063, 0x0063, 0x0063, 0x0063, 0x0063, 0x0063, 0x0063, 0x0063, 0x0063, 0x0063, 0x0063,
  0x0063, 0x0063, 0x0063, 0x0083, 0x0063, 0x0083, 0x0083, 0x0063, 0x0083, 0x0083, 0x0063, 0x0063,
  0x0063, 0x0063, 0x0063, 0x0063, 0x0063, 0x0063, 0x0063, 0x08a4, 0x0063, 0x0063, 0x0063, 0x0062,
  0x0063, 0x0063, 0x0063, 0x0063, 0x49c3, 0x3983, 0x0062, 0x0063, 0x0063, 0x0063, 0x0063, 0x0063,
  0x0063, 0x0063, 0x0063, 0x0063, 0x0063, 0x0063, 0x0063, 0x0063, 0x0062, 0x0063, 0x0063, 0x0063,
  0x0063, 0x0063, 0x0062, 0x0062, 0x0062, 0x0063, 0x0063, 0x0062, 0x0063, 0x0063, 0x0063, 0x0063,
  0x0083, 0x0063, 0x0063, 0x0063, 0x0063, 0x0063, 0x0063, 0x0063, 0x0063, 0x0063, 0x0063, 0x0063,
  0x0063, 0x0063, 0x0063, 0x0063, 0x0063, 0x0063, 0x0063, 0x0063, 0x0063, 0x0063, 0x0063, 0x0063,
  0x0063, 0x0883, 0x8be7, 0x0063, 0x0063, 0x0063, 0x0063, 0x0063, 0x0063, 0x0063, 0x0063, 0x0063,
  0x0063, 0x0063, 0x0063, 0x0063, 0x0063, 0x0063, 0x0063, 0x0063, 0x0083, 0x0063, 0x0063, 0x0063,
  0x0063, 0x0063, 0x0063, 0x0063, 0x0063, 0x0063, 0x0063, 0x0063, 0x0063, 0x0063, 0x0063, 0x0063,
  0x0063, 0x0063, 0x0063, 0x0063, 0x0063, 0x0063, 0x0063, 0x0063, 0x1105, 0x21a8, 0x21c9, 0x21a9,
  0x21a8, 0x1988, 0x1968, 0x21a8, 0x1988, 0x1967, 0x1967, 0x1987, 0x1987, 0x1967, 0x21a8, 0x1988,
  0x1988, 0x21c9, 0x21c9, 0x21a8, 0x21c9, 0x21e9, 0x21c9, 0x21c9, 0x21a9, 0x21a9, 0x21a8, 0x21a8,
  0x21a8, 0x21e9, 0x21e9, 0x21ea, 0x29e9, 0x29ea, 0x29ea, 0x29ea, 0x2a0a, 0x2a0a, 0x2a0a, 0x29e9,
  0x29e9, 0x21e9, 0x21e9, 0x29e9, 0x29e9, 0x2a0a, 0x2a2b, 0x2a2a, 0x2a2a, 0x2a4b, 0x324b, 0x2a2b,
  0x2a2b, 0x2a0a, 0x2a2b, 0x2a0a, 0x2a2b, 0x2a2b, 0x2a2a, 0x2a2b, 0x2a2b, 0x2a2b, 0x2a2b, 0x2a2b,
  0x324b, 0x326c, 0x326c, 0x328c, 0x3a8c, 0x3aac, 0x326c, 0x326c, 0x326c, 0x326c, 0x326c, 0x326b,
  0x324b, 0x3aac, 0x326c, 0x326c, 0x326c, 0x326c, 0x326c, 0x326b, 0x324b, 0x324b, 0x326b, 0x326b,
  0x326c, 0x326b, 0x326b, 0x326b, 0x326b, 0x326b, 0x326c, 0x328c, 0x328c, 0x328c, 0x3a8c, 0x328c,
  0x328c, 0x326b, 0x326b, 0x326b, 0x324b, 0x326b, 0x326c, 0x328c, 0x326c, 0x324b, 0x324b, 0x324b,
  0x2a2a, 0x2a0a, 0x2a2a, 0x2a2b, 0x324b, 0x2a2b, 0x2a2a, 0x2a2a, 0x2a2a, 0x2a2b, 0x2a2b, 0x2a2b,
  0x2a4b, 0x2a2b, 0x2a2b, 0x2a0a, 0x29ea, 0x2a0a, 0x2a0a, 0x2a0a, 0x2a0a, 0x2a0a, 0x2a0a, 0x2a0a,
  0x2a2a, 0x2a2a, 0x2a2a, 0x2a0a, 0x2a0a, 0x2a0a, 0x2a0a, 0x2a0a, 0x29e9, 0x21c9, 0x21ea, 0x2a2b,
  0x2a0a, 0x21e9, 0x21e9, 0x21e9, 0x21c9, 0x21c9, 0x21c9, 0x21c9, 0x1988, 0x21a8, 0x1988, 0x1967,
  0x1968, 0x1987, 0x1988, 0x1988, 0x1987, 0x1988, 0x1988, 0x1967, 0x1967, 0x1967, 0x1967, 0x1988,
  0x21c9, 0x21c9, 0x21a8, 0x0062, 0x0063, 0x0063, 0x0063, 0x0063, 0x0063, 0x0063, 0x0063, 0x0063,
  0x0063, 0x0063, 0x0063, 0x0063, 0x0063, 0x0063, 0x0063, 0x0063, 0x0063, 0x0063, 0x0083, 0x0083,
  0x0063, 0x0083, 0x0063, 0x0063, 0x0083, 0x0063, 0x0063, 0x0063, 0x0063, 0x0063, 0x0063, 0x0063,
  0x0063, 0x0063, 0x0063, 0x0063, 0x0063, 0x0063, 0x0063, 0x0063, 0x0063, 0x0062, 0x0062, 0x18c2,
  0x82c5, 0x0062, 0x0063, 0x0063, 0x0063, 0x0063, 0x0063, 0x0062, 0x0063, 0x0063, 0x0063, 0x0063,
  0x0063, 0x0063, 0x0063, 0x0063, 0x0063, 0x0063, 0x0063, 0x0063, 0x0063, 0x0063, 0x0063, 0x0062,
  0x0063, 0x0063, 0x0063, 0x0062, 0x0063, 0x0063, 0x0063, 0x0063, 0x0063, 0x0063, 0x0063, 0x0063,
  0x0063, 0x0063, 0x0063, 0x0063, 0x0063, 0x0063, 0x0063, 0x0063, 0x0063, 0x0063, 0x0063, 0x0063,
  0x0063, 0x0063, 0x0063, 0x0063, 0x0063, 0x0063, 0x0063, 0x0063, 0x0063, 0x0063, 0x8365, 0x2902,
  0x0063, 0x0063, 0x0063, 0x0063, 0x0063, 0x1105, 0x0063, 0x0063, 0x0063, 0x0063, 0x0063, 0x0063,
  0x0063, 0x0063, 0x0063, 0x0063, 0x0063, 0x0063, 0x0063, 0x0063, 0x0083, 0x0063, 0x0063, 0x0063,
  0x0063, 0x0063, 0x0063, 0x0063, 0x0063, 0x0063, 0x0083, 0x0063, 0x0063, 0x0063, 0x0063, 0x0063,
  0x0063, 0x0063, 0x0063, 0x0083, 0x0083, 0x08c4, 0x1967, 0x1967, 0x1967, 0x1967, 0x1967, 0x1947,
  0x1947, 0x1967, 0x1967, 0x1967, 0x1967, 0x1987, 0x1967, 0x1967, 0x1967, 0x1988, 0x1988, 0x1987,
  0x1967, 0x1967, 0x1967, 0x1968, 0x1988, 0x1988, 0x1967, 0x1967, 0x1967, 0x1967, 0x1967, 0x1967,
  0x1967, 0x1988, 0x1988, 0x1988, 0x1988, 0x1988, 0x1988, 0x1968, 0x1967, 0x1988, 0x1987, 0x1987,
  0x1967, 0x1988, 0x21a8, 0x21a9, 0x21a8, 0x19a8, 0x19a8, 0x21a8, 0x21a8, 0x21a9, 0x21a9, 0x21c9,
  0x21c9, 0x21c9, 0x21c9, 0x21c9, 0x21c9, 0x21c9, 0x21ca, 0x21c9, 0x21c9, 0x21c9, 0x21ea, 0x21ea,
  0x21ea, 0x21ea, 0x29ea, 0x21ea, 0x21c9, 0x21c9, 0x21c9, 0x21e9, 0x21e9, 0x21c9, 0x2a0a, 0x2a0a,
  0x2a0a, 0x29ea, 0x2a0a, 0x2a0a, 0x2a0a, 0x2a0a, 0x2a0a, 0x2a0a, 0x2a0a, 0x2a0a, 0x2a0a, 0x29ea,
  0x21e9, 0x21e9, 0x29ea, 0x21ea, 0x21ea, 0x21ea, 0x21ea, 0x21ea, 0x21ea, 0x21c9, 0x21c9, 0x21c9,
  0x21ea, 0x21ea, 0x21e9, 0x21e9, 0x21ea, 0x21ea, 0x21ea, 0x21c9, 0x21c9, 0x21a9, 0x21c9, 0x21c9,
  0x21c9, 0x21c9, 0x21c9, 0x21c9, 0x21c9, 0x21c9, 0x21c9, 0x21c9, 0x21c9, 0x21c9, 0x21c9, 0x21c9,
  0x21e9, 0x21c9, 0x21c9, 0x21c9, 0x21c9, 0x21e9, 0x21c9, 0x21c9, 0x21c9, 0x21c9, 0x21a9, 0x21a8,
  0x21a8, 0x1988, 0x1988, 0x1988, 0x1988, 0x1967, 0x1988, 0x1988, 0x1988, 0x1988, 0x21a8, 0x21a8,
  0x1988, 0x1988, 0x1988, 0x1967, 0x1967, 0x1967, 0x1967, 0x1967, 0x1967, 0x1967, 0x1967, 0x1967,
  0x1967, 0x1967, 0x1967, 0x1947, 0x1947, 0x1947, 0x1947, 0x1967, 0x1967, 0x1947, 0x0083, 0x0063,
  0x0063, 0x0063, 0x0063, 0x0063, 0x0063, 0x0063, 0x0063, 0x0063, 0x0063, 0x0063, 0x0063, 0x0063,
  0x0063, 0x0063, 0x0063, 0x0063, 0x0063, 0x0063, 0x0063, 0x0063, 0x0083, 0x0083, 0x0083, 0x0063,
  0x0083, 0x0083, 0x0063, 0x0063, 0x0063, 0x0063, 0x0063, 0x0063, 0x0063, 0x0063, 0x0063, 0x0063,
  0x0063, 0x0063, 0x0063, 0x0063, 0x0063, 0x0063, 0x0062, 0x6aa5, 0x3143, 0x0063, 0x0063, 0x0063,
  0x0063, 0x0063, 0x0063, 0x0063, 0x0063, 0x0063, 0x0063, 0x0063, 0x0063, 0x0063, 0x0063, 0x0063,
  0x0063, 0x0063, 0x0063, 0x0063, 0x0063, 0x0063, 0x0063, 0x0062, 0x0062, 0x0063, 0x0063, 0x0063,
  0x0063, 0x0063, 0x0063, 0x0063, 0x0063, 0x0063, 0x0063, 0x0063, 0x0063, 0x0063, 0x0063, 0x0063,
  0x0063, 0x0063, 0x0063, 0x0063, 0x0063, 0x0063, 0x0063, 0x0063, 0x0063, 0x0063, 0x0063, 0x0063,
  0x0063, 0x0063, 0x0063, 0x0063, 0x0063, 0x0063, 0x18c2, 0x7b03, 0x0063, 0x0063, 0x0063, 0x0063,
  0x0063, 0x0083, 0x0063, 0x0063, 0x0063, 0x0063, 0x0063, 0x0063, 0x0084, 0x0083, 0x0063, 0x0063,
  0x0063, 0x0063, 0x0063, 0x0063, 0x0063, 0x0083, 0x0083, 0x0063, 0x0063, 0x0063, 0x0063, 0x0083,
  0x0083, 0x0063, 0x0063, 0x0083, 0x0083, 0x0063, 0x0063, 0x0063, 0x0063, 0x0063, 0x0063, 0x0083,
  0x0083, 0x0083, 0x0084, 0x0083, 0x0084, 0x0084, 0x0084, 0x0083, 0x0084, 0x0083, 0x0083, 0x0083,
  0x0083, 0x0083, 0x0083, 0x0084, 0x0083, 0x0083, 0x0083, 0x0084, 0x0084, 0x0084, 0x0083, 0x0083,
  0x0083, 0x0083, 0x0083, 0x0084, 0x0083, 0x0083, 0x0083, 0x0083, 0x0084, 0x0084, 0x00a4, 0x00a4,
  0x0084, 0x0084, 0x0084, 0x0084, 0x0083, 0x0083, 0x0083, 0x0084, 0x0084, 0x0084, 0x0083, 0x0083,
  0x0083, 0x0083, 0x0083, 0x0083, 0x0083, 0x0084, 0x0083, 0x0084, 0x0084, 0x0083, 0x0083, 0x0083,
  0x0083, 0x0084, 0x0084, 0x0084, 0x0083, 0x0084, 0x0084, 0x0084, 0x0083, 0x0083, 0x0084, 0x0084,
  0x0083, 0x0084, 0x0084, 0x0084, 0x0084, 0x0084, 0x0084, 0x0084, 0x0084, 0x0084, 0x0084, 0x0084,
  0x0084, 0x0084, 0x0084, 0x0084, 0x0084, 0x0084, 0x0084, 0x0084, 0x0084, 0x0084, 0x0084, 0x0083,
  0x0084, 0x0084, 0x0084, 0x0084, 0x0083, 0x0084, 0x0084, 0x0083, 0x0083, 0x0083, 0x0084, 0x0084,
  0x0084, 0x0084, 0x0084, 0x0084, 0x0083, 0x0084, 0x0084, 0x0084, 0x0084, 0x0084, 0x0083, 0x0084,
  0x0084, 0x0084, 0x0083, 0x0083, 0x0084, 0x0084, 0x0084, 0x0084, 0x0084, 0x0084, 0x0084, 0x0084,
  0x0083, 0x0083, 0x0083, 0x0084, 0x0083, 0x0083, 0x0083, 0x0084, 0x0083, 0x0063, 0x0063, 0x0063,
  0x0063, 0x0083, 0x0083, 0x0084, 0x0083, 0x0084, 0x00a4, 0x0084, 0x0083, 0x0083, 0x0084, 0x0084,
  0x0084, 0x0084, 0x0083, 0x0083, 0x0083, 0x0083, 0x0063, 0x0083, 0x0063, 0x0063, 0x0063, 0x0083,
  0x0083, 0x0083, 0x0084, 0x0083, 0x0083, 0x0083, 0x0063, 0x0083, 0x0083, 0x0063, 0x0063, 0x0063,
  0x0063, 0x0063, 0x0063, 0x0083, 0x0063, 0x0063, 0x0063, 0x0063, 0x0063, 0x0063, 0x0063, 0x0063,
  0x0063, 0x0063, 0x0063, 0x0063, 0x0083, 0x0083, 0x0063, 0x0063, 0x0083, 0x0063, 0x0063, 0x0063,
  0x0063, 0x0063, 0x0063, 0x0063, 0x0063, 0x0063, 0x0063, 0x0063, 0x0063, 0x0063, 0x0063, 0x0063,
  0x0063, 0x0063, 0x4183, 0x6285, 0x0063, 0x0063, 0x0063, 0x0063, 0x0063, 0x0063, 0x0063, 0x0063,
  0x0063, 0x0063, 0x0063, 0x0063, 0x0063, 0x0063, 0x0063, 0x0063, 0x0063, 0x0063, 0x0063, 0x0063,
  0x0063, 0x0063, 0x0063, 0x0063, 0x0063, 0x0063, 0x0063, 0x0063, 0x0063, 0x0063, 0x0063, 0x0063,
  0x0063, 0x0063, 0x0063, 0x0063, 0x0063, 0x0063, 0x0063, 0x0063, 0x0063, 0x0063, 0x0063, 0x0063,
  0x0063, 0x0063, 0x0063, 0x0063, 0x0063, 0x0063, 0x0063, 0x0063, 0x0063, 0x0063, 0x0063, 0x0063,
  0x0063, 0x0063, 0x0063, 0x7b23, 0x20e3, 0x0063, 0x0063, 0x0063, 0x0063, 0x0063, 0x0063, 0x0063,
  0x0063, 0x0063, 0x0063, 0x0063, 0x0083, 0x0063, 0x0063, 0x0063, 0x0063, 0x0063, 0x0063, 0x0063,
  0x0063, 0x0063, 0x0083, 0x0083, 0x0083, 0x0083, 0x0063, 0x0063, 0x0063, 0x0063, 0x0083, 0x0083,
  0x0083, 0x0063, 0x0063, 0x0083, 0x0083, 0x0063, 0x0063, 0x0063, 0x0083, 0x0084, 0x0084, 0x0084,
  0x0084, 0x0083, 0x0083, 0x0083, 0x0084, 0x0063, 0x0083, 0x0084, 0x0083, 0x0083, 0x0063, 0x0063,
  0x0083, 0x0063, 0x0083, 0x0083, 0x0083, 0x0083, 0x0083, 0x0083, 0x0083, 0x0083, 0x0084, 0x0083,
  0x0084, 0x0083, 0x0083, 0x0084, 0x0084, 0x0084, 0x0083, 0x0084, 0x0084, 0x0084, 0x0084, 0x0083,
  0x0083, 0x0083, 0x0083, 0x0083, 0x0083, 0x0083, 0x0083, 0x0063, 0x0063, 0x0083, 0x0083, 0x0083,
  0x0083, 0x0083, 0x0083, 0x0083, 0x0083, 0x0083, 0x0083, 0x0083, 0x0083, 0x0083, 0x0083, 0x0083,
  0x0083, 0x0083, 0x0063, 0x0084, 0x0084, 0x0083, 0x0083, 0x0083, 0x0083, 0x0083, 0x08e5, 0x0083,
  0x0083, 0x0083, 0x0083, 0x0083, 0x0083, 0x0083, 0x0083, 0x0083, 0x0083, 0x0083, 0x0083, 0x0083,
  0x0083, 0x0083, 0x0083, 0x0083, 0x0083, 0x0083, 0x0083, 0x0083, 0x0083, 0x0083, 0x0083, 0x0083,
  0x0083, 0x0083, 0x0083, 0x0083, 0x0083, 0x0083, 0x0083, 0x0063, 0x0083, 0x0083, 0x0063, 0x0083,
  0x0063, 0x0083, 0x0083, 0x0083, 0x0063, 0x0083, 0x0083, 0x0083, 0x0083, 0x0083, 0x0063, 0x0083,
  0x0083, 0x0083, 0x0083, 0x0063, 0x0063, 0x0083, 0x0083, 0x0083, 0x0063, 0x0063, 0x0083, 0x0083,
  0x0083, 0x0084, 0x0083, 0x0083, 0x0083, 0x0083, 0x0063, 0x0063, 0x0063, 0x0063, 0x0063, 0x0063,
  0x0063, 0x0063, 0x0063, 0x0063, 0x0083, 0x0083, 0x0083, 0x0083, 0x0083, 0x0083, 0x0063, 0x0063,
  0x0063, 0x0083, 0x0063, 0x0063, 0x0063, 0x0063, 0x0063, 0x0063, 0x0063, 0x0063, 0x0083, 0x0083,
  0x0083, 0x0083, 0x0063, 0x0083, 0x0063, 0x0063, 0x0083, 0x0063, 0x0083, 0x0063, 0x0083, 0x0083,
  0x0063, 0x0063, 0x0063, 0x0063, 0x0063, 0x0063, 0x0063, 0x0063, 0x0063, 0x0063, 0x0063, 0x0063,
  0x0063, 0x0063, 0x0063, 0x0083, 0x0083, 0x0063, 0x0063, 0x0063, 0x0063, 0x0063, 0x0063, 0x0063,
  0x0063, 0x0063, 0x0063, 0x0063, 0x0063, 0x0063, 0x0063, 0x0063, 0x0063, 0x0062, 0x6a65, 0x0062,
  0x0063, 0x0063, 0x0063, 0x0063, 0x0063, 0x0063, 0x0063, 0x0063, 0x0063, 0x0063, 0x0063, 0x0063,
  0x0063, 0x0063, 0x0063, 0x0063, 0x0063, 0x0063, 0x0063, 0x0063, 0x0063, 0x0063, 0x0063, 0x0063,
  0x0063, 0x0063, 0x0063, 0x0063, 0x0063, 0x0063, 0x0063, 0x0063, 0x0063, 0x0063, 0x0063, 0x0063,
  0x0083, 0x0083, 0x0063, 0x0063, 0x0063, 0x0063, 0x0063, 0x0063, 0x0063, 0x0063, 0x0063, 0x0063,
  0x0063, 0x0063, 0x0063, 0x0063, 0x0063, 0x0063, 0x0083, 0x0063, 0x0063, 0x0063, 0x0063, 0x3963,
  0x8ba6, 0x0063, 0x0063, 0x0063, 0x0063, 0x0063, 0x0063, 0x0063, 0x0063, 0x0083, 0x0083, 0x0083,
  0x0083, 0x0063, 0x08c4, 0x0063, 0x0063, 0x0063, 0x0063, 0x0063, 0x0063, 0x0083, 0x0063, 0x0083,
  0x0083, 0x0083, 0x0063, 0x0063, 0x0063, 0x0063, 0x0083, 0x0083, 0x0063, 0x0083, 0x0083, 0x0083,
  0x0083, 0x0083, 0x0083, 0x0083, 0x0083, 0x0083, 0x0084, 0x0084, 0x0083, 0x0083, 0x0083, 0x0083,
  0x0083, 0x0083, 0x0083, 0x0083, 0x0083, 0x0083, 0x0063, 0x0063, 0x0063, 0x0083, 0x0083, 0x0083,
  0x0083, 0x0083, 0x0083, 0x0083, 0x0083, 0x0083, 0x0083, 0x0083, 0x0083, 0x0083, 0x0083, 0x0084,
  0x0084, 0x0084, 0x0083, 0x0083, 0x0083, 0x0083, 0x0083, 0x0083, 0x0063, 0x0084, 0x0084, 0x0083,
  0x0083, 0x0083, 0x0083, 0x0083, 0x0083, 0x0083, 0x0083, 0x0083, 0x0083, 0x0083, 0x0083, 0x0083,
  0x0083, 0x0083, 0x0083, 0x0083, 0x0083, 0x0063, 0x0083, 0x0083, 0x0083, 0x0083, 0x0063, 0x0083,
  0x0063, 0x0083, 0x0083, 0x0063, 0x0083, 0x0083, 0x0083, 0x0083, 0x0083, 0x0083, 0x0083, 0x0063,
  0x0063, 0x0083, 0x0083, 0x0083, 0x0083, 0x0083, 0x0083, 0x0083, 0x0083, 0x0063, 0x0063, 0x0063,
  0x0083, 0x0063, 0x0083, 0x0083, 0x0083, 0x0063, 0x0063, 0x0083, 0x0083, 0x0083, 0x0083, 0x0083,
  0x0083, 0x0083, 0x0083, 0x0063, 0x0063, 0x0083, 0x0063, 0x0063, 0x0083, 0x0083, 0x0083, 0x0083,
  0x0063, 0x0083, 0x0063, 0x0063, 0x0063, 0x0063, 0x0083, 0x0083, 0x0084, 0x0063, 0x0083, 0x0083,
  0x0083, 0x0063, 0x0063, 0x0063, 0x0063, 0x0083, 0x0083, 0x0083, 0x0083, 0x0084, 0x0083, 0x0083,
  0x0063, 0x0063, 0x0083, 0x0083, 0x0063, 0x0063, 0x0063, 0x0083, 0x0083, 0x0063, 0x0063, 0x0063,
  0x0083, 0x0083, 0x0063, 0x0063, 0x0083, 0x0083, 0x0083, 0x0083, 0x0083, 0x0063, 0x0063, 0x0063,
  0x0063, 0x0063, 0x0063, 0x0083, 0x0083, 0x0063, 0x0063, 0x0083, 0x0083, 0x0083, 0x0063, 0x0063,
  0x0063, 0x0063, 0x0083, 0x0063, 0x0063, 0x0083, 0x0084, 0x0083, 0x0063, 0x0063, 0x0063, 0x0063,
  0x0063, 0x0063, 0x0063, 0x0063, 0x0063, 0x0063, 0x0063, 0x0063, 0x0063, 0x0063, 0x0063, 0x0083,
  0x0063, 0x0063, 0x0063, 0x0063, 0x0063, 0x0063, 0x0063, 0x0063, 0x0063, 0x0063, 0x0063, 0x0063,
  0x0063, 0x0063, 0x0063, 0x0063, 0x0063, 0x51e3, 0x6224, 0x0063, 0x0063, 0x0063, 0x0063, 0x0063,
  0x0063, 0x0063, 0x0063, 0x0063, 0x0063, 0x0063, 0x0063, 0x0063, 0x0063, 0x0063, 0x0063, 0x0063,
  0x0063, 0x0063, 0x0063, 0x0063, 0x08c4, 0x0063, 0x0063, 0x0063, 0x0063, 0x0063, 0x0063, 0x0063,
  0x0063, 0x0063, 0x0063, 0x0083, 0x0083, 0x0083, 0x0063, 0x0063, 0x0083, 0x0083, 0x0063, 0x0063,
  0x0063, 0x0063, 0x0063, 0x0063, 0x0063, 0x0063, 0x0063, 0x0063, 0x0063, 0x0063, 0x0063, 0x0063,
  0x0063, 0x0063, 0x0063, 0x0063, 0x0063, 0x0063, 0x0063, 0x0063, 0x8bc6, 0x18e2, 0x0063, 0x0063,
  0x0063, 0x0063, 0x0083, 0x0063, 0x0063, 0x0083, 0x0083, 0x0083, 0x00c4, 0x0083, 0x08a4, 0x0063,
  0x0063, 0x0063, 0x0063, 0x0083, 0x0063, 0x0083, 0x0063, 0x0083, 0x0083, 0x0083, 0x0083, 0x0063,
  0x0063, 0x0063, 0x0063, 0x0083, 0x0063, 0x0083, 0x0083, 0x0084, 0x0083, 0x0083, 0x0083, 0x0083,
  0x0084, 0x0084, 0x0083, 0x0083, 0x0083, 0x0083, 0x0083, 0x0083, 0x0083, 0x0084, 0x0083, 0x0083,
  0x0083, 0x0083, 0x0063, 0x0063, 0x0063, 0x0083, 0x0083, 0x0083, 0x0063, 0x0063, 0x0083, 0x0083,
  0x0083, 0x0083, 0x0083, 0x0083, 0x0083, 0x0083, 0x0083, 0x0084, 0x0084, 0x0083, 0x0083, 0x0083,
  0x0083, 0x0083, 0x0083, 0x0083, 0x0083, 0x0083, 0x0084, 0x0083, 0x0083, 0x0083, 0x0083, 0x0083,
  0x0083, 0x0083, 0x0083, 0x0084, 0x0083, 0x0063, 0x0063, 0x0083, 0x0083, 0x0083, 0x0063, 0x0083,
  0x0083, 0x0063, 0x0083, 0x0083, 0x0083, 0x0083, 0x0084, 0x0083, 0x0083, 0x0063, 0x0083, 0x0083,
  0x0083, 0x0083, 0x0083, 0x0084, 0x0084, 0x0083, 0x0083, 0x0083, 0x0083, 0x0083, 0x0083, 0x0083,
  0x0083, 0x0083, 0x0083, 0x0083, 0x0083, 0x0083, 0x0063, 0x0063, 0x0083, 0x0083, 0x0083, 0x0083,
  0x0083, 0x0063, 0x0063, 0x0063, 0x0083, 0x0083, 0x0083, 0x0083, 0x0083, 0x0083, 0x0083, 0x0063,
  0x0083, 0x0083, 0x0083, 0x0083, 0x0083, 0x0083, 0x0083, 0x0083, 0x0083, 0x0083, 0x0083, 0x0063,
  0x0083, 0x0063, 0x0083, 0x0083, 0x0083, 0x0083, 0x0083, 0x0083, 0x0083, 0x0063, 0x0063, 0x0083,
  0x0083, 0x0083, 0x0083, 0x0083, 0x0083, 0x0084, 0x0083, 0x0083, 0x0083, 0x0083, 0x0083, 0x0063,
  0x0084, 0x0083, 0x0083, 0x0083, 0x0083, 0x0063, 0x0083, 0x0083, 0x0083, 0x0083, 0x0083, 0x0083,
  0x0083, 0x0063, 0x0063, 0x0063, 0x0083, 0x0063, 0x0063, 0x0063, 0x0083, 0x0063, 0x0083, 0x0083,
  0x0063, 0x0083, 0x0063, 0x0063, 0x0063, 0x0083, 0x0063, 0x0063, 0x0063, 0x0063, 0x0083, 0x0083,
  0x0063, 0x0063, 0x0063, 0x0063, 0x0083, 0x0063, 0x0063, 0x0063, 0x0063, 0x0063, 0x0083, 0x0063,
  0x0063, 0x0063, 0x0063, 0x0063, 0x0063, 0x0083, 0x0063, 0x0063, 0x0063, 0x0063, 0x0063, 0x0063,
  0x0063, 0x0063, 0x0063, 0x0063, 0x0084, 0x0063, 0x0063, 0x0063, 0x0063, 0x0063, 0x0063, 0x0063,
  0x10a2, 0x8b05, 0x0062, 0x0063, 0x0063, 0x0063, 0x0063, 0x0063, 0x0063, 0x0063, 0x0063, 0x0063,
  0x0063, 0x0063, 0x0063, 0x0063, 0x0063, 0x0063, 0x0063, 0x0063, 0x0063, 0x0063, 0x0063, 0x0063,
  0x0063, 0x0063, 0x0063, 0x0063, 0x0063, 0x0063, 0x0063, 0x0063, 0x0063, 0x0063, 0x0063, 0x0063,
  0x0083, 0x0083, 0x0083, 0x0083, 0x0083, 0x0083, 0x0063, 0x0063, 0x0083, 0x0063, 0x0063, 0x0083,
  0x0063, 0x0063, 0x0063, 0x0063, 0x0063, 0x0063, 0x0063, 0x0083, 0x0083, 0x0063, 0x0083, 0x0063,
  0x0083, 0x0063, 0x0063, 0x0063, 0x49e3, 0x7ae4, 0x0083, 0x0083, 0x0083, 0x0063, 0x0063, 0x0063,
  0x0063, 0x0083, 0x0063, 0x0083, 0x0063, 0x0063, 0x0083, 0x0083, 0x0083, 0x0083, 0x0063, 0x0083,
  0x0083, 0x0063, 0x0083, 0x0083, 0x0083, 0x0083, 0x0083, 0x0083, 0x0083, 0x0063, 0x0083, 0x0083,
  0x0083, 0x0063, 0x0083, 0x0083, 0x0084, 0x0063, 0x0083, 0x0083, 0x0084, 0x0084, 0x0083, 0x0083,
  0x0063, 0x0083, 0x0083, 0x0084, 0x00a4, 0x0083, 0x0063, 0x0083, 0x0063, 0x0063, 0x00a4, 0x1925,
  0x0083, 0x0063, 0x0063, 0x0063, 0x0063, 0x0063, 0x0063, 0x0083, 0x0083, 0x0084, 0x0084, 0x0084,
  0x0083, 0x0084, 0x0083, 0x0083, 0x0083, 0x0083, 0x0083, 0x0083, 0x0083, 0x0083, 0x0083, 0x0083,
  0x0083, 0x0083, 0x0083, 0x3187, 0x08c4, 0x0083, 0x0083, 0x0083, 0x0083, 0x0083, 0x0083, 0x0083,
  0x0083, 0x0063, 0x0063, 0x0083, 0x0083, 0x0083, 0x0063, 0x0083, 0x0083, 0x0083, 0x0083, 0x0083,
  0x0083, 0x0084, 0x0084, 0x0083, 0x0084, 0x0083, 0x0083, 0x0083, 0x0083, 0x0063, 0x0083, 0x0083,
  0x0083, 0x0083, 0x0083, 0x0083, 0x0083, 0x0083, 0x0083, 0x0083, 0x0084, 0x0083, 0x0063, 0x0083,
  0x0083, 0x0083, 0x0083, 0x0083, 0x0083, 0x0083, 0x0083, 0x0083, 0x0083, 0x0084, 0x0083, 0x0063,
  0x0083, 0x0063, 0x0084, 0x0084, 0x0083, 0x0083, 0x0083, 0x0083, 0x0083, 0x0083, 0x0083, 0x0083,
  0x0083, 0x0083, 0x0083, 0x0083, 0x0083, 0x0083, 0x0063, 0x0083, 0x0063, 0x0063, 0x0083, 0x0063,
  0x0083, 0x0083, 0x0083, 0x0083, 0x0083, 0x0083, 0x0083, 0x0083, 0x0083, 0x0083, 0x0083, 0x0083,
  0x0083, 0x0083, 0x0083, 0x0083, 0x0083, 0x0083, 0x0083, 0x0084, 0x0084, 0x0083, 0x0083, 0x0084,
  0x0083, 0x0083, 0x0083, 0x0083, 0x0083, 0x0083, 0x0083, 0x0083, 0x0083, 0x0063, 0x0063, 0x0063,
  0x0063, 0x0063, 0x0063, 0x0063, 0x0063, 0x0063, 0x0083, 0x0063, 0x0083, 0x0083, 0x0063, 0x0083,
  0x0063, 0x0063, 0x0063, 0x0063, 0x0063, 0x0063, 0x0083, 0x0083, 0x0083, 0x0063, 0x0063, 0x0063,
  0x0083, 0x0063, 0x0063, 0x0063, 0x0063, 0x0083, 0x0083, 0x0063, 0x0063, 0x0063, 0x0063, 0x0083,
  0x0083, 0x0063, 0x0083, 0x0083, 0x0063, 0x0063, 0x0063, 0x0063, 0x0063, 0x0083, 0x0083, 0x0063,
  0x0083, 0x0063, 0x0063, 0x0063, 0x0063, 0x0063, 0x0063, 0x0063, 0x6a44, 0x6aa4, 0x0063, 0x0063,
  0x0063, 0x0063, 0x0063, 0x0063, 0x0063, 0x0063, 0x0063, 0x0063, 0x0063, 0x0063, 0x0063, 0x0083,
  0x0063, 0x0063, 0x0063, 0x0063, 0x0063, 0x0063, 0x0063, 0x0083, 0x0063, 0x0063, 0x0063, 0x0083,
  0x0063, 0x0063, 0x0063, 0x0063, 0x0083, 0x0063, 0x0063, 0x0083, 0x0083, 0x0083, 0x0063, 0x0083,
  0x0063, 0x0063, 0x0083, 0x0083, 0x0063, 0x0063, 0x0063, 0x0063, 0x0063, 0x0063, 0x0063, 0x0063,
  0x0063, 0x0063, 0x0063, 0x0063, 0x0083, 0x0063, 0x0083, 0x0063, 0x0063, 0x0063, 0x0063, 0x0063,
  0x2903, 0xacc8, 0x1903, 0x0083, 0x0083, 0x0083, 0x0063, 0x0083, 0x0083, 0x0083, 0x0063, 0x0063,
  0x0063, 0x0063, 0x0083, 0x0083, 0x0083, 0x0083, 0x0083, 0x0083, 0x0083, 0x0063, 0x0063, 0x0083,
  0x0083, 0x0083, 0x0083, 0x0083, 0x0083, 0x0063, 0x0083, 0x1925, 0x2146, 0x0083, 0x0083, 0x0083,
  0x0083, 0x0083, 0x0083, 0x0083, 0x0083, 0x0083, 0x0083, 0x0083, 0x0063, 0x0063, 0x0083, 0x0083,
  0x0083, 0x0084, 0x0063, 0x0083, 0x0063, 0x0063, 0x0083, 0x08a4, 0x0083, 0x0063, 0x0063, 0x0063,
  0x0063, 0x0063, 0x0063, 0x0063, 0x0083, 0x0083, 0x0083, 0x0083, 0x0083, 0x0083, 0x0083, 0x0083,
  0x0083, 0x0083, 0x0083, 0x0083, 0x0083, 0x0063, 0x0083, 0x0063, 0x0063, 0x0083, 0x0083, 0x18e4,
  0x0083, 0x0083, 0x0084, 0x0083, 0x0083, 0x0083, 0x0084, 0x0084, 0x0083, 0x0083, 0x0083, 0x0083,
  0x0063, 0x0083, 0x0083, 0x0083, 0x0083, 0x0083, 0x0063, 0x0084, 0x0084, 0x0083, 0x0083, 0x0083,
  0x0084, 0x0083, 0x0083, 0x0083, 0x0083, 0x10e5, 0x0083, 0x0063, 0x0063, 0x0083, 0x0083, 0x0083,
  0x0083, 0x0083, 0x0083, 0x0083, 0x0084, 0x0083, 0x0084, 0x0083, 0x0083, 0x0083, 0x0083, 0x0083,
  0x0083, 0x00a4, 0x0083, 0x0083, 0x0083, 0x0083, 0x0083, 0x0083, 0x0083, 0x0083, 0x0084, 0x0083,
  0x0083, 0x0083, 0x0083, 0x0083, 0x0083, 0x0063, 0x0083, 0x0083, 0x0083, 0x0083, 0x0083, 0x0083,
  0x0083, 0x0063, 0x0083, 0x0083, 0x0063, 0x0063, 0x0083, 0x0083, 0x0083, 0x0083, 0x0083, 0x0063,
  0x0083, 0x0083, 0x0083, 0x0083, 0x0083, 0x0083, 0x0084, 0x0083, 0x0083, 0x0063, 0x0083, 0x0084,
  0x0083, 0x0084, 0x0084, 0x0083, 0x0084, 0x0083, 0x0083, 0x0084, 0x0063, 0x0063, 0x0083, 0x0083,
  0x0084, 0x0083, 0x0083, 0x0083, 0x0083, 0x0084, 0x0083, 0x0063, 0x0063, 0x0063, 0x0063, 0x0063,
  0x0063, 0x0063, 0x0083, 0x2987, 0x0063, 0x0063, 0x0063, 0x0063, 0x0083, 0x0063, 0x0083, 0x0083,
  0x0063, 0x0063, 0x0083, 0x0083, 0x0083, 0x0083, 0x0083, 0x0083, 0x0063, 0x0063, 0x0063, 0x0063,
  0x0063, 0x0063, 0x0083, 0x0083, 0x0063, 0x0063, 0x0083, 0x0083, 0x0083, 0x0063, 0x0063, 0x0063,
  0x0063, 0x0083, 0x0063, 0x0083, 0x0083, 0x0083, 0x0063, 0x0063, 0x0063, 0x0063, 0x0063, 0x0063,
  0x0063, 0x0063, 0x0063, 0x10a2, 0x8325, 0x0062, 0x0063, 0x0063, 0x0063, 0x0063, 0x0063, 0x0083,
  0x0063, 0x0063, 0x0063, 0x0063, 0x0063, 0x0063, 0x0063, 0x0083, 0x0063, 0x0063, 0x0063, 0x0063,
  0x0063, 0x0063, 0x0063, 0x0063, 0x0063, 0x0063, 0x0063, 0x0063, 0x0063, 0x0063, 0x0083, 0x0063,
  0x0063, 0x0063, 0x0063, 0x0083, 0x0083, 0x0063, 0x0063, 0x0083, 0x0063, 0x0063, 0x0063, 0x0083,
  0x0063, 0x0063, 0x0083, 0x0083, 0x0063, 0x0063, 0x0063, 0x0063, 0x0063, 0x0063, 0x0063, 0x0063,
  0x0063, 0x0083, 0x0083, 0x0083, 0x0063, 0x0083, 0x0063, 0x0063, 0x0063, 0x0042, 0x5a64, 0x0083,
  0x0083, 0x0083, 0x0083, 0x0083, 0x0083, 0x0063, 0x0063, 0x0063, 0x0063, 0x0083, 0x0083, 0x0083,
  0x0083, 0x0083, 0x0083, 0x0083, 0x0083, 0x0083, 0x0083, 0x0083, 0x0083, 0x0083, 0x0083, 0x0083,
  0x0083, 0x0063, 0x0083, 0x0083, 0x0083, 0x0063, 0x0063, 0x0083, 0x0083, 0x0083, 0x0083, 0x0083,
  0x0083, 0x0083, 0x0083, 0x0083, 0x0083, 0x0063, 0x0083, 0x0083, 0x0083, 0x0083, 0x0083, 0x0083,
  0x0083, 0x0083, 0x0083, 0x0083, 0x0083, 0x0083, 0x0063, 0x0063, 0x0063, 0x0063, 0x0083, 0x0083,
  0x0083, 0x0083, 0x0083, 0x0084, 0x0083, 0x0083, 0x0083, 0x0083, 0x0083, 0x0083, 0x0083, 0x0083,
  0x0083, 0x0084, 0x0083, 0x0083, 0x0063, 0x0083, 0x0063, 0x0083, 0x0083, 0x0083, 0x0084, 0x0083,
  0x0083, 0x0084, 0x0084, 0x0083, 0x0084, 0x0083, 0x0084, 0x0083, 0x0083, 0x0083, 0x0083, 0x0084,
  0x0083, 0x0083, 0x0084, 0x0083, 0x0083, 0x0084, 0x0083, 0x0084, 0x0084, 0x0084, 0x0084, 0x0084,
  0x0084, 0x0084, 0x0063, 0x0083, 0x0063, 0x0083, 0x0083, 0x0083, 0x0083, 0x0083, 0x0084, 0x0083,
  0x0083, 0x0083, 0x0084, 0x0084, 0x0084, 0x0084, 0x0083, 0x0084, 0x0083, 0x0083, 0x0083, 0x0083,
  0x0083, 0x0083, 0x0083, 0x0083, 0x0084, 0x0084, 0x0083, 0x0083, 0x0084, 0x0084, 0x0083, 0x0083,
  0x0083, 0x0083, 0x0083, 0x0083, 0x0083, 0x0084, 0x0083, 0x0083, 0x0084, 0x0083, 0x0083, 0x0083,
  0x0083, 0x0083, 0x0083, 0x0084, 0x0083, 0x0083, 0x0083, 0x0084, 0x0083, 0x0083, 0x0084, 0x0084,
  0x0084, 0x0083, 0x0083, 0x0083, 0x0083, 0x0083, 0x0083, 0x0083, 0x0083, 0x0083, 0x0084, 0x0084,
  0x0083, 0x0083, 0x0084, 0x0083, 0x0083, 0x0084, 0x0084, 0x0083, 0x0084, 0x0084, 0x0083, 0x0083,
  0x0083, 0x0084, 0x0083, 0x0083, 0x0063, 0x0063, 0x0083, 0x0063, 0x0083, 0x0063, 0x0083, 0x0063,
  0x0083, 0x0083, 0x0063, 0x0063, 0x0063, 0x0083, 0x0083, 0x0083, 0x0083, 0x0083, 0x0083, 0x0083,
  0x0083, 0x0083, 0x0083, 0x0083, 0x0063, 0x0063, 0x0063, 0x0083, 0x0083, 0x0063, 0x0083, 0x0083,
  0x0083, 0x0063, 0x0063, 0x0063, 0x0083, 0x0083, 0x0063, 0x0063, 0x0063, 0x0063, 0x0083, 0x0083,
  0x0083, 0x0063, 0x0063, 0x0063, 0x0083, 0x0063, 0x0063, 0x0063, 0x0063, 0x0063, 0x0063, 0x8325,
  0x2903, 0x0063, 0x0063, 0x0063, 0x0083, 0x0063, 0x0063, 0x0063, 0x0063, 0x0063, 0x0063, 0x0063,
  0x0063, 0x0063, 0x0063, 0x0063, 0x0063, 0x0063, 0x0063, 0x0063, 0x0063, 0x0063, 0x0063, 0x0063,
  0x0063, 0x0063, 0x0063, 0x0063, 0x0063, 0x0063, 0x0063, 0x0063, 0x0063, 0x0063, 0x0083, 0x0063,
  0x0063, 0x0083, 0x0063, 0x0083, 0x0083, 0x0083, 0x0063, 0x0063, 0x0063, 0x0083, 0x0063, 0x0063,
  0x0063, 0x0063, 0x0063, 0x0063, 0x0063, 0x0063, 0x0063, 0x0063, 0x0083, 0x0063, 0x0083, 0x0063,
  0x0083, 0x0083, 0x0063, 0x0083, 0x0083, 0x0083, 0xbca5, 0x0063, 0x0083, 0x0083, 0x0083, 0x0083,
  0x0083, 0x0083, 0x0083, 0x0083, 0x0083, 0x0083, 0x0083, 0x0083, 0x0083, 0x0083, 0x0083, 0x0083,
  0x0083, 0x0084, 0x0083, 0x0083, 0x0084, 0x0083, 0x0083, 0x0083, 0x0083, 0x0083, 0x0083, 0x0063,
  0x0063, 0x0063, 0x0083, 0x0083, 0x0083, 0x0084, 0x0083, 0x0083, 0x0083, 0x0084, 0x0083, 0x0084,
  0x0084, 0x0083, 0x0083, 0x0083, 0x0063, 0x0063, 0x0083, 0x0083, 0x0083, 0x0063, 0x0063, 0x0063,
  0x0083, 0x0083, 0x0083, 0x0063, 0x0083, 0x0063, 0x0083, 0x0063, 0x0083, 0x0083, 0x0083, 0x0083,
  0x0083, 0x0084, 0x0083, 0x0084, 0x0084, 0x0084, 0x0083, 0x0084, 0x0084, 0x0083, 0x0083, 0x0083,
  0x0063, 0x0083, 0x0083, 0x0063, 0x0083, 0x0083, 0x0083, 0x0083, 0x0084, 0x0084, 0x0084, 0x0083,
  0x0084, 0x0083, 0x0084, 0x0084, 0x0084, 0x0084, 0x0083, 0x0084, 0x0083, 0x0084, 0x0084, 0x0084,
  0x0084, 0x0084, 0x0084, 0x0083, 0x0083, 0x0083, 0x0084, 0x0084, 0x0084, 0x0063, 0x0083, 0x0083,
  0x0083, 0x0083, 0x0063, 0x0083, 0x0083, 0x0084, 0x0084, 0x0084, 0x0083, 0x0083, 0x0083, 0x0083,
  0x0084, 0x0084, 0x0084, 0x0084, 0x0084, 0x0083, 0x0083, 0x0083, 0x0084, 0x0083, 0x0083, 0x0083,
  0x0083, 0x0084, 0x0084, 0x0084, 0x0084, 0x0084, 0x0083, 0x0084, 0x0084, 0x0083, 0x0083, 0x0083,
  0x0083, 0x0083, 0x0083, 0x0084, 0x0083, 0x0083, 0x0083, 0x0083, 0x0083, 0x0083, 0x0083, 0x0083,
  0x0084, 0x0083, 0x0083, 0x0084, 0x0084, 0x0084, 0x0083, 0x0083, 0x0084, 0x0083, 0x0083, 0x0083,
  0x0083, 0x0063, 0x0083, 0x0083, 0x0084, 0x0084, 0x0084, 0x0083, 0x0084, 0x0083, 0x0084, 0x0083,
  0x0063, 0x0084, 0x0083, 0x0083, 0x0083, 0x0083, 0x0083, 0x0083, 0x0083, 0x0083, 0x0083, 0x0083,
  0x0084, 0x0083, 0x0083, 0x0083, 0x0083, 0x0063, 0x0083, 0x0063, 0x0063, 0x0083, 0x0063, 0x0083,
  0x0063, 0x0083, 0x0083, 0x0083, 0x0083, 0x0083, 0x0084, 0x0063, 0x0083, 0x0083, 0x0084, 0x0083,
  0x0063, 0x0083, 0x0083, 0x0083, 0x0083, 0x0063, 0x0083, 0x0083, 0x0083, 0x0063, 0x0083, 0x0063,
  0x0083, 0x0063, 0x0083, 0x0083, 0x0083, 0x0083, 0x0083, 0x0083, 0x0083, 0x0063, 0x0063, 0x0063,
  0x0083, 0x0063, 0x0063, 0x0083, 0x0083, 0x0063, 0x51e3, 0x7b05, 0x0063, 0x0063, 0x0063, 0x0063,
  0x0083, 0x0063, 0x0063, 0x0063, 0x0063, 0x0063, 0x0063, 0x0063, 0x0063, 0x0063, 0x0063, 0x0063,
  0x0063, 0x0063, 0x0083, 0x0063, 0x0063, 0x0063, 0x0063, 0x0063, 0x0063, 0x0063, 0x0063, 0x0063,
  0x0063, 0x0083, 0x0083, 0x0063, 0x0083, 0x0083, 0x0083, 0x0083, 0x0083, 0x0083, 0x0063, 0x0083,
  0x0083, 0x0083, 0x0083, 0x0083, 0x0063, 0x0083, 0x0083, 0x0083, 0x0063, 0x0063, 0x0063, 0x0083,
  0x0063, 0x0063, 0x0063, 0x0063, 0x0083, 0x0083, 0x0083, 0x0083, 0x0083, 0x0083, 0x0083, 0x0083,
  0x0083, 0x0083, 0x49c3, 0x7b84, 0x00a3, 0x00a3, 0x0083, 0x0083, 0x0083, 0x0083, 0x00a3, 0x0083,
  0x0083, 0x0083, 0x0084, 0x0083, 0x0083, 0x0083, 0x00a4, 0x0083, 0x0083, 0x0084, 0x0083, 0x0084,
  0x0084, 0x0083, 0x0083, 0x0083, 0x0084, 0x0084, 0x0084, 0x0083, 0x0083, 0x0083, 0x0084, 0x0084,
  0x0084, 0x0084, 0x0084, 0x0084, 0x0084, 0x0084, 0x0084, 0x0084, 0x0084, 0x0084, 0x0084, 0x0083,
  0x0083, 0x0083, 0x0083, 0x0084, 0x0083, 0x0084, 0x0083, 0x0083, 0x0083, 0x0063, 0x0063, 0x0063,
  0x0083, 0x0063, 0x0083, 0x0083, 0x0083, 0x0083, 0x0083, 0x0083, 0x0084, 0x0084, 0x0084, 0x0084,
  0x0084, 0x0084, 0x0084, 0x0084, 0x0084, 0x0084, 0x0084, 0x0083, 0x0083, 0x0083, 0x0063, 0x0083,
  0x0084, 0x0084, 0x0063, 0x0083, 0x0083, 0x0084, 0x0084, 0x0084, 0x00a4, 0x0084, 0x0084, 0x0084,
  0x0084, 0x0084, 0x0083, 0x0084, 0x0084, 0x0084, 0x0084, 0x0083, 0x0084, 0x0083, 0x0084, 0x0084,
  0x0084, 0x0083, 0x0084, 0x0084, 0x0084, 0x0083, 0x0083, 0x0083, 0x0083, 0x0084, 0x0083, 0x0084,
  0x0084, 0x0083, 0x0084, 0x0083, 0x0083, 0x0083, 0x0084, 0x0083, 0x0084, 0x0084, 0x0084, 0x0084,
  0x0084, 0x0083, 0x0083, 0x0084, 0x0084, 0x0084, 0x0084, 0x0084, 0x0084, 0x0084, 0x0084, 0x0084,
  0x0084, 0x0083, 0x0084, 0x0084, 0x0084, 0x0083, 0x0084, 0x0084, 0x0084, 0x0083, 0x0084, 0x0084,
  0x0084, 0x0084, 0x0083, 0x0084, 0x0084, 0x0084, 0x0084, 0x0084, 0x0084, 0x0084, 0x0084, 0x0083,
  0x0084, 0x0084, 0x0084, 0x0084, 0x0083, 0x0083, 0x0083, 0x0084, 0x0083, 0x0083, 0x0083, 0x0083,
  0x0083, 0x0083, 0x0083, 0x0083, 0x0083, 0x0083, 0x0084, 0x0084, 0x0084, 0x0084, 0x0084, 0x0083,
  0x0084, 0x0084, 0x0084, 0x0084, 0x0084, 0x0083, 0x0084, 0x0083, 0x0084, 0x0084, 0x0083, 0x0084,
  0x0084, 0x0083, 0x0083, 0x0083, 0x0083, 0x0083, 0x0083, 0x0083, 0x0083, 0x0083, 0x0083, 0x0083,
  0x0083, 0x0083, 0x0084, 0x0083, 0x0084, 0x0083, 0x0083, 0x0083, 0x0083, 0x0083, 0x0083, 0x0083,
  0x0083, 0x0083, 0x0083, 0x0083, 0x0083, 0x0083, 0x0084, 0x0083, 0x0083, 0x0083, 0x0083, 0x0083,
  0x0083, 0x0063, 0x1905, 0x0083, 0x0083, 0x0083, 0x0083, 0x0083, 0x0083, 0x0083, 0x0063, 0x0083,
  0x0063, 0x2923, 0x8bc5, 0x10a3, 0x0063, 0x0063, 0x0063, 0x0063, 0x0083, 0x0063, 0x0083, 0x0063,
  0x0063, 0x0063, 0x0063, 0x0063, 0x0063, 0x0063, 0x0063, 0x0063, 0x0063, 0x0063, 0x0063, 0x0063,
  0x0063, 0x0063, 0x0063, 0x0063, 0x0063, 0x0063, 0x0063, 0x0063, 0x0063, 0x0063, 0x0083, 0x0083,
  0x0083, 0x0083, 0x0083, 0x0083, 0x0083, 0x0063, 0x0083, 0x0063, 0x0083, 0x0083, 0x0083, 0x0083,
  0x0083, 0x0083, 0x0083, 0x0083, 0x0083, 0x0063, 0x0083, 0x0063, 0x0083, 0x0083, 0x0083, 0x0083,
  0x0083, 0x0083, 0x0083, 0x0083, 0x0083, 0x0083, 0x0083, 0x0083, 0x0083, 0x00a3, 0x0083, 0x9c46,
  0x2923, 0x18c3, 0x10c3, 0x08a3, 0x0083, 0x0083, 0x0083, 0x0083, 0x0084, 0x0083, 0x0084, 0x0083,
  0x0083, 0x08c4, 0x10c5, 0x0083, 0x0083, 0x0084, 0x0084, 0x0084, 0x0084, 0x0083, 0x0084, 0x0083,
  0x0083, 0x0084, 0x0084, 0x0084, 0x0084, 0x0084, 0x0084, 0x0084, 0x0084, 0x0084, 0x0084, 0x0084,
  0x0084, 0x0084, 0x0084, 0x0084, 0x0084, 0x0083, 0x0084, 0x0083, 0x0083, 0x0084, 0x0084, 0x0084,
  0x0084, 0x0084, 0x0084, 0x0063, 0x0083, 0x0083, 0x0083, 0x0083, 0x0083, 0x0084, 0x0063, 0x0083,
  0x0083, 0x0083, 0x0083, 0x0083, 0x0084, 0x0083, 0x0083, 0x0084, 0x0084, 0x0084, 0x0084, 0x0084,
  0x0084, 0x0084, 0x0083, 0x0084, 0x0084, 0x0083, 0x0083, 0x0084, 0x0083, 0x0083, 0x0063, 0x0083,
  0x0083, 0x0084, 0x0084, 0x0084, 0x0084, 0x0084, 0x0084, 0x0084, 0x0084, 0x0084, 0x0084, 0x0084,
  0x0084, 0x0084, 0x0084, 0x0084, 0x0084, 0x0084, 0x0084, 0x0084, 0x0084, 0x0084, 0x0084, 0x0084,
  0x0084, 0x0084, 0x0084, 0x0083, 0x0083, 0x0084, 0x0084, 0x0084, 0x0084, 0x0084, 0x0084, 0x0084,
  0x0084, 0x0084, 0x0083, 0x0084, 0x0084, 0x0084, 0x0084, 0x0084, 0x0084, 0x0084, 0x0084, 0x0084,
  0x0084, 0x0084, 0x0084, 0x0084, 0x0084, 0x0084, 0x0084, 0x0084, 0x0084, 0x0084, 0x0084, 0x0084,
  0x0084, 0x0084, 0x0084, 0x0083, 0x0083, 0x0084, 0x0084, 0x0084, 0x0084, 0x0084, 0x0084, 0x0084,
  0x0084, 0x0084, 0x0084, 0x00a4, 0x0084, 0x0084, 0x0084, 0x0084, 0x0083, 0x0084, 0x0084, 0x0084,
  0x0083, 0x0083, 0x0083, 0x0083, 0x0083, 0x0084, 0x0083, 0x0083, 0x0083, 0x0083, 0x0083, 0x0083,
  0x0084, 0x0084, 0x0084, 0x0084, 0x0084, 0x0084, 0x0084, 0x0084, 0x0084, 0x0084, 0x0084, 0x0084,
  0x0084, 0x0084, 0x0084, 0x0083, 0x0084, 0x0083, 0x0084, 0x0083, 0x0083, 0x0083, 0x0083, 0x0083,
  0x0083, 0x0083, 0x0083, 0x0083, 0x0083, 0x00a4, 0x0084, 0x0083, 0x0083, 0x0084, 0x0083, 0x0083,
  0x0083, 0x0084, 0x0084, 0x0083, 0x0083, 0x0083, 0x0083, 0x0083, 0x0083, 0x0083, 0x0083, 0x0083,
  0x0083, 0x0084, 0x0083, 0x0083, 0x0083, 0x0083, 0x0083, 0x0083, 0x0083, 0x0083, 0x0083, 0x0083,
  0x0083, 0x0083, 0x0083, 0x0083, 0x0083, 0x0083, 0x0083, 0x0083, 0x0083, 0x6264, 0x7b05, 0x0063,
  0x0063, 0x0063, 0x0063, 0x0063, 0x0063, 0x0063, 0x0063, 0x0063, 0x0063, 0x0063, 0x0063, 0x0063,
  0x0063, 0x0063, 0x0063, 0x0063, 0x0063, 0x0063, 0x0063, 0x0063, 0x0063, 0x0063, 0x0063, 0x0063,
  0x0063, 0x0063, 0x0063, 0x0063, 0x0063, 0x0063, 0x0063, 0x0063, 0x0083, 0x0084, 0x0083, 0x0083,
  0x0083, 0x0083, 0x0083, 0x0083, 0x0084, 0x0084, 0x0083, 0x0083, 0x0083, 0x0083, 0x0083, 0x0063,
  0x0083, 0x0083, 0x0083, 0x0083, 0x0083, 0x0083, 0x0063, 0x0083, 0x0063, 0x0084, 0x00a4, 0x0083,
  0x0083, 0x0083, 0x0083, 0x0083, 0x0083, 0x08a3, 0x10c3, 0x8bc4, 0xaca5, 0x3142, 0x2103, 0x10c3,
  0x08a3, 0x0083, 0x0083, 0x0083, 0x0084, 0x0084, 0x0083, 0x0083, 0x0083, 0x0083, 0x0083, 0x0083,
  0x0084, 0x0083, 0x0084, 0x0084, 0x0084, 0x0084, 0x0084, 0x0084, 0x0084, 0x0084, 0x0083, 0x0084,
  0x0084, 0x0083, 0x0084, 0x0084, 0x0084, 0x0084, 0x0084, 0x0084, 0x0084, 0x0084, 0x0084, 0x0084,
  0x0084, 0x0084, 0x0084, 0x0083, 0x0084, 0x0084, 0x0084, 0x0084, 0x0084, 0x0084, 0x0084, 0x0084,
  0x0083, 0x0083, 0x0083, 0x0084, 0x0083, 0x0084, 0x0083, 0x0083, 0x0083, 0x0083, 0x0083, 0x0083,
  0x0084, 0x0084, 0x0084, 0x0084, 0x0084, 0x00a4, 0x0084, 0x0084, 0x0084, 0x0083, 0x00a4, 0x0084,
  0x0083, 0x0083, 0x0083, 0x0083, 0x0083, 0x0083, 0x0083, 0x0083, 0x0083, 0x0083, 0x0083, 0x0084,
  0x0083, 0x0083, 0x0084, 0x0083, 0x0084, 0x0083, 0x0083, 0x0084, 0x0084, 0x0084, 0x0083, 0x0083,
  0x0083, 0x0083, 0x0083, 0x0083, 0x0084, 0x0083, 0x0083, 0x0084, 0x0084, 0x0084, 0x0084, 0x0084,
  0x0084, 0x0084, 0x0084, 0x0084, 0x0084, 0x0084, 0x0084, 0x0084, 0x0084, 0x0084, 0x0084, 0x0084,
  0x0084, 0x0084, 0x0084, 0x0084, 0x0084, 0x0084, 0x0084, 0x0084, 0x0084, 0x0084, 0x0084, 0x0084,
  0x0084, 0x0084, 0x0084, 0x0084, 0x0083, 0x0084, 0x0083, 0x0084, 0x0083, 0x0083, 0x0084, 0x0084,
  0x0084, 0x0084, 0x0084, 0x0084, 0x0084, 0x0084, 0x0084, 0x0084, 0x0084, 0x0084, 0x0084, 0x0084,
  0x0084, 0x0084, 0x0084, 0x0084, 0x0084, 0x0084, 0x0084, 0x0084, 0x0084, 0x0084, 0x0084, 0x0084,
  0x0084, 0x0084, 0x0084, 0x0083, 0x0083, 0x0084, 0x0084, 0x0084, 0x0084, 0x0083, 0x0084, 0x0084,
  0x0084, 0x0084, 0x0084, 0x0084, 0x0084, 0x0084, 0x0084, 0x0084, 0x0084, 0x0084, 0x0084, 0x0084,
  0x0084, 0x0084, 0x0084, 0x0084, 0x0083, 0x0083, 0x0084, 0x0084, 0x0083, 0x0083, 0x0083, 0x0083,
  0x0083, 0x0083, 0x0083, 0x0083, 0x0084, 0x0084, 0x0084, 0x0084, 0x0084, 0x0083, 0x0083, 0x0083,
  0x0084, 0x0083, 0x0083, 0x0083, 0x0083, 0x0083, 0x0083, 0x0083, 0x0083, 0x0083, 0x0083, 0x0083,
  0x0083, 0x0083, 0x0083, 0x0083, 0x0083, 0x0083, 0x0083, 0x0063, 0x0083, 0x0083, 0x0083, 0x0083,
  0x0083, 0x0083, 0x0083, 0x0083, 0x4183, 0x9406, 0x0062, 0x0063, 0x0063, 0x0083, 0x0083, 0x0083,
  0x0063, 0x0063, 0x0083, 0x0063, 0x0063, 0x0063, 0x0063, 0x0063, 0x0063, 0x0063, 0x0063, 0x0063,
  0x0063, 0x0063, 0x0063, 0x0063, 0x0063, 0x0063, 0x0063, 0x0063, 0x0063, 0x0063, 0x0063, 0x0063,
  0x0063, 0x0083, 0x0063, 0x0063, 0x0083, 0x0083, 0x0083, 0x0083, 0x0083, 0x0083, 0x0083, 0x0083,
  0x0084, 0x0084, 0x0084, 0x0083, 0x0083, 0x0083, 0x0083, 0x0083, 0x0083, 0x0083, 0x0083, 0x0083,
  0x0083, 0x0083, 0x0083, 0x0083, 0x0083, 0x08a4, 0x08c4, 0x0083, 0x0083, 0x0083, 0x0083, 0x0083,
  0x00a3, 0x08a3, 0x18e2, 0x7a82, 0xf6eb, 0x9be3, 0x2922, 0x18e3, 0x08a3, 0x0083, 0x0083, 0x0083,
  0x0083, 0x0083, 0x0083, 0x0084, 0x0084, 0x0084, 0x0084, 0x0083, 0x0084, 0x0084, 0x0084, 0x0084,
  0x0084, 0x0084, 0x0084, 0x0084, 0x0084, 0x0084, 0x0084, 0x0084, 0x0084, 0x0084, 0x0084, 0x0084,
  0x0084, 0x0084, 0x0084, 0x0084, 0x0084, 0x00a4, 0x00a4, 0x0084, 0x00a4, 0x00a4, 0x0084, 0x0084,
  0x00a4, 0x0084, 0x0084, 0x0084, 0x0084, 0x0084, 0x0084, 0x0084, 0x0084, 0x0084, 0x0084, 0x0084,
  0x0084, 0x0084, 0x0084, 0x0084, 0x0083, 0x0083, 0x0084, 0x0084, 0x0084, 0x0084, 0x0084, 0x0084,
  0x00a4, 0x00a4, 0x0084, 0x0084, 0x0084, 0x0083, 0x0084, 0x0083, 0x0083, 0x0083, 0x0083, 0x0083,
  0x0083, 0x0084, 0x0084, 0x0084, 0x0084, 0x0084, 0x0084, 0x0084, 0x0084, 0x0084, 0x0084, 0x0084,
  0x0084, 0x0084, 0x0084, 0x0084, 0x0084, 0x0083, 0x0083, 0x0083, 0x0083, 0x0084, 0x0084, 0x0084,
  0x0084, 0x0084, 0x0084, 0x0084, 0x0084, 0x0084, 0x0084, 0x0084, 0x0084, 0x0084, 0x0084, 0x0084,
  0x0083, 0x0083, 0x0083, 0x0083, 0x0083, 0x0084, 0x0084, 0x0084, 0x0084, 0x0084, 0x0084, 0x0084,
  0x0084, 0x0084, 0x0084, 0x0084, 0x0084, 0x0084, 0x0084, 0x0084, 0x0084, 0x0084, 0x0084, 0x0084,
  0x0084, 0x0084, 0x0084, 0x0083, 0x0083, 0x0083, 0x0083, 0x0083, 0x0084, 0x0084, 0x0084, 0x0084,
  0x0084, 0x0084, 0x0084, 0x0084, 0x0084, 0x0084, 0x0084, 0x0084, 0x0084, 0x0084, 0x0084, 0x0084,
  0x0084, 0x0084, 0x0084, 0x0084, 0x0084, 0x0084, 0x0084, 0x0084, 0x0084, 0x0084, 0x0084, 0x0083,
  0x0084, 0x0083, 0x0083, 0x0084, 0x0084, 0x0083, 0x0084, 0x0084, 0x0084, 0x0084, 0x0084, 0x0084,
  0x0084, 0x0084, 0x0084, 0x0084, 0x0084, 0x0084, 0x0084, 0x0084, 0x0084, 0x0084, 0x0084, 0x0084,
  0x0084, 0x0084, 0x0084, 0x00a4, 0x0084, 0x0084, 0x0084, 0x0083, 0x0084, 0x0084, 0x0084, 0x0084,
  0x0084, 0x0084, 0x0084, 0x0084, 0x0084, 0x0084, 0x0084, 0x0084, 0x0084, 0x0084, 0x0084, 0x0084,
  0x0084, 0x0083, 0x0083, 0x0084, 0x0083, 0x0083, 0x0083, 0x0083, 0x0083, 0x0083, 0x0084, 0x0083,
  0x0083, 0x0083, 0x0083, 0x0063, 0x0083, 0x0083, 0x0083, 0x0083, 0x0083, 0x0084, 0x0083, 0x0083,
  0x9385, 0x6aa4, 0x0063, 0x0063, 0x0063, 0x0083, 0x0083, 0x0063, 0x0063, 0x0083, 0x0083, 0x0083,
  0x0083, 0x0083, 0x0063, 0x0063, 0x0063, 0x0063, 0x0063, 0x0083, 0x0063, 0x0063, 0x0063, 0x0063,
  0x0063, 0x0063, 0x0083, 0x0063, 0x0063, 0x0063, 0x0063, 0x0063, 0x0063, 0x0063, 0x0063, 0x0063,
  0x0083, 0x0083, 0x0083, 0x0083, 0x0083, 0x0084, 0x0083, 0x0083, 0x0083, 0x0084, 0x0083, 0x0083,
  0x0083, 0x0083, 0x0083, 0x0083, 0x0083, 0x0083, 0x0083, 0x0083, 0x0084, 0x0083, 0x0084, 0x0083,
  0x0083, 0x0083, 0x00a4, 0x0083, 0x0084, 0x0084, 0x0084, 0x00a4, 0x00a3, 0x08c3, 0x20e2, 0x7a62,
  0xf6ce, 0xeead, 0x8b41, 0x3143, 0x10c3, 0x00a3, 0x0083, 0x0083, 0x0083, 0x0083, 0x0084, 0x0083,
  0x0084, 0x0084, 0x0084, 0x0083, 0x0084, 0x00a4, 0x0083, 0x0083, 0x0084, 0x0084, 0x0084, 0x0084,
  0x0084, 0x0084, 0x0084, 0x0084, 0x0083, 0x0084, 0x0084, 0x00a4, 0x0084, 0x0084, 0x00a4, 0x0084,
  0x0084, 0x0084, 0x0084, 0x00a4, 0x0084, 0x0084, 0x00a4, 0x00a4, 0x0084, 0x0084, 0x0084, 0x0084,
  0x0084, 0x0084, 0x0084, 0x0084, 0x00a4, 0x0084, 0x0084, 0x0084, 0x0084, 0x0084, 0x0084, 0x0083,
  0x0084, 0x0083, 0x0083, 0x0084, 0x0084, 0x0084, 0x0084, 0x0084, 0x0084, 0x0084, 0x0084, 0x0084,
  0x0084, 0x0083, 0x0084, 0x0084, 0x0084, 0x0084, 0x0084, 0x0084, 0x0084, 0x0084, 0x0084, 0x0084,
  0x0084, 0x0084, 0x0084, 0x0084, 0x0084, 0x0084, 0x0084, 0x0084, 0x0084, 0x0084, 0x0084, 0x0084,
  0x0084, 0x0084, 0x0084, 0x0084, 0x0084, 0x0084, 0x0084, 0x0084, 0x0084, 0x0084, 0x0083, 0x0083,
  0x0083, 0x0083, 0x0083, 0x0083, 0x0084, 0x0084, 0x0084, 0x0084, 0x0084, 0x0084, 0x0084, 0x0084,
  0x0084, 0x0084, 0x00a4, 0x00a4, 0x0084, 0x0084, 0x0084, 0x0084, 0x0084, 0x0084, 0x0084, 0x0084,
  0x0084, 0x0084, 0x0084, 0x0084, 0x0084, 0x0084, 0x0084, 0x0084, 0x0084, 0x0083, 0x0083, 0x0083,
  0x0083, 0x0084, 0x0084, 0x0084, 0x0084, 0x0084, 0x0084, 0x0084, 0x0084, 0x0084, 0x0084, 0x00a4,
  0x00a4, 0x00a4, 0x00a4, 0x00a4, 0x00a4, 0x00a4, 0x00a4, 0x00a4, 0x00a4, 0x0084, 0x0084, 0x0084,
  0x0084, 0x0083, 0x0083, 0x0083, 0x0083, 0x0083, 0x0084, 0x0084, 0x0084, 0x0084, 0x0084, 0x00a4,
  0x0084, 0x0083, 0x0084, 0x0084, 0x0084, 0x0084, 0x0084, 0x0084, 0x0084, 0x0084, 0x0084, 0x0084,
  0x0084, 0x0084, 0x0084, 0x0084, 0x0083, 0x0084, 0x0083, 0x0084, 0x0084, 0x0084, 0x0084, 0x0084,
  0x0084, 0x0084, 0x0084, 0x0084, 0x0084, 0x0084, 0x0084, 0x0084, 0x0084, 0x0084, 0x0084, 0x0084,
  0x0084, 0x0084, 0x0084, 0x0084, 0x0084, 0x0084, 0x0084, 0x0083, 0x0083, 0x0083, 0x08a4, 0x0083,
  0x0084, 0x0083, 0x0083, 0x0083, 0x0083, 0x0083, 0x0083, 0x0083, 0x0083, 0x0083, 0x0083, 0x0083,
  0x0083, 0x0083, 0x0083, 0x0083, 0x0083, 0x0084, 0x0083, 0x4183, 0x8bc6, 0x10a3, 0x0083, 0x0063,
  0x0063, 0x0083, 0x0063, 0x0063, 0x0083, 0x0083, 0x0083, 0x0063, 0x0083, 0x0063, 0x0083, 0x0063,
  0x0063, 0x0063, 0x0063, 0x0063, 0x0063, 0x0063, 0x0063, 0x0063, 0x0063, 0x0063, 0x0063, 0x0063,
  0x0063, 0x0063, 0x0063, 0x0063, 0x0063, 0x0063, 0x0063, 0x0063, 0x0083, 0x0084, 0x0083, 0x0084,
  0x0083, 0x0083, 0x0083, 0x0083, 0x0084, 0x0084, 0x0083, 0x0084, 0x0083, 0x0083, 0x0084, 0x0084,
  0x0084, 0x0083, 0x0084, 0x0084, 0x0084, 0x0083, 0x0083, 0x0084, 0x0084, 0x0084, 0x0084, 0x0084,
  0x00a4, 0x0084, 0x0084, 0x0084, 0x00a3, 0x08a3, 0x18e2, 0x59e2, 0xee6d, 0xffb9, 0xbd24, 0x2903,
  0x10c3, 0x00a3, 0x0083, 0x0083, 0x0083, 0x0084, 0x0084, 0x0083, 0x0084, 0x0084, 0x0084, 0x0084,
  0x0084, 0x0084, 0x0084, 0x0083, 0x0084, 0x0084, 0x0084, 0x0084, 0x0084, 0x0084, 0x0084, 0x0084,
  0x0084, 0x0084, 0x0084, 0x0084, 0x0084, 0x0084, 0x00a4, 0x0084, 0x0084, 0x0084, 0x0084, 0x00a4,
  0x0084, 0x00a4, 0x00a4, 0x00a4, 0x0084, 0x00a4, 0x0084, 0x0084, 0x00a4, 0x0084, 0x0084, 0x0084,
  0x0084, 0x0084, 0x0084, 0x0084, 0x08c4, 0x0084, 0x0084, 0x0083, 0x0084, 0x0084, 0x0084, 0x0084,
  0x0084, 0x0084, 0x0084, 0x0084, 0x0084, 0x0084, 0x0084, 0x0084, 0x0084, 0x0084, 0x0084, 0x0084,
  0x0083, 0x0084, 0x0084, 0x0084, 0x0084, 0x0084, 0x0084, 0x0084, 0x0084, 0x0084, 0x0084, 0x0084,
  0x0084, 0x0084, 0x0084, 0x0084, 0x0084, 0x0084, 0x0084, 0x0084, 0x0084, 0x0084, 0x0084, 0x0084,
  0x0084, 0x0084, 0x0084, 0x0084, 0x0084, 0x0084, 0x0084, 0x0084, 0x0084, 0x0084, 0x0084, 0x0084,
  0x0084, 0x0084, 0x0084, 0x0084, 0x0084, 0x0084, 0x0084, 0x0084, 0x0084, 0x0084, 0x0084, 0x0084,
  0x0084, 0x0084, 0x0084, 0x0084, 0x0084, 0x0084, 0x0084, 0x0084, 0x0084, 0x0084, 0x0084, 0x0084,
  0x0084, 0x0084, 0x0084, 0x0084, 0x0084, 0x0084, 0x0084, 0x0084, 0x0084, 0x0084, 0x0084, 0x0084,
  0x0084, 0x0084, 0x0084, 0x0084, 0x0084, 0x0084, 0x0084, 0x0084, 0x0084, 0x0084, 0x0084, 0x0084,
  0x0083, 0x0083, 0x0083, 0x0083, 0x0083, 0x0083, 0x0083, 0x0083, 0x0083, 0x0083, 0x0083, 0x0084,
  0x0084, 0x0084, 0x0084, 0x0084, 0x0084, 0x0084, 0x0084, 0x0084, 0x0084, 0x0084, 0x0084, 0x0084,
  0x0084, 0x0084, 0x0084, 0x0084, 0x0084, 0x00a4, 0x0084, 0x0084, 0x0084, 0x0084, 0x0084, 0x0084,
  0x0083, 0x0084, 0x0084, 0x0084, 0x0084, 0x0084, 0x0084, 0x0084, 0x0084, 0x0084, 0x0084, 0x0084,
  0x0084, 0x0084, 0x0084, 0x0084, 0x0084, 0x0084, 0x0084, 0x0084, 0x0084, 0x0084, 0x0084, 0x0083,
  0x0084, 0x0084, 0x0084, 0x0083, 0x0083, 0x0083, 0x2126, 0x0083, 0x0083, 0x0083, 0x0083, 0x0083,
  0x0083, 0x0083, 0x0083, 0x0083, 0x0083, 0x0083, 0x0083, 0x0083, 0x0083, 0x0083, 0x00a4, 0x0083,
  0x0083, 0x0084, 0x0083, 0x9383, 0x4204, 0x0063, 0x0063, 0x0083, 0x0083, 0x0063, 0x0083, 0x0083,
  0x0083, 0x0063, 0x0063, 0x0083, 0x0063, 0x0083, 0x0063, 0x0063, 0x0063, 0x0063, 0x0063, 0x0083,
  0x0063, 0x0063, 0x0063, 0x0063, 0x0063, 0x0063, 0x0063, 0x0063, 0x0063, 0x0063, 0x0063, 0x0063,
  0x0063, 0x0063, 0x0063, 0x0063, 0x0083, 0x0083, 0x0083, 0x0083, 0x0083, 0x0083, 0x0083, 0x0084,
  0x0083, 0x0083, 0x0083, 0x0084, 0x0084, 0x0084, 0x0084, 0x0084, 0x0084, 0x0084, 0x00a4, 0x0084,
  0x0084, 0x0083, 0x0083, 0x0084, 0x00a4, 0x00a4, 0x0084, 0x0084, 0x0084, 0x0084, 0x0083, 0x0084,
  0x00a3, 0x08a3, 0x10c3, 0x3122, 0x7b23, 0xcda9, 0x8b42, 0x18e3, 0x08c3, 0x00a3, 0x00a3, 0x0083,
  0x0083, 0x0083, 0x0084, 0x0084, 0x0084, 0x0084, 0x0084, 0x0084, 0x0084, 0x0083, 0x0084, 0x0084,
  0x0084, 0x0084, 0x0084, 0x0084, 0x0084, 0x0084, 0x0084, 0x0084, 0x00a4, 0x0084, 0x0084, 0x0084,
  0x0084, 0x0084, 0x00a4, 0x00a4, 0x00a4, 0x00a4, 0x0084, 0x0084, 0x00a4, 0x0084, 0x00a4, 0x00a4,
  0x0084, 0x00a4, 0x00a4, 0x00a4, 0x00a4, 0x0084, 0x0084, 0x0084, 0x00a4, 0x00a4, 0x0084, 0x0084,
  0x0083, 0x08e5, 0x0084, 0x0084, 0x0084, 0x0084, 0x0084, 0x0084, 0x0084, 0x0084, 0x0084, 0x0084,
  0x0084, 0x0084, 0x0084, 0x0084, 0x0084, 0x0084, 0x0084, 0x00a4, 0x0084, 0x0084, 0x0084, 0x0084,
  0x0084, 0x0084, 0x0084, 0x0084, 0x0083, 0x0083, 0x0083, 0x0083, 0x0083, 0x0083, 0x0083, 0x0083,
  0x0083, 0x0083, 0x0083, 0x0083, 0x0083, 0x0083, 0x0083, 0x0083, 0x0083, 0x0083, 0x0083, 0x0083,
  0x0083, 0x0083, 0x0083, 0x0083, 0x0083, 0x0083, 0x0084, 0x0084, 0x0084, 0x0084, 0x0084, 0x0084,
  0x0084, 0x0083, 0x0084, 0x0083, 0x0084, 0x0084, 0x0084, 0x0084, 0x0084, 0x0084, 0x0084, 0x0084,
  0x0084, 0x0084, 0x0084, 0x0084, 0x0084, 0x0084, 0x0084, 0x0084, 0x0084, 0x0084, 0x0084, 0x0084,
  0x0084, 0x0084, 0x0084, 0x0084, 0x0084, 0x0084, 0x0084, 0x0084, 0x0084, 0x0084, 0x0084, 0x0084,
  0x0084, 0x0084, 0x0084, 0x0084, 0x0084, 0x0084, 0x0084, 0x0084, 0x0084, 0x0084, 0x0084, 0x00a4,
  0x00a4, 0x00a4, 0x00a4, 0x00a4, 0x0084, 0x0084, 0x0084, 0x0084, 0x0084, 0x0084, 0x0084, 0x0084,
  0x0084, 0x0084, 0x0084, 0x0083, 0x0084, 0x0084, 0x0084, 0x0084, 0x0084, 0x00a4, 0x0084, 0x00a4,
  0x0083, 0x0084, 0x0084, 0x0084, 0x0084, 0x0084, 0x0083, 0x0084, 0x0084, 0x0084, 0x0084, 0x0084,
  0x0084, 0x0084, 0x0084, 0x0084, 0x0084, 0x0084, 0x0084, 0x0084, 0x0084, 0x0084, 0x0084, 0x0084,
  0x0084, 0x0084, 0x08c4, 0x0084, 0x0084, 0x0084, 0x0084, 0x0084, 0x0084, 0x0084, 0x0084, 0x0083,
  0x0084, 0x0084, 0x0083, 0x0084, 0x0084, 0x0084, 0x0083, 0x0083, 0x0083, 0x0083, 0x0083, 0x0083,
  0x0083, 0x0084, 0x0083, 0x0083, 0x0083, 0x0083, 0x0083, 0x0083, 0x0083, 0x0083, 0x5223, 0x8344,
  0x0083, 0x0083, 0x0083, 0x0083, 0x0083, 0x0083, 0x0083, 0x0083, 0x0063, 0x0063, 0x0083, 0x0083,
  0x0083, 0x0083, 0x0083, 0x0083, 0x0083, 0x0063, 0x0083, 0x0083, 0x0063, 0x0063, 0x0063, 0x0063,
  0x0063, 0x0083, 0x0063, 0x0063, 0x0063, 0x0063, 0x0063, 0x0063, 0x0083, 0x0063, 0x0063, 0x0063,
  0x0083, 0x0083, 0x0083, 0x0083, 0x0083, 0x0083, 0x0083, 0x0083, 0x0083, 0x0083, 0x0083, 0x0084,
  0x0084, 0x0084, 0x0084, 0x00a4, 0x0084, 0x00a4, 0x0084, 0x0084, 0x0084, 0x0084, 0x0084, 0x00a4,
  0x00a4, 0x00a4, 0x00a4, 0x00a4, 0x00a4, 0x00a4, 0x0083, 0x0083, 0x00a4, 0x00a4, 0x08c3, 0x10c3,
  0x18e2, 0x20e2, 0x20e2, 0x10c3, 0x08c3, 0x00a3, 0x00a3, 0x0084, 0x0084, 0x0084, 0x0084, 0x0084,
  0x0084, 0x0084, 0x0084, 0x0084, 0x0084, 0x0084, 0x0083, 0x0083, 0x0084, 0x0084, 0x0084, 0x0084,
  0x0084, 0x0084, 0x0084, 0x00c4, 0x00a4, 0x00a4, 0x00a4, 0x0084, 0x0084, 0x0084, 0x00a4, 0x00a4,
  0x00a4, 0x00a4, 0x00a4, 0x0084, 0x0084, 0x00a4, 0x00a4, 0x00a4, 0x00a4, 0x00a4, 0x00a4, 0x00a4,
  0x00a4, 0x0084, 0x00a4, 0x0084, 0x00a4, 0x0084, 0x0084, 0x0084, 0x0083, 0x0084, 0x0084, 0x0084,
  0x0084, 0x0084, 0x0084, 0x0084, 0x0084, 0x0084, 0x00a4, 0x0084, 0x0084, 0x0084, 0x0084, 0x0084,
  0x0084, 0x0084, 0x0084, 0x0084, 0x0084, 0x0083, 0x0083, 0x0083, 0x0084, 0x0084, 0x0084, 0x0084,
  0x0084, 0x0084, 0x0084, 0x0083, 0x0084, 0x0084, 0x0084, 0x0084, 0x0084, 0x0084, 0x0084, 0x0084,
  0x0084, 0x0084, 0x0084, 0x0084, 0x0084, 0x0084, 0x0083, 0x0083, 0x0083, 0x0083, 0x0083, 0x0083,
  0x0063, 0x0063, 0x0083, 0x0083, 0x0083, 0x0084, 0x0084, 0x0084, 0x0084, 0x0084, 0x0084, 0x0084,
  0x0084, 0x0084, 0x0084, 0x0084, 0x0084, 0x0084, 0x0084, 0x0084, 0x0084, 0x0084, 0x0084, 0x0084,
  0x0084, 0x0084, 0x0084, 0x0084, 0x0084, 0x0084, 0x0084, 0x00a4, 0x0084, 0x0084, 0x0084, 0x0084,
  0x0084, 0x0084, 0x0084, 0x0084, 0x0084, 0x0084, 0x0084, 0x0084, 0x0084, 0x0084, 0x0084, 0x0084,
  0x0084, 0x0084, 0x0084, 0x0084, 0x00a4, 0x00a4, 0x00a4, 0x00a4, 0x00a4, 0x00a4, 0x00a4, 0x00a4,
  0x00a4, 0x00a4, 0x0084, 0x0084, 0x0084, 0x0084, 0x0084, 0x00a4, 0x00a4, 0x00a4, 0x0084, 0x00a4,
  0x0084, 0x0084, 0x0084, 0x00a4, 0x00a4, 0x0084, 0x00a4, 0x00a4, 0x0084, 0x0084, 0x0084, 0x0084,
  0x0084, 0x0084, 0x00a4, 0x0084, 0x0084, 0x0084, 0x0084, 0x0084, 0x0084, 0x0084, 0x0084, 0x0084,
  0x0084, 0x0084, 0x0084, 0x0084, 0x0084, 0x0084, 0x0084, 0x0084, 0x0084, 0x0084, 0x1905, 0x08a4,
  0x0084, 0x0084, 0x0084, 0x0084, 0x0084, 0x0084, 0x0084, 0x0083, 0x0084, 0x0083, 0x0083, 0x0083,
  0x0084, 0x0083, 0x0083, 0x0083, 0x0083, 0x0083, 0x0083, 0x0083, 0x0084, 0x0084, 0x0083, 0x0083,
  0x0083, 0x0083, 0x0083, 0x0083, 0x0083, 0x0883, 0xac25, 0x18e3, 0x0083, 0x0083, 0x0083, 0x0083,
  0x0083, 0x0084, 0x0084, 0x0063, 0x0083, 0x0083, 0x0083, 0x0083, 0x0083, 0x0083, 0x0083, 0x0083,
  0x0083, 0x0083, 0x0063, 0x0063, 0x0063, 0x0063, 0x0063, 0x0063, 0x0063, 0x0063, 0x0083, 0x0083,
  0x0063, 0x0063, 0x0063, 0x0063, 0x0083, 0x0063, 0x0063, 0x0063, 0x0084, 0x0084, 0x0084, 0x0083,
  0x0084, 0x0084, 0x0083, 0x00a4, 0x0083, 0x0083, 0x0084, 0x0084, 0x0084, 0x0084, 0x0084, 0x00a4,
  0x00a4, 0x00a4, 0x0084, 0x0084, 0x00a4, 0x0084, 0x0084, 0x00a4, 0x00a4, 0x0084, 0x0084, 0x0084,
  0x00a4, 0x0083, 0x0083, 0x0084, 0x0084, 0x00a4, 0x00a3, 0x08a3, 0x08a3, 0x08a3, 0x08c3, 0x08c3,
  0x00a4, 0x00a4, 0x00a4, 0x0084, 0x0084, 0x00a4, 0x0084, 0x0084, 0x0084, 0x0084, 0x0084, 0x0084,
  0x0084, 0x0084, 0x0083, 0x0083, 0x0084, 0x0084, 0x00a4, 0x00a4, 0x00a4, 0x0084, 0x0084, 0x00a4,
  0x0083, 0x0083, 0x0084, 0x0084, 0x00a4, 0x0084, 0x0084, 0x00a4, 0x00a4, 0x00a4, 0x00a4, 0x00a4,
  0x00a4, 0x00a4, 0x00a4, 0x00a4, 0x00a4, 0x00a4, 0x00a4, 0x00a4, 0x00a4, 0x00a4, 0x0084, 0x0084,
  0x0084, 0x00a4, 0x0084, 0x00a4, 0x0083, 0x0083, 0x0083, 0x0083, 0x00a4, 0x0084, 0x0084, 0x0084,
  0x0084, 0x0084, 0x0084, 0x0084, 0x0084, 0x0084, 0x0084, 0x0084, 0x0084, 0x0084, 0x0084, 0x0084,
  0x0084, 0x0084, 0x0084, 0x0084, 0x0084, 0x0084, 0x0084, 0x0084, 0x0084, 0x0084, 0x0084, 0x0084,
  0x0084, 0x0084, 0x0084, 0x0084, 0x0084, 0x0084, 0x0084, 0x0084, 0x0084, 0x0084, 0x0084, 0x0084,
  0x0084, 0x0084, 0x0084, 0x0084, 0x0084, 0x0084, 0x0084, 0x0084, 0x0084, 0x0084, 0x0084, 0x0084,
  0x0084, 0x0084, 0x0084, 0x0084, 0x0084, 0x0084, 0x0084, 0x0084, 0x0084, 0x0084, 0x0084, 0x0084,
  0x0084, 0x0084, 0x00a4, 0x00a4, 0x00a4, 0x00a4, 0x00a4, 0x00a4, 0x00a4, 0x00a4, 0x00a4, 0x00a4,
  0x00a4, 0x00a4, 0x00a4, 0x0084, 0x0084, 0x0084, 0x0084, 0x0084, 0x0083, 0x0083, 0x0083, 0x0083,
  0x0083, 0x0083, 0x0083, 0x0083, 0x0083, 0x0083, 0x0083, 0x0084, 0x0084, 0x0084, 0x0084, 0x0084,
  0x0084, 0x0084, 0x0084, 0x0084, 0x00a4, 0x00a4, 0x00a4, 0x00a4, 0x00a4, 0x00a4, 0x00a4, 0x00a4,
  0x00a4, 0x00a4, 0x00a4, 0x0084, 0x00a4, 0x0084, 0x00a4, 0x0084, 0x0084, 0x00a4, 0x00a4, 0x00a4,
  0x0084, 0x00a4, 0x0084, 0x0084, 0x0084, 0x0084, 0x0084, 0x0084, 0x0084, 0x0084, 0x0084, 0x0083,
  0x0084, 0x00a4, 0x08c4, 0x0084, 0x0084, 0x0084, 0x00a4, 0x00a4, 0x0084, 0x0084, 0x0084, 0x0084,
  0x0084, 0x0084, 0x0084, 0x0084, 0x0084, 0x0084, 0x0084, 0x0084, 0x00a4, 0x0084, 0x00a4, 0x00a4,
  0x0084, 0x0084, 0x0084, 0x0084, 0x0083, 0x0083, 0x0083, 0x0084, 0x0083, 0x0083, 0x0083, 0x0084,
  0x0084, 0x0083, 0x0084, 0x0084, 0x0084, 0x0084, 0x0083, 0x0083, 0x0083, 0x00a4, 0x00a4, 0x0083,
  0x0083, 0x82e3, 0x5a44, 0x0084, 0x0083, 0x0083, 0x0083, 0x0083, 0x0083, 0x0084, 0x0084, 0x0083,
  0x0083, 0x0083, 0x0083, 0x0083, 0x0083, 0x0083, 0x0063, 0x0083, 0x0083, 0x0083, 0x0083, 0x0063,
  0x2966, 0x0063, 0x0063, 0x0063, 0x0063, 0x0083, 0x0063, 0x0063, 0x0063, 0x0083, 0x0063, 0x0063,
  0x0063, 0x0063, 0x0063, 0x0083, 0x0084, 0x0084, 0x0084, 0x0084, 0x0083, 0x0084, 0x0084, 0x0083,
  0x0084, 0x0084, 0x0084, 0x0084, 0x0084, 0x0084, 0x0084, 0x00a4, 0x0084, 0x0084, 0x00a4, 0x0084,
  0x0084, 0x0084, 0x0084, 0x0084, 0x0084, 0x0084, 0x00a4, 0x0084, 0x00a4, 0x0084, 0x0084, 0x00a4,
  0x0084, 0x00a4, 0x00a4, 0x0083, 0x00a3, 0x00a4, 0x00a4, 0x00a3, 0x0083, 0x0084, 0x0084, 0x0084,
  0x0084, 0x0084, 0x0084, 0x0084, 0x0084, 0x00a4, 0x00a4, 0x0084, 0x0084, 0x0084, 0x0084, 0x0084,
  0x0084, 0x0084, 0x0084, 0x00a4, 0x00a4, 0x0084, 0x00a4, 0x0084, 0x0084, 0x0084, 0x0084, 0x0084,
  0x0084, 0x00a4, 0x00a4, 0x00a4, 0x00a4, 0x00a4, 0x00a4, 0x00a4, 0x00a4, 0x00a4, 0x00a4, 0x00a4,
  0x00a4, 0x00a4, 0x00a4, 0x00a4, 0x00a4, 0x00a4, 0x00a4, 0x0084, 0x0084, 0x0084, 0x0084, 0x0084,
  0x0084, 0x0084, 0x0084, 0x0084, 0x00a4, 0x00a4, 0x0084, 0x0084, 0x00a4, 0x00a4, 0x00a4, 0x00a4,
  0x0084, 0x0084, 0x0084, 0x0084, 0x0084, 0x0084, 0x0084, 0x0084, 0x0084, 0x0084, 0x0084, 0x0084,
  0x0084, 0x0084, 0x0084, 0x0084, 0x0084, 0x0084, 0x0084, 0x0084, 0x0084, 0x0084, 0x0084, 0x0084,
  0x0084, 0x0084, 0x0084, 0x0084, 0x0084, 0x0084, 0x0084, 0x0084, 0x0084, 0x0084, 0x0084, 0x0084,
  0x0084, 0x0084, 0x0084, 0x0084, 0x0084, 0x0084, 0x0084, 0x0084, 0x0084, 0x0084, 0x0084, 0x0084,
  0x0084, 0x0084, 0x0084, 0x0084, 0x0084, 0x0084, 0x0084, 0x0084, 0x0084, 0x0084, 0x0084, 0x0084,
  0x0084, 0x0084, 0x0084, 0x00a4, 0x00a4, 0x00a4, 0x00a4, 0x00a4, 0x00a4, 0x00a4, 0x00a4, 0x00a4,
  0x00a4, 0x00a4, 0x00a4, 0x0084, 0x0084, 0x0084, 0x0084, 0x0084, 0x0084, 0x0084, 0x0084, 0x0084,
  0x0084, 0x0084, 0x0084, 0x0084, 0x0084, 0x0084, 0x0084, 0x00a4, 0x00a4, 0x00a4, 0x00a4, 0x00a4,
  0x00a4, 0x00a4, 0x00a4, 0x00a4, 0x00a4, 0x00a4, 0x00a4, 0x00a4, 0x00a4, 0x00a4, 0x00a4, 0x0084,
  0x00a4, 0x0084, 0x00a4, 0x00a4, 0x00a4, 0x00a4, 0x00a4, 0x00a4, 0x00a4, 0x00a4, 0x00a4, 0x0083,
  0x0084, 0x0084, 0x0084, 0x0084, 0x0084, 0x00a4, 0x0084, 0x0084, 0x0084, 0x0084, 0x0084, 0x0084,
  0x00a4, 0x0084, 0x00a4, 0x00a4, 0x00a4, 0x0084, 0x0084, 0x0084, 0x0084, 0x0084, 0x0084, 0x0084,
  0x0084, 0x0084, 0x0084, 0x0084, 0x0084, 0x0084, 0x00a4, 0x0084, 0x0084, 0x0084, 0x0084, 0x0084,
  0x0084, 0x0084, 0x0084, 0x0084, 0x0083, 0x0083, 0x0084, 0x0084, 0x0083, 0x0083, 0x0083, 0x00a4,
  0x0083, 0x0083, 0x0083, 0x0083, 0x00a3, 0x00a3, 0x00a4, 0x00a3, 0x18e3, 0xa445, 0x08a3, 0x00a4,
  0x0083, 0x0083, 0x0083, 0x0083, 0x0084, 0x0084, 0x00a4, 0x0083, 0x0083, 0x0084, 0x0083, 0x0083,
  0x0083, 0x0083, 0x0083, 0x0083, 0x0083, 0x0083, 0x0083, 0x0083, 0x0063, 0x0063, 0x0063, 0x0083,
  0x0063, 0x0083, 0x0083, 0x0083, 0x0063, 0x0083, 0x0083, 0x0063, 0x0063, 0x0063, 0x0063, 0x0063,
  0x0084, 0x0084, 0x0084, 0x0084, 0x0084, 0x0084, 0x0083, 0x0084, 0x0084, 0x0084, 0x0084, 0x0084,
  0x0084, 0x00a4, 0x0084, 0x0084, 0x0084, 0x00a4, 0x00a4, 0x0084, 0x00a4, 0x00a4, 0x00a4, 0x00a4,
  0x00a4, 0x0084, 0x00a4, 0x00a4, 0x00a4, 0x0084, 0x0084, 0x00a4, 0x00a4, 0x00a4, 0x00a4, 0x00a4,
  0x00a4, 0x00a4, 0x00a4, 0x00a4, 0x0084, 0x0083, 0x00a4, 0x0084, 0x0084, 0x0084, 0x0084, 0x0084,
  0x0084, 0x00a4, 0x00a4, 0x0084, 0x0084, 0x0084, 0x0084, 0x0084, 0x0084, 0x00a4, 0x0084, 0x0084,
  0x0084, 0x00a4, 0x0084, 0x00a4, 0x00a4, 0x00a4, 0x00a4, 0x0084, 0x0084, 0x00a4, 0x00a4, 0x00a4,
  0x00a4, 0x00a4, 0x00a4, 0x0084, 0x00a4, 0x00a4, 0x00a4, 0x00a4, 0x0084, 0x00a4, 0x00a4, 0x00a4,
  0x00a4, 0x00a4, 0x00a4, 0x00a4, 0x00a4, 0x0084, 0x0084, 0x0084, 0x0084, 0x00a4, 0x00a4, 0x00a4,
  0x0084, 0x00a4, 0x00a4, 0x00a4, 0x00a4, 0x00a4, 0x0084, 0x08c4, 0x00a4, 0x0084, 0x0084, 0x0084,
  0x0084, 0x0084, 0x0084, 0x0084, 0x0084, 0x0084, 0x0084, 0x0084, 0x0084, 0x0084, 0x0084, 0x0084,
  0x0084, 0x0084, 0x0084, 0x0084, 0x0084, 0x0084, 0x0084, 0x0084, 0x0084, 0x0084, 0x0084, 0x00a4,
  0x00a4, 0x00a4, 0x00a4, 0x00a4, 0x00a4, 0x00a4, 0x00a4, 0x00a4, 0x00a4, 0x00a4, 0x00a4, 0x00a4,
  0x00a4, 0x00a4, 0x00a4, 0x00a4, 0x00a4, 0x00a4, 0x0084, 0x0084, 0x0084, 0x0084, 0x0084, 0x0084,
  0x0084, 0x0084, 0x0084, 0x0084, 0x0084, 0x0084, 0x0084, 0x0084, 0x00a4, 0x00a4, 0x00a4, 0x00a4,
  0x00a4, 0x00a4, 0x00a4, 0x00a4, 0x00a4, 0x00a4, 0x00a4, 0x00a4, 0x00a4, 0x00a4, 0x00a4, 0x00a4,
  0x00a4, 0x00a4, 0x00a4, 0x00a4, 0x00a4, 0x00a4, 0x00a4, 0x00a4, 0x00a4, 0x0084, 0x0084, 0x0084,
  0x0084, 0x00a4, 0x00a4, 0x00a4, 0x00a4, 0x00a4, 0x00a4, 0x00a4, 0x00a4, 0x00a4, 0x00a4, 0x00a4,
  0x00a4, 0x00a4, 0x00a4, 0x00a4, 0x00a4, 0x00a4, 0x00a4, 0x00a4, 0x00a4, 0x00a4, 0x00a4, 0x10e5,
  0x1105, 0x00a4, 0x00a4, 0x00a4, 0x00a4, 0x0084, 0x0084, 0x0084, 0x0084, 0x0084, 0x0084, 0x0084,
  0x0084, 0x00a4, 0x00a4, 0x00a4, 0x0084, 0x0084, 0x0084, 0x0084, 0x0084, 0x00a4, 0x00a4, 0x00a4,
  0x0084, 0x0084, 0x0084, 0x0084, 0x0084, 0x00a4, 0x0084, 0x0084, 0x0084, 0x0084, 0x0084, 0x00a4,
  0x00a4, 0x0084, 0x0084, 0x0084, 0x0084, 0x0084, 0x0084, 0x00a4, 0x0084, 0x0084, 0x0084, 0x0084,
  0x0083, 0x0084, 0x0084, 0x0084, 0x0084, 0x0084, 0x0083, 0x0083, 0x0083, 0x0083, 0x0083, 0x0083,
  0x00a3, 0x00a4, 0x08a4, 0x08a3, 0x7b46, 0x6b05, 0x00a3, 0x0083, 0x00a4, 0x00a4, 0x0084, 0x0083,
  0x0084, 0x0084, 0x0083, 0x0084, 0x0083, 0x0084, 0x0084, 0x0083, 0x0083, 0x0083, 0x0084, 0x0084,
  0x0083, 0x0083, 0x0083, 0x0083, 0x0063, 0x0083, 0x0063, 0x0063, 0x0063, 0x0063, 0x0083, 0x0083,
  0x0083, 0x0063, 0x0083, 0x0063, 0x0063, 0x0063, 0x0063, 0x0063, 0x0084, 0x0084, 0x0084, 0x0084,
  0x0084, 0x0084, 0x0084, 0x0084, 0x0084, 0x00a4, 0x0083, 0x00a4, 0x0084, 0x0084, 0x0084, 0x0084,
  0x0084, 0x0084, 0x0084, 0x0084, 0x0084, 0x00a4, 0x00a4, 0x00a4, 0x00a4, 0x00a4, 0x00a4, 0x00a4,
  0x00a4, 0x00a4, 0x00a4, 0x00a4, 0x00a4, 0x00a4, 0x00a4, 0x00a4, 0x00a4, 0x00a4, 0x00a4, 0x0084,
  0x00a4, 0x00a4, 0x00a4, 0x00a4, 0x00a4, 0x00a4, 0x0084, 0x00a4, 0x00a4, 0x0084, 0x00a4, 0x00a4,
  0x00a4, 0x00a4, 0x0084, 0x00a4, 0x00a4, 0x00a4, 0x00a4, 0x00a4, 0x00a4, 0x00a4, 0x00a4, 0x00a4,
  0x00a4, 0x00a4, 0x00a4, 0x00a4, 0x00a4, 0x00a4, 0x00a4, 0x00a4, 0x00a4, 0x00a4, 0x00a4, 0x00a4,
  0x00a4, 0x00a4, 0x00a4, 0x0084, 0x00a4, 0x00a4, 0x00a4, 0x00a4, 0x00a4, 0x00a4, 0x00a4, 0x00a4,
  0x00a4, 0x00a4, 0x00a4, 0x00a4, 0x00a4, 0x0084, 0x0084, 0x0084, 0x0084, 0x0084, 0x00a4, 0x00a4,
  0x00a4, 0x00a4, 0x00a4, 0x39c8, 0x0084, 0x0084, 0x0084, 0x0084, 0x0084, 0x0084, 0x0084, 0x00a4,
  0x00a4, 0x00a4, 0x00a4, 0x00a4, 0x00a4, 0x00a4, 0x00a4, 0x00a4, 0x00a4, 0x00a4, 0x00a4, 0x00a4,
  0x00a4, 0x00a4, 0x00a4, 0x00a4, 0x00a4, 0x00a4, 0x00a4, 0x00c4, 0x00c4, 0x00c4, 0x00c4, 0x00a4,
  0x00a4, 0x00a4, 0x00a4, 0x00a4, 0x00a4, 0x00a4, 0x00a4, 0x00a4, 0x00a4, 0x00a4, 0x00a4, 0x00a4,
  0x00a4, 0x00a4, 0x00a4, 0x00a4, 0x00a4, 0x00a4, 0x00a4, 0x00a4, 0x00a4, 0x00a4, 0x00a4, 0x00a4,
  0x00a4, 0x0084, 0x0084, 0x0084, 0x0084, 0x00a4, 0x00a4, 0x00a4, 0x00a4, 0x00a4, 0x0084, 0x0084,
  0x0084, 0x0084, 0x0084, 0x0084, 0x0084, 0x0084, 0x00a4, 0x00a4, 0x0084, 0x00a4, 0x00a4, 0x00a4,
  0x00a4, 0x00a4, 0x00a4, 0x00a4, 0x00a4, 0x00a4, 0x00a4, 0x00a4, 0x00a4, 0x00a4, 0x00a4, 0x00a4,
  0x0084, 0x0084, 0x0084, 0x0084, 0x00a4, 0x00a4, 0x00a4, 0x00a4, 0x00a4, 0x00a4, 0x00a4, 0x00a4,
  0x0084, 0x00a4, 0x00a4, 0x00c5, 0x00a4, 0x00a4, 0x00a4, 0x00a4, 0x00a4, 0x00a4, 0x00a4, 0x00a4,
  0x00a4, 0x00a4, 0x00a4, 0x00a4, 0x00a4, 0x00a4, 0x00a4, 0x00a4, 0x00a4, 0x00a4, 0x00a4, 0x00a4,
  0x00a4, 0x00a4, 0x00a4, 0x00a4, 0x00a4, 0x0084, 0x00a4, 0x00a4, 0x00a4, 0x0084, 0x00a4, 0x00a4,
  0x00a4, 0x00a4, 0x00a4, 0x00a4, 0x00a4, 0x00a4, 0x0084, 0x00a4, 0x0084, 0x00a4, 0x0084, 0x0084,
  0x00a4, 0x0084, 0x0084, 0x00a4, 0x0084, 0x0084, 0x00a4, 0x00a4, 0x00a4, 0x0084, 0x0084, 0x0084,
  0x0084, 0x0084, 0x0084, 0x0084, 0x0084, 0x0083, 0x0083, 0x00a3, 0x08c3, 0x08c4, 0x10e4, 0x5a64,
  0x7b45, 0x00a3, 0x00a4, 0x0084, 0x0084, 0x0083, 0x0084, 0x0084, 0x0084, 0x0084, 0x0084, 0x0084,
  0x0084, 0x0084, 0x00a4, 0x0084, 0x0084, 0x0084, 0x0084, 0x0083, 0x0084, 0x0083, 0x0083, 0x0083,
  0x0083, 0x0083, 0x0083, 0x0083, 0x0083, 0x0083, 0x0083, 0x0083, 0x0083, 0x0083, 0x0063, 0x0063,
  0x0063, 0x0063, 0x0063, 0x0063, 0x0083, 0x0084, 0x0084, 0x0084, 0x0084, 0x0084, 0x0084, 0x0084,
  0x0084, 0x0084, 0x4229, 0x0083, 0x0084, 0x0084, 0x0084, 0x00a4, 0x0084, 0x0084, 0x0084, 0x0084,
  0x0084, 0x0084, 0x00a4, 0x00a4, 0x00a4, 0x00a4, 0x0084, 0x00a4, 0x0084, 0x0084, 0x0084, 0x00a4,
  0x00a4, 0x00a4, 0x00a4, 0x00a4, 0x00a4, 0x00a4, 0x0084, 0x00a4, 0x00a4, 0x00a4, 0x00a4, 0x00a4,
  0x00a4, 0x00a4, 0x00a4, 0x00a4, 0x00a4, 0x0084, 0x00a4, 0x00a4, 0x00a4, 0x00a4, 0x00a4, 0x00a4,
  0x00a4, 0x00a4, 0x00a4, 0x00a4, 0x00a4, 0x00a4, 0x00a4, 0x00a4, 0x00a4, 0x00a4, 0x0084, 0x00a4,
  0x08c4, 0x08c5, 0x00a4, 0x00a4, 0x00a4, 0x00a4, 0x00a4, 0x00a4, 0x00a4, 0x00a4, 0x00a4, 0x00a4,
  0x00a5, 0x00a4, 0x00a4, 0x00a4, 0x00a4, 0x00a4, 0x00a4, 0x00a4, 0x00a4, 0x00a4, 0x00a4, 0x00a4,
  0x00a4, 0x00a4, 0x0084, 0x00a4, 0x00a4, 0x00a4, 0x00a4, 0x00a4, 0x00a4, 0x00a4, 0x00a4, 0x00a4,
  0x0084, 0x0084, 0x0084, 0x0084, 0x0084, 0x0084, 0x00a4, 0x00a4, 0x00a4, 0x00a4, 0x00a4, 0x00a4,
  0x00a4, 0x00a4, 0x00a4, 0x00a4, 0x00a4, 0x00a4, 0x00a4, 0x00a4, 0x00a4, 0x00a4, 0x00a4, 0x00a4,
  0x00a4, 0x00a4, 0x00a4, 0x00a4, 0x00a4, 0x00a4, 0x00a4, 0x00a4, 0x00a4, 0x00a4, 0x00a4, 0x00a4,
  0x00a4, 0x00a4, 0x00a4, 0x00a4, 0x00a4, 0x00a4, 0x00a4, 0x00a4, 0x00a4, 0x00a4, 0x00a4, 0x00a4,
  0x00a4, 0x00a4, 0x00a4, 0x00a4, 0x00a4, 0x00a4, 0x00a4, 0x00a4, 0x00a4, 0x00a4, 0x00a4, 0x00a4,
  0x00a4, 0x00a4, 0x00a4, 0x00a4, 0x00a4, 0x00a4, 0x00a4, 0x00a4, 0x00a4, 0x00a4, 0x00a4, 0x00a4,
  0x00a4, 0x00a4, 0x00a4, 0x0084, 0x0084, 0x0084, 0x0084, 0x0084, 0x0084, 0x00a4, 0x00a4, 0x00a4,
  0x00a4, 0x00a4, 0x00a4, 0x00a4, 0x00a4, 0x00a4, 0x00a4, 0x00a4, 0x00a4, 0x00a4, 0x00a4, 0x00a4,
  0x00a4, 0x00a4, 0x00a4, 0x00a4, 0x00a4, 0x00a4, 0x00a4, 0x00a4, 0x00a4, 0x00a4, 0x00a4, 0x00a4,
  0x00a4, 0x00a4, 0x00a4, 0x00a4, 0x00a4, 0x00a4, 0x00a4, 0x00a4, 0x00a4, 0x00a4, 0x00a4, 0x00a4,
  0x00a4, 0x00a4, 0x00a4, 0x00a4, 0x00a4, 0x00a4, 0x00a4, 0x00a4, 0x00a4, 0x00a4, 0x1926, 0x00a5,
  0x00a4, 0x00a4, 0x00a4, 0x00a4, 0x00a4, 0x00a4, 0x00a4, 0x00a4, 0x00a4, 0x00a4, 0x00a4, 0x00a4,
  0x00a4, 0x00a4, 0x0084, 0x00a4, 0x00a4, 0x00a4, 0x0084, 0x0084, 0x0084, 0x0084, 0x00a4, 0x00a4,
  0x00a4, 0x00a4, 0x00a4, 0x00a4, 0x00a4, 0x00a4, 0x0084, 0x0084, 0x0084, 0x00a4, 0x0084, 0x0084,
  0x0084, 0x00a3, 0x00a4, 0x08c3, 0x10c3, 0x2923, 0x2943, 0xcd06, 0x2124, 0x08c4, 0x00a4, 0x00a4,
  0x0084, 0x00a4, 0x0084, 0x0084, 0x0084, 0x0084, 0x0084, 0x0084, 0x0084, 0x0084, 0x0084, 0x0084,
  0x0084, 0x0084, 0x0084, 0x0084, 0x0084, 0x0084, 0x0083, 0x0083, 0x0083, 0x0083, 0x0083, 0x0083,
  0x0083, 0x0083, 0x0083, 0x0083, 0x0083, 0x0083, 0x0083, 0x0063, 0x0063, 0x0063, 0x0063, 0x0063,
  0x0084, 0x0084, 0x0084, 0x0084, 0x0084, 0x0084, 0x0084, 0x0084, 0x0084, 0x0084, 0x0084, 0x0084,
  0x0084, 0x0084, 0x0084, 0x0084, 0x00a4, 0x0084, 0x0084, 0x0084, 0x0084, 0x0084, 0x0084, 0x00a4,
  0x00a4, 0x00a4, 0x0084, 0x0084, 0x00a4, 0x00a4, 0x0084, 0x0084, 0x0084, 0x00a4, 0x0084, 0x00a4,
  0x00a4, 0x00a4, 0x00a4, 0x00a4, 0x00a4, 0x00a4, 0x00a4, 0x00a4, 0x00a4, 0x0084, 0x0084, 0x00a4,
  0x00a4, 0x00a4, 0x00a4, 0x00a4, 0x00a4, 0x1926, 0x0084, 0x00a4, 0x00a4, 0x00a4, 0x00a4, 0x00a4,
  0x00a4, 0x00a4, 0x00a4, 0x00a4, 0x00a4, 0x00a4, 0x00a4, 0x00a4, 0x08c5, 0x08c4, 0x00a4, 0x00a4,
  0x00a4, 0x00a4, 0x00a4, 0x00a4, 0x00a4, 0x00a4, 0x00a4, 0x00a4, 0x00a4, 0x00a4, 0x00a4, 0x00a4,
  0x00a4, 0x00a4, 0x00a4, 0x00a4, 0x00a4, 0x00a4, 0x00a4, 0x00a4, 0x00a4, 0x00a4, 0x00a4, 0x0084,
  0x00a4, 0x00a4, 0x00a4, 0x00a4, 0x00a4, 0x00a4, 0x00a4, 0x0084, 0x0084, 0x00a4, 0x00a4, 0x00a4,
  0x00a4, 0x00a4, 0x00a4, 0x00a4, 0x00a4, 0x00a4, 0x00a4, 0x00a4, 0x00a4, 0x00a4, 0x00a4, 0x00a4,
  0x00a4, 0x00a4, 0x00a4, 0x00a4, 0x00a4, 0x00a4, 0x00a4, 0x00a4, 0x00a4, 0x00a4, 0x00a4, 0x00a4,
  0x00a4, 0x0084, 0x0084, 0x0084, 0x0084, 0x0084, 0x00a4, 0x00a4, 0x00a4, 0x00a4, 0x00a4, 0x00a4,
  0x00a4, 0x00a4, 0x00a4, 0x00a4, 0x00a4, 0x00a4, 0x00a4, 0x00a4, 0x00a4, 0x00a4, 0x00a4, 0x00a4,
  0x00a4, 0x00a4, 0x00a4, 0x00a4, 0x00a4, 0x00a4, 0x00a4, 0x00a4, 0x00a4, 0x00a4, 0x00a4, 0x00a4,
  0x00a4, 0x00a4, 0x00a4, 0x00a4, 0x00a4, 0x00a4, 0x00a4, 0x00a4, 0x00a4, 0x00a4, 0x00a4, 0x00a4,
  0x00a4, 0x00a4, 0x00a4, 0x00a4, 0x00a4, 0x00a4, 0x00a4, 0x00a4, 0x00a4, 0x00a4, 0x00a4, 0x00a4,
  0x00a4, 0x00a4, 0x00a4, 0x00a4, 0x00a4, 0x00a4, 0x00a4, 0x00a4, 0x00a4, 0x00a4, 0x00a4, 0x00a4,
  0x00a4, 0x00a4, 0x00a4, 0x00a4, 0x00a4, 0x00a4, 0x00a4, 0x00a4, 0x00a4, 0x00a4, 0x00a4, 0x00a4,
  0x00a4, 0x00a4, 0x00a4, 0x00a4, 0x00a4, 0x00a4, 0x00a4, 0x00c4, 0x00a4, 0x00c5, 0x00a4, 0x00a5,
  0x00a5, 0x00a4, 0x00a4, 0x00a4, 0x00a4, 0x00a4, 0x08e5, 0x00a4, 0x00a4, 0x00a4, 0x00a4, 0x00a4,
  0x00a4, 0x00a4, 0x00a4, 0x00a4, 0x00a4, 0x00a4, 0x00a4, 0x00a4, 0x00a4, 0x00a4, 0x00a4, 0x00a4,
  0x00a4, 0x0084, 0x0084, 0x00a4, 0x00a4, 0x0084, 0x00a4, 0x00a4, 0x00a4, 0x00a4, 0x00a4, 0x00a4,
  0x00a4, 0x00a4, 0x00a4, 0x00a4, 0x0084, 0x00a4, 0x0083, 0x0084, 0x00a3, 0x00a3, 0x08c4, 0x08c3,
  0x2922, 0x8302, 0xbcc6, 0xbc84, 0x18e3, 0x10c4, 0x00a4, 0x00a3, 0x0084, 0x0084, 0x0084, 0x0084,
  0x0084, 0x0084, 0x0084, 0x0084, 0x0084, 0x0084, 0x0083, 0x00a4, 0x0084, 0x0083, 0x0084, 0x0084,
  0x0083, 0x0083, 0x0083, 0x0083, 0x0083, 0x0084, 0x0083, 0x0083, 0x0083, 0x0083, 0x0083, 0x0083,
  0x0083, 0x0083, 0x0083, 0x0063, 0x0083, 0x0063, 0x0083, 0x0063, 0x0084, 0x0084, 0x0084, 0x0084,
  0x00a4, 0x00a4, 0x00a4, 0x00a4, 0x00a4, 0x0084, 0x0083, 0x0084, 0x0084, 0x0084, 0x0084, 0x00a4,
  0x00a4, 0x0084, 0x00a4, 0x00a4, 0x00a4, 0x00a4, 0x0084, 0x00a4, 0x00a4, 0x00a4, 0x0084, 0x00a4,
  0x00a4, 0x00a4, 0x00a4, 0x00a4, 0x0084, 0x0084, 0x00a4, 0x00a4, 0x00a4, 0x00a4, 0x00a4, 0x00a4,
  0x00a4, 0x00a4, 0x00a4, 0x00a4, 0x00a4, 0x00a4, 0x00a4, 0x00a4, 0x00a4, 0x00a4, 0x00a4, 0x00a4,
  0x00a4, 0x2146, 0x00a4, 0x00a4, 0x00a4, 0x00a4, 0x00a4, 0x00a4, 0x00a4, 0x00a4, 0x00c4, 0x00a4,
  0x00a4, 0x00a4, 0x00a4, 0x00a4, 0x00a4, 0x00a4, 0x00a4, 0x00a4, 0x00c5, 0x00a4, 0x00a4, 0x00a4,
  0x00a4, 0x00a4, 0x00a4, 0x00a4, 0x00a4, 0x00a4, 0x00a4, 0x00a4, 0x00a4, 0x00a4, 0x00a4, 0x00a4,
  0x00a4, 0x00a4, 0x00a4, 0x00a4, 0x00a4, 0x00a4, 0x00a4, 0x00c4, 0x00a4, 0x00a4, 0x00a4, 0x00a4,
  0x00a4, 0x00a4, 0x00a4, 0x00a4, 0x00a4, 0x00a4, 0x00a4, 0x00a4, 0x00a4, 0x00a4, 0x00a5, 0x00a4,
  0x00a4, 0x00a4, 0x00a4, 0x00a4, 0x00a4, 0x00a4, 0x00a4, 0x00a4, 0x00a4, 0x00a4, 0x00a4, 0x00a4,
  0x00a4, 0x00a4, 0x00a4, 0x00a4, 0x00a4, 0x00a4, 0x00a4, 0x00a4, 0x00a4, 0x00a4, 0x00a4, 0x00a4,
  0x00a4, 0x00a4, 0x00a4, 0x00a4, 0x00a4, 0x00c4, 0x00c5, 0x00c5, 0x00c5, 0x00c5, 0x00c5, 0x00c5,
  0x00c5, 0x00c5, 0x00a4, 0x00a4, 0x00a4, 0x00a4, 0x00a4, 0x00a4, 0x00a4, 0x00a4, 0x00a4, 0x00a4,
  0x00a4, 0x00a4, 0x00a4, 0x00a4, 0x00a4, 0x00a4, 0x00a4, 0x00a4, 0x00a4, 0x00a4, 0x00a4, 0x00a4,
  0x00a4, 0x00a4, 0x00a4, 0x00a4, 0x00a4, 0x00a4, 0x00a4, 0x00a4, 0x00a4, 0x00a4, 0x00a4, 0x00a4,
  0x00a4, 0x00a4, 0x00a4, 0x00a4, 0x00a4, 0x00a4, 0x00a4, 0x00a4, 0x00a4, 0x00a4, 0x00a4, 0x00a4,
  0x00a4, 0x00a4, 0x00a4, 0x00a4, 0x00a4, 0x00a4, 0x00a4, 0x00a4, 0x00a4, 0x00a4, 0x00a4, 0x00a4,
  0x00a4, 0x00a4, 0x00a4, 0x00a4, 0x00a4, 0x00a4, 0x00c5, 0x00a4, 0x00a4, 0x00a4, 0x00a4, 0x00a4,
  0x00a4, 0x00a4, 0x00a4, 0x00c4, 0x00a4, 0x00a4, 0x00a4, 0x00a4, 0x00a4, 0x00a5, 0x00a4, 0x00a4,
  0x00a4, 0x00a4, 0x00a4, 0x08e5, 0x00a4, 0x00a4, 0x00a4, 0x0084, 0x00a4, 0x00a4, 0x00a4, 0x00a4,
  0x00a4, 0x00a4, 0x0084, 0x00a4, 0x00a4, 0x00a4, 0x00a4, 0x00a4, 0x00a4, 0x00a4, 0x0084, 0x00a4,
  0x00a4, 0x00a4, 0x00a4, 0x00a4, 0x00a4, 0x00a4, 0x00a4, 0x00a4, 0x00a4, 0x00a4, 0x00a4, 0x00a4,
  0x00a4, 0x00a4, 0x00a4, 0x00a4, 0x00a4, 0x00a3, 0x08c3, 0x10c3, 0x51c2, 0xddc9, 0xf731, 0xb3a3,
  0x2103, 0x10c3, 0x08a3, 0x00a3, 0x0084, 0x0084, 0x0084, 0x0084, 0x0084, 0x0084, 0x0084, 0x0084,
  0x0084, 0x0084, 0x0084, 0x00a4, 0x00a4, 0x00a4, 0x00a4, 0x0084, 0x0084, 0x0084, 0x0084, 0x0084,
  0x0084, 0x0083, 0x0084, 0x0083, 0x0083, 0x0083, 0x0083, 0x0083, 0x0083, 0x0083, 0x0083, 0x0083,
  0x0083, 0x0063, 0x0063, 0x0063, 0x00a4, 0x00a4, 0x0084, 0x00a4, 0x00a4, 0x00a4, 0x00a4, 0x00a4,
  0x00a4, 0x0084, 0x0084, 0x0084, 0x0084, 0x0084, 0x0084, 0x00a4, 0x00a4, 0x00a4, 0x00a4, 0x00a4,
  0x0084, 0x0084, 0x00a4, 0x0084, 0x0084, 0x00a4, 0x00a4, 0x00a4, 0x00a4, 0x00a4, 0x00a4, 0x00a4,
  0x00a4, 0x0084, 0x0084, 0x00a4, 0x00a4, 0x00a4, 0x00a4, 0x00a4, 0x00a4, 0x00a4, 0x00a4, 0x00a4,
  0x00a4, 0x00a4, 0x00a4, 0x00a4, 0x00a4, 0x00a4, 0x00a4, 0x00a4, 0x00a4, 0x00a4, 0x00a4, 0x00a4,
  0x00a4, 0x00a4, 0x00a4, 0x00a4, 0x00a4, 0x00a4, 0x00a4, 0x00a4, 0x00a4, 0x00a4, 0x00a4, 0x00a4,
  0x00a4, 0x00a4, 0x00a4, 0x00a4, 0x00a4, 0x00a4, 0x00a4, 0x00a4, 0x00a4, 0x00a4, 0x00a4, 0x00a4,
  0x00a4, 0x00a4, 0x00a4, 0x00a4, 0x00a4, 0x00a4, 0x00a4, 0x00a4, 0x00a4, 0x00a4, 0x00a4, 0x00a4,
  0x00a4, 0x00a4, 0x00a4, 0x00a4, 0x00a4, 0x00a4, 0x00a4, 0x00a4, 0x00a4, 0x00a4, 0x00a4, 0x00a5,
  0x00a4, 0x00a4, 0x00a4, 0x00a4, 0x00a4, 0x00a4, 0x00a4, 0x00a4, 0x00a4, 0x00a4, 0x00a4, 0x00a4,
  0x00a4, 0x00a4, 0x00a4, 0x00a4, 0x00a4, 0x00a4, 0x00a4, 0x00a4, 0x00a4, 0x00a4, 0x00a4, 0x00a4,
  0x00a4, 0x00a4, 0x00a4, 0x00a4, 0x00a4, 0x00a4, 0x00a4, 0x00a4, 0x00a4, 0x00a4, 0x00a4, 0x00a4,
  0x00a4, 0x00a4, 0x00a4, 0x00a4, 0x00a4, 0x00a4, 0x00a4, 0x00a4, 0x00a4, 0x00a4, 0x00a4, 0x00a4,
  0x00a4, 0x00a4, 0x00a4, 0x00a4, 0x00a4, 0x00a4, 0x00a4, 0x00a4, 0x00a4, 0x00a4, 0x00a4, 0x00a4,
  0x00a4, 0x00a4, 0x00a4, 0x00a4, 0x00a4, 0x00a4, 0x00a4, 0x00a4, 0x00a4, 0x00a4, 0x00a4, 0x00a4,
  0x00a4, 0x00a4, 0x00a4, 0x00a4, 0x00a4, 0x00a4, 0x00a4, 0x00a4, 0x00a4, 0x00a5, 0x00a4, 0x00a4,
  0x00a4, 0x00a4, 0x00a4, 0x00a4, 0x00a4, 0x00a4, 0x00a4, 0x00a4, 0x00a4, 0x00a4, 0x00a4, 0x00a4,
  0x00a4, 0x00a4, 0x00a4, 0x00a4, 0x00a4, 0x00a4, 0x00a4, 0x00a4, 0x00a4, 0x00a4, 0x00a4, 0x00a5,
  0x00c5, 0x00a5, 0x00c5, 0x00a5, 0x00a4, 0x00a5, 0x00a5, 0x00a5, 0x00a4, 0x00a4, 0x00a4, 0x00c4,
  0x00c5, 0x00c4, 0x00a4, 0x00a4, 0x00a4, 0x00a4, 0x00a4, 0x00a4, 0x00a4, 0x00a4, 0x00a4, 0x00a4,
  0x00a4, 0x00a4, 0x00a4, 0x00a4, 0x00a4, 0x00a4, 0x00a4, 0x00a4, 0x00a4, 0x00a4, 0x00a4, 0x00a4,
  0x00a4, 0x00a4, 0x00a4, 0x00a4, 0x00a4, 0x00a4, 0x00a4, 0x00a4, 0x00a4, 0x0084, 0x0084, 0x00a4,
  0x00a4, 0x00a4, 0x00a4, 0x00a4, 0x00a4, 0x00a4, 0x00a4, 0x00a4, 0x00a4, 0x00a4, 0x00a4, 0x00a4,
  0x00a4, 0x00a4, 0x08c3, 0x10c3, 0x6263, 0xf754, 0xf732, 0x92e2, 0x18e3, 0x10c3, 0x08a3, 0x00a3,
  0x0084, 0x0084, 0x0084, 0x0084, 0x0084, 0x0084, 0x0084, 0x0084, 0x00a4, 0x00a4, 0x0084, 0x0084,
  0x0084, 0x0084, 0x0084, 0x0084, 0x0084, 0x0084, 0x0084, 0x0084, 0x0084, 0x0084, 0x0084, 0x0084,
  0x0083, 0x0083, 0x0083, 0x0063, 0x0083, 0x0083, 0x0083, 0x0083, 0x0083, 0x0083, 0x0083, 0x0083,
  0x00a4, 0x00a4, 0x00a4, 0x00a4, 0x00a4, 0x00a4, 0x00a4, 0x00a4, 0x00a4, 0x00a4, 0x0084, 0x0084,
  0x0084, 0x0084, 0x00a4, 0x00a4, 0x00a4, 0x00a4, 0x00a4, 0x00a4, 0x00a4, 0x00a4, 0x00a4, 0x00a4,
  0x00a4, 0x00a4, 0x00a4, 0x00a4, 0x00a4, 0x00a4, 0x00a4, 0x00a4, 0x00a4, 0x00a4, 0x0084, 0x00a4,
  0x00a4, 0x00a4, 0x00a4, 0x00a4, 0x0084, 0x00a4, 0x00a4, 0x00a4, 0x00a4, 0x00a4, 0x00a4, 0x00a4,
  0x00a4, 0x00a4, 0x00a4, 0x00a4, 0x00a4, 0x00a4, 0x00a4, 0x00a4, 0x00a4, 0x00a4, 0x00a4, 0x00a4,
  0x00a4, 0x00a4, 0x00a4, 0x00a4, 0x00a4, 0x00a4, 0x00a4, 0x00a4, 0x00a4, 0x00a4, 0x00a4, 0x00a4,
  0x00a4, 0x00a4, 0x00a4, 0x00a4, 0x00a4, 0x00a4, 0x00a4, 0x00a4, 0x00a4, 0x00a4, 0x00a4, 0x00a4,
  0x00a4, 0x00a4, 0x00a4, 0x00a4, 0x00a4, 0x00a4, 0x00a4, 0x00a4, 0x00a4, 0x00a5, 0x00a4, 0x00a4,
  0x00a4, 0x00a4, 0x00a4, 0x00a4, 0x00c4, 0x00a4, 0x00a4, 0x00a4, 0x00a4, 0x00a4, 0x00a4, 0x00a4,
  0x00a4, 0x00a4, 0x00a4, 0x00a4, 0x00a4, 0x00a4, 0x00a4, 0x00a4, 0x00a4, 0x00a4, 0x00a4, 0x00a4,
  0x00a4, 0x00a4, 0x00a4, 0x00a4, 0x00c4, 0x00c4, 0x00c5, 0x00c4, 0x00c5, 0x00c5, 0x00c4, 0x00a4,
  0x00a4, 0x00a4, 0x00a4, 0x00a4, 0x00a4, 0x00a4, 0x00a4, 0x00a4, 0x00a4, 0x00a4, 0x00a4, 0x00a4,
  0x00a4, 0x00a4, 0x00a4, 0x00a4, 0x00a4, 0x00a4, 0x00a4, 0x00a4, 0x00a4, 0x00a4, 0x00a4, 0x00a5,
  0x00a5, 0x00a5, 0x00a5, 0x00a5, 0x00a5, 0x00a5, 0x00a5, 0x00a5, 0x00a5, 0x00a4, 0x00a4, 0x00a4,
  0x00a4, 0x00a4, 0x00a4, 0x00a4, 0x00a4, 0x00a4, 0x00a4, 0x00a4, 0x00a4, 0x00a4, 0x00a4, 0x00a4,
  0x00a4, 0x00a4, 0x00a4, 0x00a4, 0x00a4, 0x00a5, 0x00a5, 0x00a4, 0x00a4, 0x00a4, 0x00a4, 0x00a4,
  0x00a4, 0x00a4, 0x00a4, 0x00a4, 0x00a4, 0x00a4, 0x00a4, 0x00a4, 0x00a4, 0x00a4, 0x00a4, 0x00a4,
  0x00a4, 0x00a4, 0x00a4, 0x00a4, 0x00a4, 0x00a5, 0x00c5, 0x00c5, 0x00a5, 0x00a5, 0x00a5, 0x00a4,
  0x00a5, 0x00a5, 0x00a5, 0x00a5, 0x00a4, 0x00a5, 0x00a4, 0x00a4, 0x00a5, 0x00a5, 0x00a4, 0x00a4,
  0x00a4, 0x00a4, 0x00a4, 0x00a4, 0x00a5, 0x00a5, 0x00a5, 0x00a4, 0x00a4, 0x00a4, 0x00a4, 0x00a4,
  0x00a4, 0x00a4, 0x00a4, 0x0084, 0x00a4, 0x00a4, 0x00a5, 0x00a4, 0x00a4, 0x00a4, 0x00a4, 0x00a4,
  0x00a4, 0x00a4, 0x00a4, 0x00a4, 0x00a4, 0x00a4, 0x00a4, 0x00a4, 0x00a4, 0x00a4, 0x00a4, 0x00a4,
  0x00a4, 0x00a4, 0x00a4, 0x00a4, 0x00a4, 0x00a4, 0x00a4, 0x00a4, 0x00a4, 0x00a4, 0x08a3, 0x10c3,
  0x49c3, 0xddea, 0xac86, 0x3943, 0x10e3, 0x08c4, 0x00a4, 0x00a4, 0x0084, 0x0084, 0x0084, 0x0084,
  0x0084, 0x0084, 0x0084, 0x0084, 0x0084, 0x0084, 0x0084, 0x0084, 0x0084, 0x0084, 0x00a4, 0x00a4,
  0x0084, 0x00a4, 0x0084, 0x0084, 0x0084, 0x0084, 0x0084, 0x0084, 0x0083, 0x0083, 0x0083, 0x0063,
  0x0083, 0x0083, 0x0083, 0x0083, 0x0084, 0x0083, 0x0083, 0x0083, 0x00a4, 0x00a4, 0x00a4, 0x00a4,
  0x00a4, 0x00a4, 0x00a4, 0x00a4, 0x00a4, 0x00a4, 0x00a4, 0x0084, 0x00a4, 0x00a4, 0x00a4, 0x00a4,
  0x00a4, 0x00a4, 0x00a4, 0x00a4, 0x00a4, 0x00a4, 0x00a4, 0x00a4, 0x00a4, 0x00a4, 0x00a4, 0x00a4,
  0x00a4, 0x00a4, 0x00a4, 0x00a4, 0x00a4, 0x00a4, 0x00a4, 0x00a4, 0x00a4, 0x00a4, 0x00a4, 0x00a4,
  0x00a4, 0x00a4, 0x00a4, 0x00a4, 0x00a4, 0x00a4, 0x00a4, 0x00a4, 0x00a4, 0x00a4, 0x00c4, 0x00a4,
  0x00a4, 0x00a4, 0x00a4, 0x00a4, 0x00a4, 0x00a4, 0x00a4, 0x00a4, 0x00a4, 0x00a4, 0x00c4, 0x00a4,
  0x00a4, 0x00a4, 0x00a4, 0x00a4, 0x00a4, 0x00a4, 0x00a4, 0x00a4, 0x00a4, 0x00a4, 0x00a4, 0x00a4,
  0x00a4, 0x00a4, 0x00a4, 0x00a4, 0x00a4, 0x00a5, 0x00a4, 0x00a4, 0x00a4, 0x00a4, 0x00a4, 0x00a4,
  0x00a4, 0x00a4, 0x00a4, 0x00c4, 0x00a4, 0x00a4, 0x00a4, 0x00a4, 0x00a4, 0x00a4, 0x00a5, 0x00c5,
  0x00c5, 0x00c5, 0x00c5, 0x00c5, 0x00c5, 0x00c4, 0x00a5, 0x00a5, 0x00a4, 0x00a4, 0x00a4, 0x00a4,
  0x00a5, 0x00a5, 0x00a5, 0x00a5, 0x00a5, 0x00a5, 0x00c5, 0x00c5, 0x00c5, 0x00c5, 0x00c5, 0x00c5,
  0x00c5, 0x00c5, 0x00c5, 0x00c5, 0x00c5, 0x00c5, 0x00c4, 0x00a4, 0x00a4, 0x00a4, 0x00a4, 0x00a4,
  0x00a4, 0x00a4, 0x00a4, 0x00a4, 0x00a4, 0x00a4, 0x00a4, 0x00a4, 0x00a4, 0x00a4, 0x00a4, 0x00a4,
  0x00a4, 0x00a4, 0x00a4, 0x00a4, 0x00a4, 0x00a5, 0x00a5, 0x00a5, 0x00a5, 0x00a5, 0x00c5, 0x00c5,
  0x00a5, 0x00a5, 0x00a5, 0x00a4, 0x00a4, 0x00a4, 0x00a4, 0x00a4, 0x00a4, 0x00a4, 0x00a4, 0x00a4,
  0x00a4, 0x00a4, 0x00a4, 0x00a5, 0x00a5, 0x00a5, 0x00a4, 0x00a4, 0x00a4, 0x00a4, 0x00a4, 0x00a4,
  0x00a4, 0x00a4, 0x00a4, 0x00a4, 0x00a4, 0x00a4, 0x00a4, 0x00a4, 0x00a5, 0x00a5, 0x00c5, 0x00c5,
  0x00c5, 0x00c5, 0x00a5, 0x00a5, 0x00a5, 0x00a4, 0x00a4, 0x00a4, 0x00a4, 0x00a4, 0x00a4, 0x00a4,
  0x00a4, 0x00a4, 0x00a4, 0x00a5, 0x00c5, 0x00c5, 0x00c5, 0x00c5, 0x00c5, 0x00c5, 0x00c5, 0x00c5,
  0x00a5, 0x00a5, 0x00c5, 0x00a5, 0x00a5, 0x00a5, 0x00a5, 0x00a5, 0x00a5, 0x00a4, 0x00a4, 0x00a5,
  0x00a5, 0x00a5, 0x00a5, 0x00c5, 0x00a5, 0x00a5, 0x00a5, 0x00a5, 0x00a4, 0x00a4, 0x00a4, 0x00a5,
  0x00a5, 0x00a5, 0x00a5, 0x00a4, 0x00a4, 0x00a4, 0x00a5, 0x00a4, 0x00a5, 0x00a4, 0x00a4, 0x00a4,
  0x00a4, 0x00a4, 0x00a4, 0x00a4, 0x00a4, 0x0084, 0x00a4, 0x00a4, 0x0084, 0x00a4, 0x00a4, 0x00a4,
  0x00a4, 0x00a4, 0x00a4, 0x00a4, 0x00a4, 0x00a4, 0x08c4, 0x08c3, 0x10c3, 0x1903, 0x18e3, 0x10c3,
  0x10c3, 0x00a4, 0x00a4, 0x00a4, 0x0084, 0x0084, 0x0084, 0x0084, 0x0084, 0x00a4, 0x0084, 0x0084,
  0x00a4, 0x0084, 0x00a4, 0x00a4, 0x00a4, 0x00a4, 0x00a4, 0x00a4, 0x00a4, 0x00a4, 0x0084, 0x0084,
  0x0084, 0x0084, 0x0084, 0x0084, 0x0083, 0x0083, 0x0083, 0x0083, 0x0083, 0x0083, 0x0083, 0x0083,
  0x0083, 0x0084, 0x0084, 0x0084, 0x00a4, 0x00a4, 0x00a4, 0x00a4, 0x00a4, 0x00a4, 0x00a4, 0x00a4,
  0x00a4, 0x00a4, 0x00a4, 0x00a4, 0x00a4, 0x00a4, 0x00a4, 0x00a4, 0x00a4, 0x00a4, 0x00a4, 0x00a4,
  0x00a4, 0x00a4, 0x00a4, 0x00a4, 0x00a4, 0x00a4, 0x00a4, 0x00a4, 0x00a4, 0x00a4, 0x00c5, 0x00a4,
  0x00a4, 0x00a4, 0x00a4, 0x00a4, 0x00a4, 0x00a4, 0x00a4, 0x00a4, 0x00a4, 0x00a4, 0x00c4, 0x00c5,
  0x00a4, 0x00a4, 0x00a4, 0x00a4, 0x00a4, 0x00a5, 0x00c5, 0x00a5, 0x00a4, 0x00a4, 0x00a4, 0x00a4,
  0x00c4, 0x00a4, 0x00a4, 0x00c4, 0x00c5, 0x00a4, 0x00a4, 0x00a4, 0x00a4, 0x00a4, 0x00a4, 0x00a4,
  0x00a4, 0x00a4, 0x00a4, 0x00a4, 0x00c5, 0x00a4, 0x00a4, 0x00a4, 0x00a4, 0x00a4, 0x00a4, 0x00a4,
  0x00a4, 0x00c5, 0x00a5, 0x00c5, 0x00a4, 0x00a4, 0x00a4, 0x00a4, 0x00a4, 0x00a4, 0x00a4, 0x00a4,
  0x00c4, 0x00c4, 0x00c4, 0x00c5, 0x00c5, 0x00c4, 0x00a5, 0x00c4, 0x00c5, 0x00a5, 0x00c5, 0x00c5,
  0x00c5, 0x00c5, 0x00a5, 0x00a5, 0x00a4, 0x00e5, 0x00c5, 0x00c5, 0x00c5, 0x00c5, 0x00c5, 0x00c5,
  0x00c5, 0x00c5, 0x00c5, 0x00c5, 0x00a5, 0x00a4, 0x00a4, 0x00a4, 0x00a4, 0x00a4, 0x00a4, 0x00a4,
  0x00a4, 0x00a4, 0x00a4, 0x00a5, 0x00a5, 0x00a5, 0x00a5, 0x00a5, 0x00a5, 0x00a5, 0x00a4, 0x00a4,
  0x00a4, 0x00a4, 0x00a4, 0x00a4, 0x00a4, 0x00a4, 0x00a4, 0x00a4, 0x00a4, 0x00a5, 0x00a5, 0x00a5,
  0x00a5, 0x00a5, 0x00a5, 0x00c5, 0x00c5, 0x00c5, 0x00c5, 0x00c5, 0x00c5, 0x00a5, 0x00a5, 0x00a5,
  0x00a5, 0x00a4, 0x00a4, 0x00a4, 0x00a4, 0x00a4, 0x00a4, 0x00a4, 0x00a4, 0x00a4, 0x00a4, 0x00a4,
  0x00a4, 0x00a4, 0x00a4, 0x00a4, 0x00a4, 0x00a4, 0x00a4, 0x00a4, 0x00a5, 0x00c5, 0x00c5, 0x00c5,
  0x00a4, 0x00a4, 0x00a4, 0x00a4, 0x00a4, 0x00a4, 0x00a4, 0x00a4, 0x00a4, 0x00a4, 0x00a4, 0x00a4,
  0x00a4, 0x00a4, 0x00a4, 0x00a4, 0x00a4, 0x00a4, 0x00a4, 0x00a4, 0x00a4, 0x00a4, 0x00a4, 0x00a5,
  0x00c5, 0x00c5, 0x00c5, 0x00c5, 0x00c5, 0x00c5, 0x00c5, 0x00c5, 0x00a5, 0x00a5, 0x00a5, 0x00a5,
  0x00a5, 0x00a5, 0x00a5, 0x00c5, 0x00c5, 0x00c5, 0x00c5, 0x00c5, 0x00a5, 0x00a5, 0x00a5, 0x00c5,
  0x00c5, 0x00c5, 0x00a4, 0x00a5, 0x00a4, 0x00a5, 0x00a5, 0x00a4, 0x00a5, 0x00c5, 0x00a4, 0x00a4,
  0x00c5, 0x00a5, 0x00a5, 0x00a5, 0x00a4, 0x00c4, 0x00a4, 0x00a4, 0x00a4, 0x00a4, 0x00a4, 0x00a4,
  0x00a4, 0x00a4, 0x00a4, 0x00a4, 0x00a4, 0x00a4, 0x00a4, 0x00a4, 0x00a4, 0x00a4, 0x00a4, 0x00a4,
  0x00a4, 0x00a4, 0x00a4, 0x00a4, 0x10c4, 0x10c3, 0x10c3, 0x08c4, 0x00a4, 0x00a4, 0x00a4, 0x0084,
  0x00a4, 0x0084, 0x0084, 0x0083, 0x3187, 0x00a4, 0x00a4, 0x00a4, 0x00a4, 0x00a4, 0x00a4, 0x00a4,
  0x00a4, 0x00a4, 0x00a4, 0x00a4, 0x00a4, 0x00a4, 0x00a4, 0x0084, 0x0084, 0x0084, 0x0084, 0x0083,
  0x0083, 0x10e5, 0x0083, 0x0083, 0x0083, 0x0083, 0x0084, 0x0083, 0x0084, 0x0084, 0x0084, 0x0084,
  0x00a4, 0x00a4, 0x00a4, 0x00a4, 0x00a4, 0x00a4, 0x00a4, 0x00a4, 0x00a4, 0x00a4, 0x00a4, 0x00a4,
  0x00a4, 0x00a4, 0x00a4, 0x00a4, 0x00a4, 0x00a4, 0x00a4, 0x00a4, 0x00a4, 0x00a4, 0x00a4, 0x00a4,
  0x00a4, 0x00a4, 0x00a4, 0x00a5, 0x00c5, 0x00a4, 0x00a4, 0x00a4, 0x00a4, 0x00c4, 0x00a4, 0x00a4,
  0x00a4, 0x00a4, 0x00a4, 0x00a4, 0x00a4, 0x00a4, 0x00a4, 0x00a4, 0x00a5, 0x00c4, 0x00c4, 0x00a5,
  0x00c5, 0x00c5, 0x00c5, 0x00c5, 0x00a4, 0x00a4, 0x00a4, 0x00a4, 0x00a4, 0x00a4, 0x00a5, 0x00a5,
  0x00c5, 0x00a5, 0x00c5, 0x00a5, 0x00a5, 0x00a5, 0x00a5, 0x00a4, 0x00a4, 0x00c5, 0x00a4, 0x00a4,
  0x00a5, 0x00a5, 0x00a4, 0x00a4, 0x00a4, 0x00a4, 0x00a5, 0x00a4, 0x00a5, 0x00a5, 0x00a5, 0x00a5,
  0x00a4, 0x00a4, 0x00a4, 0x00a4, 0x00a4, 0x00a4, 0x00a4, 0x00a5, 0x00a5, 0x00a5, 0x00c5, 0x00c5,
  0x00c5, 0x00c5, 0x00c5, 0x00c5, 0x00c5, 0x00c5, 0x00c5, 0x00c5, 0x00c5, 0x00c5, 0x00c5, 0x00a5,
  0x00a4, 0x00a4, 0x00a5, 0x00a5, 0x00a4, 0x00a4, 0x00a4, 0x00a4, 0x00a4, 0x00a4, 0x00a4, 0x00a4,
  0x00a4, 0x00a4, 0x00a4, 0x00a4, 0x00a5, 0x00a5, 0x00a5, 0x00a5, 0x00a5, 0x00c5, 0x00c5, 0x00c5,
  0x00c5, 0x00c5, 0x00a5, 0x00a5, 0x00a4, 0x00a5, 0x00a5, 0x00a5, 0x00a5, 0x00a5, 0x00a5, 0x00a5,
  0x00a5, 0x00a5, 0x00a5, 0x00c5, 0x00c5, 0x00c5, 0x00c5, 0x00c5, 0x00c5, 0x00c5, 0x00c5, 0x00a5,
  0x00a5, 0x00a5, 0x00a5, 0x00a5, 0x00a5, 0x00a4, 0x00a4, 0x00a4, 0x00a4, 0x00a4, 0x00a4, 0x00c4,
  0x00c4, 0x00c4, 0x00c4, 0x00a5, 0x00a5, 0x00c5, 0x00c5, 0x00c5, 0x00c5, 0x00c5, 0x00c5, 0x00c5,
  0x00c5, 0x00c5, 0x00c5, 0x00c5, 0x00c5, 0x00c5, 0x00a5, 0x00a5, 0x00a5, 0x00a4, 0x00a4, 0x00a4,
  0x00a4, 0x00a4, 0x00a5, 0x00a5, 0x00a5, 0x00a5, 0x00a5, 0x00a5, 0x00c5, 0x00c5, 0x00c5, 0x00c5,
  0x00c5, 0x00c5, 0x00c5, 0x00c5, 0x00c5, 0x00c5, 0x00c5, 0x00c5, 0x00c5, 0x00c5, 0x00c5, 0x00c5,
  0x00c5, 0x00c5, 0x00a5, 0x00c5, 0x00c5, 0x00a5, 0x00a5, 0x00a5, 0x00a5, 0x00a5, 0x00c5, 0x00a5,
  0x00a5, 0x00a5, 0x00c5, 0x00c5, 0x00c5, 0x00a4, 0x00a5, 0x00a5, 0x00c5, 0x00a5, 0x00a5, 0x00a5,
  0x00a4, 0x00c5, 0x00a5, 0x00a5, 0x00a5, 0x00c4, 0x00c5, 0x00a5, 0x00c5, 0x00a5, 0x00a5, 0x00a5,
  0x00a5, 0x00a4, 0x00a4, 0x00a5, 0x00a4, 0x00a4, 0x00a4, 0x00a4, 0x00a4, 0x00a4, 0x00a4, 0x00a4,
  0x00a4, 0x00a4, 0x00a4, 0x00a4, 0x00a4, 0x0084, 0x00a4, 0x00a4, 0x00a4, 0x00a4, 0x00a4, 0x00a4,
  0x00a4, 0x00a4, 0x00a4, 0x00a4, 0x00a4, 0x00a4, 0x00a4, 0x0084, 0x0084, 0x00a4, 0x0084, 0x0084,
  0x10e5, 0x00a4, 0x00a4, 0x00a4, 0x00a4, 0x00a4, 0x00a4, 0x00a4, 0x00a4, 0x00a4, 0x00a4, 0x00a4,
  0x00a4, 0x0084, 0x0084, 0x0084, 0x0084, 0x0084, 0x0084, 0x0084, 0x0083, 0x2146, 0x0084, 0x0083,
  0x0083, 0x0084, 0x0084, 0x0084, 0x0084, 0x0084, 0x0084, 0x0084, 0x00a4, 0x00a4, 0x00a4, 0x00a4,
  0x00a4, 0x00a4, 0x00a4, 0x00a4, 0x00a4, 0x00a4, 0x00a4, 0x00a4, 0x00a4, 0x00a4, 0x00a4, 0x00a4,
  0x00a4, 0x00a4, 0x00a4, 0x00a4, 0x00a4, 0x00a4, 0x00a4, 0x00a4, 0x00a4, 0x00a4, 0x00a5, 0x00a5,
  0x00c5, 0x00c5, 0x00a4, 0x00a4, 0x00a4, 0x00c4, 0x00c5, 0x00a5, 0x00a4, 0x00a4, 0x00a4, 0x00a4,
  0x00a4, 0x00a4, 0x00a4, 0x00a5, 0x00a5, 0x00c5, 0x00c5, 0x00c5, 0x00c5, 0x00c5, 0x00c5, 0x00c5,
  0x00c5, 0x00a5, 0x00a5, 0x00a4, 0x00a4, 0x00a4, 0x00a5, 0x00a5, 0x00c5, 0x00a5, 0x00a5, 0x00a5,
  0x00a5, 0x00a5, 0x00a4, 0x00a5, 0x00a5, 0x00c5, 0x00a5, 0x00a5, 0x00a5, 0x00a5, 0x00a5, 0x00a4,
  0x00a5, 0x00a5, 0x00a5, 0x00a5, 0x00c5, 0x00a5, 0x00a5, 0x00a5, 0x00a5, 0x00a5, 0x00a4, 0x00a5,
  0x00a4, 0x00a4, 0x00a4, 0x00a5, 0x00a5, 0x00a5, 0x00a5, 0x00a5, 0x00c5, 0x00c5, 0x00a5, 0x00c5,
  0x00c5, 0x00c5, 0x00c5, 0x00c5, 0x00c5, 0x00c5, 0x00c5, 0x00c5, 0x00c5, 0x00c5, 0x00c5, 0x00c5,
  0x00c5, 0x00c5, 0x00c5, 0x00c5, 0x00c5, 0x00c5, 0x00c5, 0x00c5, 0x00c5, 0x00c5, 0x00c5, 0x00c5,
  0x00c5, 0x00c5, 0x00c5, 0x00c5, 0x00c5, 0x00c5, 0x00c5, 0x00c5, 0x00c5, 0x00c5, 0x00c5, 0x00c5,
  0x00c5, 0x00c5, 0x00c5, 0x00c5, 0x00c5, 0x00c5, 0x00c5, 0x00c5, 0x00c5, 0x00c5, 0x00c5, 0x00c5,
  0x00c5, 0x00c5, 0x00c5, 0x00c5, 0x00c5, 0x00c5, 0x00c5, 0x00c5, 0x00c5, 0x00c5, 0x00c5, 0x00c5,
  0x00c5, 0x00c5, 0x00c5, 0x00c5, 0x00c5, 0x00c5, 0x00c5, 0x00c5, 0x00c5, 0x00c5, 0x00c5, 0x00c5,
  0x00c5, 0x00c5, 0x00c5, 0x00c5, 0x00c5, 0x00c5, 0x00c5, 0x00c5, 0x00c5, 0x00c5, 0x00c5, 0x00c5,
  0x00c5, 0x00c5, 0x00c5, 0x00c5, 0x00c5, 0x00c5, 0x00c5, 0x00c5, 0x00c5, 0x00c5, 0x00c5, 0x00c5,
  0x00c5, 0x00c5, 0x00c5, 0x00c5, 0x00c5, 0x00c5, 0x00c5, 0x00c5, 0x00c5, 0x00c5, 0x00c5, 0x00c5,
  0x00c5, 0x00c5, 0x00c5, 0x00c5, 0x00c5, 0x00c5, 0x00c5, 0x00c5, 0x00c5, 0x00c5, 0x00c5, 0x00c5,
  0x00c5, 0x00a5, 0x00c5, 0x00c5, 0x00c5, 0x00c5, 0x00c5, 0x00c5, 0x00c5, 0x00c5, 0x00c5, 0x00c5,
  0x39c8, 0x00c5, 0x00c5, 0x00c5, 0x00c5, 0x00a4, 0x00c5, 0x00c5, 0x00c5, 0x00a5, 0x00c5, 0x00c5,
  0x00c5, 0x00c5, 0x00c5, 0x00c5, 0x00a5, 0x00c5, 0x00a5, 0x00a5, 0x00a5, 0x00a5, 0x00c5, 0x00a5,
  0x00a5, 0x00a5, 0x00a5, 0x00a4, 0x00a4, 0x00a4, 0x00a4, 0x00a4, 0x00a4, 0x00a4, 0x00a4, 0x00a4,
  0x00c5, 0x00a4, 0x00a4, 0x00a4, 0x00a4, 0x00a4, 0x00a4, 0x00a4, 0x00a4, 0x00a4, 0x00a4, 0x00a4,
  0x00a4, 0x00a4, 0x00a4, 0x00a4, 0x0084, 0x00a4, 0x00a4, 0x00a4, 0x00a4, 0x00a4, 0x00a4, 0x00a4,
  0x0084, 0x00a4, 0x00a4, 0x00a4, 0x0084, 0x00a4, 0x00a4, 0x00a4, 0x00a4, 0x0084, 0x00a4, 0x00a4,
  0x0084, 0x0084, 0x0084, 0x0084, 0x0084, 0x0084, 0x0084, 0x0084, 0x0084, 0x0084, 0x0084, 0x0084,
  0x0084, 0x0084, 0x0084, 0x00a4, 0x00a4, 0x00a4, 0x00a4, 0x00a4, 0x00a4, 0x00a4, 0x00a4, 0x00a4,
  0x00a4, 0x00a4, 0x00a4, 0x00a4, 0x00a4, 0x00a4, 0x00c4, 0x00a4, 0x00a4, 0x00a4, 0x00a4, 0x08c5,
  0x1926, 0x00a4, 0x00a4, 0x00a4, 0x00a4, 0x00a4, 0x00a5, 0x00a5, 0x00c5, 0x00a5, 0x00c4, 0x00a4,
  0x00c5, 0x00c5, 0x00c5, 0x00a5, 0x1126, 0x00c5, 0x00a4, 0x00a4, 0x00a4, 0x00a4, 0x00a4, 0x00c5,
  0x00c5, 0x00c5, 0x00c5, 0x00c5, 0x00c5, 0x00c5, 0x00c5, 0x00c5, 0x00a5, 0x00a5, 0x00a5, 0x00a5,
  0x00a4, 0x00a5, 0x00c5, 0x00c5, 0x00c5, 0x00a5, 0x00c5, 0x00a5, 0x00a5, 0x00a5, 0x00a5, 0x00a5,
  0x00a5, 0x0906, 0x00c5, 0x00c5, 0x00c5, 0x00c5, 0x00a5, 0x00a5, 0x00a5, 0x00a5, 0x00c5, 0x00a5,
  0x00c5, 0x00a5, 0x00a5, 0x00a5, 0x00a4, 0x00a5, 0x00c5, 0x00a5, 0x00a4, 0x00a4, 0x00a4, 0x00a5,
  0x00a5, 0x00a5, 0x00c5, 0x00a5, 0x00c5, 0x00a5, 0x00c5, 0x00c5, 0x00c5, 0x00c5, 0x00c5, 0x00c5,
  0x00c5, 0x00c5, 0x00c5, 0x00c5, 0x00c5, 0x00c5, 0x00c5, 0x00c5, 0x00c5, 0x00c5, 0x00c5, 0x00c5,
  0x00c5, 0x00c5, 0x00e5, 0x00e5, 0x00e5, 0x00e5, 0x00e5, 0x00e5, 0x00c5, 0x00c5, 0x00c5, 0x00c5,
  0x00c5, 0x00c5, 0x00c5, 0x00c5, 0x00c5, 0x00c5, 0x00c5, 0x00c5, 0x00a5, 0x00c5, 0x00c5, 0x00c5,
  0x00c5, 0x00c5, 0x00c5, 0x00c5, 0x00c5, 0x00c5, 0x00c5, 0x00c5, 0x00c5, 0x00c5, 0x00c5, 0x00c5,
  0x00c5, 0x00c5, 0x00c5, 0x00c5, 0x00c5, 0x00c5, 0x00c5, 0x00c5, 0x00c5, 0x00c5, 0x00c5, 0x00c5,
  0x00c5, 0x00c5, 0x00c5, 0x00c5, 0x00c5, 0x00c5, 0x00c5, 0x00c5, 0x00c5, 0x00c5, 0x00c5, 0x00c5,
  0x00c5, 0x00c5, 0x00c5, 0x00c5, 0x00c5, 0x00c5, 0x00c5, 0x00c5, 0x00c5, 0x00c5, 0x00c5, 0x00c5,
  0x00c5, 0x00c5, 0x00c5, 0x00c5, 0x00c5, 0x00c5, 0x00c5, 0x00c5, 0x00c5, 0x00c5, 0x00c5, 0x00c5,
  0x00a5, 0x00c5, 0x00c5, 0x00c5, 0x00c5, 0x00c5, 0x00c5, 0x00c5, 0x00c5, 0x00c5, 0x00c5, 0x00c5,
  0x00c5, 0x00c5, 0x00c5, 0x00c5, 0x00c5, 0x00c5, 0x00c5, 0x00c5, 0x00c5, 0x00c5, 0x00c5, 0x00c5,
  0x00c5, 0x00c5, 0x00c5, 0x00c5, 0x00c5, 0x00c5, 0x00c5, 0x00c5, 0x2146, 0x00c5, 0x00c5, 0x00c5,
  0x00c5, 0x00c5, 0x00a5, 0x00c5, 0x00c5, 0x00a5, 0x00c5, 0x00a5, 0x00a5, 0x00c5, 0x00a5, 0x00c5,
  0x00c5, 0x00a5, 0x00a5, 0x00c5, 0x00a5, 0x00a5, 0x00a5, 0x00a4, 0x00a5, 0x00a5, 0x00a5, 0x00a4,
  0x00a4, 0x00a4, 0x00a4, 0x00a4, 0x00a4, 0x00a4, 0x00a4, 0x00a4, 0x1926, 0x00a4, 0x00a4, 0x00a4,
  0x00a4, 0x00a4, 0x00a4, 0x00a4, 0x00a4, 0x00a4, 0x00a4, 0x00a4, 0x00a4, 0x00a4, 0x00a4, 0x00a4,
  0x00a4, 0x00a4, 0x00a4, 0x00a4, 0x00a4, 0x00a4, 0x00a4, 0x00a4, 0x00a4, 0x00a4, 0x00a4, 0x0906,
  0x0084, 0x00a4, 0x00a4, 0x00a4, 0x00a4, 0x00a4, 0x00a4, 0x0084, 0x0084, 0x0084, 0x0084, 0x0084,
  0x0084, 0x0084, 0x0084, 0x0084, 0x0084, 0x0084, 0x0084, 0x0084, 0x0084, 0x0084, 0x0084, 0x0084,
  0x00a4, 0x00a4, 0x00a4, 0x00a4, 0x00a4, 0x00c5, 0x00a4, 0x00a4, 0x00a5, 0x00a4, 0x00a5, 0x00a4,
  0x00a4, 0x00c5, 0x00a4, 0x00a4, 0x00c5, 0x00a4, 0x00a4, 0x00a4, 0x00a4, 0x00a4, 0x00a5, 0x00a4,
  0x00a5, 0x00c5, 0x00a4, 0x00c5, 0x00c5, 0x00a5, 0x00a5, 0x00c5, 0x00a5, 0x00c5, 0x00c5, 0x00c5,
  0x00c5, 0x00a4, 0x00a4, 0x00a4, 0x00c5, 0x00c5, 0x00a4, 0x00c5, 0x00c5, 0x00c5, 0x00c5, 0x00a5,
  0x00c5, 0x00c5, 0x00c5, 0x00c5, 0x00c5, 0x00c5, 0x00c5, 0x00a5, 0x00a5, 0x00c5, 0x00c5, 0x00c5,
  0x00c5, 0x00c5, 0x00c5, 0x00c5, 0x00c5, 0x00c5, 0x00c5, 0x00c5, 0x00c5, 0x00c5, 0x00c5, 0x00c5,
  0x00a5, 0x00c5, 0x00c5, 0x00c5, 0x00c5, 0x00c5, 0x00c5, 0x00c5, 0x00c5, 0x00c5, 0x00c5, 0x00a5,
  0x00a5, 0x00c5, 0x1906, 0x2967, 0x00a5, 0x00c5, 0x00c5, 0x00c5, 0x00c5, 0x00c5, 0x00c5, 0x00a5,
  0x00c5, 0x00c5, 0x00c5, 0x00c5, 0x00c5, 0x00c5, 0x00c5, 0x00c5, 0x00c5, 0x00c5, 0x00c5, 0x00c5,
  0x00c5, 0x00c5, 0x00c5, 0x00c5, 0x00e5, 0x00e5, 0x00e6, 0x00e5, 0x00e5, 0x00c5, 0x00c5, 0x00c5,
  0x00c5, 0x00c5, 0x00c5, 0x00c5, 0x00c5, 0x00c5, 0x00c5, 0x00c5, 0x00c5, 0x00c5, 0x00c5, 0x00c5,
  0x00c5, 0x00c5, 0x00c5, 0x00c5, 0x00c5, 0x00c5, 0x00c5, 0x00c5, 0x00c5, 0x00c5, 0x00c5, 0x00c5,
  0x00c5, 0x00c5, 0x00c5, 0x00c5, 0x00c5, 0x00c5, 0x00c5, 0x00c5, 0x00c5, 0x00c5, 0x00c5, 0x00c5,
  0x00c5, 0x00c5, 0x00c5, 0x00c5, 0x00c5, 0x00c5, 0x00c5, 0x00c5, 0x00c5, 0x00c5, 0x00c5, 0x00c5,
  0x00c5, 0x00c5, 0x00c5, 0x00c5, 0x00c5, 0x00c5, 0x00c5, 0x00c5, 0x00c5, 0x00c5, 0x00c5, 0x00c5,
  0x00c5, 0x00c5, 0x00c5, 0x00c5, 0x00c5, 0x00c5, 0x00c5, 0x00c5, 0x00c5, 0x00c5, 0x00c5, 0x00c5,
  0x00c5, 0x00c5, 0x00c5, 0x00c5, 0x00c5, 0x00c5, 0x00c5, 0x00c5, 0x00c5, 0x00c5, 0x00c5, 0x00c5,
  0x00c5, 0x00c5, 0x00c5, 0x00c5, 0x00c5, 0x00c5, 0x00c5, 0x00c5, 0x00c5, 0x00c5, 0x00c5, 0x00c5,
  0x00c5, 0x00c5, 0x00c5, 0x00c5, 0x00c5, 0x00c5, 0x00c5, 0x00c5, 0x00c5, 0x00c5, 0x00c5, 0x00c5,
  0x00c5, 0x00c5, 0x00c5, 0x00c5, 0x00c5, 0x00c5, 0x00c5, 0x00c5, 0x00c5, 0x00c5, 0x00c5, 0x00c5,
  0x00c5, 0x00c5, 0x00c5, 0x00c5, 0x00c5, 0x00c5, 0x00c5, 0x00c5, 0x00c5, 0x00c5, 0x00c5, 0x00c5,
  0x00a4, 0x00a4, 0x00c5, 0x00c5, 0x00a5, 0x00a5, 0x00c5, 0x00a5, 0x00c5, 0x00c5, 0x00a4, 0x00a4,
  0x00a4, 0x00a4, 0x00a4, 0x00a4, 0x00a5, 0x00a4, 0x00a4, 0x00a4, 0x00c4, 0x00a4, 0x00a4, 0x00a4,
  0x00a4, 0x00a4, 0x00a4, 0x00a4, 0x00a4, 0x00a4, 0x00a4, 0x00a4, 0x00a4, 0x00a4, 0x00a4, 0x00a4,
  0x00a4, 0x00a4, 0x00a4, 0x00a4, 0x00a4, 0x00a4, 0x00a4, 0x00a4, 0x00a4, 0x00a4, 0x00a4, 0x00a4,
  0x00a4, 0x00a4, 0x00a4, 0x00a4, 0x0084, 0x0084, 0x00a4, 0x00a4, 0x00a4, 0x00a4, 0x00a4, 0x0084,
  0x0084, 0x0084, 0x00a4, 0x0084, 0x0084, 0x0084, 0x0084, 0x0084, 0x00a5, 0x00a4, 0x00a4, 0x00a4,
  0x00c4, 0x00a5, 0x00a5, 0x00a4, 0x00a5, 0x00a5, 0x00a5, 0x00c5, 0x00a5, 0x00c5, 0x00a5, 0x00a5,
  0x00a5, 0x00a5, 0x00a4, 0x00a4, 0x00a4, 0x00a4, 0x00a5, 0x00a5, 0x00a5, 0x00c5, 0x00c5, 0x00c5,
  0x00c5, 0x00c5, 0x00a5, 0x00a5, 0x00a5, 0x00c5, 0x00c5, 0x00c5, 0x00c5, 0x00a5, 0x00a5, 0x00a4,
  0x00c5, 0x00c5, 0x00c5, 0x00a5, 0x00c5, 0x00c5, 0x00c5, 0x00c5, 0x00c5, 0x00c5, 0x00c5, 0x00c5,
  0x00c5, 0x00c5, 0x00c5, 0x00a5, 0x00c5, 0x00c5, 0x00c5, 0x00c5, 0x00c5, 0x00c5, 0x00c5, 0x00c5,
  0x00c5, 0x00c5, 0x00c5, 0x00c5, 0x00c5, 0x00c5, 0x00c5, 0x00c5, 0x00c5, 0x00c5, 0x00c5, 0x00c5,
  0x00c5, 0x00c5, 0x00c5, 0x00c5, 0x00c5, 0x00c5, 0x00c5, 0x00c5, 0x00c5, 0x00c5, 0x1926, 0x2987,
  0x00c5, 0x00c5, 0x00c5, 0x00c5, 0x00c5, 0x00c5, 0x00c5, 0x00c5, 0x00c5, 0x00c5, 0x00c5, 0x00c5,
  0x00c5, 0x00c5, 0x00c5, 0x00c5, 0x00c5, 0x00c5, 0x00c5, 0x00c5, 0x00c5, 0x00c5, 0x00c5, 0x00c5,
  0x00c5, 0x00c5, 0x00c5, 0x00c5, 0x00c5, 0x00c5, 0x00c5, 0x00c5, 0x00c5, 0x00c5, 0x00c5, 0x00c5,
  0x00c5, 0x00e5, 0x00e5, 0x00e5, 0x00e5, 0x00e5, 0x00e5, 0x00e5, 0x00c5, 0x00c5, 0x00c5, 0x00c5,
  0x00c5, 0x00e5, 0x00e5, 0x00e5, 0x00e5, 0x00e5, 0x00e5, 0x00c5, 0x00c5, 0x00c5, 0x00c5, 0x00c5,
  0x00c5, 0x00c5, 0x00c5, 0x00c5, 0x00c5, 0x00c5, 0x00c5, 0x00e5, 0x00e5, 0x00e5, 0x00e5, 0x00e5,
  0x00e5, 0x00e5, 0x00e5, 0x00e5, 0x00e5, 0x00e5, 0x00e5, 0x00e5, 0x00e5, 0x00e5, 0x00e5, 0x00c5,
  0x00c5, 0x00c5, 0x00c5, 0x00c5, 0x00e5, 0x00c5, 0x00c5, 0x00c5, 0x00c5, 0x00c5, 0x00c5, 0x00c5,
  0x00c5, 0x00c5, 0x00c5, 0x00c5, 0x00c5, 0x00c5, 0x00c5, 0x00c5, 0x00c5, 0x00c5, 0x00c5, 0x00c5,
  0x00c5, 0x00c5, 0x00c5, 0x00c5, 0x00c5, 0x00c5, 0x00c5, 0x00c5, 0x00c5, 0x00c5, 0x00c5, 0x00c5,
  0x00c5, 0x00c5, 0x00c5, 0x00c5, 0x00c5, 0x00c5, 0x00c5, 0x00c5, 0x00c5, 0x00c5, 0x00c5, 0x00c5,
  0x00c5, 0x00c5, 0x00c5, 0x00c5, 0x00c5, 0x00c5, 0x00c5, 0x00c5, 0x00c5, 0x00c5, 0x00c5, 0x00c5,
  0x00c5, 0x00c5, 0x00c5, 0x00c5, 0x00c5, 0x00c5, 0x00c5, 0x00c5, 0x00c5, 0x00c5, 0x00c5, 0x00c5,
  0x00c5, 0x00c5, 0x00c5, 0x00c5, 0x00c5, 0x00c5, 0x00c5, 0x00c5, 0x00c5, 0x00a4, 0x00c5, 0x00c5,
  0x00c5, 0x00c5, 0x00c5, 0x00c5, 0x00c5, 0x00a5, 0x00a4, 0x00a5, 0x00c5, 0x00c5, 0x00a4, 0x00c5,
  0x00a5, 0x00a4, 0x00a4, 0x00a4, 0x00a4, 0x00a4, 0x00a4, 0x00a4, 0x00a4, 0x00a4, 0x00a4, 0x00c4,
  0x00a4, 0x00c4, 0x00a4, 0x00a4, 0x00a4, 0x00a4, 0x00a4, 0x00a4, 0x00a4, 0x00a4, 0x00a4, 0x00a4,
  0x00a4, 0x00a4, 0x00a4, 0x00a4, 0x00a4, 0x00a4, 0x00a4, 0x00a4, 0x00a4, 0x00a4, 0x00a4, 0x00a4,
  0x00a4, 0x00a4, 0x00a4, 0x00a4, 0x00a4, 0x00a4, 0x00a4, 0x00a4, 0x0084, 0x0083, 0x00a4, 0x0084,
  0x0084, 0x0084, 0x00a4, 0x0084, 0x00a5, 0x00a4, 0x00a4, 0x00a4, 0x00a4, 0x00c5, 0x00c5, 0x00a5,
  0x00a5, 0x00a5, 0x00a5, 0x00a5, 0x00c5, 0x00a5, 0x00c5, 0x00a5, 0x00c5, 0x00c5, 0x00c5, 0x00c5,
  0x00a4, 0x00a5, 0x00a5, 0x00c5, 0x00a5, 0x00a5, 0x00a5, 0x00c5, 0x00c5, 0x00a5, 0x00c5, 0x00c5,
  0x00c5, 0x00c5, 0x00c5, 0x00c5, 0x00a5, 0x00c5, 0x00a5, 0x00c5, 0x00a5, 0x00a5, 0x00c5, 0x00c5,
  0x00c5, 0x00c5, 0x00c5, 0x00c5, 0x00c5, 0x00c5, 0x00c5, 0x00c5, 0x00c5, 0x00c5, 0x00c5, 0x00c5,
  0x00c5, 0x00c5, 0x00c5, 0x00c5, 0x00c5, 0x00c5, 0x00c5, 0x00c5, 0x00c5, 0x00c5, 0x00c5, 0x00c5,
  0x00c5, 0x00c5, 0x00c5, 0x00c5, 0x00c5, 0x00c5, 0x00c5, 0x00c5, 0x00c5, 0x00c5, 0x00c5, 0x00c5,
  0x00c5, 0x00c5, 0x00c5, 0x00c5, 0x00c5, 0x00c5, 0x00c5, 0x00c5, 0x00c5, 0x00c5, 0x00c5, 0x00c5,
  0x00c5, 0x00c5, 0x00c5, 0x00c5, 0x00c5, 0x00c5, 0x00c5, 0x00c5, 0x00c5, 0x00c5, 0x00e5, 0x00c5,
  0x00c5, 0x00c5, 0x00c5, 0x00c5, 0x00c5, 0x00c5, 0x00c5, 0x00e5, 0x00c5, 0x00e5, 0x00e5, 0x00e5,
  0x00c5, 0x00c5, 0x00e5, 0x00e5, 0x00e5, 0x00e6, 0x00e6, 0x0106, 0x0106, 0x0106, 0x0126, 0x0126,
  0x0106, 0x0106, 0x0106, 0x00e6, 0x00e5, 0x00e5, 0x00e5, 0x00e5, 0x00e5, 0x00e5, 0x00e5, 0x00e5,
  0x00e5, 0x00e5, 0x00e5, 0x00e5, 0x00e5, 0x00e5, 0x00e5, 0x00e5, 0x00e5, 0x00e5, 0x00e5, 0x00e5,
  0x00e5, 0x00e5, 0x00e5, 0x00e5, 0x00e5, 0x00e5, 0x00e5, 0x00e5, 0x00e5, 0x00e5, 0x00e5, 0x00e5,
  0x00e5, 0x00e5, 0x00e5, 0x00e5, 0x00e5, 0x00e5, 0x00e5, 0x00e5, 0x00e5, 0x00e5, 0x00e5, 0x00e5,
  0x00e5, 0x00e5, 0x00c5, 0x00c5, 0x00c5, 0x00c5, 0x00c5, 0x00c5, 0x00c5, 0x00e5, 0x00e5, 0x00e5,
  0x00c5, 0x00c5, 0x00c5, 0x00e5, 0x00c5, 0x00e5, 0x00e5, 0x00e5, 0x00e5, 0x00e5, 0x00e5, 0x00e5,
  0x00e5, 0x00e5, 0x00e5, 0x00e5, 0x00e5, 0x00e5, 0x00e5, 0x00e5, 0x00c5, 0x00e5, 0x00e5, 0x00c5,
  0x00c5, 0x00c5, 0x00c5, 0x00c5, 0x00c5, 0x00c5, 0x00c5, 0x00c5, 0x00c5, 0x00c5, 0x00c5, 0x00c5,
  0x00c5, 0x00c5, 0x00c5, 0x00c5, 0x00c5, 0x00c5, 0x00a5, 0x00c5, 0x00c5, 0x00c5, 0x00a5, 0x00c5,
  0x00c5, 0x00c5, 0x00c5, 0x00c5, 0x00c5, 0x00c5, 0x00c5, 0x00c5, 0x00c5, 0x00c5, 0x00c5, 0x00c5,
  0x00c5, 0x00c5, 0x00c5, 0x00c5, 0x00c5, 0x00c5, 0x00c5, 0x00c5, 0x00c5, 0x00c5, 0x00c5, 0x00c5,
  0x00c5, 0x00a5, 0x00c5, 0x00a5, 0x00c5, 0x00c5, 0x00c5, 0x00c5, 0x00c5, 0x00a5, 0x00a5, 0x00c5,
  0x00a4, 0x00a4, 0x00a5, 0x00a4, 0x00a5, 0x00c5, 0x00c4, 0x00c5, 0x00c5, 0x00a4, 0x00c5, 0x00c4,
  0x00a4, 0x00a4, 0x00a4, 0x00a4, 0x00c4, 0x00a4, 0x00a4, 0x00a4, 0x00a4, 0x00a4, 0x00a4, 0x00a4,
  0x00a4, 0x00a4, 0x00e5, 0x00c4, 0x00a4, 0x00a4, 0x00a4, 0x00a4, 0x00a4, 0x00a4, 0x00a4, 0x00a4,
  0x00a4, 0x00a4, 0x00a4, 0x00a4, 0x00a4, 0x08c4, 0x0084, 0x0084, 0x0084, 0x0084, 0x0084, 0x0084,
  0x00a5, 0x00a5, 0x00c5, 0x00c5, 0x00c5, 0x00c5, 0x00a5, 0x00a5, 0x00a5, 0x00c5, 0x00c5, 0x00c5,
  0x00c5, 0x00c5, 0x00c5, 0x00c5, 0x00c5, 0x00a5, 0x00c5, 0x00c5, 0x00c5, 0x00a5, 0x00a4, 0x00c5,
  0x00c5, 0x00c5, 0x00c5, 0x00c5, 0x00c5, 0x00c5, 0x00c5, 0x00c5, 0x00c5, 0x00c5, 0x00c5, 0x00c5,
  0x00a5, 0x00a5, 0x00c5, 0x00c5, 0x00c5, 0x00c5, 0x00c5, 0x00c5, 0x00c5, 0x00e6, 0x00c5, 0x00c5,
  0x00c5, 0x00c5, 0x00c5, 0x00c5, 0x00c5, 0x00c5, 0x00c5, 0x00c5, 0x00c5, 0x00c5, 0x00c5, 0x00c5,
  0x00c5, 0x00c5, 0x00c5, 0x00c5, 0x00c5, 0x00c5, 0x00c5, 0x00c5, 0x00c5, 0x00c5, 0x00c5, 0x00c5,
  0x00c5, 0x00c5, 0x00c5, 0x00c5, 0x00c5, 0x00c5, 0x00c5, 0x00c5, 0x00c5, 0x00c5, 0x00c5, 0x00c5,
  0x00c5, 0x00c5, 0x00c5, 0x00c5, 0x00c5, 0x00c5, 0x00c5, 0x00c5, 0x00c5, 0x00c5, 0x00c5, 0x00c5,
  0x00c5, 0x00c5, 0x00c5, 0x00e5, 0x00e5, 0x00e5, 0x00e5, 0x00e6, 0x00c5, 0x00c5, 0x00e5, 0x00e5,
  0x00e5, 0x00e5, 0x00c5, 0x00e5, 0x00e6, 0x00e6, 0x00e6, 0x00e6, 0x00e6, 0x00e6, 0x00e6, 0x00e6,
  0x00e6, 0x00e6, 0x00e6, 0x00e6, 0x00e6, 0x00e5, 0x00e5, 0x00c5, 0x00e5, 0x00e5, 0x00e6, 0x00e6,
  0x00e6, 0x00e6, 0x00e6, 0x00e6, 0x00e6, 0x00e6, 0x00e6, 0x00e6, 0x00e6, 0x00e6, 0x00e6, 0x00e5,
  0x00e5, 0x00e5, 0x00e5, 0x00e5, 0x00e5, 0x00e5, 0x00e5, 0x00c5, 0x00c5, 0x00c5, 0x00e5, 0x00e5,
  0x00e5, 0x00e5, 0x00e5, 0x00e5, 0x00e5, 0x00e5, 0x00e5, 0x00e5, 0x00e5, 0x00e5, 0x00e5, 0x00e5,
  0x00e5, 0x00e5, 0x00e5, 0x00e5, 0x00e5, 0x00e5, 0x00e5, 0x00e5, 0x00c5, 0x00c5, 0x00c5, 0x00c5,
  0x00c5, 0x00c5, 0x00c5, 0x00c5, 0x00c5, 0x00c5, 0x00c5, 0x00e5, 0x00e5, 0x00e5, 0x00e5, 0x00e5,
  0x00e5, 0x00c5, 0x00c5, 0x00c5, 0x00c5, 0x00c5, 0x00c5, 0x00c5, 0x00c5, 0x00c5, 0x00e5, 0x00e5,
  0x00e5, 0x00e5, 0x00e5, 0x00e5, 0x00e5, 0x00e5, 0x00e5, 0x00e6, 0x00e6, 0x00e5, 0x00e5, 0x00e6,
  0x00e5, 0x00e6, 0x00e6, 0x00e6, 0x00e5, 0x00e5, 0x00c5, 0x00e6, 0x00c5, 0x00e5, 0x00c5, 0x00c5,
  0x00c5, 0x00c5, 0x00c5, 0x00c5, 0x00c5, 0x00c5, 0x00c5, 0x00c5, 0x00c5, 0x00c5, 0x00c5, 0x00c5,
  0x00c5, 0x00c5, 0x00c5, 0x00c5, 0x00e5, 0x00c5, 0x00c5, 0x00c5, 0x00c5, 0x00c5, 0x00c5, 0x00c5,
  0x00c5, 0x00c5, 0x00c5, 0x00c5, 0x00c5, 0x00c5, 0x00c5, 0x00c5, 0x00c5, 0x00c5, 0x00c5, 0x00c5,
  0x00c5, 0x00c5, 0x00c5, 0x00c5, 0x00c5, 0x00c5, 0x00c5, 0x00c5, 0x00c5, 0x00c5, 0x00c5, 0x00a4,
  0x00c5, 0x00a4, 0x00c5, 0x00c5, 0x00c5, 0x00a5, 0x00c5, 0x00c5, 0x00c5, 0x00c5, 0x1106, 0x00c5,
  0x00a4, 0x00c5, 0x00a4, 0x00a5, 0x00a5, 0x00a4, 0x00a4, 0x00a4, 0x00a4, 0x00a4, 0x00a4, 0x00a5,
  0x00c5, 0x00a4, 0x00c5, 0x00a4, 0x00a4, 0x00a4, 0x00a4, 0x00a4, 0x00a4, 0x00a4, 0x00a4, 0x00a4,
  0x00a4, 0x00a4, 0x00a4, 0x00a4, 0x00a4, 0x00a4, 0x00a4, 0x00a4, 0x00a5, 0x00a5, 0x00c5, 0x00c5,
  0x00c5, 0x00c5, 0x00c5, 0x00a4, 0x00c5, 0x00c5, 0x00c5, 0x00c5, 0x00a5, 0x00c5, 0x00c5, 0x00c5,
  0x00a5, 0x00c5, 0x00c5, 0x00c5, 0x00c5, 0x00c5, 0x00c5, 0x00c5, 0x00c5, 0x00c5, 0x00c5, 0x00c5,
  0x00c5, 0x00c5, 0x00c5, 0x00c5, 0x00c5, 0x00c5, 0x00c5, 0x00a5, 0x00c5, 0x00c5, 0x00c5, 0x00c5,
  0x00c5, 0x00c5, 0x00c5, 0x00c5, 0x00c5, 0x00c5, 0x00c5, 0x00c5, 0x00c5, 0x00c5, 0x00c5, 0x00c5,
  0x00c5, 0x00c5, 0x00c5, 0x00c5, 0x00c5, 0x00c5, 0x00c5, 0x00c5, 0x00c5, 0x00c5, 0x00c5, 0x00c5,
  0x00c5, 0x00c6, 0x00c5, 0x00c5, 0x00c5, 0x00c5, 0x00c5, 0x00c5, 0x00c5, 0x00c5, 0x00c5, 0x00c5,
  0x00c5, 0x00c5, 0x00c5, 0x00c5, 0x00e5, 0x00e5, 0x00e5, 0x00e5, 0x00e5, 0x00c5, 0x00c5, 0x00c5,
  0x00c5, 0x00c5, 0x00c5, 0x00c5, 0x00c5, 0x00e5, 0x00c5, 0x00c5, 0x00e5, 0x00c5, 0x00e6, 0x00c5,
  0x00c5, 0x00e6, 0x00e5, 0x00c5, 0x00c5, 0x00c5, 0x00e5, 0x00e6, 0x00e5, 0x00e5, 0x00e5, 0x00e5,
  0x00c5, 0x00c5, 0x00c5, 0x00c5, 0x00c5, 0x00c5, 0x00e6, 0x00e6, 0x00e6, 0x00e6, 0x00e6, 0x00e6,
  0x00e6, 0x00e6, 0x00e6, 0x00e6, 0x00e6, 0x00e6, 0x00e6, 0x00e6, 0x00e6, 0x00e6, 0x00e6, 0x00c5,
  0x00c5, 0x00c5, 0x00c5, 0x00c5, 0x00c5, 0x00c5, 0x00c5, 0x00c5, 0x00c5, 0x00c5, 0x00c5, 0x00e5,
  0x00e5, 0x00e6, 0x00e6, 0x00e6, 0x00e6, 0x00e6, 0x00e6, 0x00e6, 0x00e6, 0x00e6, 0x00e6, 0x00e6,
  0x00e6, 0x00e6, 0x00e6, 0x00e5, 0x00c5, 0x00e5, 0x00c5, 0x00c5, 0x00c5, 0x00c5, 0x00c5, 0x00c5,
  0x00c5, 0x00c5, 0x00c5, 0x00c5, 0x00c5, 0x00c5, 0x00c5, 0x00c5, 0x00c5, 0x00c5, 0x00c5, 0x00c5,
  0x00c5, 0x00c5, 0x00c5, 0x00c5, 0x00c5, 0x00c5, 0x00c5, 0x00c5, 0x00c5, 0x00c5, 0x00c5, 0x00c5,
  0x00c5, 0x00c5, 0x00c5, 0x00c5, 0x00c5, 0x00c5, 0x00c5, 0x00c5, 0x00c5, 0x00c5, 0x00c5, 0x00c5,
  0x00c5, 0x00c5, 0x00c5, 0x00e6, 0x00e5, 0x00e5, 0x00e5, 0x00e6, 0x00e5, 0x00e5, 0x00e6, 0x00e6,
  0x00e5, 0x00c5, 0x00c5, 0x00e5, 0x00e5, 0x00e6, 0x00e6, 0x00e6, 0x00c5, 0x00c5, 0x00c5, 0x00c5,
  0x00c5, 0x00c5, 0x00c5, 0x00c5, 0x00c5, 0x00c5, 0x00c5, 0x00c5, 0x00c5, 0x00c5, 0x00c5, 0x00c5,
  0x00c5, 0x00c5, 0x00c5, 0x00c5, 0x00c5, 0x00c5, 0x00c5, 0x00c5, 0x00c5, 0x00c5, 0x08e5, 0x00c5,
  0x00c5, 0x00c5, 0x00c5, 0x00c5, 0x00c5, 0x00c5, 0x00c5, 0x00c5, 0x00c5, 0x00c5, 0x00c5, 0x00c5,
  0x00c5, 0x00c5, 0x00c5, 0x00c5, 0x00c5, 0x00c5, 0x00c5, 0x00c5, 0x00a5, 0x00c5, 0x00c5, 0x00a5,
  0x00a5, 0x00a5, 0x00c5, 0x00c5, 0x00c5, 0x00c5, 0x00c5, 0x00c5, 0x00c5, 0x00a5, 0x00c5, 0x00a5,
  0x00a5, 0x00a4, 0x00a4, 0x00a4, 0x00a4, 0x00a4, 0x00a4, 0x00a5, 0x00a4, 0x00a4, 0x00a4, 0x00c5,
  0x00a4, 0x00a4, 0x00a4, 0x00a4, 0x00a4, 0x00a4, 0x00a4, 0x00a4, 0x00a4, 0x00a4, 0x00a4, 0x00a4,
  0x00a4, 0x00a4, 0x0084, 0x0084, 0x00a5, 0x00a5, 0x00a5, 0x00a5, 0x00c5, 0x00c5, 0x00c5, 0x00c5,
  0x00c5, 0x00c5, 0x00c5, 0x00c5, 0x00c5, 0x00c5, 0x00c5, 0x00c5, 0x00c5, 0x00c5, 0x00c5, 0x00c5,
  0x00c5, 0x00c5, 0x00c5, 0x00c5, 0x00c5, 0x00c5, 0x00c5, 0x00c5, 0x00c5, 0x00c5, 0x00c5, 0x00c5,
  0x00c5, 0x00c5, 0x00c5, 0x00c5, 0x00c5, 0x00c5, 0x00c5, 0x00c5, 0x00c5, 0x00c5, 0x00c5, 0x00c5,
  0x00c5, 0x00c5, 0x00c5, 0x00e5, 0x00c5, 0x00c5, 0x00c5, 0x00c5, 0x00c5, 0x00c5, 0x00c5, 0x00e5,
  0x00c5, 0x00c5, 0x00c5, 0x00c5, 0x00c5, 0x00e6, 0x00c6, 0x00c5, 0x00c5, 0x00c5, 0x00c5, 0x00e6,
  0x00e5, 0x0906, 0x1147, 0x00c5, 0x00c5, 0x00c5, 0x00c5, 0x00c5, 0x00c5, 0x00e5, 0x00c5, 0x00c5,
  0x00e5, 0x00e5, 0x00e5, 0x00e6, 0x00e6, 0x00e6, 0x00e6, 0x00c5, 0x00e6, 0x00c5, 0x00e6, 0x00c5,
  0x00e5, 0x00c5, 0x00e5, 0x00c5, 0x00c5, 0x00e6, 0x00e5, 0x00e5, 0x00e6, 0x00e6, 0x00e5, 0x00e6,
  0x00e6, 0x00e6, 0x00e5, 0x00e6, 0x00e6, 0x00e6, 0x00e5, 0x00e6, 0x00e6, 0x00e6, 0x00e6, 0x00e6,
  0x00e6, 0x00e6, 0x00e6, 0x00e6, 0x00e6, 0x00e6, 0x00e6, 0x00e6, 0x00e6, 0x00e6, 0x00e6, 0x00e6,
  0x00e6, 0x00e6, 0x00e6, 0x00e6, 0x00e6, 0x00e5, 0x00e5, 0x00c5, 0x00e5, 0x00e6, 0x00e6, 0x00e6,
  0x00e6, 0x00e6, 0x00e6, 0x00e6, 0x00e6, 0x00e6, 0x00e6, 0x00e6, 0x00e6, 0x00e6, 0x00e6, 0x00e6,
  0x00e6, 0x00e6, 0x00e6, 0x00e6, 0x00e6, 0x00e6, 0x00e6, 0x00e6, 0x00e6, 0x00e6, 0x00e6, 0x00e6,
  0x00e6, 0x00e6, 0x00e6, 0x00e6, 0x00e6, 0x00e6, 0x00e6, 0x00e6, 0x00e6, 0x00e6, 0x00e6, 0x00e6,
  0x00e6, 0x00e6, 0x00e6, 0x00c6, 0x00c5, 0x00c5, 0x00c5, 0x00c5, 0x00c5, 0x00c5, 0x00c5, 0x00c5,
  0x00c5, 0x00c5, 0x00c5, 0x00c5, 0x00c5, 0x00c5, 0x00c5, 0x00c5, 0x00c5, 0x00c5, 0x00c5, 0x00c5,
  0x00c5, 0x00c5, 0x00c5, 0x00c5, 0x00c5, 0x00c5, 0x00c5, 0x00c5, 0x00c5, 0x00c5, 0x00c5, 0x00e6,
  0x00c6, 0x00e6, 0x00e6, 0x00c5, 0x00e6, 0x00e6, 0x00e6, 0x00e5, 0x00e5, 0x00e6, 0x00e6, 0x00c6,
  0x00e6, 0x00e6, 0x00e6, 0x00e5, 0x00e5, 0x00c5, 0x00c5, 0x00c5, 0x00e5, 0x00c5, 0x00c5, 0x00c5,
  0x00c5, 0x00c5, 0x00c5, 0x00c5, 0x2187, 0x08e6, 0x00c5, 0x00c5, 0x00c5, 0x00c5, 0x00c5, 0x00c5,
  0x00c5, 0x00c5, 0x00c5, 0x00c5, 0x00c5, 0x00c5, 0x08e6, 0x00c5, 0x00c5, 0x00c5, 0x1946, 0x1106,
  0x00c5, 0x00c5, 0x00c5, 0x00c5, 0x00c5, 0x00c5, 0x00c5, 0x00c5, 0x00c5, 0x00c5, 0x00c5, 0x00c5,
  0x00c5, 0x00c5, 0x00c5, 0x00c5, 0x00c5, 0x00c5, 0x00c5, 0x00c5, 0x00a5, 0x00c5, 0x00c5, 0x00c5,
  0x00c5, 0x00c5, 0x00c5, 0x00c5, 0x00c5, 0x00c5, 0x00c5, 0x00a5, 0x00a5, 0x00a5, 0x00a4, 0x00c5,
  0x00a4, 0x00c5, 0x00a5, 0x00c5, 0x00a5, 0x00a5, 0x00c5, 0x00c5, 0x00a4, 0x00a4, 0x00a5, 0x00a4,
  0x00c4, 0x00a4, 0x00a4, 0x00a4, 0x00a4, 0x00a4, 0x00a4, 0x00a4, 0x00a4, 0x00a4, 0x00a4, 0x00a4,
  0x00a5, 0x00a5, 0x00c5, 0x00c5, 0x00a5, 0x00a5, 0x00c5, 0x00c5, 0x00c5, 0x00c5, 0x00c5, 0x00c5,
  0x00c5, 0x00c5, 0x00c5, 0x00c5, 0x00c5, 0x00c5, 0x00c5, 0x00c5, 0x00c5, 0x00c5, 0x00c5, 0x00c5,
  0x00c5, 0x00c5, 0x00c5, 0x00c5, 0x00c5, 0x00c5, 0x00c5, 0x00c5, 0x00c5, 0x00c5, 0x00c5, 0x00c5,
  0x00c5, 0x00c5, 0x00c5, 0x00c5, 0x00e5, 0x00c5, 0x00c5, 0x00c5, 0x00c5, 0x00c5, 0x00c5, 0x00e5,
  0x00c5, 0x00e5, 0x00c5, 0x00e5, 0x00c5, 0x00e5, 0x00e5, 0x00e5, 0x00c5, 0x00e6, 0x00e6, 0x00e6,
  0x00e6, 0x00e6, 0x00c6, 0x00c5, 0x00c6, 0x00c6, 0x00e6, 0x00e6, 0x00e6, 0x0906, 0x29a8, 0x00c5,
  0x00c5, 0x00c5, 0x00c5, 0x00c6, 0x00c6, 0x00e6, 0x00e6, 0x00e6, 0x00e6, 0x00e6, 0x00e6, 0x00e6,
  0x00e6, 0x00e6, 0x00c6, 0x00e6, 0x00e6, 0x00e6, 0x00e6, 0x00e6, 0x00e6, 0x00c5, 0x00e6, 0x00c5,
  0x00e6, 0x00c6, 0x00e5, 0x00e5, 0x00e6, 0x00e6, 0x00e5, 0x00e6, 0x00e6, 0x00e6, 0x00c5, 0x00e6,
  0x00e6, 0x00e6, 0x00e6, 0x00e6, 0x00e6, 0x00e6, 0x00e6, 0x00e6, 0x00e6, 0x00e6, 0x00e6, 0x00e6,
  0x00e6, 0x0106, 0x0106, 0x0106, 0x0106, 0x0106, 0x00e6, 0x00e6, 0x00e6, 0x00e6, 0x00e6, 0x00e6,
  0x00e6, 0x00e6, 0x00e6, 0x00e6, 0x00e6, 0x00e6, 0x00e6, 0x00e6, 0x00e6, 0x00e6, 0x00e6, 0x00e6,
  0x00e6, 0x00e6, 0x00e6, 0x00e6, 0x00e6, 0x00e6, 0x00e6, 0x00e6, 0x00e6, 0x00e6, 0x00e6, 0x00e6,
  0x00e6, 0x00e6, 0x00e6, 0x00e6, 0x00e6, 0x00e6, 0x00e6, 0x00e6, 0x00e6, 0x00e6, 0x00e6, 0x00e6,
  0x00e6, 0x00e6, 0x00e6, 0x00e6, 0x00e6, 0x00e6, 0x00e6, 0x00e6, 0x00e6, 0x00e6, 0x00e6, 0x00e6,
  0x00e6, 0x00e6, 0x00e6, 0x00e6, 0x00e6, 0x00e6, 0x00e6, 0x00e6, 0x00c6, 0x00c5, 0x00c5, 0x00c5,
  0x00c6, 0x00e6, 0x00e6, 0x00e6, 0x00e6, 0x00e6, 0x00e6, 0x00e6, 0x00e6, 0x00e6, 0x00e6, 0x00e6,
  0x00e6, 0x00e6, 0x00e6, 0x00e6, 0x00e6, 0x00e6, 0x00e6, 0x00e6, 0x00e6, 0x00e6, 0x00e6, 0x00e6,
  0x00e6, 0x00e6, 0x00e6, 0x00e6, 0x00e6, 0x00e6, 0x00e6, 0x00e5, 0x00e6, 0x00e6, 0x00c6, 0x00e6,
  0x00e6, 0x00e6, 0x00e6, 0x00e6, 0x00e6, 0x00e6, 0x00e6, 0x00e6, 0x00c6, 0x00c5, 0x00c5, 0x00e5,
  0x00c5, 0x00c5, 0x00c5, 0x00c5, 0x00c5, 0x00c5, 0x00c5, 0x00c5, 0x00c5, 0x00c5, 0x00c5, 0x00c5,
  0x00c5, 0x00c5, 0x00c5, 0x00c5, 0x00c5, 0x00c5, 0x00c5, 0x00c5, 0x00c5, 0x00c5, 0x00c5, 0x00c5,
  0x00c5, 0x00c5, 0x00c5, 0x00c5, 0x00c5, 0x00c5, 0x00c5, 0x00c5, 0x00c5, 0x00c5, 0x00c5, 0x00c5,
  0x00c5, 0x00a5, 0x00a5, 0x00a5, 0x00c5, 0x00c5, 0x00c5, 0x00c5, 0x00c5, 0x00c5, 0x00c5, 0x00e5,
  0x00c5, 0x00c5, 0x00c5, 0x00a5, 0x00a5, 0x00a5, 0x00c5, 0x00c5, 0x00c5, 0x00c5, 0x00a5, 0x00a5,
  0x00c5, 0x00c5, 0x00c5, 0x00c5, 0x00c5, 0x00c5, 0x00a5, 0x00a5, 0x1105, 0x1926, 0x00a4, 0x00a4,
  0x00a4, 0x00a4, 0x00a4, 0x00a4, 0x00a4, 0x00a4, 0x00a4, 0x00a4, 0x00c5, 0x00c5, 0x00c5, 0x00c5,
  0x00c5, 0x00a5, 0x00c5, 0x00c5, 0x00c5, 0x00c5, 0x00c5, 0x00c5, 0x00c5, 0x00c5, 0x00c5, 0x00c5,
  0x00c5, 0x00c5, 0x00c5, 0x00c5, 0x00c5, 0x00c5, 0x00c5, 0x00c5, 0x00c5, 0x00c5, 0x00c5, 0x00c5,
  0x00c5, 0x00c5, 0x00c5, 0x00c5, 0x00c5, 0x00c5, 0x00c5, 0x00c5, 0x00c5, 0x00e6, 0x00c5, 0x00c5,
  0x00c5, 0x00c5, 0x00c5, 0x00c5, 0x00c5, 0x00e5, 0x00c5, 0x00e5, 0x00e5, 0x00e5, 0x00e5, 0x00e5,
  0x00e5, 0x00c5, 0x00c5, 0x00c6, 0x00c6, 0x00e6, 0x00e6, 0x00e6, 0x00e6, 0x00e6, 0x00e6, 0x00e6,
  0x00e6, 0x00e6, 0x00e6, 0x00e6, 0x00e6, 0x00c5, 0x00c5, 0x00c5, 0x00e5, 0x00e6, 0x00c5, 0x00c5,
  0x00c6, 0x00e6, 0x00e6, 0x00e6, 0x00e6, 0x00e6, 0x00e6, 0x00e6, 0x00e6, 0x00e6, 0x00e6, 0x00e6,
  0x00e6, 0x00e6, 0x00e6, 0x00e6, 0x00e6, 0x00e6, 0x00e6, 0x00c6, 0x00e6, 0x00e6, 0x00e6, 0x00e6,
  0x00e6, 0x00e6, 0x00e5, 0x00e6, 0x00e6, 0x00e6, 0x00e6, 0x00e6, 0x00e6, 0x00e6, 0x00e6, 0x00e6,
  0x00e6, 0x00e6, 0x00e6, 0x00e6, 0x00e6, 0x00e6, 0x00e6, 0x00e6, 0x00e6, 0x00e6, 0x00e6, 0x00e6,
  0x00e6, 0x00e6, 0x00e6, 0x00e6, 0x00e6, 0x00e6, 0x00e6, 0x00e6, 0x00e6, 0x00e6, 0x00e6, 0x00e6,
  0x00e6, 0x00e6, 0x00e6, 0x00e6, 0x00e6, 0x00e6, 0x00e6, 0x00e6, 0x00e6, 0x00e6, 0x00e6, 0x00e6,
  0x00e6, 0x00e6, 0x00e6, 0x00e6, 0x00e6, 0x00e6, 0x00e6, 0x00e6, 0x00e6, 0x00e6, 0x00e6, 0x00e6,
  0x00e6, 0x00e6, 0x00e6, 0x00e6, 0x00e6, 0x00e6, 0x00e6, 0x00e6, 0x00e6, 0x00e6, 0x0106, 0x0106,
  0x0106, 0x0106, 0x0106, 0x0106, 0x00e6, 0x00e6, 0x00e6, 0x00e6, 0x00e6, 0x00e6, 0x00e6, 0x00e6,
  0x00e6, 0x00e6, 0x00e6, 0x00e6, 0x00e6, 0x00e6, 0x00e6, 0x00e6, 0x00e6, 0x00e6, 0x00e6, 0x00e6,
  0x00e6, 0x00e6, 0x00e6, 0x00e6, 0x00e6, 0x00e6, 0x00e6, 0x00e6, 0x00e6, 0x00e6, 0x00e6, 0x00e6,
  0x00e6, 0x00e6, 0x00e6, 0x00e6, 0x00e6, 0x00e6, 0x00e6, 0x00e6, 0x00e6, 0x00e6, 0x00e6, 0x00e6,
  0x00e6, 0x00e6, 0x00e6, 0x00e6, 0x00e6, 0x00e6, 0x00e6, 0x00e6, 0x00e6, 0x00e6, 0x00e6, 0x00e6,
  0x00e6, 0x00e6, 0x00e6, 0x00c6, 0x00c6, 0x00c6, 0x00e5, 0x00e5, 0x00e6, 0x00e5, 0x00c5, 0x00c5,
  0x00c5, 0x00c5, 0x00c5, 0x00c5, 0x00c5, 0x00c5, 0x00e5, 0x00e5, 0x00c5, 0x00e6, 0x00c5, 0x00c5,
  0x00c5, 0x00c5, 0x00c5, 0x00e5, 0x00c5, 0x00c5, 0x00c5, 0x00c5, 0x00c5, 0x00c5, 0x00c5, 0x00c5,
  0x00c5, 0x00c5, 0x00c5, 0x00c5, 0x00c5, 0x00c5, 0x00c5, 0x00c5, 0x00c5, 0x00a5, 0x00c5, 0x00c5,
  0x00e5, 0x00c5, 0x00c5, 0x00c5, 0x00c5, 0x00c5, 0x00c5, 0x00e5, 0x00c5, 0x00c5, 0x00c5, 0x00c5,
  0x00c5, 0x00a5, 0x00c5, 0x00c5, 0x00c5, 0x00c5, 0x00c5, 0x00c5, 0x00c5, 0x00c5, 0x00c5, 0x00c5,
  0x00c5, 0x00c5, 0x00c5, 0x00a5, 0x00c5, 0x00a4, 0x00a4, 0x00a4, 0x00a4, 0x00a4, 0x00a4, 0x00a4,
  0x0084, 0x00a4, 0x00a4, 0x00a4, 0x00c5, 0x00c5, 0x00c5, 0x00c5, 0x00c5, 0x00c5, 0x00c5, 0x00c5,
  0x00c5, 0x00c5, 0x00c5, 0x00c5, 0x00c5, 0x00c5, 0x00c5, 0x00c5, 0x00c5, 0x00c5, 0x00c5, 0x00c5,
  0x00c5, 0x00c5, 0x00c5, 0x00c5, 0x00c5, 0x00c5, 0x00e5, 0x00c5, 0x00c5, 0x00c5, 0x00c5, 0x00c5,
  0x00c5, 0x00c5, 0x00c5, 0x00c5, 0x00c5, 0x00c5, 0x00c5, 0x00c5, 0x00c5, 0x00c5, 0x00e5, 0x00e5,
  0x00e6, 0x00e5, 0x00e5, 0x00e5, 0x00e6, 0x00e6, 0x3a0a, 0x00e6, 0x00c5, 0x00c6, 0x00c6, 0x00c6,
  0x00e6, 0x00e6, 0x00e6, 0x00e6, 0x00e6, 0x00e6, 0x00e6, 0x00e6, 0x00e6, 0x00e6, 0x00e6, 0x00e6,
  0x00e6, 0x00e6, 0x00e6, 0x00e6, 0x00e6, 0x00e6, 0x00e6, 0x00e6, 0x00e6, 0x00e6, 0x00e6, 0x00e6,
  0x0106, 0x00e6, 0x00e6, 0x00e6, 0x00e6, 0x00e6, 0x00e6, 0x00e6, 0x00e6, 0x00e6, 0x00e6, 0x00e6,
  0x00e6, 0x00e6, 0x00e6, 0x00e6, 0x00e6, 0x00e6, 0x00e6, 0x00e6, 0x00e6, 0x00e6, 0x00c5, 0x00e6,
  0x00e6, 0x00e6, 0x00e6, 0x00e6, 0x00e6, 0x00e6, 0x00e6, 0x00e6, 0x00e6, 0x00e6, 0x00e6, 0x00e6,
  0x00e6, 0x00e6, 0x00e6, 0x00e6, 0x00e6, 0x00e6, 0x00e6, 0x00e6, 0x00e6, 0x00e6, 0x00e6, 0x00e6,
  0x00e6, 0x00e6, 0x00e6, 0x00e6, 0x00e6, 0x00e6, 0x00e6, 0x00e6, 0x00e6, 0x00e6, 0x00e6, 0x00e6,
  0x00e6, 0x00e6, 0x00e6, 0x00e6, 0x00e6, 0x00e6, 0x00e6, 0x00e6, 0x00e6, 0x00e6, 0x00e6, 0x00e6,
  0x00e6, 0x00e6, 0x00e6, 0x00e6, 0x00e6, 0x00e6, 0x00e6, 0x00e6, 0x00e6, 0x00e6, 0x00e6, 0x00e6,
  0x00e6, 0x00e6, 0x00e6, 0x00e6, 0x00e6, 0x00e6, 0x00e6, 0x00e6, 0x00e6, 0x00e6, 0x00e6, 0x00e6,
  0x00e6, 0x00e6, 0x00e6, 0x00e6, 0x00e6, 0x00e6, 0x00e6, 0x00e6, 0x00e6, 0x00e6, 0x00e6, 0x00e6,
  0x00e6, 0x00e6, 0x00e6, 0x00e6, 0x00e6, 0x00e6, 0x00e6, 0x00e6, 0x00e6, 0x00e6, 0x00e6, 0x00e6,
  0x00e6, 0x00e6, 0x00e6, 0x00e6, 0x00e6, 0x00e6, 0x00e6, 0x00e6, 0x00e6, 0x00e6, 0x00e6, 0x00e6,
  0x00e6, 0x00e6, 0x00e6, 0x00e6, 0x00e6, 0x00e6, 0x00e6, 0x00e6, 0x00e6, 0x00e6, 0x0106, 0x00e6,
  0x00e6, 0x1968, 0x0906, 0x00e6, 0x00e6, 0x00e6, 0x00e6, 0x00e6, 0x00e6, 0x00e6, 0x00e6, 0x00e6,
  0x00e6, 0x00e6, 0x00e6, 0x00e6, 0x00e6, 0x00e6, 0x00c5, 0x00e5, 0x00c5, 0x00e5, 0x00c5, 0x00e5,
  0x00c5, 0x00e6, 0x00e5, 0x00e5, 0x00e6, 0x00e6, 0x00e5, 0x00e5, 0x00c5, 0x00c5, 0x00e5, 0x00e5,
  0x00e5, 0x00e6, 0x00c5, 0x00c5, 0x00c5, 0x00e5, 0x00e5, 0x00e5, 0x00e6, 0x00e5, 0x00c5, 0x00c5,
  0x00c5, 0x00c5, 0x00c5, 0x00c5, 0x00c5, 0x00c5, 0x00c5, 0x00c5, 0x00c5, 0x00c5, 0x00c5, 0x00c5,
  0x00c5, 0x00c5, 0x00c5, 0x00e5, 0x00c5, 0x00c5, 0x00c5, 0x00c5, 0x00c5, 0x00c5, 0x00c5, 0x00c5,
  0x00c5, 0x00c5, 0x00c5, 0x00c5, 0x00c5, 0x00c5, 0x00c5, 0x00c5, 0x00c5, 0x00c5, 0x00c5, 0x00a5,
  0x00c5, 0x00a4, 0x00a4, 0x00a4, 0x00a4, 0x00a4, 0x00a4, 0x00a4, 0x00a4, 0x00a4, 0x00a4, 0x00a4,
  0x00c5, 0x00c5, 0x00c5, 0x00c5, 0x00c5, 0x00c5, 0x00c5, 0x00c5, 0x00c5, 0x00c5, 0x00c5, 0x4229,
  0x00c5, 0x00c5, 0x00c5, 0x00c5, 0x00c5, 0x00c5, 0x00e5, 0x00c5, 0x00c5, 0x00c5, 0x00c5, 0x00c5,
  0x00c5, 0x00e5, 0x00c5, 0x00c5, 0x00c5, 0x00c5, 0x00c5, 0x00c5, 0x00c5, 0x00c5, 0x00c5, 0x00c5,
  0x00c5, 0x00c5, 0x00c5, 0x00c5, 0x00e6, 0x00e6, 0x00e6, 0x00e6, 0x00e6, 0x00e6, 0x00e6, 0x00e6,
  0x00e6, 0x00e5, 0x00c5, 0x00e6, 0x00e6, 0x00e6, 0x00e6, 0x00e6, 0x00e6, 0x00e6, 0x00e6, 0x00e6,
  0x00e6, 0x00e6, 0x00e6, 0x00e6, 0x00e6, 0x00e6, 0x00e6, 0x00e6, 0x00e6, 0x0106, 0x00e6, 0x00e6,
  0x00e6, 0x00e6, 0x00e6, 0x00e6, 0x00e6, 0x00e6, 0x00e6, 0x00e6, 0x00e6, 0x00e6, 0x0106, 0x00e6,
  0x00e6, 0x00e6, 0x00e6, 0x00e6, 0x00e6, 0x00e6, 0x00e6, 0x00e6, 0x00e6, 0x00e6, 0x00e6, 0x00e6,
  0x00e6, 0x00e6, 0x00e6, 0x00e6, 0x00e6, 0x00e6, 0x00e6, 0x00e6, 0x00e6, 0x00e6, 0x00e6, 0x00e6,
  0x00e6, 0x00e6, 0x00e6, 0x00e6, 0x0106, 0x0106, 0x0106, 0x0106, 0x0106, 0x00e6, 0x0106, 0x0106,
  0x0106, 0x0106, 0x0106, 0x0106, 0x0106, 0x0106, 0x0106, 0x0106, 0x0106, 0x0106, 0x0106, 0x0106,
  0x0106, 0x00e6, 0x00e6, 0x00e6, 0x00e6, 0x00e6, 0x00e6, 0x00e6, 0x00e6, 0x00e6, 0x00e6, 0x00e6,
  0x00e6, 0x00e6, 0x00e6, 0x00e6, 0x00e6, 0x00e6, 0x00e6, 0x00e6, 0x00e6, 0x00e6, 0x00e6, 0x00e6,
  0x00e6, 0x00e6, 0x00e6, 0x00e6, 0x00e6, 0x00e6, 0x00e6, 0x00e6, 0x00e6, 0x00e6, 0x00e6, 0x0106,
  0x0106, 0x0106, 0x0107, 0x0106, 0x0107, 0x0107, 0x0106, 0x0106, 0x0106, 0x0106, 0x00e6, 0x00e6,
  0x00e6, 0x00e6, 0x00e6, 0x00e6, 0x00e6, 0x00e6, 0x00e6, 0x00e6, 0x00e6, 0x00e6, 0x00e6, 0x00e6,
  0x00e6, 0x00e6, 0x00e6, 0x00e6, 0x00e6, 0x00e6, 0x00e6, 0x00e6, 0x00e6, 0x00e6, 0x00e6, 0x00e6,
  0x00e6, 0x00e6, 0x00e6, 0x00e6, 0x00e6, 0x00e6, 0x00e6, 0x0106, 0x0106, 0x0106, 0x0106, 0x0106,
  0x0106, 0x0106, 0x0106, 0x0106, 0x0106, 0x0106, 0x0106, 0x00e6, 0x00e6, 0x00e6, 0x0927, 0x00e6,
  0x0106, 0x00e6, 0x00e6, 0x00e6, 0x00e6, 0x00e6, 0x00e6, 0x00e6, 0x00e6, 0x00e6, 0x00e6, 0x00e6,
  0x00e6, 0x00e6, 0x00e6, 0x00e5, 0x00e6, 0x00e6, 0x00e6, 0x00e6, 0x00e6, 0x00e6, 0x00e6, 0x00e6,
  0x00e6, 0x00e6, 0x00e6, 0x00e6, 0x00e6, 0x00c5, 0x00c5, 0x00e6, 0x00e6, 0x00e6, 0x00e6, 0x00e6,
  0x00e5, 0x00e5, 0x00c5, 0x00e6, 0x00e6, 0x00e5, 0x00c5, 0x00c5, 0x00c5, 0x00c5, 0x00c5, 0x00c5,
  0x00c5, 0x00c5, 0x00c5, 0x00c5, 0x00c6, 0x00c5, 0x00c5, 0x00e5, 0x00c5, 0x00c5, 0x00c5, 0x00c5,
  0x00c5, 0x00c5, 0x00e5, 0x00c5, 0x00c5, 0x00c5, 0x00c5, 0x00c5, 0x00c5, 0x00c5, 0x00c5, 0x00c5,
  0x00c5, 0x00c5, 0x00c5, 0x00c5, 0x00c5, 0x00c5, 0x00c5, 0x00c5, 0x00c5, 0x00c4, 0x00a4, 0x00a4,
  0x00a4, 0x00a5, 0x00a5, 0x00a4, 0x00a4, 0x00a4, 0x00a4, 0x00a5, 0x00c5, 0x00c5, 0x00c5, 0x00c5,
  0x00c5, 0x00c5, 0x00c5, 0x00c5, 0x00c5, 0x00c5, 0x00c5, 0x29a7, 0x00c5, 0x00c5, 0x00c5, 0x00c5,
  0x00c5, 0x00c5, 0x00c5, 0x00c5, 0x00c5, 0x00e5, 0x00e5, 0x00e5, 0x00c5, 0x00c5, 0x00e5, 0x00e5,
  0x00e5, 0x00e5, 0x00e5, 0x00e5, 0x00e5, 0x00e6, 0x00c5, 0x00c5, 0x00c5, 0x00e5, 0x00e5, 0x00e6,
  0x00e6, 0x00e6, 0x00e6, 0x00e6, 0x00e6, 0x00e6, 0x00e6, 0x00e6, 0x00e6, 0x00e6, 0x00e5, 0x00e5,
  0x00e6, 0x00e6, 0x00e6, 0x00e6, 0x00e6, 0x00e6, 0x00e6, 0x0106, 0x00e6, 0x0106, 0x0106, 0x0106,
  0x0106, 0x0106, 0x0106, 0x0106, 0x0106, 0x0106, 0x00e6, 0x00e6, 0x00e6, 0x00e6, 0x00e6, 0x00e6,
  0x00e6, 0x00e6, 0x00e6, 0x00e6, 0x00e6, 0x0106, 0x0106, 0x00e6, 0x0106, 0x0106, 0x0106, 0x0106,
  0x0106, 0x00e6, 0x00e6, 0x00e6, 0x00e6, 0x00e6, 0x00e6, 0x0106, 0x00e6, 0x0106, 0x0106, 0x00e6,
  0x00e6, 0x00e6, 0x00e6, 0x00e6, 0x00e6, 0x00e6, 0x00e6, 0x00e6, 0x00e6, 0x00e6, 0x0106, 0x0106,
  0x0107, 0x0107, 0x0107, 0x0107, 0x0107, 0x0107, 0x0107, 0x0107, 0x0107, 0x0107, 0x0107, 0x0107,
  0x0106, 0x0106, 0x0106, 0x0106, 0x0106, 0x0106, 0x0106, 0x0106, 0x0106, 0x00e6, 0x00e6, 0x00e6,
  0x00e6, 0x00e6, 0x00e6, 0x00e6, 0x00e6, 0x0106, 0x0106, 0x00e6, 0x00e6, 0x00e6, 0x00e6, 0x0106,
  0x0106, 0x0106, 0x0106, 0x0106, 0x0106, 0x0106, 0x0106, 0x0107, 0x0107, 0x0106, 0x0106, 0x0106,
  0x0106, 0x0106, 0x0106, 0x0106, 0x00e6, 0x00e6, 0x00e6, 0x00e6, 0x00e6, 0x00e6, 0x00e6, 0x00e6,
  0x00e6, 0x0106, 0x0106, 0x0106, 0x0107, 0x0106, 0x0106, 0x0106, 0x0106, 0x00e6, 0x00e6, 0x00e6,
  0x00e6, 0x00e6, 0x00e6, 0x00e6, 0x00e6, 0x00e6, 0x00e6, 0x00e6, 0x00e6, 0x00e6, 0x00e6, 0x00e6,
  0x0106, 0x0106, 0x0107, 0x0107, 0x0107, 0x0107, 0x0107, 0x0107, 0x0107, 0x0107, 0x0107, 0x0107,
  0x00e6, 0x00e6, 0x0106, 0x0106, 0x0106, 0x0106, 0x0106, 0x0106, 0x0106, 0x0107, 0x0106, 0x0106,
  0x0106, 0x0106, 0x0106, 0x0106, 0x0106, 0x0106, 0x0926, 0x0106, 0x0107, 0x0106, 0x0106, 0x0106,
  0x0106, 0x0106, 0x00e6, 0x00e6, 0x00e6, 0x00e6, 0x0106, 0x0106, 0x00e6, 0x00e6, 0x00e6, 0x00e6,
  0x00e6, 0x00e6, 0x00e6, 0x00e6, 0x00e6, 0x00e6, 0x00e6, 0x00e6, 0x00e6, 0x00e6, 0x00e6, 0x00e6,
  0x00e6, 0x00e6, 0x00e6, 0x00e6, 0x00e6, 0x00e6, 0x00e6, 0x00e6, 0x00e6, 0x00e6, 0x00c6, 0x00e6,
  0x00e6, 0x1126, 0x00e6, 0x00c5, 0x00c5, 0x00c5, 0x00c5, 0x00c5, 0x00e5, 0x00e5, 0x00e5, 0x00e6,
  0x00e6, 0x00e6, 0x00e6, 0x00e5, 0x00c5, 0x00c5, 0x00c5, 0x00c5, 0x00c5, 0x00c5, 0x00c5, 0x00c5,
  0x00c5, 0x00c5, 0x00c5, 0x00c5, 0x00c5, 0x00c5, 0x00c5, 0x00c5, 0x00c5, 0x00c5, 0x00c5, 0x00c5,
  0x00c5, 0x00c5, 0x00c5, 0x00c5, 0x00c5, 0x00c5, 0x00c5, 0x00c5, 0x00a4, 0x00a5, 0x00c5, 0x00c5,
  0x00c5, 0x00c5, 0x00c5, 0x00c5, 0x00c5, 0x00c5, 0x00e5, 0x00e5, 0x00c5, 0x00c5, 0x00c5, 0x00c5,
  0x00e5, 0x00e5, 0x00e5, 0x00e5, 0x00c5, 0x00c5, 0x00c5, 0x00c5, 0x00e5, 0x00c5, 0x00c5, 0x00c5,
  0x00e5, 0x00e5, 0x00e5, 0x00e6, 0x00e5, 0x00e5, 0x00e5, 0x00c5, 0x00e5, 0x00e6, 0x00e6, 0x00e6,
  0x00e6, 0x00e6, 0x0906, 0x00c5, 0x00c5, 0x00e5, 0x00e5, 0x00e6, 0x00e6, 0x00e6, 0x00e6, 0x00e6,
  0x00e6, 0x00e6, 0x00e6, 0x00e6, 0x00e6, 0x00e6, 0x00e6, 0x00e6, 0x00e6, 0x00e6, 0x00e6, 0x00e6,
  0x0106, 0x0106, 0x00e6, 0x0106, 0x0106, 0x0106, 0x0106, 0x0106, 0x0106, 0x00e6, 0x00e6, 0x0106,
  0x00e6, 0x0106, 0x00e6, 0x00e6, 0x00e6, 0x00e6, 0x00e6, 0x0106, 0x00e6, 0x00e6, 0x00e6, 0x00e6,
  0x0106, 0x00e6, 0x0106, 0x0106, 0x0107, 0x00e6, 0x0107, 0x0106, 0x0106, 0x0106, 0x00e6, 0x0106,
  0x0106, 0x0106, 0x0107, 0x00e6, 0x00e6, 0x0107, 0x0106, 0x0106, 0x0106, 0x00e6, 0x0106, 0x00e6,
  0x0106, 0x0106, 0x00e6, 0x0106, 0x0106, 0x0106, 0x0106, 0x0107, 0x0107, 0x0107, 0x0107, 0x0107,
  0x0107, 0x0107, 0x0107, 0x0107, 0x0107, 0x0107, 0x0107, 0x0107, 0x0107, 0x0107, 0x0107, 0x0107,
  0x0107, 0x0107, 0x0107, 0x0107, 0x0107, 0x0107, 0x0107, 0x0107, 0x0107, 0x0107, 0x0107, 0x0107,
  0x0107, 0x0107, 0x0107, 0x0107, 0x0107, 0x0107, 0x0107, 0x0107, 0x0106, 0x0106, 0x0106, 0x0106,
  0x0106, 0x0106, 0x0106, 0x0106, 0x0106, 0x0106, 0x0106, 0x0106, 0x0106, 0x0106, 0x0106, 0x0106,
  0x0106, 0x0106, 0x0106, 0x0107, 0x0107, 0x0107, 0x0107, 0x0107, 0x0107, 0x0107, 0x0107, 0x0107,
  0x0107, 0x0107, 0x0107, 0x0107, 0x0107, 0x0107, 0x0107, 0x0106, 0x0106, 0x0106, 0x0106, 0x0106,
  0x0106, 0x0106, 0x0106, 0x0106, 0x0106, 0x0107, 0x0107, 0x0107, 0x0107, 0x0107, 0x0107, 0x0107,
  0x0107, 0x0107, 0x0107, 0x0107, 0x0107, 0x0107, 0x0107, 0x0107, 0x0107, 0x0107, 0x0107, 0x0107,
  0x0107, 0x0107, 0x0107, 0x0107, 0x0107, 0x0107, 0x0107, 0x0107, 0x0107, 0x0107, 0x0107, 0x0107,
  0x0107, 0x0106, 0x0106, 0x0106, 0x0107, 0x0107, 0x0107, 0x00e6, 0x0106, 0x0106, 0x0106, 0x0106,
  0x00e6, 0x00e6, 0x00e6, 0x00e6, 0x00e6, 0x0106, 0x00e6, 0x00e6, 0x00e6, 0x00e6, 0x00e6, 0x00e6,
  0x00e6, 0x00e6, 0x00e6, 0x00e6, 0x00e6, 0x00e6, 0x00e6, 0x00e6, 0x00e6, 0x00e6, 0x00e6, 0x00e6,
  0x00e6, 0x00e6, 0x00e6, 0x00e6, 0x00e6, 0x00e6, 0x00e6, 0x00e6, 0x00c5, 0x00e5, 0x00e5, 0x00e6,
  0x00e6, 0x00e5, 0x00e6, 0x00c5, 0x00e6, 0x00e5, 0x00e6, 0x00e6, 0x00e6, 0x00e5, 0x00e6, 0x00e5,
  0x00e5, 0x00e5, 0x00c5, 0x00e5, 0x00c5, 0x00e5, 0x00c5, 0x00c5, 0x00c5, 0x00c5, 0x00e5, 0x00c5,
  0x00e5, 0x00c5, 0x00c5, 0x00c5, 0x00c5, 0x00c5, 0x00c5, 0x00c5, 0x00c5, 0x00c5, 0x00c5, 0x00c5,
  0x00c5, 0x00c5, 0x00a5, 0x00c5, 0x00c5, 0x00c5, 0x00c5, 0x00c5, 0x00a5, 0x00c5, 0x00c5, 0x00c5,
  0x00c5, 0x00e5, 0x00e5, 0x00c5, 0x00c6, 0x00c5, 0x00c5, 0x00e5, 0x00e5, 0x00e5, 0x00e5, 0x00e6,
  0x00e5, 0x00c5, 0x00e6, 0x00e6, 0x00e6, 0x00e6, 0x00e6, 0x00e6, 0x00e6, 0x00e6, 0x00e6, 0x00e6,
  0x00c5, 0x00e5, 0x00e5, 0x00e5, 0x00e6, 0x00e6, 0x00e6, 0x00e6, 0x00e6, 0x00e6, 0x00e6, 0x00e6,
  0x00e6, 0x00e6, 0x00e6, 0x00e6, 0x00e6, 0x00e6, 0x00e6, 0x00e6, 0x00e6, 0x00e6, 0x00e6, 0x00e6,
  0x00e6, 0x00e6, 0x0106, 0x00e6, 0x00e6, 0x00e6, 0x0106, 0x0106, 0x0106, 0x0106, 0x0106, 0x0106,
  0x0106, 0x0106, 0x0107, 0x0106, 0x08e6, 0x08e6, 0x0106, 0x0106, 0x0106, 0x0106, 0x00e6, 0x00e6,
  0x00e6, 0x00e6, 0x00e6, 0x0106, 0x0106, 0x0106, 0x0106, 0x0106, 0x0106, 0x0107, 0x0106, 0x0106,
  0x0106, 0x0107, 0x0107, 0x0106, 0x0107, 0x0106, 0x0106, 0x0106, 0x0106, 0x0107, 0x0107, 0x0107,
  0x0107, 0x0107, 0x0107, 0x0107, 0x0106, 0x0106, 0x00e6, 0x0106, 0x0106, 0x0107, 0x0107, 0x0106,
  0x0106, 0x0106, 0x0106, 0x0107, 0x0107, 0x0107, 0x0107, 0x0107, 0x0107, 0x0107, 0x0107, 0x0107,
  0x0107, 0x0127, 0x0127, 0x0127, 0x0107, 0x0107, 0x0107, 0x0107, 0x0107, 0x0107, 0x0107, 0x0107,
  0x0107, 0x0107, 0x0107, 0x0107, 0x0107, 0x0107, 0x0107, 0x0127, 0x0127, 0x0127, 0x0107, 0x0107,
  0x0107, 0x0107, 0x0107, 0x0107, 0x0107, 0x0107, 0x0107, 0x0107, 0x0107, 0x0107, 0x0107, 0x0107,
  0x0107, 0x0107, 0x0107, 0x0107, 0x0107, 0x0107, 0x0107, 0x0127, 0x0127, 0x0127, 0x0127, 0x0127,
  0x0927, 0x0927, 0x0927, 0x0127, 0x0127, 0x0127, 0x0127, 0x0127, 0x0127, 0x0107, 0x0107, 0x0107,
  0x0107, 0x0106, 0x0106, 0x0106, 0x0106, 0x0106, 0x0106, 0x0106, 0x0106, 0x0106, 0x0106, 0x0107,
  0x0107, 0x0107, 0x0107, 0x0107, 0x0127, 0x0127, 0x0107, 0x0127, 0x0127, 0x0127, 0x0127, 0x0127,
  0x0107, 0x0107, 0x0107, 0x0107, 0x0107, 0x0107, 0x0107, 0x0107, 0x0107, 0x0107, 0x0107, 0x0107,
  0x0107, 0x0107, 0x0107, 0x0107, 0x0107, 0x0107, 0x0107, 0x0107, 0x0107, 0x0107, 0x0107, 0x0107,
  0x0107, 0x0107, 0x0107, 0x0107, 0x0107, 0x0106, 0x0107, 0x0107, 0x0106, 0x0106, 0x0106, 0x00e6,
  0x00e6, 0x00e6, 0x0106, 0x00e6, 0x00e6, 0x00e6, 0x00e6, 0x0106, 0x00e6, 0x00e6, 0x00e6, 0x00e6,
  0x00e6, 0x00e6, 0x00e6, 0x00e6, 0x00e6, 0x00e6, 0x00e6, 0x00e6, 0x00e6, 0x0106, 0x00e6, 0x00e6,
  0x00e6, 0x00e6, 0x00e6, 0x00e6, 0x00e6, 0x00e5, 0x00e6, 0x00e6, 0x00e6, 0x00e6, 0x00c6, 0x00e6,
  0x00e6, 0x00e6, 0x00e6, 0x00e6, 0x00e6, 0x00e6, 0x00e6, 0x00e6, 0x00e6, 0x00e6, 0x00e5, 0x00e5,
  0x00e5, 0x00e5, 0x00e5, 0x00c5, 0x00e5, 0x00e5, 0x00e5, 0x00c5, 0x00e5, 0x00c5, 0x00c5, 0x00c5,
  0x00c5, 0x00c5, 0x00c5, 0x00c5, 0x00c5, 0x00c5, 0x00c5, 0x00c5, 0x00c5, 0x00c5, 0x00c5, 0x00c5,
  0x00c5, 0x00c5, 0x00c5, 0x00c5, 0x00c5, 0x00c5, 0x00c5, 0x00c5, 0x00e6, 0x00e6, 0x00e6, 0x00e6,
  0x00e6, 0x00e5, 0x00e5, 0x00e5, 0x00e5, 0x00e5, 0x00e5, 0x00e5, 0x00e6, 0x00e6, 0x00e6, 0x00e6,
  0x00e6, 0x00e6, 0x00e6, 0x00e6, 0x00e6, 0x00e6, 0x00e6, 0x00e6, 0x0926, 0x00e5, 0x00e5, 0x00e5,
  0x00e6, 0x00e6, 0x00e6, 0x00e6, 0x00e6, 0x00e6, 0x00e6, 0x00e6, 0x00e6, 0x00e6, 0x00e6, 0x00e6,
  0x00e6, 0x00e6, 0x0106, 0x0106, 0x0106, 0x00e6, 0x00e6, 0x00e6, 0x00e6, 0x00e6, 0x0106, 0x0106,
  0x00e6, 0x00e6, 0x00e6, 0x0106, 0x0106, 0x0107, 0x0107, 0x0107, 0x0106, 0x0106, 0x0107, 0x0107,
  0x0106, 0x0106, 0x0106, 0x0106, 0x0106, 0x0106, 0x00e6, 0x00e6, 0x0106, 0x00e6, 0x0106, 0x0106,
  0x00e6, 0x0107, 0x0107, 0x0107, 0x0107, 0x0107, 0x0107, 0x0107, 0x0107, 0x0107, 0x0107, 0x0107,
  0x0107, 0x0107, 0x0107, 0x0107, 0x0107, 0x0107, 0x0107, 0x0107, 0x0107, 0x0127, 0x0107, 0x0107,
  0x0107, 0x0107, 0x0107, 0x0106, 0x0107, 0x0107, 0x0107, 0x0107, 0x0107, 0x0107, 0x0107, 0x0107,
  0x0127, 0x0127, 0x0127, 0x0127, 0x0127, 0x0107, 0x0127, 0x0127, 0x0127, 0x0127, 0x0127, 0x0127,
  0x0127, 0x0127, 0x0127, 0x0127, 0x0127, 0x0127, 0x0127, 0x0127, 0x0127, 0x0127, 0x0127, 0x0127,
  0x0127, 0x0127, 0x0127, 0x0127, 0x0127, 0x0127, 0x0127, 0x0127, 0x0127, 0x0127, 0x0127, 0x0127,
  0x0127, 0x0127, 0x0127, 0x0127, 0x0127, 0x0127, 0x0127, 0x0127, 0x0127, 0x0127, 0x0927, 0x0127,
  0x0127, 0x0127, 0x0107, 0x0107, 0x0107, 0x0107, 0x0107, 0x0107, 0x0107, 0x0107, 0x0107, 0x0107,
  0x0107, 0x0107, 0x0927, 0x0927, 0x0927, 0x0927, 0x0927, 0x0127, 0x0127, 0x0127, 0x0127, 0x0127,
  0x0127, 0x0127, 0x0127, 0x0127, 0x0127, 0x0127, 0x0127, 0x0127, 0x0127, 0x0127, 0x0127, 0x0127,
  0x0127, 0x0107, 0x0107, 0x0107, 0x0107, 0x0107, 0x0107, 0x0107, 0x0107, 0x0107, 0x0107, 0x0107,
  0x0107, 0x0107, 0x0107, 0x0107, 0x0107, 0x0127, 0x0107, 0x0107, 0x0107, 0x0107, 0x0107, 0x0107,
  0x0107, 0x0107, 0x0107, 0x0107, 0x0107, 0x0127, 0x0127, 0x0107, 0x0107, 0x0107, 0x0107, 0x0107,
  0x0107, 0x0107, 0x0107, 0x0107, 0x0106, 0x0107, 0x0106, 0x0106, 0x0106, 0x0106, 0x0107, 0x0107,
  0x0106, 0x0106, 0x0106, 0x0106, 0x0106, 0x0106, 0x0106, 0x0106, 0x0106, 0x0106, 0x0107, 0x00e6,
  0x00e6, 0x0106, 0x00e6, 0x0106, 0x0106, 0x0106, 0x0106, 0x0106, 0x0106, 0x00e6, 0x00e6, 0x00e6,
  0x0106, 0x00e6, 0x00e6, 0x00e6, 0x00e6, 0x00e6, 0x00e6, 0x00e6, 0x00e6, 0x00e6, 0x00e6, 0x00e6,
  0x00e6, 0x00e6, 0x00e6, 0x00e6, 0x00e6, 0x00e6, 0x00e6, 0x00e5, 0x00e5, 0x00e5, 0x00e5, 0x00e5,
  0x00e5, 0x00e5, 0x00e6, 0x00e6, 0x00e5, 0x00e5, 0x00c5, 0x00c5, 0x00c5, 0x00c5, 0x00c5, 0x00c5,
  0x00e5, 0x00c5, 0x00c5, 0x00c5, 0x00c5, 0x00c5, 0x00c5, 0x00c5, 0x00c5, 0x00c5, 0x00c5, 0x00c5,
  0x00c5, 0x00c5, 0x00c5, 0x00c5, 0x00e6, 0x00e6, 0x00e6, 0x00e6, 0x00e6, 0x00e6, 0x00e6, 0x00e6,
  0x00e6, 0x00e6, 0x00e6, 0x00e6, 0x00e6, 0x00e6, 0x00e6, 0x00e6, 0x00e6, 0x00e6, 0x00e6, 0x00e6,
  0x00e6, 0x00e6, 0x00e6, 0x00e6, 0x00e6, 0x00e6, 0x00e6, 0x0106, 0x0106, 0x0106, 0x0106, 0x0106,
  0x0106, 0x00e6, 0x00e6, 0x00e6, 0x00e6, 0x0106, 0x0106, 0x0106, 0x00e6, 0x0106, 0x0106, 0x0106,
  0x0106, 0x0106, 0x0106, 0x0106, 0x0106, 0x0107, 0x0107, 0x0107, 0x0106, 0x0106, 0x0107, 0x0107,
  0x0107, 0x0107, 0x0107, 0x0107, 0x0107, 0x0107, 0x0107, 0x0107, 0x0107, 0x0107, 0x0107, 0x0107,
  0x0106, 0x0106, 0x0107, 0x0106, 0x0106, 0x0107, 0x0107, 0x0107, 0x0107, 0x0107, 0x0107, 0x0127,
  0x0127, 0x0127, 0x0127, 0x0927, 0x0127, 0x0107, 0x0127, 0x0127, 0x0127, 0x0127, 0x0127, 0x0127,
  0x0127, 0x0127, 0x0107, 0x0127, 0x0107, 0x0127, 0x0107, 0x0107, 0x0107, 0x0107, 0x0107, 0x0127,
  0x0107, 0x0107, 0x0107, 0x0927, 0x0127, 0x0127, 0x0127, 0x0127, 0x0127, 0x0127, 0x0127, 0x0127,
  0x0127, 0x0127, 0x0127, 0x0127, 0x0127, 0x0127, 0x0127, 0x0127, 0x0127, 0x0127, 0x0127, 0x0127,
  0x0127, 0x0127, 0x0127, 0x0127, 0x0127, 0x0127, 0x0127, 0x0127, 0x0127, 0x0127, 0x0127, 0x0127,
  0x0127, 0x0127, 0x0127, 0x0127, 0x0127, 0x0127, 0x0127, 0x0127, 0x0127, 0x0127, 0x0127, 0x0127,
  0x0127, 0x0127, 0x0127, 0x0127, 0x0127, 0x0127, 0x0127, 0x0127, 0x0127, 0x0127, 0x0127, 0x0127,
  0x0127, 0x0127, 0x0127, 0x0127, 0x0127, 0x0127, 0x0127, 0x0927, 0x0127, 0x0127, 0x0127, 0x0127,
  0x0127, 0x0127, 0x0127, 0x0127, 0x0127, 0x0127, 0x0127, 0x0927, 0x0127, 0x0127, 0x0127, 0x0127,
  0x0127, 0x0127, 0x0127, 0x0127, 0x0127, 0x0127, 0x0127, 0x0127, 0x0127, 0x0127, 0x0127, 0x0127,
  0x0127, 0x0127, 0x0127, 0x0127, 0x0127, 0x0127, 0x0127, 0x0127, 0x0127, 0x0127, 0x0127, 0x0127,
  0x0127, 0x0127, 0x0127, 0x0127, 0x0127, 0x0127, 0x0127, 0x0127, 0x0127, 0x0127, 0x0127, 0x0127,
  0x0127, 0x0127, 0x0127, 0x0107, 0x0127, 0x0127, 0x0127, 0x0107, 0x0127, 0x0127, 0x0107, 0x0107,
  0x0127, 0x0107, 0x0106, 0x0107, 0x0107, 0x0107, 0x0107, 0x0107, 0x0107, 0x0107, 0x0107, 0x0107,
  0x0107, 0x0107, 0x0107, 0x0106, 0x0107, 0x0107, 0x0106, 0x0107, 0x0107, 0x0106, 0x00e6, 0x0106,
  0x0106, 0x0106, 0x0106, 0x0106, 0x0106, 0x0106, 0x0106, 0x00e6, 0x00e6, 0x00e6, 0x0106, 0x00e6,
  0x00e6, 0x0106, 0x0106, 0x0106, 0x0106, 0x0106, 0x00e6, 0x00e6, 0x00e6, 0x0106, 0x0106, 0x00e6,
  0x00e6, 0x00e6, 0x00e6, 0x00e6, 0x00e6, 0x00e6, 0x00e6, 0x00e5, 0x00e6, 0x00e6, 0x00e6, 0x00e6,
  0x00e5, 0x00e5, 0x00e5, 0x00e5, 0x0906, 0x00c5, 0x00e6, 0x00e6, 0x00e6, 0x00e5, 0x00e5, 0x00e5,
  0x00e5, 0x00c5, 0x00c5, 0x00c5, 0x00e5, 0x00c5, 0x00c5, 0x00c5, 0x00c5, 0x00e5, 0x00e5, 0x00c5,
  0x00e6, 0x00e6, 0x00e6, 0x00e6, 0x00e6, 0x00e6, 0x00e6, 0x00e6, 0x00e6, 0x00e6, 0x00e6, 0x00e6,
  0x00e6, 0x00e6, 0x00e6, 0x00e6, 0x00e6, 0x00e6, 0x00e6, 0x00e6, 0x00e6, 0x00e6, 0x00e6, 0x00e6,
  0x00e6, 0x00e6, 0x0106, 0x0106, 0x0106, 0x0106, 0x0106, 0x0106, 0x00e6, 0x0106, 0x00e6, 0x0106,
  0x0106, 0x0106, 0x0106, 0x0106, 0x0107, 0x0106, 0x0106, 0x0107, 0x0106, 0x0106, 0x0106, 0x0106,
  0x0107, 0x0107, 0x0106, 0x0106, 0x00e6, 0x0927, 0x0107, 0x0107, 0x0107, 0x0107, 0x0107, 0x0107,
  0x0107, 0x0107, 0x0107, 0x0107, 0x0107, 0x0107, 0x0107, 0x0107, 0x0107, 0x0107, 0x0107, 0x0107,
  0x0107, 0x0107, 0x0107, 0x21a9, 0x0107, 0x0107, 0x0107, 0x0127, 0x0127, 0x0127, 0x0127, 0x0127,
  0x0127, 0x0127, 0x0127, 0x0127, 0x0127, 0x0927, 0x0127, 0x0127, 0x0127, 0x0127, 0x0107, 0x0127,
  0x0127, 0x0127, 0x0107, 0x0127, 0x0107, 0x0127, 0x0127, 0x0127, 0x0127, 0x0107, 0x0107, 0x0127,
  0x0927, 0x0127, 0x0127, 0x0127, 0x0127, 0x0127, 0x0127, 0x0107, 0x0107, 0x0107, 0x0107, 0x0107,
  0x0107, 0x0127, 0x0127, 0x0127, 0x0127, 0x0127, 0x0127, 0x0127, 0x0127, 0x0127, 0x0127, 0x0127,
  0x0127, 0x0127, 0x0127, 0x0127, 0x0127, 0x0127, 0x0127, 0x0127, 0x0127, 0x0127, 0x0127, 0x0127,
  0x0127, 0x0127, 0x0127, 0x0127, 0x0127, 0x0127, 0x0127, 0x0127, 0x0127, 0x0127, 0x0127, 0x0127,
  0x0127, 0x0127, 0x0127, 0x0127, 0x0127, 0x0127, 0x0127, 0x0127, 0x0127, 0x0127, 0x0127, 0x0127,
  0x0127, 0x0127, 0x0127, 0x0127, 0x0127, 0x0927, 0x0927, 0x0927, 0x0927, 0x0927, 0x0927, 0x0927,
  0x0127, 0x0127, 0x0127, 0x0927, 0x0127, 0x0127, 0x0127, 0x0127, 0x0127, 0x0127, 0x0127, 0x0127,
  0x0127, 0x0127, 0x0127, 0x0127, 0x0127, 0x0127, 0x0127, 0x0127, 0x0127, 0x0127, 0x0927, 0x0927,
  0x0927, 0x0127, 0x0127, 0x0127, 0x0127, 0x0127, 0x0127, 0x0127, 0x0928, 0x0948, 0x0127, 0x0127,
  0x0127, 0x0127, 0x0127, 0x0127, 0x0127, 0x0107, 0x0127, 0x0127, 0x0127, 0x0127, 0x0127, 0x0127,
  0x0127, 0x0127, 0x0127, 0x0127, 0x0127, 0x0127, 0x0107, 0x0127, 0x0107, 0x0127, 0x0127, 0x0127,
  0x0107, 0x0107, 0x0107, 0x0107, 0x0107, 0x0107, 0x0107, 0x0107, 0x0107, 0x0107, 0x0107, 0x0107,
  0x0107, 0x0107, 0x0107, 0x0107, 0x0107, 0x0106, 0x0106, 0x0106, 0x0106, 0x0107, 0x0107, 0x0107,
  0x0106, 0x0106, 0x0106, 0x0106, 0x00e6, 0x00e6, 0x0106, 0x0106, 0x0106, 0x00e6, 0x0106, 0x0106,
  0x0106, 0x0106, 0x00e6, 0x0106, 0x00e6, 0x0106, 0x0106, 0x00e6, 0x00e6, 0x00e6, 0x00e6, 0x00e6,
  0x00e6, 0x00e6, 0x00e6, 0x00e6, 0x00e6, 0x00e6, 0x00e6, 0x00e6, 0x00e6, 0x00e6, 0x00e6, 0x00e6,
  0x08e6, 0x00e5, 0x00e6, 0x00e5, 0x00e5, 0x00e5, 0x00e6, 0x00e5, 0x00c5, 0x00c5, 0x00c5, 0x00c5,
  0x00e5, 0x00c5, 0x00c5, 0x00c5, 0x00c5, 0x00c5, 0x00e5, 0x00e5, 0x00e6, 0x00e6, 0x00e6, 0x00e6,
  0x00e6, 0x00e6, 0x00e6, 0x00e6, 0x0106, 0x0106, 0x00e6, 0x00e6, 0x00e6, 0x00e6, 0x00e6, 0x0106,
  0x00e6, 0x0106, 0x00e6, 0x00e6, 0x00e6, 0x0106, 0x0106, 0x00e6, 0x0106, 0x0106, 0x0106, 0x0106,
  0x0107, 0x0106, 0x0907, 0x0906, 0x0106, 0x0106, 0x0106, 0x0106, 0x0106, 0x00e6, 0x0926, 0x0107,
  0x0107, 0x1147, 0x0107, 0x0107, 0x0107, 0x0107, 0x0107, 0x0107, 0x0107, 0x0107, 0x0107, 0x0107,
  0x0106, 0x0107, 0x0107, 0x0107, 0x0107, 0x0107, 0x0107, 0x0127, 0x0127, 0x0127, 0x0927, 0x0127,
  0x0107, 0x0127, 0x0127, 0x0127, 0x0107, 0x0107, 0x0107, 0x0107, 0x0107, 0x0127, 0x0107, 0x0107,
  0x0127, 0x0107, 0x0107, 0x0127, 0x0127, 0x0127, 0x0127, 0x0927, 0x0927, 0x0127, 0x0928, 0x0127,
  0x0127, 0x0127, 0x0127, 0x0127, 0x0127, 0x0127, 0x0927, 0x0127, 0x0127, 0x0127, 0x0127, 0x0127,
  0x0127, 0x0128, 0x0127, 0x0127, 0x0127, 0x0127, 0x0927, 0x0127, 0x0927, 0x0127, 0x0127, 0x0148,
  0x0148, 0x0948, 0x0948, 0x0948, 0x0948, 0x0948, 0x0948, 0x0128, 0x0128, 0x0127, 0x0127, 0x0127,
  0x0127, 0x0127, 0x0127, 0x0127, 0x0127, 0x0127, 0x0127, 0x0127, 0x0127, 0x0127, 0x0127, 0x0127,
  0x0127, 0x0127, 0x0127, 0x0127, 0x0127, 0x0127, 0x0127, 0x0127, 0x0127, 0x0127, 0x0127, 0x0127,
  0x0127, 0x0127, 0x0127, 0x0127, 0x0127, 0x0127, 0x0127, 0x0127, 0x0127, 0x0127, 0x0127, 0x0127,
  0x0127, 0x0127, 0x0127, 0x0127, 0x0127, 0x0127, 0x0107, 0x0127, 0x0127, 0x0127, 0x0127, 0x0127,
  0x0127, 0x0127, 0x0127, 0x0927, 0x0927, 0x0927, 0x0927, 0x0927, 0x0927, 0x0927, 0x0927, 0x0127,
  0x0127, 0x0127, 0x0127, 0x0127, 0x0127, 0x0127, 0x0127, 0x0127, 0x0127, 0x0127, 0x0127, 0x0127,
  0x0127, 0x0127, 0x0127, 0x0127, 0x0127, 0x0127, 0x0127, 0x0127, 0x0127, 0x0127, 0x0127, 0x0127,
  0x0127, 0x0127, 0x0127, 0x0128, 0x0128, 0x0127, 0x0127, 0x0127, 0x0127, 0x0127, 0x21ca, 0x0127,
  0x0128, 0x0128, 0x0127, 0x0127, 0x0127, 0x0128, 0x0127, 0x0127, 0x0127, 0x0127, 0x0127, 0x0128,
  0x0127, 0x0127, 0x0127, 0x0127, 0x0107, 0x0127, 0x0127, 0x0127, 0x0127, 0x0127, 0x0127, 0x0127,
  0x0127, 0x0107, 0x0127, 0x0107, 0x0907, 0x0107, 0x0127, 0x0127, 0x0107, 0x0107, 0x0107, 0x0107,
  0x0106, 0x0106, 0x0106, 0x0107, 0x0107, 0x0927, 0x0927, 0x0107, 0x0907, 0x0107, 0x0907, 0x0107,
  0x0106, 0x0106, 0x0106, 0x0107, 0x0106, 0x0106, 0x0106, 0x0106, 0x0106, 0x0106, 0x0106, 0x0106,
  0x0106, 0x00e6, 0x00e6, 0x00e6, 0x00e6, 0x0106, 0x00e6, 0x00e6, 0x00e6, 0x00e6, 0x00e6, 0x0106,
  0x00e6, 0x0106, 0x00e6, 0x0106, 0x00e6, 0x00e6, 0x00e6, 0x00e6, 0x00e6, 0x00e6, 0x00e6, 0x00e6,
  0x00e6, 0x00e6, 0x00e6, 0x00e6, 0x00e6, 0x00e5, 0x00e5, 0x00e5, 0x00c5, 0x00e5, 0x00e5, 0x00c5,
  0x00c5, 0x00e5, 0x00e5, 0x00e5, 0x0106, 0x00e6, 0x00e6, 0x00e6, 0x0106, 0x0106, 0x0106, 0x0106,
  0x0106, 0x0106, 0x0106, 0x0106, 0x0106, 0x0106, 0x00e6, 0x0106, 0x0106, 0x0106, 0x0106, 0x0106,
  0x0106, 0x0107, 0x0106, 0x0106, 0x0106, 0x0106, 0x0106, 0x0107, 0x0107, 0x0107, 0x0107, 0x0106,
  0x0106, 0x0107, 0x0106, 0x0106, 0x0107, 0x0106, 0x0927, 0x0107, 0x0107, 0x1147, 0x0107, 0x0927,
  0x0127, 0x0127, 0x0127, 0x0127, 0x0107, 0x0107, 0x0107, 0x0127, 0x0127, 0x0127, 0x0127, 0x0127,
  0x0127, 0x0127, 0x0127, 0x0927, 0x0927, 0x0927, 0x0927, 0x0927, 0x0927, 0x0927, 0x0127, 0x0127,
  0x0127, 0x0127, 0x0127, 0x0127, 0x0127, 0x0127, 0x0127, 0x0127, 0x0127, 0x0127, 0x0127, 0x0127,
  0x0127, 0x0927, 0x0128, 0x0128, 0x0928, 0x0948, 0x0948, 0x0948, 0x0148, 0x0927, 0x0127, 0x0127,
  0x0148, 0x0128, 0x0948, 0x0127, 0x0128, 0x0148, 0x0148, 0x0928, 0x0928, 0x0128, 0x0128, 0x0928,
  0x0127, 0x0128, 0x0128, 0x0928, 0x0948, 0x0928, 0x0928, 0x0128, 0x0128, 0x0128, 0x0128, 0x0128,
  0x0128, 0x0128, 0x0128, 0x0128, 0x0128, 0x0128, 0x0148, 0x0148, 0x0128, 0x0128, 0x0128, 0x0128,
  0x0128, 0x0128, 0x0128, 0x0128, 0x0128, 0x0128, 0x0128, 0x0128, 0x0128, 0x0128, 0x0128, 0x0128,
  0x0128, 0x0128, 0x0128, 0x0128, 0x0128, 0x0128, 0x0128, 0x0128, 0x0128, 0x0148, 0x0148, 0x0128,
  0x0128, 0x0148, 0x0148, 0x0148, 0x0148, 0x0148, 0x0148, 0x0148, 0x0148, 0x0148, 0x0148, 0x0128,
  0x0128, 0x0128, 0x0128, 0x0128, 0x0128, 0x0128, 0x0128, 0x0128, 0x0128, 0x0128, 0x0128, 0x0128,
  0x0128, 0x0128, 0x0128, 0x0128, 0x0128, 0x0128, 0x0128, 0x0128, 0x0128, 0x0128, 0x0128, 0x0128,
  0x0128, 0x0128, 0x0128, 0x0128, 0x0128, 0x0128, 0x0148, 0x0148, 0x0148, 0x0148, 0x0148, 0x0148,
  0x0148, 0x0148, 0x0128, 0x0128, 0x0128, 0x0128, 0x0128, 0x0128, 0x0128, 0x0128, 0x0128, 0x0148,
  0x0948, 0x0128, 0x0127, 0x0127, 0x0128, 0x0128, 0x0128, 0x0928, 0x0928, 0x0128, 0x0128, 0x0127,
  0x0948, 0x0948, 0x0928, 0x0148, 0x0128, 0x0148, 0x0128, 0x0128, 0x0148, 0x0148, 0x0127, 0x0127,
  0x0127, 0x0127, 0x0127, 0x0127, 0x0928, 0x0927, 0x0927, 0x0127, 0x0127, 0x0127, 0x0127, 0x0127,
  0x0127, 0x0127, 0x0927, 0x0107, 0x0127, 0x0107, 0x0107, 0x0107, 0x0127, 0x0107, 0x0127, 0x0127,
  0x0127, 0x0947, 0x0927, 0x0927, 0x0127, 0x0927, 0x0927, 0x0907, 0x0927, 0x0107, 0x0106, 0x0106,
  0x0107, 0x0107, 0x0947, 0x0106, 0x0106, 0x0106, 0x0106, 0x0107, 0x0106, 0x00e6, 0x0106, 0x00e6,
  0x0106, 0x0106, 0x0106, 0x0106, 0x0106, 0x0106, 0x0106, 0x0106, 0x0906, 0x0106, 0x0106, 0x0106,
  0x0106, 0x0106, 0x00e6, 0x00e6, 0x00e6, 0x00e6, 0x00e6, 0x00e6, 0x00e6, 0x00e6, 0x00e6, 0x00e6,
  0x00e6, 0x00e6, 0x00e6, 0x00e6, 0x00e6, 0x00e6, 0x00e5, 0x00e5, 0x00e5, 0x00e5, 0x00e6, 0x00e5,
  0x0106, 0x0106, 0x00e6, 0x0106, 0x0106, 0x0106, 0x0106, 0x0106, 0x0106, 0x0106, 0x0106, 0x0106,
  0x0106, 0x0106, 0x0106, 0x0106, 0x00e6, 0x0106, 0x0107, 0x0107, 0x0107, 0x0107, 0x0907, 0x0107,
  0x0107, 0x0107, 0x0907, 0x0907, 0x0107, 0x0127, 0x0107, 0x0107, 0x0106, 0x0107, 0x0107, 0x0107,
  0x0106, 0x0107, 0x0127, 0x0107, 0x0107, 0x0107, 0x0127, 0x0127, 0x0127, 0x0127, 0x0127, 0x0127,
  0x0927, 0x0127, 0x0127, 0x0927, 0x0127, 0x0127, 0x0107, 0x0127, 0x0127, 0x0127, 0x0927, 0x0927,
  0x0927, 0x0927, 0x0127, 0x0948, 0x0928, 0x0948, 0x0147, 0x0127, 0x0127, 0x0127, 0x0127, 0x0127,
  0x0127, 0x0127, 0x0127, 0x0127, 0x0127, 0x0127, 0x0128, 0x0128, 0x0928, 0x0928, 0x0148, 0x0948,
  0x0948, 0x0948, 0x0948, 0x0928, 0x0928, 0x0948, 0x0148, 0x0127, 0x0148, 0x0948, 0x0928, 0x0128,
  0x0148, 0x0148, 0x0148, 0x0948, 0x0948, 0x0928, 0x0128, 0x0128, 0x0948, 0x0948, 0x0128, 0x0928,
  0x0928, 0x0948, 0x0948, 0x0928, 0x0128, 0x0128, 0x0128, 0x0128, 0x0128, 0x0128, 0x0128, 0x0128,
  0x0128, 0x0128, 0x0128, 0x0128, 0x0128, 0x0128, 0x0128, 0x0128, 0x0128, 0x0128, 0x0128, 0x0128,
  0x0128, 0x0128, 0x0128, 0x0128, 0x0128, 0x0148, 0x0148, 0x0148, 0x0148, 0x0148, 0x0148, 0x0148,
  0x0128, 0x0128, 0x0148, 0x0148, 0x0148, 0x0148, 0x0148, 0x0148, 0x0148, 0x0148, 0x0148, 0x0148,
  0x0148, 0x0148, 0x0148, 0x0148, 0x0148, 0x0148, 0x0128, 0x0128, 0x0128, 0x0128, 0x0148, 0x0148,
  0x0148, 0x0148, 0x0148, 0x0148, 0x0148, 0x0148, 0x0148, 0x0948, 0x0948, 0x0948, 0x0948, 0x0948,
  0x0948, 0x0948, 0x0948, 0x0948, 0x0948, 0x0948, 0x0948, 0x0948, 0x0148, 0x0148, 0x0148, 0x0148,
  0x0148, 0x0148, 0x0148, 0x0148, 0x0148, 0x0148, 0x0148, 0x0148, 0x0148, 0x0148, 0x0148, 0x0148,
  0x0148, 0x0148, 0x0148, 0x0148, 0x0148, 0x0148, 0x0148, 0x0948, 0x0948, 0x0948, 0x0128, 0x0128,
  0x0148, 0x0148, 0x0928, 0x0148, 0x0128, 0x0928, 0x0948, 0x0128, 0x0948, 0x0948, 0x0948, 0x0948,
  0x0948, 0x0948, 0x0928, 0x0148, 0x0948, 0x0148, 0x0148, 0x0127, 0x0128, 0x0128, 0x0127, 0x0128,
  0x0948, 0x0928, 0x0928, 0x0927, 0x0127, 0x0127, 0x0927, 0x0927, 0x0127, 0x0127, 0x0107, 0x0107,
  0x0127, 0x0107, 0x0107, 0x0127, 0x0127, 0x0127, 0x0127, 0x0127, 0x0127, 0x0127, 0x0127, 0x0127,
  0x0927, 0x0927, 0x0927, 0x0927, 0x0927, 0x0127, 0x0106, 0x0106, 0x0107, 0x0107, 0x0107, 0x0107,
  0x0107, 0x0107, 0x0107, 0x0107, 0x0106, 0x0106, 0x0107, 0x0106, 0x0106, 0x0106, 0x0106, 0x0106,
  0x0106, 0x0106, 0x0106, 0x0106, 0x0107, 0x0106, 0x0106, 0x0107, 0x0106, 0x0106, 0x0106, 0x0106,
  0x00e6, 0x0106, 0x00e6, 0x00e6, 0x00e6, 0x00e6, 0x00e6, 0x00e6, 0x0106, 0x00e6, 0x00e6, 0x00e6,
  0x00e6, 0x00e6, 0x00e5, 0x00e5, 0x00e6, 0x00e6, 0x00e5, 0x00e5, 0x0106, 0x0106, 0x0106, 0x00e6,
  0x0106, 0x0106, 0x0106, 0x0106, 0x0107, 0x0106, 0x0106, 0x0106, 0x0106, 0x0107, 0x0107, 0x0107,
  0x0107, 0x0107, 0x0106, 0x0106, 0x0106, 0x0107, 0x0907, 0x0107, 0x0927, 0x0907, 0x0927, 0x0927,
  0x0107, 0x0107, 0x0107, 0x0107, 0x0127, 0x0127, 0x0107, 0x0107, 0x0107, 0x0107, 0x0127, 0x0107,
  0x0127, 0x0927, 0x0127, 0x0127, 0x0127, 0x0127, 0x0127, 0x0927, 0x0927, 0x0927, 0x0927, 0x0927,
  0x0927, 0x0127, 0x0107, 0x0127, 0x0127, 0x0127, 0x0128, 0x0127, 0x0127, 0x0948, 0x0927, 0x0948,
  0x0928, 0x0928, 0x0928, 0x0928, 0x0928, 0x0127, 0x0127, 0x0127, 0x0948, 0x0948, 0x0948, 0x0927,
  0x0128, 0x0128, 0x0948, 0x0948, 0x0948, 0x0948, 0x0948, 0x0948, 0x0948, 0x0948, 0x0948, 0x0948,
  0x0948, 0x0948, 0x0948, 0x0148, 0x0148, 0x0948, 0x0928, 0x0148, 0x0148, 0x0148, 0x0148, 0x0948,
  0x0928, 0x0948, 0x0928, 0x0948, 0x0948, 0x0948, 0x0128, 0x0928, 0x0948, 0x0948, 0x0948, 0x0948,
  0x0148, 0x0148, 0x0148, 0x0148, 0x0128, 0x0128, 0x0128, 0x0148, 0x0148, 0x0948, 0x0948, 0x0948,
  0x0948, 0x0948, 0x0948, 0x0948, 0x0948, 0x0148, 0x0148, 0x0148, 0x0148, 0x0148, 0x0148, 0x0148,
  0x0148, 0x0148, 0x0148, 0x0148, 0x0148, 0x0148, 0x0148, 0x0148, 0x0148, 0x0148, 0x0148, 0x0148,
  0x0948, 0x0948, 0x0148, 0x0148, 0x0148, 0x0148, 0x0148, 0x0128, 0x0148, 0x0148, 0x0148, 0x0148,
  0x0148, 0x0148, 0x0148, 0x0148, 0x0148, 0x0148, 0x0948, 0x0948, 0x0948, 0x0948, 0x0948, 0x0948,
  0x0948, 0x0948, 0x0948, 0x0948, 0x0948, 0x0948, 0x0948, 0x0948, 0x0948, 0x0948, 0x0948, 0x0948,
  0x0948, 0x0948, 0x0948, 0x0948, 0x0948, 0x0148, 0x0148, 0x0148, 0x0148, 0x0948, 0x0948, 0x0948,
  0x0948, 0x0948, 0x0948, 0x0148, 0x0148, 0x0148, 0x0148, 0x0148, 0x0148, 0x0148, 0x0948, 0x0948,
  0x0948, 0x0948, 0x0148, 0x0148, 0x0948, 0x0948, 0x0148, 0x0148, 0x0148, 0x0148, 0x0148, 0x0148,
  0x0148, 0x0948, 0x0948, 0x0148, 0x0948, 0x0948, 0x0948, 0x0948, 0x0948, 0x0948, 0x0928, 0x0948,
  0x0928, 0x0948, 0x0148, 0x0148, 0x0148, 0x0148, 0x0148, 0x0948, 0x0928, 0x0927, 0x0948, 0x0948,
  0x0928, 0x0927, 0x0927, 0x0927, 0x0927, 0x0927, 0x0927, 0x0127, 0x0927, 0x0127, 0x0127, 0x0127,
  0x0127, 0x0127, 0x0127, 0x0127, 0x0927, 0x0107, 0x0927, 0x0127, 0x0927, 0x0927, 0x0927, 0x0927,
  0x0927, 0x0927, 0x0127, 0x0127, 0x0107, 0x0107, 0x0127, 0x0107, 0x1147, 0x0107, 0x0107, 0x0107,
  0x0107, 0x0107, 0x0927, 0x0107, 0x0107, 0x0107, 0x0107, 0x0107, 0x0107, 0x0107, 0x0106, 0x0106,
  0x0106, 0x0106, 0x0106, 0x0106, 0x0106, 0x0907, 0x0106, 0x0106, 0x0106, 0x0106, 0x0106, 0x00e6,
  0x00e6, 0x00e6, 0x00e6, 0x0106, 0x0106, 0x00e6, 0x00e6, 0x00e6, 0x00e6, 0x00e6, 0x00e6, 0x0106,
  0x0106, 0x00e6, 0x00e6, 0x00e6, 0x0107, 0x0907, 0x0107, 0x0107, 0x0107, 0x0107, 0x0107, 0x0107,
  0x0107, 0x0107, 0x0127, 0x0127, 0x0107, 0x0127, 0x0127, 0x0127, 0x0127, 0x0927, 0x0127, 0x0927,
  0x0127, 0x0927, 0x0927, 0x0927, 0x0927, 0x0947, 0x0927, 0x0127, 0x0927, 0x0127, 0x0927, 0x0127,
  0x0127, 0x0127, 0x0127, 0x0107, 0x0127, 0x0927, 0x0127, 0x0127, 0x0927, 0x0927, 0x0927, 0x0127,
  0x0927, 0x0127, 0x0947, 0x0127, 0x0127, 0x0927, 0x0927, 0x0947, 0x0148, 0x0928, 0x0948, 0x0948,
  0x0948, 0x0948, 0x0948, 0x0948, 0x0948, 0x0948, 0x0948, 0x0948, 0x0948, 0x0948, 0x0948, 0x0948,
  0x0948, 0x0948, 0x0948, 0x0948, 0x0948, 0x0948, 0x0948, 0x0948, 0x0948, 0x0948, 0x0948, 0x0948,
  0x0948, 0x0948, 0x0948, 0x0948, 0x0948, 0x0948, 0x0948, 0x0948, 0x0948, 0x0948, 0x0948, 0x0948,
  0x0948, 0x0948, 0x0969, 0x0148, 0x0148, 0x0948, 0x0948, 0x0948, 0x0948, 0x0948, 0x0948, 0x0968,
  0x0968, 0x0948, 0x0948, 0x0948, 0x0948, 0x0948, 0x0148, 0x0948, 0x0968, 0x0968, 0x0948, 0x0948,
  0x0948, 0x0948, 0x0948, 0x0948, 0x0948, 0x0948, 0x0948, 0x0948, 0x0948, 0x0949, 0x0948, 0x0948,
  0x0948, 0x0948, 0x0948, 0x0948, 0x0948, 0x0948, 0x0948, 0x0948, 0x0948, 0x0948, 0x0948, 0x0948,
  0x0948, 0x0948, 0x0968, 0x0969, 0x0969, 0x0969, 0x0969, 0x0969, 0x0969, 0x0949, 0x0948, 0x0948,
  0x0948, 0x0948, 0x0948, 0x0948, 0x0948, 0x0948, 0x0948, 0x0948, 0x0968, 0x0968, 0x0968, 0x0968,
  0x0968, 0x0968, 0x0948, 0x0948, 0x0948, 0x0948, 0x0948, 0x0948, 0x0948, 0x0948, 0x0948, 0x0948,
  0x0948, 0x0948, 0x0949, 0x0969, 0x0969, 0x0969, 0x0969, 0x0969, 0x0969, 0x0969, 0x0969, 0x0969,
  0x0969, 0x0969, 0x0969, 0x0969, 0x0969, 0x0969, 0x0969, 0x0969, 0x0969, 0x0969, 0x0969, 0x0969,
  0x0969, 0x0969, 0x0969, 0x0969, 0x0969, 0x0969, 0x0969, 0x0969, 0x0969, 0x0969, 0x0969, 0x0969,
  0x0969, 0x0968, 0x0148, 0x0148, 0x0169, 0x0969, 0x0968, 0x0969, 0x0968, 0x0968, 0x0968, 0x0948,
  0x0948, 0x0948, 0x0948, 0x0948, 0x0948, 0x0948, 0x0948, 0x0948, 0x0948, 0x0948, 0x0968, 0x0948,
  0x0968, 0x0948, 0x0948, 0x0948, 0x0948, 0x0948, 0x0948, 0x0948, 0x0948, 0x0948, 0x0928, 0x0928,
  0x0128, 0x0127, 0x0127, 0x0148, 0x0148, 0x0128, 0x0127, 0x0127, 0x0127, 0x0928, 0x0127, 0x0127,
  0x0928, 0x0127, 0x0127, 0x0127, 0x0127, 0x0927, 0x0927, 0x0127, 0x0127, 0x0127, 0x0927, 0x0927,
  0x0127, 0x0127, 0x0127, 0x0127, 0x0127, 0x0127, 0x0127, 0x0127, 0x0927, 0x0927, 0x0927, 0x0927,
  0x0127, 0x0127, 0x0127, 0x0107, 0x0107, 0x0907, 0x0107, 0x0107, 0x0107, 0x0107, 0x0107, 0x0107,
  0x0107, 0x0907, 0x0907, 0x0907, 0x0107, 0x0107, 0x0107, 0x0106, 0x00e6, 0x00e6, 0x0106, 0x0106,
  0x0106, 0x0107, 0x0106, 0x0106, 0x0106, 0x0106, 0x0106, 0x0106, 0x0106, 0x0106, 0x00e6, 0x0106,
  0x0927, 0x0907, 0x0907, 0x0907, 0x0907, 0x0907, 0x0107, 0x0127, 0x0127, 0x0927, 0x0127, 0x0127,
  0x0127, 0x0127, 0x0127, 0x0127, 0x0927, 0x0127, 0x0127, 0x0927, 0x0927, 0x0927, 0x0927, 0x0927,
  0x0927, 0x0927, 0x0927, 0x0927, 0x0927, 0x0927, 0x0927, 0x0927, 0x0927, 0x0927, 0x0927, 0x0927,
  0x0927, 0x0927, 0x0927, 0x0927, 0x0927, 0x0927, 0x0948, 0x0948, 0x0948, 0x0948, 0x0948, 0x0948,
  0x0148, 0x0148, 0x0948, 0x0948, 0x0948, 0x0948, 0x0948, 0x0948, 0x0948, 0x0948, 0x0948, 0x0948,
  0x0948, 0x0948, 0x0948, 0x0968, 0x0948, 0x0948, 0x0948, 0x0968, 0x0968, 0x0968, 0x0948, 0x0968,
  0x0968, 0x0948, 0x0948, 0x0948, 0x0948, 0x0948, 0x0969, 0x0969, 0x0948, 0x0948, 0x0948, 0x0948,
  0x0948, 0x0948, 0x0969, 0x0968, 0x0948, 0x0948, 0x0948, 0x0969, 0x0968, 0x0969, 0x0948, 0x0968,
  0x0969, 0x0969, 0x0948, 0x0948, 0x0969, 0x0969, 0x0969, 0x0968, 0x0968, 0x0948, 0x0948, 0x0948,
  0x0949, 0x0968, 0x0969, 0x0948, 0x0948, 0x0948, 0x0948, 0x0948, 0x0948, 0x0948, 0x0949, 0x0969,
  0x0969, 0x0969, 0x0969, 0x0969, 0x0969, 0x0969, 0x0969, 0x0969, 0x0969, 0x0969, 0x0969, 0x0969,
  0x0969, 0x0969, 0x0969, 0x0969, 0x0969, 0x0969, 0x0969, 0x0969, 0x0969, 0x0969, 0x0969, 0x0969,
  0x0969, 0x0969, 0x0969, 0x0969, 0x0969, 0x0969, 0x0969, 0x0969, 0x0969, 0x0969, 0x0969, 0x0969,
  0x0969, 0x0969, 0x0969, 0x0969, 0x0969, 0x0969, 0x0969, 0x0969, 0x0969, 0x0969, 0x0969, 0x0969,
  0x0969, 0x0969, 0x0969, 0x0969, 0x0969, 0x0969, 0x0969, 0x0969, 0x0969, 0x0969, 0x0969, 0x0969,
  0x0969, 0x0969, 0x0969, 0x0969, 0x0969, 0x0969, 0x0969, 0x0969, 0x0969, 0x0969, 0x0969, 0x0969,
  0x0969, 0x0969, 0x0969, 0x0969, 0x0969, 0x0969, 0x0969, 0x0969, 0x0969, 0x0969, 0x0969, 0x0969,
  0x0969, 0x0969, 0x0969, 0x0969, 0x0969, 0x0969, 0x0969, 0x0969, 0x0969, 0x0969, 0x0969, 0x0969,
  0x0969, 0x0969, 0x0969, 0x0969, 0x0969, 0x0969, 0x0968, 0x0968, 0x0969, 0x0969, 0x0968, 0x0969,
  0x0948, 0x0948, 0x0948, 0x0948, 0x0948, 0x0948, 0x0968, 0x0948, 0x0968, 0x0948, 0x0948, 0x0948,
  0x0948, 0x0948, 0x0948, 0x0948, 0x0948, 0x0948, 0x0928, 0x0948, 0x0948, 0x0948, 0x0148, 0x0128,
  0x0148, 0x0948, 0x0148, 0x0127, 0x0148, 0x0148, 0x0148, 0x0127, 0x0948, 0x0127, 0x0947, 0x0147,
  0x0947, 0x0947, 0x0927, 0x0127, 0x0127, 0x0927, 0x0927, 0x0927, 0x0927, 0x0927, 0x0927, 0x0127,
  0x0127, 0x0927, 0x0927, 0x0927, 0x0927, 0x0927, 0x0927, 0x0127, 0x0127, 0x0927, 0x0927, 0x0127,
  0x0927, 0x0907, 0x0907, 0x0107, 0x0927, 0x0107, 0x0127, 0x0127, 0x0107, 0x0107, 0x0907, 0x0907,
  0x0107, 0x0107, 0x0106, 0x0107, 0x0907, 0x0107, 0x0906, 0x0907, 0x0907, 0x0907, 0x0907, 0x0907,
  0x0107, 0x0907, 0x0106, 0x0106, 0x0106, 0x0106, 0x0106, 0x0106, 0x0927, 0x0927, 0x0927, 0x0927,
  0x0927, 0x0927, 0x0907, 0x0927, 0x0127, 0x0927, 0x0927, 0x0927, 0x0927, 0x0927, 0x0927, 0x0927,
  0x0927, 0x0927, 0x0927, 0x0927, 0x0106, 0x00e5, 0x0084, 0x0083, 0x00c5, 0x0906, 0x0927, 0x0927,
  0x0928, 0x0948, 0x0948, 0x0928, 0x0948, 0x0928, 0x0947, 0x0948, 0x0948, 0x0948, 0x0127, 0x0928,
  0x0948, 0x0947, 0x0948, 0x0948, 0x0948, 0x0948, 0x0948, 0x0948, 0x0948, 0x0948, 0x0948, 0x0948,
  0x0948, 0x0948, 0x0948, 0x0948, 0x0948, 0x0948, 0x0968, 0x0948, 0x0948, 0x0948, 0x0948, 0x0969,
  0x0968, 0x0969, 0x0968, 0x0968, 0x0968, 0x0968, 0x0968, 0x0968, 0x0969, 0x0969, 0x0969, 0x0969,
  0x0968, 0x0969, 0x0969, 0x0969, 0x0969, 0x0969, 0x0969, 0x0969, 0x0948, 0x0969, 0x0969, 0x0969,
  0x0969, 0x0969, 0x0969, 0x0969, 0x0948, 0x0969, 0x0948, 0x0968, 0x0969, 0x0969, 0x0969, 0x0969,
  0x0969, 0x0969, 0x0989, 0x0969, 0x0969, 0x0969, 0x0969, 0x0969, 0x0969, 0x0969, 0x0969, 0x0989,
  0x0989, 0x0989, 0x0989, 0x0989, 0x0989, 0x0989, 0x0989, 0x0989, 0x0989, 0x098a, 0x098a, 0x098a,
  0x098a, 0x098a, 0x098a, 0x098a, 0x098a, 0x098a, 0x098a, 0x098a, 0x098a, 0x0989, 0x0989, 0x0989,
  0x0989, 0x0989, 0x0989, 0x0989, 0x0989, 0x0989, 0x0989, 0x0989, 0x0989, 0x0989, 0x0989, 0x098a,
  0x098a, 0x098a, 0x098a, 0x098a, 0x098a, 0x0989, 0x0989, 0x098a, 0x098a, 0x098a, 0x098a, 0x098a,
  0x098a, 0x098a, 0x098a, 0x098a, 0x098a, 0x0989, 0x0989, 0x0989, 0x0989, 0x0989, 0x0969, 0x0969,
  0x0969, 0x0969, 0x0969, 0x0969, 0x0989, 0x0989, 0x0989, 0x0989, 0x0989, 0x0989, 0x0989, 0x0989,
  0x0989, 0x0989, 0x0989, 0x0989, 0x0989, 0x0989, 0x0989, 0x0989, 0x0989, 0x0989, 0x0989, 0x0989,
  0x0989, 0x0989, 0x0989, 0x0989, 0x0989, 0x0989, 0x0989, 0x0989, 0x0989, 0x0989, 0x0989, 0x0989,
  0x0989, 0x0989, 0x0989, 0x0989, 0x0969, 0x0969, 0x0969, 0x0969, 0x0989, 0x0989, 0x0969, 0x0969,
  0x0969, 0x0969, 0x0969, 0x0969, 0x0969, 0x0969, 0x0969, 0x0969, 0x0969, 0x0969, 0x0968, 0x0968,
  0x0969, 0x0969, 0x0968, 0x0969, 0x0969, 0x0969, 0x0948, 0x0948, 0x0948, 0x0948, 0x0948, 0x0948,
  0x0968, 0x0948, 0x0948, 0x0948, 0x0948, 0x0948, 0x0948, 0x0948, 0x0948, 0x0948, 0x0948, 0x1189,
  0x0948, 0x0948, 0x0948, 0x0948, 0x0948, 0x0948, 0x0948, 0x0948, 0x0948, 0x0948, 0x0948, 0x0948,
  0x0128, 0x0927, 0x0928, 0x0927, 0x0928, 0x0927, 0x0928, 0x0927, 0x0927, 0x0927, 0x0927, 0x0927,
  0x0927, 0x0927, 0x0927, 0x0927, 0x0927, 0x0927, 0x0927, 0x0927, 0x0927, 0x0927, 0x0127, 0x0927,
  0x0927, 0x0927, 0x0927, 0x0907, 0x0107, 0x0927, 0x0107, 0x0927, 0x0927, 0x0927, 0x0927, 0x0927,
  0x0127, 0x0927, 0x0927, 0x0907, 0x0907, 0x0907, 0x0927, 0x0907, 0x0906, 0x0907, 0x0106, 0x0907,
  0x0907, 0x0107, 0x0906, 0x00e5, 0x0106, 0x0927, 0x0927, 0x0927, 0x0927, 0x0927, 0x0927, 0x0927,
  0x0927, 0x0927, 0x0927, 0x0927, 0x0927, 0x0927, 0x0927, 0x0927, 0x0127, 0x0906, 0x00e5, 0x0083,
  0x0063, 0x0063, 0x0063, 0x0063, 0x0083, 0x0084, 0x00a4, 0x00e6, 0x0948, 0x0948, 0x0948, 0x0948,
  0x0948, 0x0948, 0x0948, 0x0948, 0x0948, 0x0948, 0x0948, 0x0948, 0x0948, 0x0947, 0x0948, 0x0948,
  0x0948, 0x0948, 0x0948, 0x0948, 0x0948, 0x0948, 0x0948, 0x0948, 0x0948, 0x0948, 0x0968, 0x0968,
  0x0968, 0x0968, 0x0968, 0x0968, 0x0968, 0x0968, 0x0969, 0x0969, 0x0969, 0x0969, 0x0969, 0x0969,
  0x0969, 0x0969, 0x0969, 0x0969, 0x0969, 0x0969, 0x0969, 0x0969, 0x0969, 0x0969, 0x0969, 0x0989,
  0x0969, 0x0989, 0x0969, 0x0969, 0x0969, 0x0969, 0x0969, 0x0969, 0x0989, 0x0969, 0x0989, 0x0969,
  0x0969, 0x0969, 0x0969, 0x0969, 0x0969, 0x0969, 0x0969, 0x0989, 0x098a, 0x0989, 0x0989, 0x0989,
  0x0989, 0x0989, 0x0969, 0x0989, 0x0969, 0x0989, 0x0989, 0x098a, 0x098a, 0x09aa, 0x09aa, 0x098a,
  0x098a, 0x098a, 0x098a, 0x098a, 0x098a, 0x098a, 0x098a, 0x098a, 0x098a, 0x098a, 0x098a, 0x098a,
  0x098a, 0x098a, 0x098a, 0x098a, 0x098a, 0x098a, 0x098a, 0x098a, 0x098a, 0x098a, 0x098a, 0x09aa,
  0x09aa, 0x09aa, 0x09aa, 0x09aa, 0x09aa, 0x09aa, 0x098a, 0x098a, 0x098a, 0x098a, 0x098a, 0x098a,
  0x098a, 0x098a, 0x098a, 0x098a, 0x098a, 0x098a, 0x098a, 0x098a, 0x098a, 0x098a, 0x098a, 0x098a,
  0x098a, 0x098a, 0x098a, 0x098a, 0x098a, 0x098a, 0x098a, 0x098a, 0x098a, 0x098a, 0x098a, 0x098a,
  0x098a, 0x098a, 0x098a, 0x098a, 0x098a, 0x098a, 0x098a, 0x098a, 0x098a, 0x098a, 0x098a, 0x098a,
  0x098a, 0x098a, 0x0989, 0x0989, 0x0989, 0x0989, 0x0989, 0x0989, 0x0989, 0x0989, 0x0989, 0x0989,
  0x0989, 0x0989, 0x0989, 0x0989, 0x0989, 0x0989, 0x0989, 0x0989, 0x0989, 0x0989, 0x0989, 0x0989,
  0x098a, 0x0989, 0x0989, 0x098a, 0x0989, 0x098a, 0x098a, 0x0989, 0x0989, 0x0989, 0x0969, 0x0969,
  0x0989, 0x0969, 0x0989, 0x0969, 0x0969, 0x0969, 0x0969, 0x0969, 0x0969, 0x0969, 0x0969, 0x0969,
  0x0969, 0x0968, 0x0969, 0x0968, 0x0948, 0x0968, 0x0948, 0x0948, 0x0948, 0x0948, 0x0968, 0x0948,
  0x0948, 0x0948, 0x0948, 0x0948, 0x0969, 0x0948, 0x0969, 0x0969, 0x0969, 0x0969, 0x0948, 0x0948,
  0x0948, 0x0948, 0x0948, 0x0948, 0x0948, 0x0948, 0x0948, 0x0948, 0x0948, 0x0948, 0x0948, 0x0948,
  0x0948, 0x0948, 0x0948, 0x0948, 0x0948, 0x0928, 0x0927, 0x0927, 0x0927, 0x0948, 0x0948, 0x0927,
  0x0928, 0x0928, 0x0928, 0x0948, 0x0948, 0x0948, 0x0947, 0x0927, 0x0928, 0x0927, 0x0927, 0x0927,
  0x0927, 0x0927, 0x0927, 0x0927, 0x0927, 0x0947, 0x0947, 0x0947, 0x0927, 0x0927, 0x0927, 0x0927,
  0x0927, 0x0927, 0x0927, 0x0927, 0x0927, 0x0907, 0x0907, 0x0107, 0x0106, 0x00a4, 0x0083, 0x0042,
  0x0083, 0x00a4, 0x00c5, 0x0106, 0x0906, 0x0927, 0x0927, 0x0927, 0x0927, 0x0927, 0x0927, 0x0927,
  0x0927, 0x0927, 0x00c5, 0x00a4, 0x0083, 0x0083, 0x0063, 0x0063, 0x0063, 0x0063, 0x0063, 0x0063,
  0x0063, 0x0083, 0x0083, 0x0083, 0x00e6, 0x0927, 0x0927, 0x0948, 0x0968, 0x0968, 0x0968, 0x0948,
  0x0948, 0x0968, 0x0948, 0x0948, 0x0948, 0x0948, 0x0948, 0x0948, 0x0948, 0x0948, 0x0948, 0x0968,
  0x0948, 0x0969, 0x0969, 0x0969, 0x0968, 0x0968, 0x0969, 0x0969, 0x0969, 0x0969, 0x0969, 0x0969,
  0x0989, 0x0969, 0x0969, 0x0969, 0x0969, 0x0969, 0x0969, 0x0989, 0x0989, 0x0989, 0x0969, 0x0969,
  0x0989, 0x0989, 0x0989, 0x0989, 0x0989, 0x0969, 0x0969, 0x0989, 0x0989, 0x0989, 0x0989, 0x0989,
  0x0989, 0x0989, 0x0989, 0x0989, 0x0989, 0x0989, 0x0989, 0x0969, 0x0969, 0x0969, 0x0989, 0x0989,
  0x0989, 0x0989, 0x0989, 0x0989, 0x0989, 0x0989, 0x0989, 0x098a, 0x0989, 0x098a, 0x0989, 0x0989,
  0x0969, 0x098a, 0x098a, 0x098a, 0x098a, 0x09aa, 0x09aa, 0x09aa, 0x098a, 0x098a, 0x09aa, 0x09aa,
  0x09aa, 0x09aa, 0x09aa, 0x09aa, 0x09aa, 0x09aa, 0x09aa, 0x09aa, 0x09aa, 0x09aa, 0x09aa, 0x09aa,
  0x09aa, 0x09aa, 0x09aa, 0x098a, 0x098a, 0x098a, 0x09aa, 0x09aa, 0x09aa, 0x09aa, 0x098a, 0x098a,
  0x098a, 0x098a, 0x098a, 0x098a, 0x098a, 0x098a, 0x098a, 0x098a, 0x098a, 0x098a, 0x098a, 0x098a,
  0x098a, 0x098a, 0x098a, 0x098a, 0x098a, 0x098a, 0x098a, 0x098a, 0x098a, 0x098a, 0x098a, 0x09aa,
  0x09aa, 0x09aa, 0x09aa, 0x09aa, 0x098a, 0x09aa, 0x09aa, 0x09aa, 0x09aa, 0x09aa, 0x09aa, 0x09aa,
  0x09aa, 0x09aa, 0x09aa, 0x09aa, 0x09aa, 0x09aa, 0x09aa, 0x09aa, 0x09aa, 0x09aa, 0x09aa, 0x09aa,
  0x09aa, 0x09aa, 0x098a, 0x098a, 0x098a, 0x098a, 0x098a, 0x098a, 0x098a, 0x098a, 0x098a, 0x098a,
  0x098a, 0x098a, 0x098a, 0x098a, 0x098a, 0x098a, 0x098a, 0x09aa, 0x098a, 0x0989, 0x098a, 0x098a,
  0x098a, 0x098a, 0x0989, 0x0989, 0x0989, 0x0989, 0x0989, 0x0989, 0x098a, 0x098a, 0x098a, 0x098a,
  0x0989, 0x0989, 0x0969, 0x0989, 0x0989, 0x0989, 0x0989, 0x0989, 0x0989, 0x0969, 0x0969, 0x0969,
  0x0969, 0x0969, 0x0969, 0x0969, 0x0968, 0x0969, 0x0969, 0x0969, 0x0968, 0x0969, 0x0949, 0x0969,
  0x0969, 0x0969, 0x0969, 0x0969, 0x0969, 0x0969, 0x0948, 0x0968, 0x0969, 0x0948, 0x0948, 0x0948,
  0x0948, 0x0948, 0x0948, 0x0948, 0x0948, 0x0948, 0x0948, 0x0948, 0x0948, 0x0948, 0x0148, 0x0148,
  0x0948, 0x0948, 0x0948, 0x0947, 0x0948, 0x0948, 0x0948, 0x0948, 0x0948, 0x0948, 0x0948, 0x0928,
  0x0948, 0x0948, 0x0948, 0x0927, 0x0927, 0x0927, 0x0927, 0x0927, 0x0927, 0x0947, 0x0947, 0x0948,
  0x0947, 0x0927, 0x0927, 0x0927, 0x0927, 0x0927, 0x0927, 0x0947, 0x0947, 0x0927, 0x0927, 0x0927,
  0x0927, 0x0906, 0x00e5, 0x00a4, 0x0083, 0x0062, 0x0062, 0x0042, 0x0063, 0x0063, 0x0063, 0x0063,
  0x0063, 0x00c5, 0x00c5, 0x0906, 0x0927, 0x0927, 0x00e5, 0x00a4, 0x0063, 0x0063, 0x0063, 0x0063,
  0x0063, 0x0063, 0x0063, 0x0063, 0x0063, 0x0063, 0x0063, 0x0063, 0x0063, 0x0063, 0x0083, 0x0083,
  0x0083, 0x0083, 0x0083, 0x00e5, 0x0906, 0x0968, 0x0968, 0x0968, 0x0968, 0x0968, 0x0968, 0x0948,
  0x0948, 0x0968, 0x0968, 0x0968, 0x0969, 0x0969, 0x0969, 0x0969, 0x0969, 0x0969, 0x0969, 0x0969,
  0x0969, 0x0989, 0x0969, 0x0989, 0x0969, 0x0989, 0x0989, 0x0989, 0x098a, 0x098a, 0x098a, 0x0989,
  0x098a, 0x0989, 0x0989, 0x0989, 0x098a, 0x09aa, 0x098a, 0x098a, 0x098a, 0x098a, 0x09aa, 0x0989,
  0x098a, 0x098a, 0x0989, 0x0989, 0x098a, 0x098a, 0x098a, 0x098a, 0x098a, 0x09aa, 0x098a, 0x098a,
  0x098a, 0x098a, 0x09aa, 0x09aa, 0x09aa, 0x09aa, 0x09aa, 0x098a, 0x098a, 0x098a, 0x09aa, 0x09aa,
  0x11aa, 0x09aa, 0x09aa, 0x09aa, 0x09aa, 0x09aa, 0x09aa, 0x09aa, 0x09aa, 0x09aa, 0x09aa, 0x09aa,
  0x09ab, 0x09ab, 0x09ab, 0x09ab, 0x09ab, 0x09ab, 0x09ab, 0x09ab, 0x11cb, 0x11cb, 0x11cb, 0x11cb,
  0x11cb, 0x09cb, 0x09cb, 0x09cb, 0x09ab, 0x09cb, 0x09cb, 0x09cb, 0x09aa, 0x09aa, 0x09aa, 0x09aa,
  0x09aa, 0x09aa, 0x09ab, 0x09ab, 0x09ab, 0x09ab, 0x09ab, 0x09ab, 0x09ab, 0x09aa, 0x09aa, 0x09aa,
  0x09aa, 0x09aa, 0x09aa, 0x09aa, 0x09aa, 0x09aa, 0x09aa, 0x09aa, 0x09aa, 0x09aa, 0x09aa, 0x09aa,
  0x09aa, 0x09aa, 0x09aa, 0x09aa, 0x09aa, 0x09aa, 0x09aa, 0x09aa, 0x09aa, 0x09ab, 0x09ab, 0x09ab,
  0x09ab, 0x09ab, 0x09ab, 0x09ab, 0x09ab, 0x09ab, 0x09ab, 0x09ab, 0x09ab, 0x09ab, 0x09ab, 0x09ab,
  0x09ab, 0x09ab, 0x09ab, 0x09ab, 0x11cb, 0x11cb, 0x11cb, 0x11cb, 0x09cb, 0x09cb, 0x09ab, 0x09ab,
  0x09ab, 0x09ab, 0x09ab, 0x09ab, 0x09ab, 0x09ab, 0x09ab, 0x09cb, 0x09cb, 0x09ab, 0x09ab, 0x09aa,
  0x09aa, 0x09aa, 0x09aa, 0x09aa, 0x09aa, 0x098a, 0x09aa, 0x098a, 0x09aa, 0x09aa, 0x09aa, 0x09aa,
  0x09aa, 0x09aa, 0x098a, 0x09aa, 0x09aa, 0x09aa, 0x09aa, 0x09aa, 0x09aa, 0x098a, 0x098a, 0x098a,
  0x098a, 0x098a, 0x0989, 0x0989, 0x0989, 0x0989, 0x0989, 0x0989, 0x0989, 0x0989, 0x0989, 0x0989,
  0x0989, 0x0989, 0x0969, 0x0989, 0x0969, 0x0969, 0x0969, 0x0969, 0x0989, 0x0969, 0x0969, 0x0969,
  0x0989, 0x0969, 0x0969, 0x0969, 0x0969, 0x0969, 0x0969, 0x0968, 0x0969, 0x0969, 0x0969, 0x0969,
  0x0968, 0x0948, 0x0969, 0x0969, 0x0969, 0x0968, 0x0968, 0x0968, 0x0948, 0x0948, 0x0948, 0x0948,
  0x0968, 0x0948, 0x0948, 0x0948, 0x0948, 0x0948, 0x0948, 0x0948, 0x0948, 0x0948, 0x0948, 0x0948,
  0x0948, 0x0948, 0x0948, 0x0948, 0x0948, 0x0948, 0x0948, 0x0948, 0x08e6, 0x0084, 0x0063, 0x0062,
  0x0062, 0x0062, 0x0083, 0x00a4, 0x00a4, 0x00e5, 0x00c5, 0x00c5, 0x00c5, 0x0083, 0x0063, 0x0062,
  0x0063, 0x0062, 0x0042, 0x0042, 0x0062, 0x0062, 0x0062, 0x0063, 0x0063, 0x0063, 0x0063, 0x0063,
  0x0063, 0x0063, 0x0063, 0x0063, 0x0063, 0x0063, 0x0063, 0x0063, 0x0063, 0x0063, 0x0063, 0x0063,
  0x0063, 0x0063, 0x0063, 0x0063, 0x0063, 0x0063, 0x0083, 0x0083, 0x0083, 0x0063, 0x0063, 0x0083,
  0x0084, 0x00a4, 0x00a4, 0x00a4, 0x00a4, 0x00a4, 0x00a4, 0x0083, 0x0084, 0x0906, 0x0927, 0x0968,
  0x0989, 0x0989, 0x0989, 0x0989, 0x0989, 0x0989, 0x0989, 0x0989, 0x0989, 0x0989, 0x0989, 0x098a,
  0x098a, 0x0989, 0x0989, 0x098a, 0x09aa, 0x098a, 0x098a, 0x09aa, 0x09aa, 0x09aa, 0x09aa, 0x09aa,
  0x09aa, 0x09aa, 0x09aa, 0x09aa, 0x09aa, 0x09aa, 0x09aa, 0x09aa, 0x09aa, 0x09aa, 0x09aa, 0x09aa,
  0x098a, 0x09aa, 0x098a, 0x098a, 0x098a, 0x09aa, 0x09aa, 0x09aa, 0x09aa, 0x09aa, 0x09aa, 0x09aa,
  0x09aa, 0x09aa, 0x09aa, 0x098a, 0x0989, 0x11aa, 0x11aa, 0x11ca, 0x11aa, 0x11ca, 0x09cb, 0x09cb,
  0x09cb, 0x09cb, 0x09cb, 0x09ab, 0x09ab, 0x09aa, 0x09aa, 0x09cb, 0x09cb, 0x09cb, 0x09cb, 0x09cb,
  0x09cb, 0x09cb, 0x09cb, 0x09cb, 0x09cb, 0x09cb, 0x09cb, 0x09cb, 0x11cb, 0x09cb, 0x09cb, 0x09cb,
  0x09cb, 0x09cb, 0x09cb, 0x09cb, 0x09cb, 0x09cb, 0x09cb, 0x11cb, 0x11cb, 0x11cb, 0x11cb, 0x11cb,
  0x11cb, 0x11cb, 0x11cb, 0x09cb, 0x09cb, 0x09cb, 0x09cb, 0x09cb, 0x09cb, 0x09cb, 0x09cb, 0x09cb,
  0x09cb, 0x09cb, 0x09cb, 0x09cb, 0x11cb, 0x11cb, 0x11cb, 0x11cb, 0x11cb, 0x11cb, 0x11cb, 0x11cb,
  0x11cb, 0x11cb, 0x11cb, 0x11cb, 0x11cb, 0x11cb, 0x11cb, 0x11cb, 0x11cb, 0x11cb, 0x11cb, 0x11cb,
  0x11cb, 0x11cb, 0x11cb, 0x11cb, 0x11cb, 0x11cb, 0x11cb, 0x11cb, 0x11cb, 0x11cb, 0x11cb, 0x11cb,
  0x09cb, 0x09ab, 0x09ab, 0x09ab, 0x09cb, 0x11cb, 0x11cb, 0x11cb, 0x11cb, 0x11cb, 0x11cb, 0x11cb,
  0x11cb, 0x11cb, 0x09cb, 0x09cb, 0x09cb, 0x09cb, 0x09ab, 0x09ab, 0x09ab, 0x09ab, 0x09ab, 0x09ab,
  0x09ab, 0x09aa, 0x09ab, 0x09aa, 0x09cb, 0x11cb, 0x11cb, 0x09aa, 0x09aa, 0x09aa, 0x09aa, 0x09aa,
  0x09aa, 0x09aa, 0x09aa, 0x09aa, 0x11aa, 0x09aa, 0x09aa, 0x09aa, 0x09aa, 0x09aa, 0x09aa, 0x09aa,
  0x098a, 0x098a, 0x098a, 0x09aa, 0x098a, 0x098a, 0x118a, 0x098a, 0x0989, 0x0989, 0x0989, 0x0989,
  0x0989, 0x0989, 0x0989, 0x0989, 0x0989, 0x0989, 0x0989, 0x0989, 0x0989, 0x0989, 0x0989, 0x1189,
  0x0989, 0x0989, 0x0969, 0x0969, 0x0989, 0x0989, 0x0969, 0x0969, 0x0969, 0x0969, 0x0969, 0x0969,
  0x0969, 0x0969, 0x0968, 0x0969, 0x0968, 0x0948, 0x0968, 0x0969, 0x0968, 0x0968, 0x0968, 0x0968,
  0x0968, 0x0948, 0x0948, 0x0968, 0x0948, 0x0968, 0x0968, 0x0948, 0x0968, 0x0968, 0x0948, 0x0948,
  0x0948, 0x0948, 0x0927, 0x00c4, 0x0083, 0x0083, 0x0063, 0x0062, 0x0062, 0x0062, 0x0042, 0x0042,
  0x0042, 0x0042, 0x0042, 0x0042, 0x0062, 0x0062, 0x0063, 0x0062, 0x0062, 0x0062, 0x0042, 0x0042,
  0x0062, 0x0062, 0x0062, 0x0062, 0x0062, 0x0062, 0x0063, 0x0063, 0x0063, 0x0063, 0x0063, 0x0063,
  0x0063, 0x0062, 0x0063, 0x0063, 0x0063, 0x0063, 0x0063, 0x0063, 0x0063, 0x0063, 0x0063, 0x0063,
  0x0083, 0x0083, 0x0083, 0x0083, 0x0083, 0x0083, 0x0083, 0x0063, 0x0083, 0x0083, 0x0063, 0x0063,
  0x0063, 0x0083, 0x0083, 0x0083, 0x0083, 0x0084, 0x00a4, 0x00e5, 0x0948, 0x0989, 0x098a, 0x118a,
  0x098a, 0x098a, 0x098a, 0x0989, 0x098a, 0x09aa, 0x09aa, 0x09aa, 0x098a, 0x09aa, 0x09aa, 0x09aa,
  0x09aa, 0x09aa, 0x09aa, 0x09aa, 0x09aa, 0x09aa, 0x09aa, 0x09aa, 0x09aa, 0x11aa, 0x11aa, 0x11aa,
  0x11aa, 0x11cb, 0x09cb, 0x09aa, 0x09cb, 0x11ca, 0x11ca, 0x11cb, 0x09cb, 0x09aa, 0x09aa, 0x09aa,
  0x09aa, 0x09aa, 0x09cb, 0x09ab, 0x09ab, 0x11cb, 0x11ca, 0x11cb, 0x09aa, 0x0989, 0x0107, 0x0084,
  0x0906, 0x1189, 0x11eb, 0x11cb, 0x11cb, 0x11cb, 0x09cb, 0x09cb, 0x09cb, 0x09cb, 0x09cb, 0x09cb,
  0x09cb, 0x09cb, 0x09cb, 0x11eb, 0x11ec, 0x11ec, 0x09ec, 0x09eb, 0x09eb, 0x09eb, 0x09eb, 0x09cb,
  0x09eb, 0x09eb, 0x09cb, 0x09cb, 0x09eb, 0x09eb, 0x09eb, 0x09eb, 0x09eb, 0x09eb, 0x09eb, 0x11eb,
  0x11eb, 0x11eb, 0x11eb, 0x11eb, 0x11cb, 0x11cb, 0x11eb, 0x11eb, 0x11eb, 0x11eb, 0x11eb, 0x11eb,
  0x11eb, 0x11eb, 0x11eb, 0x11eb, 0x11eb, 0x11eb, 0x11eb, 0x11eb, 0x11eb, 0x11eb, 0x11eb, 0x11eb,
  0x11eb, 0x11eb, 0x11eb, 0x11cb, 0x11cb, 0x11cb, 0x11cb, 0x11cb, 0x11eb, 0x11eb, 0x11eb, 0x11eb,
  0x11eb, 0x11eb, 0x11eb, 0x11eb, 0x11eb, 0x11eb, 0x11eb, 0x11eb, 0x11eb, 0x11eb, 0x11eb, 0x11eb,
  0x11eb, 0x11eb, 0x11eb, 0x11eb, 0x11eb, 0x11eb, 0x11eb, 0x11eb, 0x11eb, 0x11cb, 0x11cb, 0x11eb,
  0x11eb, 0x11eb, 0x11eb, 0x11ec, 0x11ec, 0x11eb, 0x11eb, 0x11eb, 0x11eb, 0x11eb, 0x11eb, 0x11cb,
  0x11cb, 0x09cb, 0x09cb, 0x09cb, 0x09cb, 0x09cb, 0x09cb, 0x11cb, 0x09cb, 0x09cb, 0x09cb, 0x09cb,
  0x09cb, 0x11cb, 0x11cb, 0x11cb, 0x11cb, 0x11eb, 0x11cb, 0x11cb, 0x11cb, 0x11eb, 0x09cb, 0x11cb,
  0x11cb, 0x09cb, 0x09aa, 0x09aa, 0x09aa, 0x09aa, 0x09aa, 0x09aa, 0x09aa, 0x09aa, 0x09aa, 0x09aa,
  0x09aa, 0x09aa, 0x11aa, 0x09aa, 0x09aa, 0x09aa, 0x098a, 0x098a, 0x098a, 0x098a, 0x09aa, 0x09aa,
  0x098a, 0x0989, 0x098a, 0x098a, 0x09aa, 0x0989, 0x0989, 0x0989, 0x0989, 0x0989, 0x0989, 0x0989,
  0x0989, 0x0989, 0x0989, 0x0989, 0x0989, 0x0989, 0x0989, 0x0989, 0x0968, 0x00c5, 0x0063, 0x00e6,
  0x0927, 0x0969, 0x0969, 0x0969, 0x0969, 0x0969, 0x0969, 0x0968, 0x0969, 0x0969, 0x0968, 0x0968,
  0x0968, 0x0968, 0x0968, 0x0968, 0x0968, 0x0968, 0x0968, 0x0968, 0x0948, 0x0906, 0x0083, 0x0083,
  0x0083, 0x0062, 0x0062, 0x0062, 0x0062, 0x0062, 0x0042, 0x0042, 0x0042, 0x0042, 0x0042, 0x0042,
  0x0062, 0x0062, 0x0062, 0x0062, 0x0062, 0x0062, 0x0042, 0x0042, 0x0063, 0x0062, 0x0062, 0x0042,
  0x0062, 0x0062, 0x0062, 0x0062, 0x0063, 0x0063, 0x0063, 0x0063, 0x0063, 0x0063, 0x0063, 0x0063,
  0x0063, 0x0063, 0x0063, 0x0063, 0x0063, 0x0063, 0x0063, 0x0063, 0x0063, 0x0063, 0x0083, 0x0063,
  0x0063, 0x0083, 0x0083, 0x0083, 0x0083, 0x0083, 0x0083, 0x0083, 0x0083, 0x0063, 0x0063, 0x0083,
  0x0083, 0x0083, 0x00a4, 0x00a4, 0x00a4, 0x08e5, 0x1189, 0x11aa, 0x11aa, 0x11aa, 0x11aa, 0x09aa,
  0x09aa, 0x11ca, 0x11cb, 0x09cb, 0x09cb, 0x09ca, 0x09aa, 0x11cb, 0x09ca, 0x11cb, 0x11ca, 0x09ca,
  0x09cb, 0x09aa, 0x09aa, 0x09aa, 0x09cb, 0x11cb, 0x11cb, 0x11cb, 0x11cb, 0x11eb, 0x11eb, 0x09cb,
  0x11eb, 0x11cb, 0x11cb, 0x09cb, 0x09cb, 0x09cb, 0x09cb, 0x09cb, 0x11cb, 0x11eb, 0x11eb, 0x11eb,
  0x11eb, 0x11eb, 0x09aa, 0x0968, 0x00a4, 0x00a4, 0x0084, 0x0084, 0x00c4, 0x08c5, 0x00e5, 0x0947,
  0x09aa, 0x11cb, 0x120c, 0x120c, 0x11ec, 0x11eb, 0x11ec, 0x11ec, 0x11ec, 0x11ec, 0x11ec, 0x11ec,
  0x120c, 0x120c, 0x120c, 0x120c, 0x11ec, 0x11ec, 0x11ec, 0x11ec, 0x11ec, 0x11ec, 0x11ec, 0x11ec,
  0x11ec, 0x11ec, 0x11ec, 0x11ec, 0x11ec, 0x11ec, 0x11ec, 0x11ec, 0x11ec, 0x11ec, 0x11ec, 0x11ec,
  0x11ec, 0x11ec, 0x11ec, 0x11ec, 0x11ec, 0x11ec, 0x11ec, 0x11ec, 0x11ec, 0x11ec, 0x11ec, 0x11ec,
  0x11ec, 0x11ec, 0x11ec, 0x11ec, 0x11ec, 0x11ec, 0x11ec, 0x11ec, 0x11ec, 0x11ec, 0x11ec, 0x11ec,
  0x11ec, 0x11ec, 0x11ec, 0x11ec, 0x11ec, 0x11ec, 0x11ec, 0x11ec, 0x11ec, 0x11ec, 0x11ec, 0x11ec,
  0x11ec, 0x11ec, 0x11ec, 0x11ec, 0x11ec, 0x11ec, 0x11ec, 0x11ec, 0x11ec, 0x11ec, 0x11ec, 0x11ec,
  0x11ec, 0x11ec, 0x11ec, 0x11ec, 0x11ec, 0x11ec, 0x11ec, 0x11ec, 0x11ec, 0x11ec, 0x11ec, 0x11ec,
  0x11ec, 0x11ec, 0x11ec, 0x11ec, 0x11ec, 0x11eb, 0x11ec, 0x11ec, 0x11ec, 0x11ec, 0x11ec, 0x11eb,
  0x11eb, 0x11ec, 0x11ec, 0x11ec, 0x11ec, 0x11ec, 0x11ec, 0x11eb, 0x11ec, 0x11ec, 0x11eb, 0x11eb,
  0x09cb, 0x11eb, 0x11eb, 0x11ec, 0x11ec, 0x11ec, 0x11ec, 0x11eb, 0x11ec, 0x11eb, 0x09cb, 0x09cb,
  0x11cb, 0x11cb, 0x11cb, 0x11cb, 0x11cb, 0x11cb, 0x09aa, 0x09aa, 0x09aa, 0x09aa, 0x09aa, 0x09aa,
  0x09ca, 0x09aa, 0x09aa, 0x09aa, 0x09aa, 0x09aa, 0x09aa, 0x11aa, 0x09aa, 0x11aa, 0x11aa, 0x11aa,
  0x09aa, 0x09aa, 0x09aa, 0x09aa, 0x09aa, 0x09aa, 0x09aa, 0x09aa, 0x09aa, 0x098a, 0x09aa, 0x09aa,
  0x098a, 0x0989, 0x0968, 0x0927, 0x00a4, 0x00a4, 0x0063, 0x0083, 0x0083, 0x00c5, 0x0106, 0x0948,
  0x0969, 0x1189, 0x1189, 0x0989, 0x0989, 0x0969, 0x0969, 0x0969, 0x0989, 0x0969, 0x0968, 0x0968,
  0x0968, 0x0948, 0x08e6, 0x08e6, 0x0083, 0x0083, 0x0083, 0x0062, 0x0083, 0x0062, 0x0062, 0x0062,
  0x0062, 0x0042, 0x0042, 0x0042, 0x0042, 0x0042, 0x0042, 0x0042, 0x0062, 0x0062, 0x0062, 0x0062,
  0x0042, 0x0042, 0x0042, 0x0042, 0x0062, 0x0062, 0x0062, 0x0062, 0x0062, 0x0062, 0x0042, 0x0062,
  0x0062, 0x0063, 0x0063, 0x0063, 0x0063, 0x0063, 0x0063, 0x0063, 0x0063, 0x0063, 0x0063, 0x0063,
  0x0063, 0x0063, 0x0063, 0x0063, 0x0063, 0x0083, 0x0083, 0x0063, 0x0063, 0x0083, 0x0083, 0x0083,
  0x0063, 0x0083, 0x0083, 0x0083, 0x0083, 0x0063, 0x0083, 0x0083, 0x0083, 0x0083, 0x0083, 0x00a4,
  0x00a4, 0x00a4, 0x00c4, 0x00e5, 0x0906, 0x11aa, 0x11aa, 0x11aa, 0x11ca, 0x11ca, 0x11cb, 0x11cb,
  0x11cb, 0x09cb, 0x11cb, 0x11eb, 0x11cb, 0x11ca, 0x11eb, 0x11cb, 0x11cb, 0x09aa, 0x0969, 0x0969,
  0x09aa, 0x11eb, 0x11eb, 0x11ec, 0x11eb, 0x11ec, 0x11ec, 0x11ec, 0x11eb, 0x11eb, 0x11ec, 0x11eb,
  0x11ec, 0x11ec, 0x11ec, 0x11ec, 0x11ec, 0x11eb, 0x11ec, 0x11eb, 0x0989, 0x0927, 0x00a4, 0x0083,
  0x00a4, 0x00a4, 0x0084, 0x0083, 0x00a4, 0x00c4, 0x00a4, 0x0084, 0x00c4, 0x0927, 0x1189, 0x11ec,
  0x11ec, 0x11ec, 0x120c, 0x120c, 0x11ec, 0x11ec, 0x11ec, 0x120c, 0x120c, 0x120d, 0x120d, 0x120c,
  0x120c, 0x120c, 0x120c, 0x120c, 0x120c, 0x120c, 0x120c, 0x120c, 0x120c, 0x120c, 0x120c, 0x120c,
  0x120c, 0x120c, 0x120c, 0x120c, 0x120c, 0x120c, 0x120c, 0x120c, 0x120c, 0x120c, 0x120c, 0x120c,
  0x120c, 0x120c, 0x120c, 0x120c, 0x120c, 0x120c, 0x120c, 0x120c, 0x120c, 0x120c, 0x120c, 0x120c,
  0x120c, 0x120c, 0x120c, 0x120c, 0x120c, 0x120c, 0x120c, 0x120c, 0x120c, 0x120c, 0x120c, 0x120c,
  0x120c, 0x120c, 0x120c, 0x120c, 0x120c, 0x120c, 0x120c, 0x120c, 0x120c, 0x120c, 0x120c, 0x120c,
  0x120c, 0x120c, 0x120c, 0x120c, 0x120c, 0x120c, 0x120c, 0x120c, 0x120c, 0x120c, 0x120c, 0x120c,
  0x11ec, 0x11ec, 0x11ec, 0x11ec, 0x11ec, 0x11ec, 0x11ec, 0x120c, 0x120c, 0x11ec, 0x11ec, 0x11ec,
  0x11ec, 0x11ec, 0x11ec, 0x11ec, 0x11ec, 0x11ec, 0x11ec, 0x11ec, 0x11ec, 0x11ec, 0x11ec, 0x11ec,
  0x11ec, 0x11ec, 0x11ec, 0x11ec, 0x120c, 0x11ec, 0x11ec, 0x11ec, 0x11ec, 0x11ec, 0x11ec, 0x11ec,
  0x11ec, 0x11ec, 0x11ec, 0x11ec, 0x11ec, 0x11ec, 0x11ec, 0x11eb, 0x11eb, 0x11cb, 0x11cb, 0x11cb,
  0x11cb, 0x11cb, 0x11cb, 0x11cb, 0x11cb, 0x11aa, 0x11cb, 0x11cb, 0x11cb, 0x11cb, 0x09cb, 0x11ca,
  0x09aa, 0x11aa, 0x0969, 0x0906, 0x00c5, 0x0927, 0x0968, 0x11aa, 0x11aa, 0x09aa, 0x09aa, 0x09aa,
  0x09aa, 0x09aa, 0x09aa, 0x11aa, 0x09aa, 0x09aa, 0x09aa, 0x098a, 0x0948, 0x0106, 0x00c5, 0x00a4,
  0x00a4, 0x0084, 0x0063, 0x0063, 0x0083, 0x0083, 0x0083, 0x0063, 0x0084, 0x00c5, 0x08e6, 0x0948,
  0x0948, 0x0968, 0x0968, 0x0969, 0x0948, 0x0927, 0x00e6, 0x0083, 0x0083, 0x0063, 0x0063, 0x0063,
  0x0083, 0x0083, 0x0062, 0x0062, 0x0063, 0x0062, 0x0062, 0x0062, 0x0042, 0x0042, 0x0042, 0x0042,
  0x0042, 0x0062, 0x0062, 0x0042, 0x0062, 0x0062, 0x0062, 0x0042, 0x0062, 0x0042, 0x0042, 0x0041,
  0x0062, 0x0062, 0x0062, 0x0062, 0x0062, 0x0062, 0x0042, 0x0042, 0x0042, 0x0062, 0x0062, 0x0063,
  0x0083, 0x0063, 0x0063, 0x0063, 0x0063, 0x0063, 0x0063, 0x0063, 0x0063, 0x0063, 0x0063, 0x0063,
  0x0063, 0x0063, 0x0063, 0x0063, 0x0063, 0x0083, 0x0063, 0x0063, 0x0063, 0x0063, 0x0083, 0x0083,
  0x0083, 0x0083, 0x0083, 0x0083, 0x0083, 0x0083, 0x0083, 0x00a4, 0x00a4, 0x0084, 0x0084, 0x00a4,
  0x00a4, 0x00c4, 0x0907, 0x0968, 0x11ca, 0x11cb, 0x11cb, 0x11cb, 0x11cb, 0x11eb, 0x11eb, 0x11eb,
  0x11eb, 0x11ca, 0x0989, 0x0989, 0x00c5, 0x0084, 0x0083, 0x00a4, 0x00a4, 0x00e6, 0x0989, 0x11cb,
  0x11ec, 0x120c, 0x120c, 0x120c, 0x120c, 0x120c, 0x120c, 0x120c, 0x1a0c, 0x120c, 0x120d, 0x120c,
  0x11eb, 0x0989, 0x0948, 0x00a5, 0x0084, 0x0084, 0x0084, 0x0084, 0x0084, 0x0084, 0x0084, 0x0083,
  0x00a4, 0x00a4, 0x00a4, 0x00a4, 0x00a4, 0x00c5, 0x00e5, 0x0948, 0x11aa, 0x1a2c, 0x1a2d, 0x122d,
  0x122d, 0x120c, 0x120c, 0x122d, 0x122d, 0x122d, 0x122d, 0x122d, 0x122d, 0x122d, 0x122d, 0x122d,
  0x122d, 0x122d, 0x122d, 0x122d, 0x122d, 0x122d, 0x122d, 0x122d, 0x122d, 0x122d, 0x122d, 0x122d,
  0x122d, 0x122d, 0x120d, 0x122d, 0x120d, 0x120d, 0x120d, 0x122d, 0x122d, 0x122d, 0x122d, 0x122d,
  0x120d, 0x122d, 0x122d, 0x122d, 0x122d, 0x122d, 0x120d, 0x120d, 0x120d, 0x122d, 0x122d, 0x122d,
  0x122d, 0x122d, 0x122d, 0x120d, 0x120d, 0x120d, 0x120d, 0x120d, 0x120d, 0x120d, 0x122d, 0x120d,
  0x120d, 0x122d, 0x122d, 0x122d, 0x122d, 0x122d, 0x120d, 0x122d, 0x122d, 0x122d, 0x122d, 0x122d,
  0x122d, 0x122d, 0x122d, 0x122d, 0x122d, 0x122d, 0x120d, 0x122d, 0x120c, 0x120c, 0x120c, 0x120c,
  0x120c, 0x120c, 0x120d, 0x120c, 0x220b, 0x120c, 0x122d, 0x122d, 0x120d, 0x120d, 0x120d, 0x122d,
  0x120d, 0x122d, 0x122d, 0x122d, 0x122d, 0x122d, 0x120c, 0x120d, 0x122c, 0x120c, 0x120c, 0x122d,
  0x122d, 0x120c, 0x120c, 0x120c, 0x122d, 0x120c, 0x120d, 0x120c, 0x120c, 0x120c, 0x120c, 0x120c,
  0x120c, 0x120c, 0x120c, 0x120c, 0x11ec, 0x11ec, 0x11ec, 0x11ec, 0x11ec, 0x11eb, 0x11eb, 0x11eb,
  0x11eb, 0x11eb, 0x11cb, 0x11cb, 0x11eb, 0x11eb, 0x09cb, 0x09cb, 0x0989, 0x0927, 0x00c4, 0x00a4,
  0x0083, 0x0084, 0x00a4, 0x0084, 0x00c5, 0x0927, 0x0948, 0x0989, 0x11aa, 0x11aa, 0x11aa, 0x11aa,
  0x0969, 0x0948, 0x0106, 0x00e5, 0x00a4, 0x00a4, 0x00a4, 0x00a4, 0x00a4, 0x0083, 0x0083, 0x0083,
  0x0083, 0x0063, 0x0063, 0x0063, 0x0083, 0x0083, 0x0083, 0x0083, 0x0083, 0x0063, 0x0083, 0x0083,
  0x0083, 0x0083, 0x0083, 0x0083, 0x0083, 0x0063, 0x0062, 0x0062, 0x0062, 0x0062, 0x0062, 0x0063,
  0x0062, 0x0062, 0x0062, 0x0062, 0x0042, 0x0042, 0x0042, 0x0042, 0x0062, 0x0042, 0x0042, 0x0042,
  0x0062, 0x0062, 0x0062, 0x0062, 0x0062, 0x0042, 0x0042, 0x0042, 0x0042, 0x0042, 0x0062, 0x0062,
  0x0062, 0x0062, 0x0083, 0x0062, 0x0042, 0x0042, 0x0042, 0x0062, 0x0063, 0x0062, 0x0063, 0x0063,
  0x0063, 0x0063, 0x0063, 0x0063, 0x0063, 0x0063, 0x0063, 0x0063, 0x0063, 0x0063, 0x0063, 0x0063,
  0x0063, 0x0063, 0x0063, 0x0063, 0x0063, 0x0063, 0x0063, 0x0084, 0x00a4, 0x0083, 0x0083, 0x0083,
  0x00a4, 0x0083, 0x00a4, 0x0084, 0x00a4, 0x00a4, 0x0083, 0x0084, 0x00a4, 0x00a4, 0x00a4, 0x00a4,
  0x00a4, 0x00a4, 0x00a4, 0x0907, 0x0948, 0x0948, 0x0969, 0x0989, 0x0927, 0x0084, 0x0084, 0x0083,
  0x0083, 0x0083, 0x0083, 0x00a4, 0x00a4, 0x00a4, 0x00a4, 0x08e5, 0x00c5, 0x0947, 0x11ca, 0x11ca,
  0x1a2d, 0x1a2d, 0x1a2d, 0x120c, 0x1a0c, 0x11eb, 0x11ca, 0x0968, 0x00c5, 0x0083, 0x0083, 0x0083,
  0x0083, 0x0083, 0x0083, 0x0083, 0x0083, 0x0084, 0x0083, 0x0083, 0x00a4, 0x0084, 0x00a4, 0x0083,
  0x00a4, 0x00a4, 0x00c5, 0x00e5, 0x08e5, 0x19ca, 0x1a2d, 0x1a4d, 0x1a4d, 0x1a2d, 0x1a4d, 0x1a4d,
  0x1a4d, 0x124d, 0x1a4d, 0x124d, 0x124d, 0x124e, 0x124d, 0x124d, 0x122d, 0x122d, 0x122d, 0x122d,
  0x122d, 0x122d, 0x122d, 0x122d, 0x122d, 0x122d, 0x122d, 0x122d, 0x122d, 0x124d, 0x122d, 0x122d,
  0x122d, 0x122d, 0x122d, 0x122d, 0x122d, 0x122d, 0x122d, 0x122d, 0x122d, 0x122d, 0x122d, 0x124d,
  0x124d, 0x122d, 0x122d, 0x122d, 0x122d, 0x122d, 0x122d, 0x122d, 0x122d, 0x122d, 0x122d, 0x122d,
  0x122d, 0x122d, 0x122d, 0x122d, 0x122d, 0x122d, 0x122d, 0x122d, 0x122d, 0x122d, 0x122d, 0x122d,
  0x122d, 0x122d, 0x122d, 0x122d, 0x122d, 0x122d, 0x122d, 0x122d, 0x122d, 0x122d, 0x122d, 0x122d,
  0x122d, 0x122d, 0x122d, 0x122d, 0x120d, 0x120d, 0x122d, 0x122c, 0x122d, 0x122d, 0x1a4d, 0x0906,
  0x00a4, 0x00a4, 0x0989, 0x124e, 0x122d, 0x122d, 0x122d, 0x122d, 0x122d, 0x124d, 0x124d, 0x122d,
  0x122d, 0x122d, 0x122d, 0x122d, 0x122d, 0x122d, 0x122d, 0x122d, 0x122d, 0x122d, 0x122d, 0x122d,
  0x122d, 0x122d, 0x122d, 0x122d, 0x122d, 0x122d, 0x122d, 0x122d, 0x120c, 0x122d, 0x122d, 0x120d,
  0x120c, 0x120c, 0x11ec, 0x11ec, 0x120c, 0x120c, 0x11ec, 0x11ec, 0x120c, 0x120c, 0x120c, 0x11ca,
  0x09aa, 0x09a9, 0x0989, 0x00c5, 0x00c5, 0x00c5, 0x00c4, 0x0083, 0x0083, 0x0083, 0x0083, 0x0083,
  0x0083, 0x0083, 0x0084, 0x0083, 0x0083, 0x0083, 0x0083, 0x0083, 0x0083, 0x00a4, 0x00a4, 0x00a4,
  0x00a4, 0x00a3, 0x00a4, 0x00a4, 0x0083, 0x0083, 0x0083, 0x0083, 0x0063, 0x0063, 0x0063, 0x0063,
  0x0063, 0x0083, 0x0083, 0x0083, 0x0083, 0x0083, 0x0083, 0x0083, 0x0083, 0x0083, 0x0083, 0x0083,
  0x0083, 0x0062, 0x0042, 0x0042, 0x0062, 0x0062, 0x0062, 0x0062, 0x0042, 0x0042, 0x0042, 0x0062,
  0x0062, 0x0062, 0x0042, 0x0062, 0x0042, 0x0062, 0x0062, 0x0083, 0x0062, 0x0062, 0x0062, 0x0062,
  0x0062, 0x0042, 0x0042, 0x0042, 0x0042, 0x0042, 0x0042, 0x0062, 0x0062, 0x0062, 0x0062, 0x0062,
  0x0063, 0x0062, 0x0062, 0x0042, 0x0062, 0x0062, 0x0062, 0x0063, 0x0063, 0x0063, 0x0063, 0x0063,
  0x0063, 0x0063, 0x0063, 0x0083, 0x0083, 0x0083, 0x0063, 0x0063, 0x0063, 0x0063, 0x0063, 0x0063,
  0x0063, 0x0063, 0x0063, 0x0063, 0x00a4, 0x00a4, 0x0083, 0x0083, 0x0083, 0x00a4, 0x00a4, 0x0084,
  0x0084, 0x00a4, 0x0083, 0x0083, 0x0084, 0x00a4, 0x00a4, 0x00a4, 0x00a4, 0x00a4, 0x00a4, 0x00a4,
  0x00a4, 0x0084, 0x0084, 0x0084, 0x0083, 0x0083, 0x0083, 0x0083, 0x0083, 0x0083, 0x0083, 0x0084,
  0x00a4, 0x00a4, 0x0084, 0x00a4, 0x00a4, 0x00c4, 0x00c5, 0x00c5, 0x0947, 0x0948, 0x11eb, 0x11ca,
  0x11a9, 0x00a4, 0x0083, 0x0083, 0x0083, 0x0083, 0x0083, 0x0083, 0x0083, 0x0083, 0x0083, 0x0083,
  0x0083, 0x0084, 0x0083, 0x0083, 0x0083, 0x0083, 0x00a3, 0x0083, 0x00a4, 0x00a4, 0x00a4, 0x00c4,
  0x08e5, 0x08e5, 0x00e5, 0x11ca, 0x11ca, 0x11eb, 0x1a6d, 0x1a6e, 0x1a6e, 0x1a6e, 0x1a6e, 0x1a6e,
  0x1a6e, 0x1a6e, 0x1a4e, 0x1a6e, 0x1a6e, 0x1a4e, 0x1a4d, 0x124d, 0x1a6e, 0x1a6e, 0x124e, 0x126e,
  0x1a6e, 0x1a6e, 0x1a6e, 0x1a4e, 0x124d, 0x1a4e, 0x124d, 0x124d, 0x1a4e, 0x1a4e, 0x124e, 0x1a4e,
  0x1a4d, 0x124d, 0x1a4d, 0x124d, 0x124d, 0x124d, 0x124d, 0x1a6e, 0x1a6e, 0x124e, 0x124e, 0x124d,
  0x124d, 0x124d, 0x124d, 0x124d, 0x124d, 0x124d, 0x124e, 0x1a4e, 0x1a6e, 0x124e, 0x1a6e, 0x1a6e,
  0x124e, 0x124e, 0x124e, 0x124e, 0x124e, 0x1a4e, 0x1a4e, 0x1a4e, 0x1a4e, 0x1a4e, 0x1a4e, 0x1a4e,
  0x1a4d, 0x1a4d, 0x124d, 0x122d, 0x124d, 0x124d, 0x1a4d, 0x1a4d, 0x1a4d, 0x1a4d, 0x1a4d, 0x1a4d,
  0x1a4d, 0x1a4d, 0x1a4d, 0x122d, 0x122d, 0x122d, 0x1a2c, 0x2945, 0x18e4, 0x39a6, 0x2965, 0x124d,
  0x124e, 0x124e, 0x124e, 0x124e, 0x1a4e, 0x124d, 0x124d, 0x124d, 0x124d, 0x1a6e, 0x1a6e, 0x124d,
  0x228e, 0x124d, 0x1a4d, 0x124d, 0x124d, 0x124d, 0x124d, 0x124e, 0x124d, 0x1a4e, 0x124d, 0x124d,
  0x1a4e, 0x1a4e, 0x1a6e, 0x1a6e, 0x1a4d, 0x1a4d, 0x122d, 0x122c, 0x122d, 0x122d, 0x122d, 0x122c,
  0x120c, 0x122c, 0x120c, 0x120c, 0x120c, 0x122d, 0x0989, 0x0106, 0x00a4, 0x0084, 0x00c5, 0x00c5,
  0x00c5, 0x00c5, 0x00a4, 0x0083, 0x00a4, 0x0083, 0x0083, 0x0083, 0x0083, 0x0083, 0x0084, 0x0083,
  0x0083, 0x0083, 0x0083, 0x0083, 0x00a4, 0x00a4, 0x00a4, 0x00a4, 0x00a4, 0x00a4, 0x0083, 0x0083,
  0x0083, 0x00a4, 0x0083, 0x0083, 0x0063, 0x0063, 0x0083, 0x0063, 0x0083, 0x0083, 0x0083, 0x0063,
  0x0083, 0x0083, 0x0063, 0x0063, 0x0063, 0x0083, 0x0083, 0x0062, 0x0062, 0x0062, 0x0042, 0x0042,
  0x0062, 0x0062, 0x0062, 0x0062, 0x0042, 0x0042, 0x0042, 0x0062, 0x0042, 0x0062, 0x0062, 0x0042,
  0x0042, 0x0062, 0x0062, 0x0062, 0x0062, 0x0062, 0x0062, 0x0062, 0x0042, 0x0042, 0x0042, 0x0041,
  0x0042, 0x0042, 0x0042, 0x0062, 0x0062, 0x0062, 0x0062, 0x0062, 0x0062, 0x0062, 0x0062, 0x0062,
  0x0062, 0x0062, 0x0062, 0x0062, 0x0062, 0x0062, 0x0063, 0x0063, 0x0063, 0x0063, 0x0063, 0x0083,
  0x0083, 0x0083, 0x0063, 0x0083, 0x0063, 0x0063, 0x0063, 0x0063, 0x0063, 0x0083, 0x0063, 0x0063,
  0x0083, 0x0084, 0x0083, 0x0083, 0x0083, 0x0083, 0x00a4, 0x00a4, 0x00a4, 0x00a4, 0x00a4, 0x0083,
  0x0083, 0x0083, 0x0084, 0x0084, 0x0084, 0x0083, 0x0083, 0x0083, 0x0084, 0x0084, 0x0084, 0x0083,
  0x0084, 0x0083, 0x0084, 0x0084, 0x0083, 0x0083, 0x0084, 0x0084, 0x0083, 0x0084, 0x0083, 0x00a4,
  0x00a4, 0x00c5, 0x00c4, 0x00a4, 0x00a4, 0x00a4, 0x00a4, 0x0084, 0x0084, 0x0084, 0x0083, 0x0083,
  0x0083, 0x0083, 0x0084, 0x0083, 0x0083, 0x0083, 0x0084, 0x0084, 0x0083, 0x0083, 0x0083, 0x00a4,
  0x0084, 0x0083, 0x0084, 0x00a4, 0x00a4, 0x00c4, 0x00a4, 0x00a4, 0x00a4, 0x00e5, 0x00c5, 0x00c5,
  0x00c5, 0x00c5, 0x0947, 0x11ca, 0x1a2c, 0x1a2d, 0x1a8f, 0x1a8e, 0x1a8e, 0x1a8e, 0x1a8e, 0x1a8e,
  0x1a8e, 0x1a8e, 0x1a6e, 0x1a8e, 0x1a8e, 0x1a6e, 0x1a6e, 0x1a6e, 0x1a8f, 0x1a8f, 0x1a8f, 0x1a8f,
  0x1a8f, 0x1a8e, 0x1a6e, 0x1a6e, 0x1a8f, 0x1a8f, 0x1a8f, 0x1a8e, 0x1a8f, 0x1a8e, 0x1a6e, 0x1a8f,
  0x1a8f, 0x1a8f, 0x1a8e, 0x1a8f, 0x1a8f, 0x1a8e, 0x1a6e, 0x1a6e, 0x1a6e, 0x1a6e, 0x1a8e, 0x1a6e,
  0x1a6e, 0x1a6e, 0x1a8f, 0x1a8f, 0x1a8f, 0x1a8f, 0x1a6e, 0x1a6e, 0x1a8f, 0x1a8f, 0x1a8f, 0x1a8f,
  0x1a8f, 0x1a8f, 0x1a8f, 0x1a8e, 0x1a8e, 0x1a6e, 0x1a6e, 0x1a8f, 0x1a8f, 0x1a8e, 0x1a8e, 0x1a8f,
  0x1a8e, 0x1a8e, 0x1a8e, 0x1a6e, 0x1a6e, 0x1a6e, 0x1a6e, 0x1a6e, 0x1a6e, 0x1a6e, 0x1a6e, 0x1a4e,
  0x1a4e, 0x1a6e, 0x1a2d, 0x1905, 0x10e4, 0x1904, 0x10c3, 0x124e, 0x1a6e, 0x1a6e, 0x1a8f, 0x1a8f,
  0x1a8e, 0x1a6e, 0x1a6e, 0x1a6e, 0x1a6e, 0x1a8e, 0x1a6e, 0x1a6e, 0x1a8e, 0x1a6e, 0x1a6e, 0x1a8e,
  0x1a8e, 0x1a6e, 0x1a8e, 0x1a6e, 0x1a6e, 0x1a6e, 0x1a6e, 0x1a6e, 0x228e, 0x1a6e, 0x1a4d, 0x122d,
  0x122c, 0x1a4d, 0x1a4d, 0x1a2d, 0x1a4d, 0x1a4e, 0x124d, 0x1a4d, 0x1a4d, 0x1a4d, 0x1a2d, 0x11eb,
  0x0907, 0x00c5, 0x00a5, 0x00a4, 0x00a4, 0x00a4, 0x00c4, 0x00a4, 0x00c5, 0x00a4, 0x0083, 0x0083,
  0x00a4, 0x0083, 0x0083, 0x0083, 0x0083, 0x0083, 0x0083, 0x0083, 0x0083, 0x0083, 0x0083, 0x0083,
  0x00a4, 0x00a4, 0x00a4, 0x0083, 0x0083, 0x0083, 0x0083, 0x0083, 0x0083, 0x0083, 0x0063, 0x0083,
  0x0083, 0x0083, 0x0083, 0x0083, 0x0083, 0x0083, 0x0083, 0x0083, 0x0083, 0x0083, 0x0063, 0x0062,
  0x0062, 0x0062, 0x0062, 0x0062, 0x0062, 0x0062, 0x0062, 0x0042, 0x0042, 0x0062, 0x0062, 0x0062,
  0x0062, 0x0062, 0x0042, 0x0042, 0x0042, 0x0042, 0x0042, 0x0042, 0x0062, 0x0062, 0x0062, 0x0062,
  0x0042, 0x0062, 0x0062, 0x0062, 0x0042, 0x0042, 0x0042, 0x0042, 0x0042, 0x0042, 0x0062, 0x0062,
  0x0062, 0x0062, 0x0062, 0x0062, 0x0062, 0x0062, 0x0062, 0x0062, 0x0062, 0x0082, 0x0083, 0x0062,
  0x0062, 0x0062, 0x0042, 0x0062, 0x0063, 0x0063, 0x0063, 0x0083, 0x0083, 0x0083, 0x0083, 0x0063,
  0x0063, 0x0063, 0x0063, 0x0083, 0x0083, 0x0063, 0x0083, 0x0083, 0x0083, 0x0083, 0x0083, 0x0083,
  0x0083, 0x0083, 0x0083, 0x0083, 0x00a4, 0x00a4, 0x00a4, 0x00a4, 0x00a4, 0x0083, 0x0083, 0x0083,
  0x0083, 0x0083, 0x0084, 0x0083, 0x0083, 0x0083, 0x0083, 0x0083, 0x0084, 0x0084, 0x0084, 0x0084,
  0x0084, 0x0084, 0x0083, 0x0084, 0x00a4, 0x00a4, 0x00a4, 0x00a4, 0x00a4, 0x00c4, 0x00a4, 0x00a4,
  0x00a4, 0x0083, 0x0083, 0x0084, 0x0084, 0x0083, 0x0083, 0x0083, 0x0083, 0x0083, 0x0083, 0x0083,
  0x0083, 0x0084, 0x0083, 0x0084, 0x0083, 0x00a4, 0x0084, 0x0084, 0x0084, 0x0084, 0x00a4, 0x00a4,
  0x00c4, 0x00c5, 0x00c4, 0x00a4, 0x00a4, 0x00a4, 0x00c4, 0x00c5, 0x00e5, 0x00c5, 0x00e5, 0x00e6,
  0x00c5, 0x00e5, 0x1169, 0x11eb, 0x1a4d, 0x1aaf, 0x22d0, 0x22af, 0x1a8e, 0x122c, 0x122c, 0x1a4d,
  0x1acf, 0x1aaf, 0x1a8f, 0x1a8f, 0x1aaf, 0x1aaf, 0x1aaf, 0x1aaf, 0x1aaf, 0x1aaf, 0x1a8f, 0x1a8f,
  0x1aaf, 0x1aaf, 0x1a8f, 0x1aaf, 0x1aaf, 0x1aaf, 0x1aaf, 0x1aaf, 0x1aaf, 0x1a8f, 0x1aaf, 0x1a8f,
  0x1a8e, 0x1a6e, 0x1a6e, 0x1a6e, 0x1a6e, 0x1a6e, 0x1a6e, 0x126e, 0x124e, 0x1a6e, 0x1a8f, 0x1a6e,
  0x1a8f, 0x1a8f, 0x1a8e, 0x1a6e, 0x1a8e, 0x1a6e, 0x1a8e, 0x1a8e, 0x1a6e, 0x1a6e, 0x1a6e, 0x1a8e,
  0x1a8e, 0x1a6e, 0x1a8f, 0x1a8f, 0x1aaf, 0x1a8f, 0x1a8f, 0x1a8f, 0x1a8f, 0x1a8f, 0x1a8f, 0x1a8e,
  0x1a8e, 0x1a8e, 0x1a8e, 0x1a8e, 0x1a8f, 0x1aaf, 0x1a8f, 0x1a8f, 0x1a8f, 0x1a8e, 0x1a4c, 0x2924,
  0x2104, 0x2924, 0x3184, 0x128f, 0x1a8f, 0x1a8f, 0x1a8f, 0x1a8f, 0x1a8f, 0x1a8f, 0x1a8f, 0x1a8f,
  0x1a8f, 0x1a8f, 0x1a8f, 0x1a8f, 0x1aaf, 0x1a8f, 0x1a8f, 0x1a8f, 0x1aaf, 0x1a8f, 0x1a8f, 0x1a8e,
  0x1a8e, 0x1a6e, 0x11eb, 0x1a0b, 0x0948, 0x0948, 0x0947, 0x00c5, 0x00c5, 0x0927, 0x0106, 0x0948,
  0x11aa, 0x11ca, 0x1a6e, 0x1a6e, 0x1a4d, 0x120b, 0x1189, 0x00c5, 0x00c4, 0x00a4, 0x00a4, 0x00a4,
  0x00c4, 0x00a4, 0x00a4, 0x00a4, 0x0084, 0x0084, 0x0083, 0x00a4, 0x0083, 0x0083, 0x0083, 0x0083,
  0x0083, 0x0083, 0x0083, 0x0083, 0x0083, 0x0083, 0x0083, 0x00a4, 0x00a4, 0x00a4, 0x0083, 0x0083,
  0x0083, 0x0083, 0x0084, 0x0083, 0x0083, 0x0083, 0x0083, 0x0083, 0x0083, 0x0083, 0x0083, 0x0083,
  0x0083, 0x0083, 0x0083, 0x0083, 0x0083, 0x0083, 0x0062, 0x0062, 0x0062, 0x0062, 0x0063, 0x0062,
  0x0062, 0x0062, 0x0062, 0x0062, 0x0042, 0x0062, 0x0062, 0x0062, 0x0062, 0x0062, 0x0042, 0x0042,
  0x0042, 0x0042, 0x0062, 0x0062, 0x0062, 0x0062, 0x0062, 0x0042, 0x0042, 0x0062, 0x0062, 0x0062,
  0x0042, 0x0042, 0x0042, 0x0042, 0x0042, 0x0042, 0x0062, 0x0062, 0x0062, 0x0062, 0x0062, 0x0062,
  0x0062, 0x0062, 0x0062, 0x0082, 0x0082, 0x0062, 0x0083, 0x0083, 0x0062, 0x0062, 0x0062, 0x0042,
  0x0062, 0x0062, 0x0063, 0x0063, 0x0083, 0x0083, 0x0083, 0x0063, 0x0063, 0x0063, 0x0063, 0x0084,
  0x0083, 0x0063, 0x0083, 0x0084, 0x0083, 0x0083, 0x0083, 0x00a4, 0x0083, 0x0083, 0x0083, 0x0083,
  0x0083, 0x0083, 0x00a4, 0x0084, 0x0084, 0x00a4, 0x0083, 0x0083, 0x0084, 0x0083, 0x0083, 0x0083,
  0x0083, 0x0083, 0x0084, 0x0083, 0x0083, 0x0083, 0x00a4, 0x0084, 0x0084, 0x0084, 0x00a4, 0x00a4,
  0x00a4, 0x00c4, 0x00a4, 0x00a4, 0x00a4, 0x00a4, 0x00a4, 0x0084, 0x0084, 0x0084, 0x0083, 0x0083,
  0x0084, 0x0084, 0x0083, 0x0083, 0x0084, 0x0084, 0x0084, 0x0083, 0x0083, 0x0083, 0x0084, 0x0083,
  0x00a4, 0x00a4, 0x00a4, 0x00a4, 0x0084, 0x0084, 0x00a4, 0x0084, 0x00a4, 0x00e5, 0x00e5, 0x00c5,
  0x00a4, 0x00a4, 0x00a4, 0x00c5, 0x00c5, 0x00c5, 0x00c5, 0x00e5, 0x00e5, 0x08e6, 0x08e6, 0x00e6,
  0x00e6, 0x0968, 0x0968, 0x0968, 0x0906, 0x00c5, 0x00e6, 0x0906, 0x0947, 0x0947, 0x22af, 0x22af,
  0x22d0, 0x1aaf, 0x1aaf, 0x22d0, 0x22d0, 0x1ad0, 0x1aaf, 0x22d0, 0x22d0, 0x22cf, 0x22cf, 0x22cf,
  0x1ad0, 0x1ad0, 0x1ad0, 0x1ad0, 0x1acf, 0x1aaf, 0x1aaf, 0x1aaf, 0x1aaf, 0x1aaf, 0x1a8f, 0x1a8f,
  0x1a8f, 0x1a8f, 0x1a8f, 0x1a8e, 0x1a8f, 0x1a8e, 0x1a8f, 0x1a8f, 0x1a8f, 0x1aaf, 0x1aaf, 0x1a8f,
  0x1aaf, 0x1aaf, 0x1a8f, 0x1a8f, 0x1aaf, 0x1a8f, 0x1a8f, 0x1aaf, 0x1aaf, 0x1a8f, 0x1aaf, 0x1aaf,
  0x1aaf, 0x1aaf, 0x1aaf, 0x1aaf, 0x1aaf, 0x1aaf, 0x1aaf, 0x1aaf, 0x22af, 0x1a8f, 0x1aaf, 0x1aaf,
  0x1aaf, 0x1acf, 0x1ad0, 0x22d0, 0x22d0, 0x1aaf, 0x226d, 0x41c5, 0x41c4, 0x18e3, 0x2104, 0x1aaf,
  0x1ad0, 0x1aaf, 0x1aaf, 0x22af, 0x22af, 0x22cf, 0x22cf, 0x1aaf, 0x1aaf, 0x1acf, 0x1aaf, 0x1aaf,
  0x1aaf, 0x1aaf, 0x1aaf, 0x1aaf, 0x1aaf, 0x1aaf, 0x1aaf, 0x1a6d, 0x11a9, 0x1168, 0x0926, 0x0947,
  0x00e6, 0x00c5, 0x00c4, 0x00c5, 0x00c5, 0x00e5, 0x00e5, 0x00e5, 0x00e5, 0x00c5, 0x0906, 0x0927,
  0x0927, 0x00c5, 0x00c5, 0x00c5, 0x00a4, 0x00a4, 0x0084, 0x00c5, 0x00c5, 0x00a4, 0x0084, 0x0084,
  0x00a4, 0x0083, 0x00a4, 0x00a4, 0x0083, 0x0083, 0x0083, 0x0083, 0x0083, 0x0083, 0x0083, 0x0083,
  0x0083, 0x0083, 0x00a4, 0x0083, 0x0083, 0x0083, 0x0083, 0x0083, 0x0083, 0x0084, 0x0083, 0x0083,
  0x0083, 0x0083, 0x0083, 0x0083, 0x0083, 0x0083, 0x0083, 0x0083, 0x0063, 0x0083, 0x0083, 0x0083,
  0x0083, 0x0063, 0x0062, 0x0062, 0x0062, 0x0062, 0x0062, 0x0062, 0x0062, 0x0062, 0x0062, 0x0062,
  0x0042, 0x0062, 0x0062, 0x0062, 0x0062, 0x0062, 0x0062, 0x0062, 0x0042, 0x0042, 0x0062, 0x0062,
  0x0062, 0x0062, 0x0042, 0x0062, 0x0062, 0x0062, 0x0062, 0x0042, 0x0042, 0x0042, 0x0042, 0x0042,
  0x0063, 0x0042, 0x0062, 0x0062, 0x0042, 0x0062, 0x0062, 0x0062, 0x0062, 0x0062, 0x0062, 0x0082,
  0x0083, 0x0062, 0x0062, 0x0083, 0x0083, 0x0083, 0x0062, 0x0062, 0x0062, 0x0062, 0x0062, 0x0063,
  0x0063, 0x0063, 0x0063, 0x0063, 0x0062, 0x0063, 0x0083, 0x0084, 0x0084, 0x0084, 0x0084, 0x0084,
  0x0084, 0x00a4, 0x0083, 0x00a4, 0x00a4, 0x00a4, 0x0084, 0x0083, 0x0083, 0x0083, 0x0083, 0x0083,
  0x0083, 0x0083, 0x0083, 0x0083, 0x00a3, 0x0083, 0x0083, 0x0083, 0x0083, 0x0083, 0x0084, 0x0083,
  0x0083, 0x0083, 0x0083, 0x0084, 0x00a4, 0x00a4, 0x00a4, 0x00c4, 0x00a4, 0x0084, 0x0083, 0x0083,
  0x0083, 0x0083, 0x0083, 0x00a4, 0x00a4, 0x00a4, 0x00a3, 0x00a4, 0x00a4, 0x0084, 0x00a4, 0x0084,
  0x00a4, 0x00a4, 0x00a4, 0x00a4, 0x0084, 0x0084, 0x0084, 0x00a4, 0x00a4, 0x00a4, 0x00a4, 0x00a4,
  0x00a4, 0x00a4, 0x00a4, 0x0084, 0x00a4, 0x00a4, 0x00c4, 0x00c4, 0x00c5, 0x00c5, 0x00c5, 0x00c5,
  0x00c5, 0x00c5, 0x00c5, 0x00c5, 0x00c5, 0x00e5, 0x00e6, 0x0906, 0x08e6, 0x00e5, 0x00c5, 0x00c4,
  0x00a4, 0x00c5, 0x00c5, 0x00c5, 0x00e5, 0x00e5, 0x00e5, 0x0927, 0x1a4d, 0x22af, 0x2311, 0x2311,
  0x2311, 0x22f0, 0x22f0, 0x2311, 0x2311, 0x2310, 0x22f0, 0x2311, 0x2311, 0x2311, 0x2311, 0x2311,
  0x22f0, 0x22f0, 0x22f0, 0x22f0, 0x22f0, 0x1af0, 0x1ad0, 0x22d0, 0x1acf, 0x1ad0, 0x1ad0, 0x1af0,
  0x1ad0, 0x1ad0, 0x1acf, 0x1acf, 0x1ad0, 0x22f0, 0x22f0, 0x22f0, 0x22d0, 0x1ad0, 0x1ad0, 0x1ad0,
  0x1ad0, 0x1ad0, 0x1ad0, 0x1acf, 0x1ad0, 0x22d0, 0x22f0, 0x22f0, 0x22f0, 0x22f0, 0x22f0, 0x22f0,
  0x22f0, 0x22f0, 0x22f0, 0x22f0, 0x22f0, 0x22f0, 0x22f0, 0x22f0, 0x22f0, 0x22f0, 0x2310, 0x2310,
  0x22f0, 0x1a4c, 0x1a2b, 0x00a4, 0x00a3, 0x3985, 0x41c5, 0x19ea, 0x1189, 0x22f0, 0x22f0, 0x22f0,
  0x22f0, 0x22f0, 0x22f0, 0x2af0, 0x22f0, 0x22f0, 0x1acf, 0x22d0, 0x1aae, 0x1a8e, 0x1a8e, 0x1a8e,
  0x1a4d, 0x11ea, 0x0927, 0x0927, 0x0906, 0x0927, 0x0927, 0x0927, 0x0906, 0x00c5, 0x00c5, 0x00c5,
  0x00c5, 0x00c5, 0x00c5, 0x00c5, 0x00c5, 0x00c5, 0x00c5, 0x00c5, 0x00c5, 0x00a4, 0x00a4, 0x00a4,
  0x00a4, 0x00c5, 0x00c5, 0x00c4, 0x00a4, 0x00a4, 0x00a4, 0x0084, 0x0083, 0x0083, 0x00a4, 0x00a4,
  0x0083, 0x0083, 0x0083, 0x0084, 0x0083, 0x0083, 0x0083, 0x0083, 0x0083, 0x0083, 0x0084, 0x0083,
  0x0083, 0x0083, 0x0083, 0x0083, 0x00a3, 0x0083, 0x0083, 0x0083, 0x0083, 0x00a4, 0x0084, 0x0084,
  0x0083, 0x0083, 0x0083, 0x0083, 0x0083, 0x0083, 0x0083, 0x0063, 0x0062, 0x0062, 0x0063, 0x0062,
  0x0062, 0x0062, 0x0062, 0x0062, 0x0062, 0x0062, 0x0062, 0x0062, 0x0062, 0x0062, 0x0062, 0x0062,
  0x0062, 0x0062, 0x0062, 0x0042, 0x0042, 0x0062, 0x0062, 0x0062, 0x0042, 0x0062, 0x0062, 0x0042,
  0x0062, 0x0062, 0x0042, 0x0042, 0x0042, 0x0042, 0x0042, 0x0042, 0x0063, 0x0042, 0x0042, 0x0062,
  0x0062, 0x0042, 0x0042, 0x0062, 0x0082, 0x0082, 0x0083, 0x0083, 0x0082, 0x0062, 0x0062, 0x0062,
  0x0062, 0x0083, 0x0082, 0x0083, 0x0083, 0x0062, 0x0062, 0x0062, 0x0062, 0x0062, 0x0062, 0x0062,
  0x0063, 0x0063, 0x0063, 0x0083, 0x0084, 0x00a4, 0x0084, 0x00a4, 0x00a4, 0x00a4, 0x00a4, 0x00a4,
  0x00a4, 0x0084, 0x00a4, 0x00a4, 0x00a4, 0x0083, 0x0083, 0x0083, 0x0083, 0x0083, 0x0084, 0x0084,
  0x0083, 0x0084, 0x0084, 0x0083, 0x0083, 0x0084, 0x0084, 0x0083, 0x0083, 0x0083, 0x0083, 0x0083,
  0x0083, 0x00a4, 0x00a4, 0x00a4, 0x0083, 0x0083, 0x0083, 0x0083, 0x0083, 0x0083, 0x0083, 0x0083,
  0x00a4, 0x00a4, 0x00a4, 0x00a4, 0x00a4, 0x00a4, 0x00a4, 0x00a4, 0x00a4, 0x00c4, 0x00c4, 0x00a4,
  0x00a4, 0x00a4, 0x00a4, 0x00a4, 0x00a4, 0x00a4, 0x00a4, 0x00a4, 0x00a4, 0x00a4, 0x00a4, 0x00a4,
  0x00a4, 0x00a4, 0x00c4, 0x00a4, 0x00a4, 0x00c5, 0x00c5, 0x00e5, 0x00c5, 0x00c5, 0x00c5, 0x00c4,
  0x00c5, 0x00e5, 0x00e5, 0x00e5, 0x00e5, 0x00e6, 0x00c5, 0x00c5, 0x00c5, 0x00c5, 0x00c5, 0x00c5,
  0x00c5, 0x00e5, 0x00e6, 0x0106, 0x0106, 0x0948, 0x11ca, 0x22cf, 0x2b31, 0x2311, 0x2b31, 0x2b31,
  0x2b51, 0x2b31, 0x2b51, 0x2b52, 0x2331, 0x2311, 0x2311, 0x2311, 0x2311, 0x2b31, 0x2b31, 0x2b31,
  0x2331, 0x2311, 0x2311, 0x2311, 0x22f0, 0x2311, 0x22f1, 0x2311, 0x22f0, 0x22f0, 0x22f0, 0x22f0,
  0x22f0, 0x2310, 0x2311, 0x2311, 0x2311, 0x2311, 0x22f1, 0x2311, 0x22f0, 0x22f0, 0x22f0, 0x22f0,
  0x22f1, 0x2311, 0x2311, 0x2311, 0x2311, 0x2311, 0x2311, 0x2311, 0x2311, 0x2331, 0x2311, 0x2311,
  0x120b, 0x0968, 0x0968, 0x0948, 0x1a2c, 0x22f0, 0x2310, 0x2311, 0x22cf, 0x08e4, 0x08e5, 0x08e4,
  0x08c4, 0x00a4, 0x0063, 0x0083, 0x0083, 0x2b10, 0x2311, 0x2b31, 0x2b11, 0x2b30, 0x4371, 0x2b31,
  0x2b10, 0x1a6d, 0x120c, 0x1189, 0x0948, 0x0127, 0x0927, 0x0907, 0x0906, 0x0907, 0x0906, 0x0907,
  0x0927, 0x0906, 0x0906, 0x00e5, 0x00c5, 0x00c5, 0x00c5, 0x00c5, 0x00c5, 0x00c5, 0x00c5, 0x00c5,
  0x00c5, 0x00c5, 0x00c5, 0x00c5, 0x00a4, 0x00a4, 0x00a4, 0x00a4, 0x00c5, 0x00c5, 0x00c5, 0x00a4,
  0x0084, 0x0084, 0x0084, 0x0084, 0x00a4, 0x00a4, 0x00a4, 0x0083, 0x0084, 0x00a4, 0x00a4, 0x00a4,
  0x00a4, 0x00a4, 0x0083, 0x0083, 0x0084, 0x0084, 0x0084, 0x0083, 0x00a4, 0x00a4, 0x00a4, 0x0083,
  0x0083, 0x0083, 0x0083, 0x00a4, 0x0084, 0x0084, 0x0083, 0x0083, 0x0083, 0x0083, 0x0063, 0x0063,
  0x0063, 0x0083, 0x0063, 0x0062, 0x0062, 0x0062, 0x0062, 0x0062, 0x0062, 0x0062, 0x0062, 0x0062,
  0x0062, 0x0062, 0x0062, 0x0062, 0x0062, 0x0062, 0x0062, 0x0062, 0x0062, 0x0062, 0x0062, 0x0062,
  0x0062, 0x0062, 0x0062, 0x0042, 0x0062, 0x0062, 0x0062, 0x0042, 0x0062, 0x0042, 0x0042, 0x0042,
  0x0042, 0x0042, 0x0042, 0x0042, 0x0062, 0x0062, 0x0062, 0x0062, 0x0062, 0x0062, 0x0062, 0x0062,
  0x0062, 0x0082, 0x0062, 0x0083, 0x0062, 0x0062, 0x0083, 0x0062, 0x0062, 0x0083, 0x0083, 0x0083,
  0x0083, 0x0083, 0x0083, 0x0062, 0x0083, 0x0062, 0x0063, 0x0063, 0x0063, 0x0083, 0x0063, 0x0063,
  0x0083, 0x00a4, 0x00a4, 0x00a4, 0x0084, 0x0084, 0x0084, 0x0084, 0x00a4, 0x00a4, 0x00a4, 0x00a4,
  0x00a4, 0x0083, 0x0083, 0x0083, 0x0083, 0x0083, 0x0083, 0x0083, 0x0083, 0x0083, 0x0083, 0x0084,
  0x0084, 0x0084, 0x00a4, 0x0084, 0x0084, 0x0083, 0x0083, 0x0083, 0x0083, 0x0083, 0x00a4, 0x00a4,
  0x00a4, 0x00a4, 0x0083, 0x0083, 0x0083, 0x0083, 0x0083, 0x0083, 0x0083, 0x00a4, 0x00a4, 0x00a4,
  0x00a4, 0x00a4, 0x00a4, 0x00a4, 0x00a4, 0x00a4, 0x00a4, 0x00a4, 0x00c4, 0x00c4, 0x00a4, 0x00a4,
  0x00a4, 0x00a4, 0x00a4, 0x00a4, 0x00c4, 0x00a4, 0x00a4, 0x00a4, 0x00a4, 0x00a4, 0x00c4, 0x00c4,
  0x00c4, 0x00c5, 0x00c5, 0x00e5, 0x00c5, 0x00c5, 0x00c5, 0x00e5, 0x00c5, 0x00c4, 0x00c5, 0x00c5,
  0x00c5, 0x00e6, 0x00c5, 0x00c5, 0x00c5, 0x00c5, 0x00c5, 0x00c5, 0x00c5, 0x00c5, 0x00c5, 0x00e5,
  0x00e5, 0x00e6, 0x00e6, 0x0906, 0x0927, 0x1188, 0x22ce, 0x2b51, 0x3351, 0x2b10, 0x228d, 0x0948,
  0x0127, 0x00e6, 0x0106, 0x11ca, 0x1a4c, 0x228e, 0x3393, 0x2b72, 0x2b52, 0x2b51, 0x2b31, 0x2b32,
  0x2b52, 0x2331, 0x2b31, 0x2311, 0x2b31, 0x2311, 0x2b31, 0x2331, 0x2b51, 0x2b51, 0x2b31, 0x2b51,
  0x2b51, 0x2b51, 0x2b31, 0x2b31, 0x2b31, 0x2b31, 0x2b31, 0x2b31, 0x2b52, 0x2b52, 0x2b52, 0x2b51,
  0x2b51, 0x2b52, 0x2b52, 0x2b72, 0x2b52, 0x2b52, 0x2b31, 0x2b31, 0x2124, 0x49e6, 0x00e5, 0x49e5,
  0x0063, 0x2b10, 0x2b31, 0x2b31, 0x22ef, 0x00e5, 0x39a5, 0x41c6, 0x2145, 0x0083, 0x0042, 0x4a05,
  0x3164, 0x2aef, 0x22ae, 0x1a6d, 0x1a2c, 0x0989, 0x1189, 0x0968, 0x0948, 0x0948, 0x0927, 0x0907,
  0x0907, 0x0927, 0x0906, 0x0906, 0x0906, 0x0906, 0x0906, 0x00e6, 0x00e6, 0x00e5, 0x00e5, 0x00c5,
  0x00c5, 0x00c5, 0x00e5, 0x00e5, 0x00c5, 0x00c5, 0x00c4, 0x00c5, 0x00c5, 0x00c5, 0x00c4, 0x00c4,
  0x00c4, 0x00c4, 0x00c4, 0x00c5, 0x00c4, 0x00a4, 0x00a4, 0x00a4, 0x00a4, 0x00a4, 0x00a4, 0x00a4,
  0x00a4, 0x00a4, 0x0084, 0x0084, 0x00a4, 0x00a4, 0x00a4, 0x00a4, 0x00a4, 0x00a4, 0x00a4, 0x00a4,
  0x00a4, 0x0084, 0x00a4, 0x00a4, 0x00a4, 0x00a4, 0x0083, 0x0083, 0x0083, 0x00a4, 0x00a4, 0x00a4,
  0x0083, 0x0083, 0x0083, 0x0083, 0x0083, 0x0063, 0x0083, 0x0083, 0x0063, 0x0063, 0x0063, 0x0063,
  0x0063, 0x0063, 0x0063, 0x0062, 0x0062, 0x0062, 0x0062, 0x0063, 0x0063, 0x0062, 0x0063, 0x0062,
  0x0062, 0x0062, 0x0062, 0x0062, 0x0062, 0x0062, 0x0062, 0x0063, 0x0062, 0x0062, 0x0042, 0x0042,
  0x0062, 0x0062, 0x0062, 0x0062, 0x0062, 0x0062, 0x0062, 0x0042, 0x0042, 0x0042, 0x0062, 0x0062,
  0x0062, 0x0062, 0x0062, 0x0062, 0x0062, 0x0062, 0x0062, 0x0062, 0x0062, 0x0062, 0x0062, 0x0062,
  0x0082, 0x0082, 0x0083, 0x0083, 0x0062, 0x0062, 0x0062, 0x0083, 0x0062, 0x0083, 0x0083, 0x0083,
  0x0083, 0x0083, 0x0083, 0x0063, 0x0063, 0x0063, 0x0083, 0x0063, 0x0083, 0x0083, 0x0083, 0x0083,
  0x0084, 0x0084, 0x00a4, 0x0084, 0x0084, 0x00a4, 0x0084, 0x0083, 0x00a4, 0x00a4, 0x00a4, 0x00a4,
  0x00a4, 0x0084, 0x0083, 0x0083, 0x0083, 0x0083, 0x0083, 0x0083, 0x00a3, 0x00a4, 0x00a4, 0x00a4,
  0x00a4, 0x0084, 0x0083, 0x00a4, 0x0083, 0x00a4, 0x00a4, 0x00a4, 0x00a4, 0x00a4, 0x00a4, 0x00a4,
  0x00a4, 0x00a4, 0x00a4, 0x00a4, 0x0084, 0x0084, 0x0084, 0x00a4, 0x00a4, 0x00a4, 0x00a4, 0x00a4,
  0x00a4, 0x00a4, 0x00a4, 0x00c4, 0x00c5, 0x00c5, 0x00c4, 0x00c5, 0x00a4, 0x00a4, 0x00a4, 0x00c4,
  0x00c4, 0x00c4, 0x00c4, 0x00c4, 0x00c5, 0x00c5, 0x00c4, 0x00c4, 0x00c5, 0x00c5, 0x00c4, 0x00c5,
  0x00e5, 0x00e5, 0x00c5, 0x00c5, 0x00c4, 0x00c4, 0x00a4, 0x00c4, 0x00c5, 0x00c5, 0x00c5, 0x00e5,
  0x00e6, 0x00e5, 0x00c5, 0x00c5, 0x00e5, 0x00e5, 0x00c5, 0x00c5, 0x00c5, 0x00c5, 0x00e6, 0x00e6,
  0x00e5, 0x0106, 0x00e6, 0x00e6, 0x00e6, 0x00c5, 0x00e5, 0x00e6, 0x00e5, 0x00e5, 0x00e5, 0x00e6,
  0x00e6, 0x0107, 0x11ca, 0x11c9, 0x22cf, 0x2b10, 0x2b31, 0x2b52, 0x2332, 0x2352, 0x2331, 0x2b31,
  0x2b31, 0x2b51, 0x2b51, 0x2b52, 0x2b72, 0x2b72, 0x2b72, 0x2b52, 0x2b52, 0x2b51, 0x2b52, 0x2b51,
  0x2b51, 0x2b72, 0x2b72, 0x2b72, 0x2b72, 0x2b72, 0x2b72, 0x2b72, 0x2b92, 0x2b92, 0x2b93, 0x2b93,
  0x2b93, 0x2b51, 0x22cf, 0x2ace, 0x10c3, 0x2945, 0x08e5, 0x2924, 0x00a4, 0x3372, 0x2b51, 0x22cf,
  0x228d, 0x00a4, 0x1904, 0x5246, 0x10e4, 0x51e5, 0x0083, 0x7b08, 0x3165, 0x0906, 0x0906, 0x0927,
  0x0948, 0x0948, 0x0927, 0x0927, 0x0907, 0x0907, 0x0927, 0x0927, 0x0927, 0x0907, 0x0906, 0x0106,
  0x00e6, 0x00e5, 0x00e5, 0x00c5, 0x00e5, 0x00e5, 0x00e5, 0x00e5, 0x00e5, 0x00e5, 0x00e5, 0x00c5,
  0x00c5, 0x00a4, 0x00c5, 0x00c5, 0x00c5, 0x00a4, 0x00a4, 0x00a4, 0x00c5, 0x00c5, 0x00c5, 0x00a4,
  0x00a4, 0x00a4, 0x00a4, 0x00c4, 0x00a4, 0x00c4, 0x00a4, 0x00a4, 0x00a4, 0x0084, 0x00a4, 0x00a4,
  0x00a4, 0x00a4, 0x00a4, 0x00a4, 0x00a4, 0x00a4, 0x00a4, 0x00a4, 0x00a4, 0x00a4, 0x00a4, 0x00a4,
  0x00a4, 0x0084, 0x0084, 0x00a4, 0x00a4, 0x00a4, 0x00a4, 0x0083, 0x0083, 0x0083, 0x0083, 0x0083,
  0x0083, 0x0083, 0x0083, 0x0083, 0x0063, 0x0083, 0x0083, 0x0063, 0x0063, 0x0063, 0x0063, 0x0063,
  0x0063, 0x0062, 0x0063, 0x0063, 0x0062, 0x0063, 0x0063, 0x0063, 0x0062, 0x0062, 0x0062, 0x0062,
  0x0062, 0x0062, 0x0063, 0x0063, 0x0062, 0x0042, 0x0062, 0x0083, 0x0062, 0x0062, 0x0062, 0x0062,
  0x0062, 0x0062, 0x0062, 0x0042, 0x0062, 0x0062, 0x0062, 0x0062, 0x0062, 0x0062, 0x0062, 0x0062,
  0x0062, 0x0062, 0x0062, 0x0062, 0x0062, 0x0062, 0x0062, 0x0062, 0x0062, 0x0083, 0x0082, 0x0083,
  0x0082, 0x0082, 0x0062, 0x0083, 0x0083, 0x0063, 0x0083, 0x0083, 0x0083, 0x0083, 0x0083, 0x0083,
  0x0063, 0x0083, 0x0063, 0x0083, 0x0083, 0x0083, 0x0083, 0x0083, 0x0083, 0x0083, 0x0083, 0x0084,
  0x0083, 0x0083, 0x00a4, 0x00a4, 0x00a4, 0x00a4, 0x00a4, 0x00a4, 0x00a4, 0x00a4, 0x00a4, 0x00a4,
  0x0083, 0x0084, 0x0084, 0x00a4, 0x0083, 0x00a4, 0x00a4, 0x00a4, 0x00a4, 0x00a4, 0x0083, 0x00a4,
  0x00a4, 0x00a4, 0x00a4, 0x00a4, 0x00a4, 0x00a4, 0x00a4, 0x00a4, 0x00a4, 0x00a4, 0x00a4, 0x00a4,
  0x00a4, 0x00a4, 0x0083, 0x00a4, 0x00a4, 0x00a4, 0x0084, 0x00a4, 0x00a4, 0x00a4, 0x00c4, 0x00c4,
  0x00c4, 0x00c4, 0x00c4, 0x00c4, 0x00c4, 0x00c5, 0x00c5, 0x00a4, 0x00c4, 0x00c4, 0x00c4, 0x00c5,
  0x00c5, 0x00c5, 0x00c5, 0x00c5, 0x00c4, 0x00c5, 0x00c5, 0x00c5, 0x00c5, 0x00e5, 0x00a4, 0x00a4,
  0x00c4, 0x00c5, 0x00c5, 0x00c5, 0x00c5, 0x00c5, 0x00c5, 0x00c5, 0x00e5, 0x00e5, 0x00c5, 0x00e5,
  0x00e5, 0x00e6, 0x00e5, 0x00e6, 0x00e5, 0x00e5, 0x00e5, 0x00e5, 0x00c5, 0x00e5, 0x00e5, 0x00e5,
  0x00e6, 0x00e6, 0x00e6, 0x00e5, 0x00e6, 0x00e5, 0x00e5, 0x00e5, 0x00e5, 0x00c5, 0x00c5, 0x00e5,
  0x0106, 0x0107, 0x0968, 0x1a0b, 0x0927, 0x120b, 0x120b, 0x22ae, 0x22ce, 0x2b51, 0x2b51, 0x2b72,
  0x3392, 0x3392, 0x3392, 0x3392, 0x3392, 0x2b71, 0x2b51, 0x2b51, 0x2b72, 0x2b72, 0x2b92, 0x2b92,
  0x3392, 0x33b2, 0x3392, 0x3392, 0x33b3, 0x33b3, 0x33d3, 0x228d, 0x1a6d, 0x1a0a, 0x0948, 0x0947,
  0x1904, 0x31a5, 0x2924, 0x18e4, 0x00a4, 0x1a2c, 0x0968, 0x0948, 0x00e6, 0x0083, 0x0083, 0x00a4,
  0x00c4, 0x00a4, 0x00a4, 0x00a4, 0x0083, 0x0106, 0x0927, 0x0927, 0x0927, 0x0906, 0x0907, 0x0906,
  0x0106, 0x0907, 0x0927, 0x0927, 0x0927, 0x00e6, 0x00e5, 0x00c5, 0x00c5, 0x00c5, 0x00a4, 0x00c5,
  0x00c5, 0x1926, 0x00e5, 0x00e5, 0x00e5, 0x00e5, 0x00c5, 0x00c5, 0x1106, 0x00c5, 0x00c5, 0x00c5,
  0x00c4, 0x00c4, 0x00a4, 0x00c4, 0x00a4, 0x00c4, 0x00a4, 0x00a4, 0x00a4, 0x00a4, 0x00a4, 0x00c4,
  0x00a4, 0x00a4, 0x00a4, 0x00a4, 0x00a4, 0x00a4, 0x00a4, 0x00c4, 0x00a4, 0x00a4, 0x00a4, 0x00a4,
  0x00a4, 0x00a4, 0x00a4, 0x00a4, 0x00a4, 0x00a4, 0x00a4, 0x0084, 0x00a4, 0x00a4, 0x00a4, 0x00a4,
  0x00a4, 0x0083, 0x0083, 0x00a3, 0x0083, 0x0083, 0x0083, 0x0083, 0x0083, 0x0083, 0x0083, 0x0083,
  0x0083, 0x0083, 0x0083, 0x0083, 0x0063, 0x0063, 0x0063, 0x0063, 0x0062, 0x0062, 0x0062, 0x0063,
  0x0063, 0x0063, 0x0063, 0x0062, 0x0062, 0x0062, 0x0062, 0x0062, 0x0083, 0x0083, 0x0083, 0x0063,
  0x0062, 0x0062, 0x0063, 0x0062, 0x0062, 0x0062, 0x0062, 0x0062, 0x0062, 0x0062, 0x0062, 0x0062,
  0x0042, 0x0062, 0x0042, 0x0062, 0x0062, 0x0042, 0x0062, 0x0062, 0x0062, 0x0062, 0x0062, 0x0062,
  0x0062, 0x0062, 0x0062, 0x0062, 0x0062, 0x0062, 0x0062, 0x0063, 0x0062, 0x0083, 0x0063, 0x0062,
  0x0063, 0x0083, 0x0083, 0x0063, 0x0083, 0x0083, 0x0083, 0x0083, 0x0083, 0x0083, 0x0083, 0x0083,
  0x0083, 0x0083, 0x0063, 0x0083, 0x0083, 0x0083, 0x0083, 0x0083, 0x0083, 0x0083, 0x0083, 0x0084,
  0x0084, 0x00a4, 0x00a4, 0x00a4, 0x00a4, 0x00a4, 0x00a4, 0x0083, 0x0083, 0x0083, 0x0083, 0x0083,
  0x0083, 0x0083, 0x0083, 0x0083, 0x0083, 0x00a4, 0x00a4, 0x00a4, 0x00a4, 0x00a4, 0x00a4, 0x00a4,
  0x00a4, 0x00a4, 0x00a4, 0x00a4, 0x00a4, 0x00a4, 0x00a4, 0x00a4, 0x00a4, 0x00a4, 0x00a4, 0x0083,
  0x00a4, 0x00a4, 0x0083, 0x0083, 0x0084, 0x00a4, 0x00a4, 0x00a4, 0x00a4, 0x00a4, 0x00a4, 0x00a4,
  0x00a4, 0x00a4, 0x00c5, 0x00c5, 0x00c4, 0x00c4, 0x00c4, 0x00c5, 0x00c5, 0x00c5, 0x00c5, 0x00c5,
  0x00c5, 0x00c5, 0x00c5, 0x00c5, 0x00c5, 0x00a4, 0x18e4, 0x00a4, 0x0063, 0x00c5, 0x00c5, 0x00c5,
  0x00c5, 0x00c5, 0x00c5, 0x00c5, 0x00c5, 0x00e5, 0x00e6, 0x00e6, 0x00e6, 0x00e5, 0x00e6, 0x00e6,
  0x00e5, 0x00e6, 0x00e5, 0x08e5, 0x00e5, 0x00e5, 0x00e5, 0x00e5, 0x00e5, 0x00c5, 0x00e5, 0x0106,
  0x0106, 0x0106, 0x0106, 0x00e5, 0x00c5, 0x00c5, 0x00c5, 0x00e5, 0x0106, 0x0927, 0x0106, 0x0106,
  0x0107, 0x0107, 0x0127, 0x0128, 0x0148, 0x0948, 0x0927, 0x1189, 0x1a2b, 0x226d, 0x228d, 0x22ae,
  0x1a0b, 0x22cf, 0x22ae, 0x22cf, 0x2aef, 0x226d, 0x228d, 0x22ae, 0x2aef, 0x22cf, 0x2acf, 0x2acf,
  0x2ace, 0x0927, 0x0926, 0x2125, 0x00a4, 0x0906, 0x1926, 0x1946, 0x10e4, 0x3144, 0x0083, 0x10a3,
  0x0063, 0x0127, 0x0948, 0x0948, 0x0107, 0x00a4, 0x6ac6, 0x6286, 0x6266, 0x7ac6, 0x00a4, 0x49c5,
  0x3144, 0x0106, 0x0927, 0x0906, 0x10e4, 0x0083, 0x00a4, 0x0907, 0x0927, 0x0907, 0x0927, 0x0906,
  0x08e5, 0x00e6, 0x00e6, 0x00e6, 0x0906, 0x0083, 0x10e4, 0x08a3, 0x0063, 0x00c4, 0x00e5, 0x00c5,
  0x00c5, 0x00c5, 0x00c5, 0x08e5, 0x00c5, 0x00c5, 0x00a4, 0x08c4, 0x39a6, 0x00c5, 0x00c4, 0x00a4,
  0x00a4, 0x00a4, 0x00c4, 0x00c5, 0x00c5, 0x00c5, 0x00c4, 0x00c4, 0x00c4, 0x00c4, 0x00a4, 0x00a4,
  0x08a4, 0x0084, 0x00c4, 0x00a4, 0x00a4, 0x00a4, 0x00a4, 0x00a4, 0x00a4, 0x00a4, 0x00a4, 0x00a4,
  0x00a4, 0x00a4, 0x00a4, 0x0084, 0x00a4, 0x00a4, 0x00a4, 0x00a4, 0x0083, 0x0083, 0x0083, 0x0083,
  0x0083, 0x0083, 0x0083, 0x0083, 0x0083, 0x0084, 0x0083, 0x0084, 0x0083, 0x0083, 0x0083, 0x0083,
  0x0083, 0x0083, 0x0083, 0x00a3, 0x0063, 0x0083, 0x0063, 0x0083, 0x0063, 0x0083, 0x0063, 0x0063,
  0x0063, 0x0062, 0x0083, 0x0083, 0x0063, 0x0063, 0x0062, 0x0062, 0x0062, 0x0062, 0x0062, 0x0062,
  0x0062, 0x0062, 0x0062, 0x0062, 0x0062, 0x0062, 0x0062, 0x0062, 0x0062, 0x0062, 0x0062, 0x0062,
  0x0062, 0x0062, 0x0062, 0x0062, 0x0062, 0x0062, 0x0062, 0x0062, 0x0062, 0x0062, 0x0062, 0x0062,
  0x0062, 0x0082, 0x0062, 0x0062, 0x0062, 0x0062, 0x0083, 0x0083, 0x0083, 0x0063, 0x0063, 0x0063,
  0x0063, 0x0083, 0x0083, 0x0083, 0x0083, 0x0083, 0x0083, 0x0083, 0x0083, 0x0083, 0x0083, 0x0083,
  0x0083, 0x0083, 0x0083, 0x0083, 0x0083, 0x0083, 0x0083, 0x0083, 0x0083, 0x0083, 0x0083, 0x0083,
  0x0083, 0x0083, 0x0083, 0x00a4, 0x0083, 0x0083, 0x0083, 0x0083, 0x0083, 0x0083, 0x0083, 0x0083,
  0x0083, 0x0083, 0x0083, 0x0083, 0x0083, 0x0083, 0x0083, 0x0083, 0x0083, 0x0083, 0x0083, 0x2945,
  0x00a4, 0x00a4, 0x00a4, 0x00a4, 0x00a4, 0x00a4, 0x00a4, 0x00a4, 0x00a4, 0x00a4, 0x0084, 0x0083,
  0x00a4, 0x00a4, 0x00a4, 0x00a4, 0x00a4, 0x00a4, 0x00a4, 0x00a4, 0x00a4, 0x00a4, 0x00a4, 0x00a4,
  0x00a4, 0x00a4, 0x00a4, 0x00c4, 0x00c5, 0x00c5, 0x00c5, 0x00c5, 0x00c5, 0x00c5, 0x00c5, 0x00c5,
  0x00c5, 0x0083, 0x5268, 0x4a48, 0x39c6, 0x00e5, 0x00e5, 0x00c5, 0x00e5, 0x00e5, 0x00e5, 0x00c5,
  0x00c5, 0x00c5, 0x00e6, 0x00e6, 0x00c5, 0x00c5, 0x08e5, 0x6aea, 0x00c5, 0x0906, 0x08e6, 0x08e6,
  0x0906, 0x00e5, 0x00e5, 0x00e5, 0x00e5, 0x00e5, 0x00e5, 0x00e5, 0x0927, 0x19a8, 0x00e5, 0x00e5,
  0x00c5, 0x00e5, 0x00e6, 0x00e5, 0x00c5, 0x0106, 0x0927, 0x0927, 0x0127, 0x0927, 0x0927, 0x0927,
  0x0127, 0x0927, 0x0927, 0x0927, 0x0106, 0x0106, 0x0106, 0x0907, 0x0927, 0x0948, 0x0948, 0x0948,
  0x1906, 0x5247, 0x31a6, 0x08e6, 0x08e6, 0x0927, 0x0948, 0x0927, 0x0906, 0x08e6, 0x00c4, 0x39e6,
  0x00a4, 0x08e6, 0x39c6, 0x08e5, 0x39a5, 0x5206, 0x08a3, 0x39a4, 0x08a3, 0x00a5, 0x0127, 0x0127,
  0x0106, 0x00c4, 0x00c4, 0x00a4, 0x0083, 0x00a4, 0x00c4, 0x08a3, 0x0083, 0x0906, 0x08e6, 0x08c4,
  0x41c5, 0x0083, 0x00c4, 0x0947, 0x0107, 0x0106, 0x00c5, 0x2104, 0x2104, 0x00c5, 0x0106, 0x1126,
  0x1946, 0x5a86, 0x18e3, 0x5266, 0x0083, 0x00a4, 0x00c5, 0x00c5, 0x00c5, 0x00c5, 0x08c4, 0x1946,
  0x00a4, 0x00a4, 0x00a4, 0x00a4, 0x00a4, 0x00a4, 0x00a4, 0x00c5, 0x00a4, 0x00a4, 0x00a4, 0x00a4,
  0x00a4, 0x00c5, 0x00c5, 0x00c4, 0x00c5, 0x00c4, 0x00a4, 0x00a4, 0x41e7, 0x00a4, 0x00a4, 0x10e4,
  0x0083, 0x0083, 0x00a4, 0x08e4, 0x00a4, 0x00a4, 0x00a4, 0x00a4, 0x00a4, 0x00a4, 0x0084, 0x00a4,
  0x0084, 0x0084, 0x0083, 0x0083, 0x0084, 0x0083, 0x0083, 0x0083, 0x0083, 0x0083, 0x0083, 0x00a4,
  0x00a4, 0x0084, 0x0083, 0x0083, 0x10e4, 0x0083, 0x0083, 0x0083, 0x0083, 0x0083, 0x0083, 0x0083,
  0x0083, 0x0083, 0x0083, 0x0083, 0x0083, 0x0062, 0x0062, 0x0063, 0x0083, 0x0083, 0x0082, 0x0083,
  0x0083, 0x0063, 0x0062, 0x0062, 0x0062, 0x0062, 0x0062, 0x0062, 0x0062, 0x0062, 0x0062, 0x0062,
  0x0062, 0x0062, 0x0062, 0x0062, 0x0062, 0x0062, 0x0062, 0x0062, 0x0063, 0x0062, 0x0083, 0x0062,
  0x0062, 0x0062, 0x0062, 0x0062, 0x0062, 0x0062, 0x0062, 0x0062, 0x0083, 0x0082, 0x0083, 0x0062,
  0x0082, 0x0082, 0x0082, 0x0083, 0x0083, 0x0083, 0x0063, 0x0063, 0x0063, 0x0063, 0x0083, 0x0083,
  0x0083, 0x00a3, 0x00a3, 0x00a3, 0x0083, 0x0083, 0x0083, 0x0083, 0x0083, 0x0083, 0x0083, 0x0083,
  0x0083, 0x0083, 0x0083, 0x0083, 0x0083, 0x0083, 0x0083, 0x0083, 0x0083, 0x0083, 0x0083, 0x0083,
  0x0083, 0x0083, 0x00a3, 0x0083, 0x0083, 0x0083, 0x0083, 0x0083, 0x0083, 0x0083, 0x0083, 0x0083,
  0x0083, 0x0083, 0x0083, 0x0083, 0x0083, 0x0083, 0x0083, 0x0083, 0x00a4, 0x00a4, 0x00a4, 0x00a4,
  0x00a4, 0x00a4, 0x00a4, 0x00c4, 0x00c4, 0x00c4, 0x39a6, 0x3166, 0x00a4, 0x00a4, 0x00a4, 0x00a4,
  0x00a4, 0x00c4, 0x00a4, 0x00a4, 0x00a4, 0x00a4, 0x00a4, 0x00a4, 0x00a4, 0x00a4, 0x00a4, 0x00a4,
  0x00c4, 0x00c4, 0x00c5, 0x00c5, 0x00c5, 0x00c5, 0x00c5, 0x00c5, 0x00c4, 0x0083, 0x10c3, 0x18e4,
  0x10c4, 0x00e5, 0x00e5, 0x00e5, 0x00c5, 0x00c4, 0x08e5, 0x0926, 0x00c5, 0x00c5, 0x00c5, 0x00e5,
  0x00a4, 0x00a4, 0x00c4, 0x10e4, 0x00a4, 0x00c5, 0x08e5, 0x08e6, 0x08e6, 0x00e6, 0x00e6, 0x00e5,
  0x00e5, 0x00e5, 0x08e6, 0x00e5, 0x00c5, 0x08e5, 0x00c5, 0x00c5, 0x3986, 0x00e5, 0x00e5, 0x5247,
  0x2924, 0x00c5, 0x00e6, 0x0106, 0x0907, 0x0927, 0x0907, 0x0906, 0x0927, 0x0947, 0x1988, 0x0947,
  0x00c5, 0x0107, 0x0927, 0x0907, 0x0926, 0x0927, 0x0927, 0x00e5, 0x00a4, 0x18e4, 0x10c4, 0x00c5,
  0x00c5, 0x00e6, 0x0906, 0x0906, 0x00e5, 0x39c5, 0x08e4, 0x08c4, 0x00c5, 0x00e5, 0x00c5, 0x00c4,
  0x10c4, 0x00a4, 0x08c4, 0x00a4, 0x00a4, 0x00c4, 0x5289, 0x08e5, 0x00c5, 0x1904, 0x08a4, 0x08c4,
  0x08c4, 0x1904, 0x1104, 0x62a7, 0x3965, 0x00a4, 0x0063, 0x0062, 0x39a5, 0x1903, 0x00a4, 0x00e6,
  0x00e6, 0x08e5, 0x4a06, 0x10a3, 0x6287, 0x0083, 0x00e6, 0x00e6, 0x00e5, 0x10a3, 0x0883, 0x10a3,
  0x08c4, 0x00a4, 0x00c5, 0x00c4, 0x08e4, 0x08c4, 0x00c4, 0x00a4, 0x00a4, 0x00a4, 0x00a4, 0x00a3,
  0x00a3, 0x00a4, 0x00a4, 0x00a4, 0x00a4, 0x00a4, 0x00a4, 0x00a4, 0x0083, 0x0083, 0x0083, 0x0083,
  0x0083, 0x00a4, 0x00a3, 0x08c4, 0x1904, 0x0083, 0x0083, 0x0083, 0x2124, 0x0063, 0x0083, 0x0083,
  0x0083, 0x0083, 0x0083, 0x2945, 0x0083, 0x0083, 0x0083, 0x0083, 0x0083, 0x0083, 0x0083, 0x0083,
  0x0083, 0x0083, 0x0083, 0x0083, 0x0083, 0x0083, 0x0083, 0x0063, 0x0063, 0x0063, 0x0062, 0x0063,
  0x0083, 0x0063, 0x0083, 0x0083, 0x0083, 0x0083, 0x0083, 0x0083, 0x0083, 0x0083, 0x0083, 0x0063,
  0x0083, 0x0083, 0x0083, 0x0083, 0x0063, 0x0083, 0x0083, 0x0082, 0x0062, 0x0063, 0x0062, 0x0062,
  0x0062, 0x0062, 0x0062, 0x0062, 0x0062, 0x0062, 0x0062, 0x0062, 0x0062, 0x0062, 0x0062, 0x0062,
  0x0062, 0x0062, 0x0062, 0x0062, 0x0083, 0x0063, 0x0063, 0x0063, 0x0062, 0x0062, 0x0062, 0x0062,
  0x0062, 0x0062, 0x0062, 0x0062, 0x0062, 0x0062, 0x0083, 0x0062, 0x0083, 0x0083, 0x0083, 0x0083,
  0x0083, 0x0063, 0x0083, 0x0083, 0x0063, 0x0063, 0x0063, 0x0083, 0x0083, 0x0063, 0x0083, 0x00a3,
  0x00a3, 0x0083, 0x0083, 0x08a4, 0x00a3, 0x39c6, 0x00a3, 0x00a4, 0x00a4, 0x00a4, 0x08a4, 0x08a4,
  0x00a4, 0x00a3, 0x0083, 0x00a4, 0x00a3, 0x0083, 0x0083, 0x08a3, 0x08a3, 0x08c4, 0x08c3, 0x08a3,
  0x0083, 0x0083, 0x0083, 0x0083, 0x0083, 0x00a3, 0x0083, 0x0083, 0x0083, 0x00a3, 0x00a3, 0x41a5,
  0x1904, 0x00a4, 0x00a3, 0x0083, 0x00a3, 0x00a4, 0x00a4, 0x6ae8, 0x00a4, 0x2124, 0x62c8, 0x00c4,
  0x08c4, 0x00c4, 0x39a6, 0x2966, 0x00c5, 0x4a06, 0x6287, 0x00a4, 0x00c5, 0x00c4, 0x49e6, 0x72c8,
  0x41c6, 0x6288, 0x00a4, 0x41e7, 0x2145, 0x41c6, 0x10e4, 0x00a4, 0x00c4, 0x00a4, 0x00c4, 0x39c6,
  0x39c7, 0x00c5, 0x00c4, 0x00c4, 0x00c4, 0x00a3, 0x5a46, 0x39a5, 0x2944, 0x00c5, 0x00c5, 0x00c5,
  0x3185, 0x4a06, 0x08c4, 0x41c6, 0x00c5, 0x00c5, 0x00c5, 0x00a4, 0x5226, 0x2945, 0x39a5, 0x5a46,
  0x0083, 0x00a4, 0x00c4, 0x00c5, 0x00c5, 0x00c5, 0x00c5, 0x00c5, 0x00c4, 0x00c5, 0x10e5, 0x00a4,
  0x00c4, 0x00a4, 0x00a4, 0x00a4, 0x00c4, 0x00a4, 0x00a4, 0x00a4, 0x00c4, 0x00a4, 0x00c5, 0x00c5,
  0x00e5, 0x00e5, 0x00e5, 0x00c4, 0x00a4, 0x00a4, 0x00a4, 0x00a4, 0x00c5, 0x08e5, 0x3a2a, 0x0927,
  0x00c5, 0x08c4, 0x00a4, 0x00c4, 0x08a4, 0x0083, 0x00a4, 0x49e5, 0x00c5, 0x00e5, 0x00c5, 0x00c5,
  0x00a4, 0x2124, 0x00c5, 0x08e5, 0x08c5, 0x00c5, 0x00c4, 0x00c4, 0x0084, 0x10c4, 0x3185, 0x00c4,
  0x00a4, 0x00a4, 0x08c4, 0x08a3, 0x00a3, 0x0083, 0x0083, 0x18e3, 0x08a4, 0x5a47, 0x00c4, 0x00c4,
  0x00a4, 0x00a4, 0x0063, 0x5a26, 0x00a3, 0x00a4, 0x00a4, 0x00e5, 0x00c5, 0x10c3, 0x49e5, 0x0082,
  0x08c3, 0x00a4, 0x00c5, 0x00c5, 0x00c5, 0x5205, 0x6285, 0x6a85, 0x00a3, 0x00a4, 0x00a4, 0x08c4,
  0x10c4, 0x10c4, 0x00a3, 0x00a4, 0x08c4, 0x41e6, 0x5a46, 0x18e3, 0x00a3, 0x08c4, 0x00a4, 0x00a4,
  0x39a6, 0x1904, 0x00a4, 0x00a4, 0x0083, 0x0083, 0x0083, 0x0083, 0x0083, 0x0083, 0x00a4, 0x00a4,
  0x00a3, 0x00a3, 0x0083, 0x0083, 0x0083, 0x0083, 0x0083, 0x0083, 0x0083, 0x0083, 0x0083, 0x0083,
  0x0083, 0x0083, 0x41a5, 0x5206, 0x49e5, 0x3144, 0x0083, 0x0083, 0x0083, 0x0083, 0x0083, 0x2124,
  0x41c5, 0x49c5, 0x0082, 0x08a3, 0x0882, 0x0062, 0x0062, 0x0063, 0x0063, 0x0063, 0x0083, 0x0083,
  0x0083, 0x0083, 0x0083, 0x0083, 0x0083, 0x0083, 0x0083, 0x0083, 0x0083, 0x0083, 0x0083, 0x0063,
  0x0063, 0x0062, 0x0063, 0x0063, 0x0083, 0x0083, 0x0063, 0x0063, 0x0063, 0x0063, 0x0062, 0x0062,
  0x0062, 0x0062, 0x0062, 0x0062, 0x0062, 0x0062, 0x0062, 0x0062, 0x0062, 0x0062, 0x0062, 0x0062,
  0x00c4, 0x00a4, 0x00a4, 0x08c4, 0x08c4, 0x08a3, 0x1904, 0x08a4, 0x08a3, 0x2964, 0x2104, 0x08a3,
  0x08a3, 0x2944, 0x08a3, 0x2944, 0x10c3, 0x08a3, 0x00a3, 0x1904, 0x18e4, 0x0083, 0x0083, 0x0063,
  0x0083, 0x0083, 0x0083, 0x08a4, 0x08c4, 0x1925, 0x08e4, 0x10e4, 0x08c4, 0x10e4, 0x2965, 0x3185,
  0x10c4, 0x2944, 0x10e4, 0x1904, 0x00c4, 0x08c4, 0x2124, 0x18e4, 0x08e4, 0x1924, 0x10e4, 0x08a4,
  0x0083, 0x2124, 0x41e6, 0x5226, 0x2124, 0x08a3, 0x2965, 0x2924, 0x00a3, 0x10c4, 0x08a4, 0x00a3,
  0x10e4, 0x3185, 0x0883, 0x0083, 0x00a4, 0x08a4, 0x08a4, 0x08a3, 0x08a3, 0x00a3, 0x00a4, 0x00a3,
  0x3165, 0x08a4, 0x0083, 0x08a3, 0x0083, 0x0083, 0x10c3, 0x00a3, 0x00a4, 0x00a4, 0x00a4, 0x00a4,
  0x00c4, 0x2124, 0x10e4, 0x0063, 0x0083, 0x0083, 0x10a3, 0x3164, 0x08c4, 0x10e4, 0x00a4, 0x08a3,
  0x00a3, 0x08c4, 0x0083, 0x0083, 0x08a3, 0x00a4, 0x00a4, 0x00a4, 0x00a4, 0x00a4, 0x2124, 0x00a4,
  0x00c4, 0x00a4, 0x41e5, 0x10a3, 0x0883, 0x00a4, 0x00a4, 0x00c4, 0x3185, 0x4a26, 0x00a4, 0x00a4,
  0x00a4, 0x00c4, 0x00c4, 0x00a4, 0x10c3, 0x08a3, 0x2104, 0x2944, 0x0083, 0x00a4, 0x00c4, 0x00c4,
  0x00a4, 0x00a4, 0x00a4, 0x00c4, 0x00a4, 0x00a4, 0x00c4, 0x00a4, 0x00a4, 0x00a4, 0x00a4, 0x00c4,
  0x00c4, 0x00a4, 0x00a4, 0x00a4, 0x00a4, 0x00a4, 0x00c4, 0x00c4, 0x00c4, 0x00c5, 0x00c5, 0x00a4,
  0x2104, 0x6ac8, 0x10e4, 0x00c4, 0x00c4, 0x00c5, 0x0106, 0x0906, 0x1126, 0x2186, 0x00a4, 0x00c4,
  0x1905, 0x2944, 0x00a3, 0x10e4, 0x00a4, 0x00c5, 0x00a4, 0x00c4, 0x00a4, 0x10e4, 0x4a06, 0x00a4,
  0x5a86, 0x00c4, 0x08c4, 0x10c4, 0x00a4, 0x18e4, 0x41c5, 0x00a4, 0x08a3, 0x00a4, 0x08c4, 0x08e4,
  0x00c4, 0x0083, 0x0883, 0x5246, 0x0083, 0x5a66, 0x00a3, 0x00a3, 0x00a4, 0x00c4, 0x00a4, 0x08a4,
  0x08a4, 0x08a3, 0x00a4, 0x00c4, 0x00a4, 0x3984, 0x6aa6, 0x3985, 0x5226, 0x00a4, 0x08c4, 0x00c4,
  0x00a4, 0x6ac6, 0x10e4, 0x2945, 0x49e5, 0x0083, 0x00a4, 0x10e4, 0x4a05, 0x7307, 0x7b07, 0x0083,
  0x00a4, 0x08a4, 0x0883, 0x00a3, 0x00a4, 0x00a4, 0x00a4, 0x00c4, 0x08c4, 0x0083, 0x0083, 0x0083,
  0x0083, 0x2924, 0x2124, 0x00a3, 0x00a4, 0x0083, 0x0083, 0x0083, 0x0083, 0x0083, 0x0083, 0x0083,
  0x39c6, 0x18e4, 0x0083, 0x0083, 0x0083, 0x0083, 0x0083, 0x0083, 0x0083, 0x0083, 0x00a3, 0x08a3,
  0x08a3, 0x0883, 0x0083, 0x0083, 0x08a3, 0x0083, 0x10c4, 0x10c3, 0x0883, 0x0882, 0x0082, 0x3123,
  0x0883, 0x0082, 0x0062, 0x0062, 0x0062, 0x0063, 0x0083, 0x0083, 0x0083, 0x0083, 0x2923, 0x08a3,
  0x0083, 0x0083, 0x0083, 0x0083, 0x0083, 0x0083, 0x2124, 0x0083, 0x3164, 0x1904, 0x0083, 0x00a3,
  0x2166, 0x0083, 0x0083, 0x08c4, 0x18e4, 0x10c3, 0x08a3, 0x0062, 0x0083, 0x0062, 0x0062, 0x0062,
  0x0082, 0x0062, 0x10c3, 0x2103, 0x0062, 0x10c3, 0x2124, 0x08a3, 0x08c4, 0x1925, 0x08c4, 0x3185,
  0x1924, 0x08c4, 0x08c4, 0x1904, 0x39a5, 0x1904, 0x1904, 0x1904, 0x1924, 0x2965, 0x1104, 0x2964,
  0x2144, 0x2144, 0x2124, 0x10e4, 0x2124, 0x08a4, 0x08e4, 0x1904, 0x10e4, 0x10e4, 0x1925, 0x1105,
  0x1905, 0x1905, 0x1105, 0x31a5, 0x1904, 0x10e4, 0x1945, 0x08c4, 0x08a3, 0x08c4, 0x08c4, 0x10e4,
  0x08c4, 0x08e4, 0x3985, 0x2104, 0x08c4, 0x08a3, 0x08c4, 0x08a3, 0x08a3, 0x0062, 0x0042, 0x0062,
  0x0083, 0x0083, 0x0083, 0x0083, 0x00a4, 0x6a86, 0x6a66, 0x08c3, 0x10c4, 0x18e4, 0x08a3, 0x18e4,
  0x5a05, 0x4184, 0x3164, 0x00a4, 0x0083, 0x6286, 0x4a05, 0x08c4, 0x18e4, 0x00a3, 0x0083, 0x0083,
  0x0083, 0x0083, 0x0083, 0x00a4, 0x10e4, 0x00a4, 0x00a4, 0x00a4, 0x00a4, 0x41c6, 0x1904, 0x0083,
  0x0083, 0x0083, 0x20e3, 0x6245, 0x08c4, 0x08a3, 0x0083, 0x31a5, 0x00a4, 0x00c4, 0x00a4, 0x00a4,
  0x2104, 0x18e4, 0x00a4, 0x00a4, 0x0083, 0x0083, 0x2124, 0x00a4, 0x00c4, 0x00c4, 0x41e6, 0x0883,
  0x0083, 0x00a4, 0x00a4, 0x00c4, 0x00c4, 0x08c4, 0x00a4, 0x00a4, 0x00a4, 0x00a4, 0x00a4, 0x0083,
  0x2124, 0x10c4, 0x2944, 0x3164, 0x0083, 0x00a4, 0x00a4, 0x00a4, 0x00a4, 0x00a4, 0x00a4, 0x00a4,
  0x00a4, 0x00c4, 0x00a4, 0x1105, 0x00a4, 0x00a4, 0x00c4, 0x00c4, 0x00a4, 0x00a4, 0x00a4, 0x00a4,
  0x00a4, 0x00a4, 0x00a4, 0x00c4, 0x00c4, 0x00a4, 0x00a4, 0x0083, 0x18c3, 0x5267, 0x1904, 0x08c4,
  0x00c4, 0x00a4, 0x00c4, 0x00c4, 0x00c5, 0x41e6, 0x0083, 0x00a4, 0x00c4, 0x00c4, 0x00c4, 0x39c6,
  0x00c4, 0x00c5, 0x00a4, 0x00a4, 0x00a4, 0x08c4, 0x3164, 0x00a3, 0x1904, 0x00c4, 0x00c4, 0x00a4,
  0x00a3, 0x08a4, 0x18e4, 0x08c3, 0x18e4, 0x00a4, 0x00a4, 0x00a4, 0x00a4, 0x0083, 0x0083, 0x00a3,
  0x0083, 0x0083, 0x0083, 0x0083, 0x00a4, 0x00c4, 0x08c5, 0x8347, 0x41a4, 0x0083, 0x0083, 0x00a4,
  0x00a4, 0x08a3, 0x10c3, 0x10e4, 0x10e4, 0x00a4, 0x00a4, 0x00a4, 0x00a4, 0x10e4, 0x08c4, 0x08c4,
  0x2123, 0x00a4, 0x08a4, 0x10e4, 0x8367, 0x3184, 0x5204, 0x0083, 0x1904, 0x5205, 0x3984, 0x08e4,
  0x00a4, 0x00a4, 0x00c4, 0x00a4, 0x08a3, 0x41c5, 0x0063, 0x0083, 0x0083, 0x08a3, 0x0083, 0x2964,
  0x5226, 0x00a4, 0x0083, 0x0083, 0x0083, 0x0083, 0x0083, 0x0083, 0x0083, 0x0083, 0x0083, 0x0083,
  0x0083, 0x0083, 0x0083, 0x0083, 0x0083, 0x0083, 0x08a3, 0x49e5, 0x2103, 0x5225, 0x18e3, 0x18e3,
  0x08a3, 0x0083, 0x10a3, 0x10c3, 0x10c3, 0x2103, 0x0083, 0x3143, 0x0083, 0x0062, 0x0062, 0x0062,
  0x0062, 0x0062, 0x0063, 0x0083, 0x0083, 0x0083, 0x2924, 0x08a3, 0x0062, 0x0062, 0x0063, 0x0083,
  0x0083, 0x0083, 0x0083, 0x0083, 0x10a2, 0x0062, 0x08a3, 0x10a3, 0x0062, 0x0062, 0x0082, 0x49e5,
  0x41c4, 0x0882, 0x08a3, 0x18c3, 0x0083, 0x2103, 0x0062, 0x2903, 0x0062, 0x0062, 0x0062, 0x0062,
  0x0062, 0x0082, 0x0883, 0x0062, 0x00a4, 0x00a3, 0x00a3, 0x10a3, 0x08a3, 0x0083, 0x0062, 0x0062,
  0x10a2, 0x08c3, 0x08c4, 0x08c4, 0x08a3, 0x0083, 0x00a3, 0x08a3, 0x08a3, 0x08a3, 0x0083, 0x08a4,
  0x08c4, 0x08c4, 0x08c4, 0x10e4, 0x08c4, 0x00a4, 0x08a4, 0x00a3, 0x00a3, 0x08a3, 0x00a3, 0x00a3,
  0x00a3, 0x00a3, 0x00a3, 0x0083, 0x0083, 0x0083, 0x00a4, 0x08c4, 0x00a4, 0x00a3, 0x0083, 0x0083,
  0x0062, 0x0062, 0x0062, 0x0042, 0x0042, 0x0042, 0x0062, 0x0062, 0x0062, 0x0062, 0x0062, 0x0062,
  0x0083, 0x2923, 0x2923, 0x0083, 0x0083, 0x08a3, 0x10e4, 0x08a3, 0x18c3, 0x08a3, 0x08a3, 0x00a3,
  0x0062, 0x20e3, 0x18c3, 0x0083, 0x0083, 0x0083, 0x0083, 0x0083, 0x0083, 0x0083, 0x00a3, 0x10c4,
  0x2965, 0x00c4, 0x1905, 0x00a4, 0x0083, 0x08a3, 0x2103, 0x00a4, 0x0083, 0x2923, 0x2944, 0x6266,
  0x10e3, 0x08c4, 0x5225, 0x2104, 0x10e5, 0x1905, 0x2945, 0x00c4, 0x00a4, 0x18e4, 0x10c4, 0x10e4,
  0x00a3, 0x0083, 0x00a4, 0x00c4, 0x00c4, 0x00a4, 0x08a3, 0x6246, 0x2944, 0x00a3, 0x00c4, 0x00c4,
  0x00c4, 0x10c4, 0x10c4, 0x00a4, 0x00a4, 0x00a4, 0x00a4, 0x0083, 0x10e4, 0x10e4, 0x00c4, 0x00a4,
  0x00a4, 0x00a4, 0x00a4, 0x00a3, 0x00a3, 0x39a6, 0x00a4, 0x00a4, 0x00a4, 0x00a4, 0x00c4, 0x00a4,
  0x08e5, 0x08e5, 0x00e5, 0x00c4, 0x00c4, 0x00c4, 0x1104, 0x08c4, 0x00a4, 0x00a4, 0x00a4, 0x00c4,
  0x00c4, 0x00a4, 0x00a4, 0x00a3, 0x10c3, 0x4a06, 0x3165, 0x00c4, 0x00c4, 0x00a4, 0x00c4, 0x00c4,
  0x00c4, 0x10c3, 0x00a3, 0x00a4, 0x00a4, 0x00a4, 0x00c4, 0x00a4, 0x00a4, 0x00a4, 0x2124, 0x00a4,
  0x00c4, 0x00a4, 0x08c4, 0x00a4, 0x00a4, 0x00a4, 0x00a4, 0x00a4, 0x00a3, 0x10c4, 0x39c6, 0x3144,
  0x41a5, 0x00c4, 0x00c4, 0x00c4, 0x00c4, 0x0083, 0x18c3, 0x08a3, 0x08a3, 0x0083, 0x0083, 0x00c4,
  0x00a4, 0x08e5, 0x08c4, 0x6aa6, 0x5246, 0x41c4, 0x6a85, 0x00a3, 0x0083, 0x5226, 0xa40a, 0x6266,
  0x72a6, 0x00a4, 0x00a4, 0x00a4, 0x00a4, 0x83a9, 0x940a, 0x2924, 0x10e4, 0x08c4, 0x2124, 0x2104,
  0x8ba9, 0x3184, 0x2923, 0x08a3, 0x0883, 0x18c3, 0x10c3, 0x00a3, 0x5246, 0x8b88, 0x00c4, 0x00a3,
  0x08a3, 0x2943, 0x10c3, 0x0883, 0x5a25, 0x0083, 0x0083, 0x10c4, 0x18e4, 0x0083, 0x0083, 0x0083,
  0x0083, 0x0083, 0x0083, 0x0083, 0x0083, 0x0083, 0x10a3, 0x10c3, 0x08a3, 0x0083, 0x0083, 0x0083,
  0x0083, 0x0083, 0x2103, 0x18c3, 0x08a2, 0x18e3, 0x10e4, 0x10c4, 0x0083, 0x0083, 0x0883, 0x0883,
  0x08a3, 0x10c3, 0x0062, 0x0062, 0x0062, 0x0062, 0x0082, 0x0062, 0x0062, 0x10c3, 0x08a3, 0x0083,
  0x0083, 0x0082, 0x0082, 0x0062, 0x0882, 0x08a2, 0x10a2, 0x10a2, 0x18c3, 0x0883, 0x0083, 0x0083,
  0x10c3, 0x0882, 0x0082, 0x0062, 0x0042, 0x0062, 0x0062, 0x0062, 0x0062, 0x0062, 0x0062, 0x0042,
  0x0062, 0x10a2, 0x0062, 0x0042, 0x49e5, 0x0882, 0x0062, 0x0042, 0x0062, 0x0042, 0x0042, 0x0042,
  0x0062, 0x0062, 0x0062, 0x0062, 0x0062, 0x0042, 0x0042, 0x0042, 0x0062, 0x0083, 0x08c3, 0x0082,
  0x0062, 0x0042, 0x0041, 0x0042, 0x0042, 0x0082, 0x0083, 0x0082, 0x0082, 0x0082, 0x0083, 0x0083,
  0x08a3, 0x08a3, 0x00a3, 0x00a3, 0x0083, 0x0062, 0x0062, 0x00a3, 0x00a3, 0x0083, 0x0083, 0x0083,
  0x0083, 0x0063, 0x0063, 0x0063, 0x0063, 0x0062, 0x0042, 0x0042, 0x0042, 0x0062, 0x0042, 0x0042,
  0x0062, 0x0062, 0x0042, 0x0062, 0x0062, 0x0062, 0x0062, 0x0062, 0x0083, 0x0083, 0x0083, 0x0083,
  0x0063, 0x0063, 0x0083, 0x0062, 0x0063, 0x0083, 0x0063, 0x0062, 0x0062, 0x0062, 0x0062, 0x0062,
  0x0062, 0x0063, 0x0063, 0x0083, 0x0083, 0x00a3, 0x0083, 0x00a3, 0x00a3, 0x08c4, 0x3185, 0x0083,
  0x00a3, 0x0083, 0x0083, 0x0083, 0x0083, 0x51e5, 0x2124, 0x5a46, 0x2144, 0x10c4, 0x2924, 0x10c4,
  0x00a4, 0x2944, 0x41c5, 0x0083, 0x00a4, 0x2965, 0x08a4, 0x08c4, 0x00c4, 0x31a6, 0x39e6, 0x00c4,
  0x39c6, 0x00a4, 0x0083, 0x08c3, 0x2944, 0x00a3, 0x00c4, 0x39c7, 0x31a6, 0x3165, 0x3165, 0x00a3,
  0x18e4, 0x39a6, 0x00a4, 0x5a66, 0x62a7, 0x08e5, 0x00c5, 0x08e4, 0x6287, 0x00c4, 0x00a4, 0x3984,
  0x6a86, 0x1904, 0x00c4, 0x00c4, 0x41e7, 0x2945, 0x00a4, 0x00a4, 0x08c4, 0x4206, 0x00c4, 0x08c4,
  0x08a3, 0x1905, 0x00c4, 0x4a27, 0x08c3, 0x00a4, 0x3165, 0x39a6, 0x00a4, 0x00c4, 0x00c4, 0x00a4,
  0x08a3, 0x41c5, 0x3984, 0x00a3, 0x00a4, 0x00a4, 0x08c4, 0x10e4, 0x00c5, 0x3165, 0x08a4, 0x00a4,
  0x00a4, 0x00c4, 0x00c5, 0x00c4, 0x00a4, 0x00a4, 0x39c6, 0x08c4, 0x08c4, 0x00c4, 0x10e4, 0x08e4,
  0x08c4, 0x08c4, 0x5268, 0x00a4, 0x08c4, 0x1105, 0x08c4, 0x2104, 0x3185, 0x08c4, 0x1105, 0x1905,
  0x2125, 0x00c4, 0x5206, 0x3165, 0x3186, 0x0083, 0x00a3, 0x08c4, 0x08c4, 0x08c4, 0x00a4, 0x08c4,
  0x10e3, 0x0083, 0x0083, 0x00a4, 0x00a4, 0x00a3, 0x08a3, 0x3963, 0x00a3, 0x00a4, 0x00a4, 0x00a4,
  0x00a4, 0x00a3, 0x10a3, 0x00a3, 0x00a4, 0x08a4, 0x5a25, 0x41e5, 0x4a05, 0x5265, 0x2103, 0x08a3,
  0x08c4, 0x41a5, 0x18e3, 0x00a3, 0x0083, 0x0083, 0x00a4, 0x0083, 0x2944, 0x08a3, 0x2103, 0x5a24,
  0x6286, 0x49e5, 0x00a3, 0x10e4, 0x2124, 0x41a5, 0x0883, 0x3164, 0x62a7, 0x00a3, 0x0083, 0x10e4,
  0x3164, 0x10c3, 0x10a3, 0x08a3, 0x0083, 0x0083, 0x6ac7, 0x2124, 0x0083, 0x41c4, 0x5a46, 0x2923,
  0x10a2, 0x72c6, 0x8327, 0x6aa6, 0x00a3, 0x18e3, 0x3984, 0x0083, 0x49e5, 0x6266, 0x8b47, 0x18c2,
  0x10a2, 0x0062, 0x0062, 0x6ac7, 0x0062, 0x18c3, 0x41a4, 0x41c5, 0x8347, 0x10a2, 0x0082, 0x08a3,
  0x0083, 0x0062, 0x18a2, 0x20e3, 0x0062, 0x0062, 0x0062, 0x18e3, 0x3144, 0x0083, 0x0062, 0x0062,
  0x0042, 0x0042, 0x0042, 0x0062, 0x0062, 0x0062, 0x0062, 0x0062, 0x0062, 0x0062, 0x0062, 0x0062,
  0x0042, 0x0062, 0x0062, 0x0042, 0x0042, 0x0042, 0x0062, 0x0042, 0x0042, 0x0042, 0x0042, 0x0042,
  0x0042, 0x0042, 0x0042, 0x0042, 0x0042, 0x0042, 0x0042, 0x0062, 0x0042, 0x0042, 0x0041, 0x0042,
  0x0042, 0x0082, 0x0082, 0x0082, 0x0062, 0x0062, 0x0082, 0x00a3, 0x0083, 0x0082, 0x0082, 0x0082,
  0x08a3, 0x00a3, 0x0042, 0x0042, 0x0062, 0x0062, 0x0042, 0x0042, 0x0042, 0x0042, 0x0042, 0x0042,
  0x0042, 0x0042, 0x0062, 0x0042, 0x0062, 0x0062, 0x0062, 0x0062, 0x0062, 0x0062, 0x0062, 0x0062,
  0x0062, 0x0062, 0x0062, 0x0062, 0x0063, 0x0083, 0x0083, 0x0083, 0x0083, 0x0062, 0x0083, 0x0083,
  0x0083, 0x0062, 0x0062, 0x0062, 0x0062, 0x0062, 0x0062, 0x0062, 0x0062, 0x0062, 0x0062, 0x0062,
  0x0083, 0x0083, 0x00a3, 0x0083, 0x0083, 0x0083, 0x0083, 0x0083, 0x0083, 0x0083, 0x0083, 0x0083,
  0x0083, 0x08a3, 0x00a3, 0x10e4, 0x00a4, 0x0083, 0x0083, 0x0084, 0x10e4, 0x10c4, 0x3983, 0x0063,
  0x0083, 0x00a3, 0x00a3, 0x00a3, 0x00a4, 0x10e3, 0x18e3, 0x0083, 0x10c3, 0x00a3, 0x00c4, 0x1105,
  0x2166, 0x00a4, 0x00c4, 0x10c4, 0x08a3, 0x6266, 0x39a5, 0x08c4, 0x08c4, 0x49e6, 0x41c5, 0x49c4,
  0x41a4, 0x2945, 0x1925, 0x08c4, 0x49e6, 0x00e5, 0x08c4, 0x10c3, 0x2924, 0x41e6, 0x2125, 0x08e5,
  0x1905, 0x5a66, 0x00a4, 0x00a4, 0x4206, 0x4a26, 0x1924, 0x2965, 0x7b08, 0x0905, 0x08c4, 0x2986,
  0x08c4, 0x00a4, 0x4a06, 0x1904, 0x08a3, 0x00a4, 0x00c4, 0x00a4, 0x08c4, 0x2104, 0x41c5, 0x2124,
  0x08a3, 0x0883, 0x08a3, 0x08e4, 0x00c4, 0x1904, 0x08c4, 0x00c4, 0x00a4, 0x08c4, 0x5a06, 0x41a5,
  0x08c4, 0x08c4, 0x08c4, 0x10e4, 0x1104, 0x08c4, 0x10e4, 0x10e4, 0x08c4, 0x08a4, 0x3186, 0x00e5,
  0x0905, 0x08e5, 0x08e4, 0x08c4, 0x08c4, 0x00a3, 0x10e5, 0x1104, 0x2104, 0x08c4, 0x08e4, 0x08c4,
  0x00a3, 0x0083, 0x00a4, 0x08c4, 0x08c4, 0x00a4, 0x10a3, 0x18e4, 0x2944, 0x08c4, 0x08c4, 0x00c4,
  0x00c4, 0x08c4, 0x08c4, 0x18e4, 0x00a4, 0x0083, 0x00a3, 0x00a4, 0x00a4, 0x00a4, 0x00a4, 0x00a4,
  0x00a3, 0x0083, 0x0083, 0x08c3, 0x08a3, 0x08a3, 0x08a3, 0x0083, 0x08a4, 0x10e4, 0x00a3, 0x0083,
  0x0083, 0x0083, 0x0083, 0x0083, 0x08a3, 0x00a3, 0x08a3, 0x2923, 0x3164, 0x2104, 0x08a4, 0x00a3,
  0x10a3, 0x18e3, 0x08a3, 0x10e3, 0x2944, 0x0083, 0x0083, 0x0083, 0x10a2, 0x08a2, 0x0882, 0x00a3,
  0x0083, 0x0083, 0x2944, 0x0883, 0x0062, 0x10a3, 0x2103, 0x0882, 0x0083, 0x2123, 0x3164, 0x2924,
  0x0083, 0x00a3, 0x10c3, 0x0062, 0x2103, 0x3163, 0x39a3, 0x0062, 0x0062, 0x0062, 0x0062, 0x20e3,
  0x0083, 0x0883, 0x18c2, 0x2103, 0x39a4, 0x0883, 0x00a3, 0x08a3, 0x49c4, 0x51e5, 0x08a3, 0x5a25,
  0x10a3, 0x20e3, 0x5a24, 0x0883, 0x18e3, 0x00a3, 0x0082, 0x0082, 0x0083, 0x0062, 0x0062, 0x0062,
  0x0062, 0x0062, 0x0062, 0x0062, 0x0062, 0x0062, 0x0062, 0x0062, 0x0062, 0x0062, 0x0062, 0x0062,
  0x0062, 0x0082, 0x0062, 0x0062, 0x0042, 0x0021, 0x0041, 0x0041, 0x0042, 0x0042, 0x0042, 0x0042,
  0x0042, 0x0042, 0x0042, 0x0062, 0x0042, 0x0042, 0x0062, 0x0041, 0x0042, 0x0062, 0x00a2, 0x0082,
  0x0082, 0x0062, 0x0062, 0x0082, 0x0082, 0x0082, 0x0062, 0x0062, 0x0082, 0x00a3, 0x00a3, 0x0062,
  0x0042, 0x0042, 0x0042, 0x0042, 0x0042, 0x0042, 0x0042, 0x0042, 0x0042, 0x0062, 0x0062, 0x0062,
  0x0062, 0x0062, 0x0062, 0x0062, 0x0062, 0x0062, 0x0062, 0x0062, 0x0063, 0x0083, 0x0062, 0x0062,
  0x0062, 0x0062, 0x0083, 0x0083, 0x0083, 0x0062, 0x0062, 0x0062, 0x0083, 0x0083, 0x0083, 0x0063,
  0x0083, 0x00a3, 0x0062, 0x0062, 0x0062, 0x0062, 0x0062, 0x0062, 0x0062, 0x0062, 0x0083, 0x0083,
  0x0082, 0x0083, 0x0083, 0x0083, 0x0083, 0x0083, 0x00a3, 0x00a4, 0x00a3, 0x0083, 0x0083, 0x0083,
  0x0083, 0x0083, 0x0083, 0x0083, 0x08c4, 0x08a3, 0x0063, 0x0083, 0x0083, 0x1904, 0x10c3, 0x0083,
  0x00a4, 0x0083, 0x0063, 0x0062, 0x0062, 0x0083, 0x0062, 0x08e5, 0x1925, 0x10e5, 0x08e4, 0x00a3,
  0x10a3, 0x0083, 0x0083, 0x00a3, 0x0083, 0x2124, 0x31a5, 0x6246, 0x5a26, 0x10e4, 0x08c4, 0x10e4,
  0x2986, 0x08e5, 0x08c4, 0x00c4, 0x08c4, 0x08e5, 0x10e4, 0x1946, 0x1925, 0x1105, 0x08a4, 0x00a4,
  0x08a4, 0x08c4, 0x00a3, 0x2986, 0x1125, 0x0905, 0x08e5, 0x08e5, 0x0905, 0x08e5, 0x1924, 0x41e5,
  0x2124, 0x0083, 0x3165, 0x3985, 0x3165, 0x1905, 0x08e4, 0x08a4, 0x3164, 0x3184, 0x2125, 0x1105,
  0x6286, 0x7b28, 0x08e5, 0x08c5, 0x08c4, 0x2144, 0x41e6, 0x39a5, 0x1925, 0x4206, 0x2124, 0x2124,
  0x41c5, 0x2144, 0x0083, 0x0083, 0x0083, 0x0083, 0x0083, 0x08c4, 0x1945, 0x4a07, 0x1104, 0x10e4,
  0x08c4, 0x08a4, 0x1946, 0x1105, 0x5246, 0x93e9, 0x39c5, 0x62c8, 0x41e6, 0x2125, 0x00c4, 0x00c4,
  0x08e5, 0x08c4, 0x732a, 0x2944, 0x41e6, 0x2145, 0x1946, 0x1925, 0x08e5, 0x00c4, 0x00c4, 0x00a4,
  0x00a4, 0x00a4, 0x00c4, 0x00a4, 0x00a3, 0x00a4, 0x10e4, 0x08c4, 0x00a3, 0x0083, 0x0083, 0x00a3,
  0x00a4, 0x00a4, 0x0083, 0x00a3, 0x00a3, 0x00a3, 0x0083, 0x0083, 0x0083, 0x0083, 0x0083, 0x0083,
  0x0083, 0x0083, 0x0083, 0x0083, 0x00a3, 0x00a3, 0x0083, 0x0063, 0x0062, 0x0062, 0x0062, 0x0083,
  0x0083, 0x00a3, 0x0083, 0x00a2, 0x08a3, 0x08a3, 0x0083, 0x0083, 0x0062, 0x0063, 0x0063, 0x0062,
  0x0062, 0x0062, 0x0062, 0x0062, 0x0062, 0x0063, 0x0063, 0x0063, 0x0063, 0x0083, 0x0083, 0x0062,
  0x0062, 0x0042, 0x0062, 0x0062, 0x0062, 0x0062, 0x0062, 0x0083, 0x0083, 0x0083, 0x0083, 0x0083,
  0x0083, 0x00a3, 0x00a3, 0x00a3, 0x2103, 0x3984, 0x0883, 0x3984, 0x0882, 0x0062, 0x0882, 0x0083,
  0x0083, 0x0083, 0x0083, 0x0082, 0x0083, 0x0062, 0x0062, 0x0062, 0x00a3, 0x0083, 0x0062, 0x0062,
  0x0062, 0x0062, 0x0062, 0x0062, 0x0062, 0x0062, 0x0062, 0x0062, 0x0062, 0x0062, 0x0062, 0x0062,
  0x0062, 0x0062, 0x0062, 0x0041, 0x0041, 0x0042, 0x0042, 0x0042, 0x0042, 0x0042, 0x0042, 0x0042,
  0x0042, 0x0041, 0x0062, 0x0042, 0x0042, 0x0042, 0x0062, 0x0082, 0x0082, 0x0082, 0x0062, 0x0042,
  0x0062, 0x0042, 0x0062, 0x0062, 0x0062, 0x0082, 0x0082, 0x00a2, 0x00a3, 0x0062, 0x0042, 0x0042,
  0x0042, 0x0062, 0x0042, 0x0042, 0x0042, 0x0042, 0x0062, 0x0062, 0x0062, 0x0062, 0x0062, 0x0062,
  0x0062, 0x0062, 0x0062, 0x0062, 0x0062, 0x0063, 0x0063, 0x0083, 0x0062, 0x0062, 0x0062, 0x0083,
  0x0083, 0x0083, 0x0082, 0x0062, 0x0062, 0x0083, 0x0083, 0x0083, 0x0083, 0x0083, 0x00a3, 0x00a3,
  0x0083, 0x0063, 0x0062, 0x0062, 0x0062, 0x0062, 0x0062, 0x0063, 0x0062, 0x0083, 0x08a4, 0x08e5,
  0x08e5, 0x08e5, 0x08e5, 0x00a4, 0x0083, 0x0083, 0x0083, 0x0083, 0x00a3, 0x0083, 0x0083, 0x0083,
  0x0083, 0x0083, 0x0083, 0x00a4, 0x08c4, 0x31a7, 0x2145, 0x00a4, 0x00a4, 0x2104, 0x2124, 0x0062,
  0x0082, 0x0063, 0x0083, 0x00a4, 0x00a4, 0x00a4, 0x00c4, 0x00c4, 0x08c4, 0x08a3, 0x0083, 0x0083,
  0x0083, 0x08a3, 0x10e4, 0x41e6, 0x5a47, 0x10e4, 0x1104, 0x2986, 0x29a7, 0x2987, 0x1946, 0x00e5,
  0x00a4, 0x08c4, 0x08e4, 0x08e5, 0x0905, 0x1126, 0x0905, 0x1126, 0x1946, 0x1146, 0x1105, 0x1946,
  0x1946, 0x1126, 0x0906, 0x1967, 0x4229, 0x10e4, 0x5247, 0x8b89, 0x49e5, 0x10c3, 0x5226, 0x4a06,
  0x41c6, 0x1925, 0x5ac9, 0x18e4, 0x5287, 0x10e4, 0x1904, 0x08c4, 0x39a5, 0x2145, 0x08e5, 0x08c4,
  0x08c4, 0x41e6, 0x39e6, 0x4a06, 0x2124, 0x2124, 0x10e4, 0x39a5, 0x6286, 0x5aa8, 0x0083, 0x00a3,
  0x00a3, 0x08a4, 0x08c4, 0x10e5, 0x1925, 0x4207, 0x3185, 0x39c6, 0x08c4, 0x08a4, 0x3186, 0x1126,
  0x2124, 0x5a67, 0x2124, 0x1904, 0x1104, 0x3185, 0x00c4, 0x00a4, 0x00a3, 0x08a3, 0x08c3, 0x08c3,
  0x10e4, 0x1125, 0x1925, 0x1945, 0x10e5, 0x08c4, 0x10e4, 0x5a87, 0x41e5, 0x1905, 0x1925, 0x39e7,
  0x00a3, 0x08a3, 0x39c5, 0x1904, 0x10c4, 0x08a3, 0x08a3, 0x2104, 0x6286, 0x39a5, 0x3165, 0x00a4,
  0x00a3, 0x41e5, 0x0883, 0x0083, 0x0083, 0x0083, 0x0083, 0x18e3, 0x2924, 0x3164, 0x00a3, 0x00a4,
  0x00a3, 0x0083, 0x10e3, 0x0083, 0x0083, 0x0083, 0x0062, 0x0062, 0x0083, 0x0063, 0x0082, 0x10e3,
  0x0062, 0x0063, 0x0062, 0x0062, 0x0062, 0x0062, 0x0062, 0x0083, 0x0062, 0x0063, 0x0063, 0x0063,
  0x0063, 0x0063, 0x0062, 0x0062, 0x0062, 0x0083, 0x0083, 0x0062, 0x0062, 0x0042, 0x0042, 0x0062,
  0x0062, 0x0083, 0x0083, 0x00a3, 0x00a3, 0x00a3, 0x00a3, 0x00a3, 0x00a3, 0x00a3, 0x00a3, 0x00a3,
  0x00a3, 0x00a3, 0x00a3, 0x0083, 0x0062, 0x0082, 0x0082, 0x0083, 0x0083, 0x00a3, 0x0083, 0x0083,
  0x0083, 0x0083, 0x0082, 0x0082, 0x0083, 0x0083, 0x0062, 0x0082, 0x0062, 0x0082, 0x0083, 0x0083,
  0x0083, 0x0082, 0x0062, 0x0882, 0x10a2, 0x0882, 0x0082, 0x08a3, 0x08c3, 0x08a3, 0x08a3, 0x0882,
  0x10c3, 0x10e3, 0x0062, 0x0042, 0x0042, 0x0042, 0x0042, 0x0042, 0x0042, 0x0041, 0x0041, 0x0042,
  0x0041, 0x0042, 0x0042, 0x0062, 0x0082, 0x00a2, 0x0083, 0x0062, 0x0062, 0x0062, 0x0062, 0x0062,
  0x0062, 0x0062, 0x0062, 0x0082, 0x00a2, 0x00a2, 0x00a3, 0x0082, 0x0042, 0x0042, 0x0042, 0x0042,
  0x0042, 0x0042, 0x0062, 0x0062, 0x0062, 0x0062, 0x0062, 0x0062, 0x0062, 0x0062, 0x0062, 0x0062,
  0x0062, 0x0062, 0x0062, 0x0062, 0x0062, 0x0083, 0x10c3, 0x0082, 0x0062, 0x0083, 0x0083, 0x0083,
  0x0083, 0x0062, 0x0062, 0x0062, 0x0062, 0x0083, 0x0083, 0x0083, 0x00a3, 0x00a3, 0x00a3, 0x0083,
  0x0083, 0x0062, 0x0062, 0x0062, 0x0062, 0x0062, 0x0083, 0x08e4, 0x10e5, 0x1105, 0x1126, 0x1126,
  0x1125, 0x00a4, 0x08c4, 0x2986, 0x630b, 0x2145, 0x2145, 0x08e4, 0x00a4, 0x0083, 0x0083, 0x0083,
  0x00a3, 0x00a3, 0x0083, 0x0063, 0x0062, 0x0882, 0x10a3, 0x0062, 0x08c3, 0x00a3, 0x0083, 0x0083,
  0x0083, 0x0083, 0x00a3, 0x0083, 0x00a3, 0x08e4, 0x0083, 0x2923, 0x2944, 0x10e4, 0x3185, 0x00a4,
  0x18e4, 0x08a3, 0x10e4, 0x29a6, 0x31c7, 0x31c7, 0x21a7, 0x00a4, 0x0083, 0x0083, 0x0083, 0x0084,
  0x00a4, 0x1126, 0x1105, 0x1126, 0x21a8, 0x08c4, 0x1105, 0x1126, 0x1126, 0x1105, 0x1126, 0x5a88,
  0x1925, 0x2145, 0x08c4, 0x7326, 0x2124, 0x10e4, 0x5a47, 0x41c5, 0x08e5, 0x2965, 0x41e6, 0x08c4,
  0x00a3, 0x00a3, 0x18e3, 0x5a87, 0x1904, 0x1904, 0x10e4, 0x08a3, 0x08c4, 0x08e5, 0x4a07, 0x5a67,
  0x4207, 0x18e4, 0x1105, 0x08c5, 0x08a4, 0x4a47, 0x08a4, 0x10e4, 0x08a3, 0x08c4, 0x08a4, 0x08c4,
  0x10e4, 0x1105, 0x2944, 0x08a3, 0x3144, 0x0083, 0x08a3, 0x08c4, 0x08c4, 0x5a88, 0x2124, 0x00a3,
  0x08e5, 0x08e5, 0x08a4, 0x0882, 0x0882, 0x08a3, 0x2944, 0x5246, 0x41e6, 0x10e4, 0x2145, 0x2944,
  0x1104, 0x0083, 0x2124, 0x7b69, 0x5a66, 0x2125, 0x1945, 0x2125, 0x10c3, 0x3963, 0x8388, 0x3984,
  0x2124, 0x08c4, 0x39c6, 0x2944, 0x7b07, 0x49e5, 0x49e5, 0x08a3, 0x0062, 0x62a5, 0x18c3, 0x0083,
  0x5a45, 0x41a4, 0x0083, 0x2944, 0x3984, 0x5246, 0x08a4, 0x00a4, 0x2104, 0x0062, 0x0083, 0x0083,
  0x0083, 0x0083, 0x0062, 0x0082, 0x0083, 0x0083, 0x0062, 0x0062, 0x0062, 0x0083, 0x0083, 0x0062,
  0x0062, 0x0062, 0x0062, 0x0062, 0x0062, 0x0063, 0x0063, 0x0063, 0x00a3, 0x08a3, 0x4184, 0x0083,
  0x0083, 0x0083, 0x0083, 0x0083, 0x0083, 0x0062, 0x0062, 0x0062, 0x0062, 0x0063, 0x0062, 0x0062,
  0x0062, 0x0083, 0x0083, 0x0083, 0x0083, 0x08a3, 0x5a8a, 0x1105, 0x08c4, 0x08c3, 0x2145, 0x08c4,
  0x08c3, 0x2944, 0x2944, 0x08a3, 0x0083, 0x08a3, 0x08a3, 0x08a3, 0x08a3, 0x0883, 0x0883, 0x0883,
  0x0082, 0x2923, 0x2124, 0x10c3, 0x18e3, 0x08a3, 0x10c3, 0x10e4, 0x10c4, 0x10e4, 0x08c3, 0x10e3,
  0x2924, 0x10c3, 0x2103, 0x08c4, 0x0042, 0x0042, 0x0062, 0x08a3, 0x08c3, 0x10c3, 0x10c3, 0x08a3,
  0x0042, 0x0042, 0x0042, 0x0042, 0x0042, 0x0042, 0x0042, 0x0042, 0x0042, 0x0042, 0x0042, 0x0042,
  0x0062, 0x0082, 0x0082, 0x0082, 0x0062, 0x0082, 0x00a3, 0x0082, 0x0062, 0x0062, 0x0062, 0x0062,
  0x0062, 0x00a2, 0x08a2, 0x08a3, 0x08a2, 0x0062, 0x0042, 0x0042, 0x0042, 0x0042, 0x0062, 0x0062,
  0x0062, 0x0062, 0x0062, 0x0062, 0x00a3, 0x0062, 0x0062, 0x0062, 0x0062, 0x0062, 0x0062, 0x0062,
  0x0062, 0x00a3, 0x08c3, 0x00a3, 0x0083, 0x0062, 0x0062, 0x0063, 0x0083, 0x0083, 0x0062, 0x0062,
  0x0062, 0x0063, 0x0062, 0x0062, 0x0083, 0x0083, 0x0083, 0x0083, 0x0083, 0x00a3, 0x0062, 0x0062,
  0x0062, 0x0062, 0x0062, 0x0062, 0x0082, 0x0082, 0x08a3, 0x08c4, 0x08e5, 0x00a4, 0x08c4, 0x2125,
  0x62ca, 0x2125, 0x2945, 0x39e7, 0x00c4, 0x0083, 0x00a3, 0x08a3, 0x08c4, 0x08a3, 0x08a3, 0x08a3,
  0x0083, 0x0083, 0x0083, 0x0083, 0x0083, 0x0063, 0x0063, 0x0083, 0x0083, 0x0063, 0x0062, 0x0062,
  0x08a3, 0x08a4, 0x00a3, 0x6245, 0x5225, 0x1904, 0x6aa7, 0x0083, 0x51e4, 0x2104, 0x00a3, 0x08a3,
  0x0083, 0x00a3, 0x0083, 0x0083, 0x10c3, 0x0062, 0x0083, 0x10e3, 0x10e4, 0x08a4, 0x1904, 0x2944,
  0x08a4, 0x08c3, 0x10c3, 0x10c3, 0x0882, 0x0083, 0x08c4, 0x62c8, 0x10c4, 0x10e4, 0x08a4, 0x2964,
  0x08c4, 0x08a3, 0x08a3, 0x08a3, 0x08c4, 0x5246, 0x41e6, 0x1924, 0x10e4, 0x08a4, 0x00a3, 0x18e4,
  0x1904, 0x2945, 0x3165, 0x41e6, 0x7b28, 0x08c4, 0x10e4, 0x1925, 0x2944, 0x6244, 0x5a45, 0x1904,
  0x08c4, 0x10e4, 0x2124, 0x1904, 0x1904, 0x1905, 0x10e4, 0x10c3, 0x10e3, 0x18e4, 0x1904, 0x08a3,
  0x5a25, 0x0882, 0x1904, 0x08a4, 0x08a3, 0x08c4, 0x08c4, 0x08c4, 0x5268, 0x5aa8, 0x5247, 0x5247,
  0x7b6a, 0x08a3, 0x5267, 0x7b8b, 0x83ac, 0x08c4, 0x3985, 0x49e5, 0x08c4, 0x08a3, 0x4a05, 0x72e7,
  0x5a45, 0x10e3, 0x00a3, 0x10e4, 0x0883, 0x5a25, 0x6287, 0x41e4, 0x1104, 0x08c4, 0x08e4, 0x49e5,
  0x41c5, 0x2944, 0x2144, 0x0062, 0x0083, 0x5a25, 0x2104, 0x00a4, 0x39c5, 0x2944, 0x00a3, 0x00a3,
  0x00a3, 0x00a3, 0x0083, 0x0083, 0x0062, 0x0062, 0x0083, 0x0083, 0x0083, 0x0062, 0x0042, 0x0062,
  0x0083, 0x0062, 0x0062, 0x08a3, 0x08c4, 0x1945, 0x08c4, 0x08c4, 0x0083, 0x0083, 0x0083, 0x0083,
  0x0083, 0x0083, 0x0083, 0x0083, 0x00a3, 0x08a3, 0x41a5, 0x0062, 0x0083, 0x0083, 0x0083, 0x0083,
  0x0083, 0x00a3, 0x00a3, 0x0083, 0x0083, 0x0083, 0x0083, 0x0062, 0x0062, 0x0062, 0x0082, 0x0082,
  0x0082, 0x08c4, 0x4a28, 0x1905, 0x08a3, 0x3984, 0x2124, 0x08c4, 0x08c4, 0x08c4, 0x08c4, 0x08a3,
  0x31a6, 0x2965, 0x10e4, 0x08a3, 0x8347, 0x3984, 0x10e4, 0x18e3, 0x6265, 0x2964, 0x2124, 0x1904,
  0x41c4, 0x2124, 0x2124, 0x2945, 0x1904, 0x3164, 0x2923, 0x0882, 0x0062, 0x08a3, 0x0882, 0x0083,
  0x0041, 0x0042, 0x0041, 0x10c3, 0x08c3, 0x10c3, 0x10e3, 0x10c3, 0x0882, 0x2944, 0x18e3, 0x0042,
  0x0062, 0x0062, 0x0062, 0x0062, 0x0062, 0x0062, 0x0042, 0x0042, 0x0042, 0x0042, 0x0062, 0x0062,
  0x0062, 0x0082, 0x0082, 0x0062, 0x0062, 0x0062, 0x10a3, 0x0062, 0x0062, 0x0082, 0x0083, 0x0083,
  0x08a3, 0x08a3, 0x0062, 0x0042, 0x0062, 0x0062, 0x0062, 0x0062, 0x0062, 0x0062, 0x0062, 0x0062,
  0x0062, 0x0062, 0x0063, 0x0062, 0x0062, 0x0062, 0x0062, 0x0062, 0x0062, 0x0062, 0x0083, 0x00a3,
  0x00a3, 0x0083, 0x0062, 0x0062, 0x0883, 0x08a3, 0x10c3, 0x31a6, 0x31a6, 0x31a6, 0x3186, 0x2145,
  0x2945, 0x39a6, 0x2986, 0x4a48, 0x0062, 0x0083, 0x0083, 0x0062, 0x0083, 0x0083, 0x0083, 0x0083,
  0x0062, 0x0062, 0x0062, 0x0082, 0x08a3, 0x0083, 0x0083, 0x08a3, 0x6286, 0x2124, 0x0882, 0x0083,
  0x00a4, 0x00a3, 0x08a3, 0x08a3, 0x08a3, 0x7328, 0x3185, 0x08c3, 0x0083, 0x08a3, 0x18e3, 0x0083,
  0x0083, 0x0082, 0x0083, 0x0062, 0x0062, 0x2145, 0x0083, 0x0083, 0x0062, 0x0062, 0x0062, 0x0083,
  0x00a3, 0x00a3, 0x0082, 0x18e3, 0x10a3, 0x1904, 0x10e4, 0x08c4, 0x10e4, 0x08a3, 0x5226, 0x10a3,
  0x1904, 0x0083, 0x08a3, 0x2103, 0x10c3, 0x18e4, 0x10e4, 0x10c4, 0x18e3, 0x18e3, 0x08a3, 0x39a5,
  0x6ac7, 0x0083, 0x10c3, 0x08a3, 0x2124, 0x3185, 0x00a3, 0x00a3, 0x00a3, 0x3984, 0x20e3, 0x18a2,
  0x39a4, 0x10c3, 0x08c3, 0x1904, 0x31a6, 0x62c8, 0x5287, 0x6ae8, 0x62c7, 0x3985, 0x08c4, 0x08a3,
  0x10c3, 0x18e4, 0x10e4, 0x08c4, 0x0883, 0x08a3, 0x2145, 0x2145, 0x4a25, 0x2144, 0x10e4, 0x4207,
  0x39e6, 0x1925, 0x62a7, 0x6287, 0x0883, 0x2145, 0x08a3, 0x08c3, 0x08c4, 0x41c5, 0x49e5, 0x18e4,
  0x0883, 0x6ae7, 0x72e7, 0x2965, 0x1925, 0x1925, 0x18e4, 0x08a3, 0x18c3, 0x39c6, 0x10e4, 0x2124,
  0x1904, 0x08a3, 0x08a3, 0x08a3, 0x08c4, 0x1104, 0x2104, 0x1904, 0x3164, 0x10e4, 0x08a3, 0x3185,
  0x08a3, 0x10c4, 0x18e4, 0x10c3, 0x08a3, 0x08a4, 0x08c4, 0x08c4, 0x08c4, 0x2944, 0x10a3, 0x08a3,
  0x08c4, 0x1105, 0x08c4, 0x08a4, 0x08a3, 0x08a4, 0x08c4, 0x08c4, 0x1105, 0x1905, 0x2166, 0x29a7,
  0x1945, 0x1945, 0x2104, 0x3165, 0x93ea, 0x49e5, 0x7329, 0x5a67, 0x5205, 0x6ae8, 0x4a26, 0x39c5,
  0x2965, 0x10e4, 0x31c6, 0x1945, 0x1946, 0x1946, 0x1945, 0x1925, 0x08c4, 0x08a3, 0x08a3, 0x10a3,
  0x08a3, 0x2103, 0x3144, 0x0083, 0x0882, 0x0082, 0x0083, 0x18c3, 0x08a3, 0x08a3, 0x4a06, 0x18e4,
  0x1924, 0x1904, 0x10e4, 0x08c3, 0x08c3, 0x0082, 0x0082, 0x08a3, 0x10e3, 0x1904, 0x08c3, 0x1904,
  0x2944, 0x4a05, 0x4a05, 0x6aa7, 0x6ac7, 0x8b68, 0x6265, 0x3184, 0x1903, 0x0083, 0x18e4, 0x6a65,
  0x3164, 0x08a3, 0x08a3, 0x10a3, 0x41c4, 0x18e3, 0x2124, 0x2144, 0x2123, 0x18e3, 0x10c3, 0x10e4,
  0x08a3, 0x0882, 0x0062, 0x0041, 0x0041, 0x0021, 0x0041, 0x0041, 0x0041, 0x0042, 0x0041, 0x0042,
  0x0062, 0x0062, 0x18e3, 0x10c3, 0x0883, 0x0041, 0x0062, 0x0882, 0x10c3, 0x10a3, 0x10c3, 0x0082,
  0x00a3, 0x0062, 0x0062, 0x0062, 0x0062, 0x0042, 0x0042, 0x0042, 0x0062, 0x41e7, 0x4227, 0x4a28,
  0x4a28, 0x4207, 0x41e7, 0x41e7, 0x4207, 0x4207, 0x4228, 0x1904, 0x0083, 0x08a3, 0x08a3, 0x0062,
  0x0083, 0x0083, 0x0062, 0x0062, 0x0062, 0x0062, 0x0062, 0x0042, 0x0062, 0x0062, 0x0062, 0x0083,
  0x0083, 0x0062, 0x0063, 0x0062, 0x0062, 0x0062, 0x0062, 0x0082, 0x00a3, 0x00a3, 0x00a3, 0x2944,
  0x5205, 0x31a5, 0x1904, 0x10e3, 0x5a45, 0x49e4, 0x2103, 0x49e4, 0x6286, 0x8b88, 0x1904, 0x2124,
  0x0063, 0x0062, 0x0062, 0x0062, 0x0062, 0x0083, 0x0083, 0x0083, 0x0083, 0x08a3, 0x08a3, 0x18e3,
  0x1904, 0x18e3, 0x2924, 0x10c3, 0x2944, 0x3985, 0x18e3, 0x0083, 0x0083, 0x0062, 0x0062, 0x41a4,
  0x2923, 0x3984, 0x2965, 0x08c4, 0x0083, 0x08c4, 0x2965, 0x00a3, 0x3184, 0x2124, 0x08a3, 0x0083,
  0x0083, 0x00a3, 0x00a3, 0x0083, 0x0082, 0x0082, 0x0083, 0x0083, 0x0083, 0x0083, 0x0062, 0x2923,
  0x2924, 0x08c4, 0x10e4, 0x10c3, 0x08a3, 0x0883, 0x6aa6, 0x7b07, 0x5a66, 0x00a3, 0x08a3, 0x5246,
  0x39a5, 0x10c3, 0x0083, 0x08c3, 0x29a7, 0x18e4, 0x08c4, 0x08c4, 0x00a3, 0x0083, 0x3143, 0x3123,
  0x08a3, 0x00a3, 0x00a3, 0x00a3, 0x00a4, 0x0083, 0x0062, 0x49c4, 0x49e5, 0x10e4, 0x39a5, 0x39c5,
  0x08a3, 0x0083, 0x0083, 0x08a4, 0x08c4, 0x08c4, 0x08c4, 0x0083, 0x0082, 0x4a06, 0x10c4, 0x10e4,
  0x08c4, 0x08c4, 0x08c4, 0x08e4, 0x08c4, 0x2103, 0x08a3, 0x10c4, 0x10e4, 0x41c5, 0x39a5, 0x6ac8,
  0x0882, 0x6ac8, 0x39a5, 0x2124, 0x10e4, 0x8ba9, 0x08c4, 0x00a3, 0x0062, 0x08a3, 0x00a3, 0x08a3,
  0x10c3, 0x2124, 0x2124, 0x08a3, 0x08c4, 0x08c3, 0x08a3, 0x0883, 0x08a3, 0x08a3, 0x08a3, 0x0083,
  0x08c4, 0x08c4, 0x08a4, 0x08a3, 0x10c4, 0x10e4, 0x08a4, 0x7b6a, 0x0083, 0x08a3, 0x10c4, 0x08a3,
  0x00a3, 0x0083, 0x00a3, 0x08a4, 0x08c4, 0x6ae8, 0x39a5, 0x08e4, 0x1105, 0x29a6, 0x10e4, 0x08c4,
  0x08c4, 0x10e4, 0x10e5, 0x08c4, 0x08a3, 0x08a3, 0x08a3, 0x10c4, 0x1904, 0x3184, 0x2923, 0x2103,
  0x2944, 0x41c4, 0x2924, 0x18c3, 0x72a5, 0x18c2, 0x18e3, 0x18e3, 0x10a3, 0x0083, 0x0083, 0x0083,
  0x0083, 0x10c4, 0x10e4, 0x1925, 0x1946, 0x1925, 0x2165, 0x5246, 0x2124, 0x5a05, 0x72a5, 0x08c3,
  0x2924, 0x08a3, 0x08a3, 0x3144, 0x10a3, 0x08a3, 0x8beb, 0x1904, 0x10c3, 0x10c3, 0x0883, 0x08a3,
  0x08a3, 0x0082, 0x0082, 0x0082, 0x10c3, 0x1903, 0x10c3, 0x10c3, 0x10a2, 0x2123, 0x3143, 0x10a2,
  0x10c3, 0x2923, 0x3142, 0x18c2, 0x08a3, 0x0083, 0x0083, 0x0062, 0x0062, 0x0062, 0x0062, 0x0082,
  0x0083, 0x08c3, 0x08a3, 0x08a3, 0x08c3, 0x08a3, 0x0882, 0x0082, 0x0082, 0x0041, 0x0041, 0x0041,
  0x0041, 0x0021, 0x0041, 0x0041, 0x0042, 0x0041, 0x0041, 0x0041, 0x0041, 0x0041, 0x0062, 0x08a2,
  0x41e6, 0x0062, 0x0062, 0x0042, 0x0041, 0x0062, 0x18c3, 0x08a3, 0x0083, 0x08a3, 0x08a3, 0x08a3,
  0x0882, 0x31a5, 0x31a5, 0x3164, 0x2944, 0x2124, 0x2124, 0x2124, 0x2124, 0x2124, 0x2103, 0x2103,
  0x2103, 0x2123, 0x2123, 0x18e3, 0x08c3, 0x10e4, 0x08a3, 0x00a3, 0x08a3, 0x0083, 0x0083, 0x0062,
  0x0062, 0x0062, 0x0062, 0x0062, 0x0062, 0x0062, 0x0062, 0x0083, 0x0883, 0x2903, 0x18c3, 0x10a3,
  0x0083, 0x0062, 0x0083, 0x3963, 0x10c3, 0x10c3, 0x10e4, 0x4a05, 0x39a4, 0x2964, 0x1903, 0x2104,
  0x39a4, 0x5a67, 0x2923, 0x3984, 0x3164, 0x6225, 0x18e3, 0x08a3, 0x62a6, 0x49e4, 0x18e3, 0x10c3,
  0x08a3, 0x08a3, 0x08a3, 0x1105, 0x08c4, 0x0083, 0x0083, 0x10e3, 0x0882, 0x3144, 0x4a06, 0x10e3,
  0x08c3, 0x08c4, 0x08a3, 0x0083, 0x0083, 0x10e3, 0x0882, 0x2923, 0x2103, 0x10c3, 0x1904, 0x08a3,
  0x00a3, 0x00c4, 0x08c4, 0x08a3, 0x10a3, 0x0882, 0x08a3, 0x0882, 0x0882, 0x0082, 0x0083, 0x00a3,
  0x00a3, 0x2124, 0x0083, 0x0083, 0x0083, 0x0083, 0x0083, 0x08a3, 0x08a3, 0x08a3, 0x10c3, 0x08a3,
  0x18e3, 0x3164, 0x10e3, 0x49e5, 0x5a46, 0x0083, 0x0083, 0x0083, 0x0062, 0x0062, 0x0062, 0x08a3,
  0x1104, 0x10e4, 0x5226, 0x1904, 0x08a3, 0x00a3, 0x08a3, 0x00a3, 0x08c4, 0x08c4, 0x08c4, 0x08c4,
  0x08e5, 0x2104, 0x10e4, 0x1924, 0x4a27, 0x1904, 0x4a05, 0x2964, 0x08a3, 0x08a4, 0x2186, 0x31e8,
  0x08c4, 0x2145, 0x08c4, 0x00a4, 0x00a3, 0x2124, 0x10e4, 0x08a4, 0x10e5, 0x29a7, 0x1105, 0x10e4,
  0x08c4, 0x10e4, 0x08e4, 0x10e5, 0x08e4, 0x2945, 0x1104, 0x3165, 0x3143, 0x0883, 0x10e4, 0x08c4,
  0x08a3, 0x08c4, 0x08a4, 0x08a4, 0x08a3, 0x5226, 0x1903, 0x2104, 0x18e3, 0x1924, 0x1925, 0x1925,
  0x1925, 0x1105, 0x10e4, 0x10c4, 0x10c4, 0x2124, 0x10e4, 0x10e4, 0x2145, 0x08c4, 0x08c4, 0x08c4,
  0x08c4, 0x1105, 0x10e4, 0x08c4, 0x0083, 0x08a3, 0x08a3, 0x10e3, 0x18e3, 0x0083, 0x0083, 0x08a3,
  0x18e4, 0x1904, 0x10e4, 0x10c3, 0x1904, 0x2124, 0x2965, 0x1925, 0x1905, 0x1925, 0x10e4, 0x10c4,
  0x10e3, 0x08c3, 0x08c3, 0x18e3, 0x3164, 0x3164, 0x2924, 0x2123, 0x2123, 0x2123, 0x10e4, 0x10a3,
  0x18c2, 0x10c2, 0x18e3, 0x18e3, 0x18e3, 0x2985, 0x31a6, 0x2985, 0x20e3, 0x2103, 0x2103, 0x2123,
  0x18e3, 0x08a3, 0x18c3, 0x39a4, 0x18e3, 0x0061, 0x0062, 0x10c3, 0x0083, 0x0083, 0x0062, 0x0062,
  0x0062, 0x0082, 0x0083, 0x0083, 0x0083, 0x0062, 0x0062, 0x0062, 0x08a3, 0x1925, 0x2944, 0x2103,
  0x18a2, 0x5205, 0x2923, 0x5204, 0x3163, 0x7b47, 0x3123, 0x10a2, 0x08a3, 0x18c3, 0x18e3, 0x10a2,
  0x08a3, 0x0883, 0x0083, 0x0062, 0x0062, 0x0062, 0x0883, 0x08c3, 0x10e4, 0x08c3, 0x10c3, 0x10c3,
  0x08a3, 0x0062, 0x0082, 0x0062, 0x0062, 0x0062, 0x0041, 0x0061, 0x0021, 0x0021, 0x0041, 0x0041,
  0x0041, 0x0042, 0x0041, 0x0041, 0x0041, 0x0041, 0x0041, 0x0041, 0x18e3, 0x0082, 0x0062, 0x0062,
  0x0041, 0x20e3, 0x3185, 0x2944, 0x2103, 0x1903, 0x2124, 0x31a5, 0x2923, 0x3164, 0x2964, 0x3184,
  0x2944, 0x10a2, 0x2944, 0x18e2, 0x18c2, 0x18c2, 0x10c2, 0x18e2, 0x18e3, 0x18e3, 0x18e2, 0x18e3,
  0x1904, 0x2145, 0x29a6, 0x10e4, 0x1903, 0x1903, 0x10e4, 0x3184, 0x3963, 0x0882, 0x10c3, 0x5205,
  0x18e4, 0x2124, 0x08c3, 0x18e3, 0x2124, 0x7aa6, 0x6266, 0x49e5, 0x10c3, 0x3964, 0x08c3, 0x6a65,
  0x20e3, 0x39a5, 0x10a3, 0x39a5, 0x10c3, 0x10a2, 0x2923, 0x18e3, 0x2104, 0x41a4, 0x39a4, 0x10a3,
  0x10c3, 0x4184, 0x10e4, 0x08a3, 0x10e4, 0x5a25, 0x41c6, 0x5247, 0x2145, 0x2965, 0x2965, 0x2145,
  0x10a3, 0x08a3, 0x08a3, 0x10c3, 0x10a2, 0x0062, 0x0062, 0x2124, 0x08c4, 0x1905, 0x08c4, 0x08c4,
  0x41c5, 0x5a66, 0x10c3, 0x08a3, 0x08c3, 0x5226, 0x5a46, 0x08c3, 0x08a3, 0x3185, 0x08a3, 0x0062,
  0x18e3, 0x20e3, 0x2104, 0x3144, 0x3985, 0x0062, 0x0883, 0x08c3, 0x1904, 0x3185, 0x00a3, 0x0083,
  0x0083, 0x0083, 0x0083, 0x0083, 0x0083, 0x0062, 0x0062, 0x0883, 0x5a88, 0x0082, 0x00a3, 0x00a3,
  0x0083, 0x00a3, 0x00a3, 0x08c3, 0x00a3, 0x08c3, 0x10a3, 0x10c3, 0x08a3, 0x0082, 0x08a3, 0x10e4,
  0x10c4, 0x00a3, 0x0083, 0x00a3, 0x00a4, 0x08c4, 0x00a4, 0x08c4, 0x08e5, 0x6287, 0x39a5, 0x2124,
  0x18e4, 0x0062, 0x2964, 0x2964, 0x08a4, 0x08c4, 0x00a3, 0x0062, 0x0083, 0x0062, 0x00a3, 0x49e5,
  0x4a06, 0x2124, 0x2145, 0x1905, 0x1925, 0x4228, 0x1945, 0x08c4, 0x2145, 0x10e4, 0x08e4, 0x10e5,
  0x08c4, 0x08c4, 0x08c4, 0x08a3, 0x3984, 0x29a6, 0x31a6, 0x1105, 0x1104, 0x10e4, 0x31a5, 0x1946,
  0x1925, 0x41a5, 0x41c4, 0x5a24, 0x72e8, 0x6ac8, 0x2124, 0x31a6, 0x3a09, 0x5b2c, 0x7309, 0x5aa9,
  0x62ea, 0x52a8, 0x4a8a, 0x31e8, 0x29a7, 0x4249, 0x4248, 0x4a47, 0x39c6, 0x2145, 0x39a5, 0x10e4,
  0x10c3, 0x3984, 0x49e5, 0x1924, 0x5226, 0x10a2, 0x6a85, 0x49e5, 0x6aa6, 0x2103, 0x1904, 0x1904,
  0x3185, 0x72e7, 0x7b06, 0x6245, 0x6246, 0x41a5, 0x3985, 0x5245, 0x2944, 0x2944, 0x2104, 0x2944,
  0x49c5, 0x41c5, 0x3165, 0x41c6, 0x2104, 0x18e3, 0x10c3, 0x08a3, 0x0882, 0x10c3, 0x10c3, 0x08c3,
  0x10e4, 0x10e4, 0x31c7, 0x4207, 0x6a66, 0x6aa6, 0x6266, 0x6ae8, 0x4a47, 0x1904, 0x2986, 0x6ae8,
  0x5a66, 0x2944, 0x08a3, 0x08c4, 0x08c4, 0x08a3, 0x08c4, 0x08c4, 0x08c4, 0x08a3, 0x08a3, 0x08c4,
  0x08e5, 0x1925, 0x2165, 0x1924, 0x1104, 0x1925, 0x1104, 0x72a6, 0x6245, 0x8b87, 0x6ac6, 0x9c29,
  0x2923, 0x18e3, 0x0882, 0x0882, 0x0882, 0x10c3, 0x08a3, 0x10e3, 0x2165, 0x1925, 0x08c4, 0x08a3,
  0x08a3, 0x08a3, 0x10a3, 0x10c3, 0x08c3, 0x08a3, 0x08a3, 0x10a3, 0x0041, 0x0062, 0x0062, 0x0082,
  0x0061, 0x0041, 0x0041, 0x0041, 0x0041, 0x0041, 0x0041, 0x0041, 0x0041, 0x0042, 0x0041, 0x0041,
  0x0041, 0x0041, 0x0041, 0x0041, 0x0062, 0x0062, 0x0062, 0x0062, 0x0062, 0x2944, 0x2944, 0x18e3,
  0x10c3, 0x2104, 0x18c3, 0x10c2, 0x1082, 0x2103, 0x18e3, 0x2123, 0x2123, 0x18c2, 0x18e3, 0x18c2,
  0x18c2, 0x10a2, 0x10a2, 0x18c2, 0x18e3, 0x18c2, 0x10a2, 0x18c2, 0x10a2, 0x1903, 0x1904, 0x10e4,
  0x1904, 0x18e4, 0x1904, 0x10c3, 0x1903, 0x08c3, 0x0883, 0x1082, 0x0883, 0x10a3, 0x1904, 0x1104,
  0x10e4, 0x10e4, 0x10c3, 0x18e3, 0x18e3, 0x2924, 0x10e4, 0x10e4, 0x10c3, 0x2965, 0x2124, 0x10c3,
  0x08a3, 0x0082, 0x0083, 0x08c3, 0x08a3, 0x18e3, 0x10c3, 0x10a3, 0x08a3, 0x08a3, 0x08a3, 0x0083,
  0x0083, 0x0083, 0x08c3, 0x08e4, 0x08e5, 0x08e4, 0x18c3, 0x0083, 0x0083, 0x0082, 0x0882, 0x0883,
  0x0082, 0x0083, 0x08a3, 0x39e6, 0x2145, 0x08c4, 0x2945, 0x08a3, 0x18e3, 0x18e3, 0x08a3, 0x08a3,
  0x0083, 0x5226, 0x5225, 0x10c3, 0x49c4, 0x5a45, 0x0883, 0x0062, 0x10a2, 0x18c3, 0x10c3, 0x0083,
  0x0082, 0x0883, 0x08a3, 0x08a3, 0x10c3, 0x08c3, 0x08a3, 0x08a3, 0x08a3, 0x08c4, 0x0083, 0x08a3,
  0x08a3, 0x0083, 0x08e4, 0x00a3, 0x1904, 0x10e4, 0x08a3, 0x00a3, 0x00a3, 0x08c3, 0x2124, 0x2964,
  0x3985, 0x10e3, 0x00a3, 0x0083, 0x0082, 0x0082, 0x0083, 0x0082, 0x0083, 0x0083, 0x0083, 0x00a3,
  0x00a3, 0x10e4, 0x00a3, 0x08a3, 0x08a3, 0x08a3, 0x08a3, 0x00a3, 0x00a3, 0x0083, 0x18e3, 0x1903,
  0x20e3, 0x00a3, 0x00a3, 0x0083, 0x0083, 0x0083, 0x08a3, 0x2124, 0x18e3, 0x0062, 0x0062, 0x0062,
  0x00a3, 0x00a4, 0x10e5, 0x1105, 0x2986, 0x1925, 0x1105, 0x1105, 0x10e4, 0x08c4, 0x10e4, 0x08c4,
  0x1925, 0x2145, 0x5a87, 0x6ac7, 0x29a7, 0x2166, 0x2167, 0x1966, 0x1105, 0x08c3, 0x0062, 0x0082,
  0x4a05, 0x5a46, 0x0882, 0x0883, 0x10e4, 0x2165, 0x2944, 0x3984, 0x2964, 0x2924, 0x3185, 0x1945,
  0x1945, 0x2145, 0x1925, 0x2166, 0x2166, 0x3229, 0x31c8, 0x21a8, 0x29e8, 0x39e8, 0x2125, 0x1104,
  0x2944, 0x0082, 0x3143, 0x2103, 0x3143, 0x0062, 0x0083, 0x08a3, 0x10e4, 0x3144, 0x3163, 0x2903,
  0x2903, 0x18e3, 0x18e3, 0x2123, 0x10c3, 0x0882, 0x2103, 0x10c3, 0x10c4, 0x10c4, 0x10e4, 0x2105,
  0x08a3, 0x08a3, 0x08c4, 0x08c3, 0x08a3, 0x08a3, 0x08a3, 0x00a3, 0x0083, 0x0883, 0x08a4, 0x08c4,
  0x08c4, 0x08c4, 0x08c3, 0x08c3, 0x08c4, 0x08c4, 0x08c4, 0x08c4, 0x08c4, 0x08c4, 0x08e4, 0x08e4,
  0x08c4, 0x08a3, 0x08c4, 0x10e5, 0x08e4, 0x08a3, 0x0083, 0x00a3, 0x08a4, 0x10e5, 0x10e4, 0x08c3,
  0x08c3, 0x08c4, 0x08c4, 0x08a3, 0x0882, 0x0882, 0x08a3, 0x08a3, 0x08a3, 0x08a3, 0x08a3, 0x08c3,
  0x08c3, 0x0882, 0x08a3, 0x0082, 0x0062, 0x0882, 0x08a3, 0x08c3, 0x08a3, 0x08a3, 0x08a2, 0x08a2,
  0x0062, 0x0062, 0x0062, 0x0062, 0x0041, 0x0062, 0x0062, 0x0041, 0x0041, 0x0041, 0x0041, 0x0041,
  0x0041, 0x0041, 0x0021, 0x0041, 0x0041, 0x0042, 0x0041, 0x0041, 0x0041, 0x0882, 0x2965, 0x2965,
  0x2986, 0x2945, 0x2965, 0x2965, 0x2965, 0x31a5, 0x3185, 0x3185, 0x31a6, 0x31a6, 0x31a6, 0x2965,
  0x2944, 0x2103, 0x2103, 0x2124, 0x2124, 0x2944, 0x2944, 0x2944, 0x2144, 0x2124, 0x2124, 0x2144,
  0x2124, 0x2104, 0x2124, 0x2124, 0x2965, 0x2945, 0x2965, 0x31a6, 0x39e7, 0x39e7, 0x41e7, 0x31a6,
  0x0082, 0x0082, 0x0062, 0x0062, 0x0082, 0x0083, 0x00a4, 0x10e4, 0x10e4, 0x2145, 0x41e6, 0x5a46,
  0x1903, 0x08c3, 0x08c3, 0x0083, 0x0062, 0x0062, 0x0062, 0x0062, 0x0062, 0x0062, 0x0083, 0x00a3,
  0x08a3, 0x08a3, 0x0883, 0x0882, 0x10c3, 0x08a2, 0x0062, 0x08a3, 0x08a3, 0x08a3, 0x08a3, 0x00a3,
  0x00a3, 0x0083, 0x0083, 0x0083, 0x0062, 0x0082, 0x0082, 0x0083, 0x00a3, 0x08c3, 0x10c3, 0x08a3,
  0x10e4, 0x2964, 0x08a3, 0x0882, 0x0062, 0x0062, 0x10c3, 0x08a3, 0x0082, 0x18c3, 0x18e3, 0x0082,
  0x4184, 0x3163, 0x0062, 0x0062, 0x08a3, 0x08a3, 0x0883, 0x0062, 0x4184, 0x5226, 0x08a3, 0x5a25,
  0x59e4, 0x0083, 0x0083, 0x8b8a, 0x4227, 0x2165, 0x0083, 0x0082, 0x0062, 0x0083, 0x0083, 0x0082,
  0x0062, 0x00a3, 0x08a3, 0x00c3, 0x00a3, 0x00a3, 0x08c3, 0x10c3, 0x18e3, 0x08a3, 0x00a3, 0x0083,
  0x0082, 0x0062, 0x10e4, 0x10e4, 0x0062, 0x0083, 0x08c4, 0x39e8, 0x08c4, 0x5226, 0x18e3, 0x49c4,
  0x5a44, 0x49e5, 0x2104, 0x41e4, 0x2165, 0x1104, 0x10e4, 0x08a3, 0x0062, 0x00a2, 0x08c2, 0x1103,
  0x2145, 0x31e7, 0x2145, 0x4a46, 0x10e4, 0x08c4, 0x2964, 0x3184, 0x31a5, 0x1126, 0x1105, 0x31e8,
  0x3229, 0x29a7, 0x29e8, 0x42ab, 0x3209, 0x4249, 0x7b8b, 0x4227, 0x1105, 0x08c4, 0x18c3, 0x3185,
  0x18e4, 0x0082, 0x08e5, 0x00a3, 0x0083, 0x0083, 0x0082, 0x0082, 0x0062, 0x0042, 0x0062, 0x00a3,
  0x0082, 0x0082, 0x0082, 0x08a3, 0x0882, 0x0062, 0x0083, 0x00a3, 0x00a2, 0x0082, 0x0082, 0x0062,
  0x10e4, 0x00a3, 0x00a3, 0x00a3, 0x08a4, 0x08c4, 0x08c4, 0x00a3, 0x00a3, 0x0083, 0x0083, 0x0083,
  0x0082, 0x0083, 0x0083, 0x00a3, 0x00a3, 0x0083, 0x0082, 0x0062, 0x0082, 0x0082, 0x0083, 0x0083,
  0x0082, 0x0083, 0x0082, 0x0082, 0x0083, 0x0083, 0x0082, 0x08a3, 0x08a3, 0x08a3, 0x08a3, 0x0083,
  0x08c4, 0x08c4, 0x08c4, 0x08c4, 0x08c4, 0x08c4, 0x08e4, 0x08c3, 0x10c4, 0x10c3, 0x2103, 0x08a3,
  0x0882, 0x08a3, 0x08a3, 0x08a3, 0x10e5, 0x10e5, 0x1105, 0x1125, 0x1105, 0x1104, 0x08c4, 0x1105,
  0x1946, 0x31c7, 0x2966, 0x1105, 0x08c4, 0x08c4, 0x08c4, 0x10e4, 0x10e4, 0x08c4, 0x08c3, 0x10c4,
  0x10c3, 0x10c4, 0x10c3, 0x08a3, 0x08a3, 0x08a3, 0x08c3, 0x10c3, 0x0082, 0x0062, 0x0041, 0x0041,
  0x10a2, 0x10c3, 0x08a3, 0x08c3, 0x08a3, 0x0082, 0x0062, 0x0062, 0x0062, 0x0062, 0x0062, 0x0041,
  0x0041, 0x0041, 0x0041, 0x0041, 0x0062, 0x0061, 0x0021, 0x0041, 0x0041, 0x0041, 0x0021, 0x0021,
  0x0021, 0x0041, 0x0062, 0x0062, 0x0041, 0x2144, 0x2104, 0x2104, 0x2124, 0x18e3, 0x18e3, 0x18e3,
  0x10c2, 0x0861, 0x1081, 0x0881, 0x0861, 0x0861, 0x0861, 0x0841, 0x0040, 0x0040, 0x0861, 0x0861,
  0x0861, 0x0841, 0x0841, 0x0861, 0x0841, 0x0841, 0x0841, 0x0841, 0x0841, 0x0040, 0x0841, 0x0861,
  0x0861, 0x0861, 0x0861, 0x0861, 0x0881, 0x0861, 0x0861, 0x0082, 0x08a3, 0x0082, 0x00a2, 0x0082,
  0x0062, 0x0062, 0x0062, 0x0082, 0x0062, 0x0083, 0x08a3, 0x0083, 0x0082, 0x0082, 0x0082, 0x0082,
  0x0082, 0x00a3, 0x00a3, 0x0083, 0x0083, 0x0062, 0x0083, 0x0083, 0x00a3, 0x00a3, 0x08c3, 0x08c3,
  0x1904, 0x1924, 0x0083, 0x0062, 0x0062, 0x00a3, 0x4207, 0x4a68, 0x4a27, 0x4a48, 0x4a48, 0x4a48,
  0x4a27, 0x4a28, 0x4a48, 0x5269, 0x4a68, 0x20e3, 0x3943, 0x10a2, 0x08a2, 0x39a5, 0x10c3, 0x0882,
  0x0062, 0x08a3, 0x2924, 0x2124, 0x0082, 0x08a3, 0x0883, 0x0082, 0x0062, 0x0062, 0x0062, 0x0062,
  0x0062, 0x0062, 0x00a3, 0x0082, 0x18c3, 0x0082, 0x0082, 0x2943, 0x0862, 0x0062, 0x0062, 0x18e3,
  0x0082, 0x0082, 0x0082, 0x0062, 0x0062, 0x0062, 0x0062, 0x0062, 0x0062, 0x0062, 0x0082, 0x00a3,
  0x0082, 0x0082, 0x0082, 0x0062, 0x0062, 0x0082, 0x0082, 0x0082, 0x0083, 0x08c3, 0x08e5, 0x1105,
  0x00a3, 0x0062, 0x08a3, 0x39a6, 0x08a3, 0x08a3, 0x2124, 0x8388, 0x49a4, 0x3143, 0x10a3, 0x3163,
  0x1903, 0x08a3, 0x0083, 0x0083, 0x0083, 0x0082, 0x00a3, 0x00a3, 0x1104, 0x2986, 0x2985, 0x39a4,
  0x0883, 0x08c3, 0x1924, 0x2124, 0x08a3, 0x0083, 0x0883, 0x1104, 0x08c4, 0x08c4, 0x08e5, 0x1105,
  0x1125, 0x2166, 0x31c6, 0x31a6, 0x08c4, 0x2166, 0x08c3, 0x0083, 0x0062, 0x0083, 0x0083, 0x0062,
  0x0082, 0x0082, 0x0082, 0x0042, 0x0042, 0x0042, 0x0042, 0x0062, 0x0082, 0x0082, 0x0062, 0x0062,
  0x0082, 0x0061, 0x0062, 0x0082, 0x0062, 0x0082, 0x0082, 0x0062, 0x0062, 0x0082, 0x0083, 0x08c4,
  0x08a4, 0x08a3, 0x00a3, 0x00a3, 0x00a3, 0x00a3, 0x0083, 0x00a3, 0x0083, 0x0083, 0x0082, 0x0082,
  0x0082, 0x0062, 0x18e3, 0x4a27, 0x4a27, 0x4a48, 0x4a68, 0x5268, 0x5289, 0x4a68, 0x4a48, 0x4a47,
  0x4a27, 0x3185, 0x0062, 0x0082, 0x0882, 0x0082, 0x08a2, 0x10a2, 0x08a3, 0x08a3, 0x08c3, 0x10c3,
  0x10c3, 0x2923, 0x08a3, 0x08a3, 0x20e3, 0x18e3, 0x2923, 0x18e3, 0x18e3, 0x2923, 0x10e4, 0x1904,
  0x08a3, 0x08c4, 0x10e4, 0x10e4, 0x3164, 0x6ae7, 0x18e3, 0x08a3, 0x10c3, 0x3185, 0x2944, 0x10e3,
  0x0882, 0x0882, 0x2943, 0x41a4, 0x41a4, 0x3123, 0x41c4, 0x2123, 0x10c3, 0x08a3, 0x0882, 0x0062,
  0x0062, 0x0062, 0x0082, 0x0062, 0x0041, 0x0041, 0x0061, 0x0041, 0x0882, 0x0062, 0x08a2, 0x0882,
  0x0062, 0x0062, 0x0062, 0x0062, 0x0082, 0x0082, 0x0062, 0x0041, 0x0082, 0x0062, 0x0061, 0x0062,
  0x0062, 0x0041, 0x0041, 0x0041, 0x0041, 0x0041, 0x0041, 0x0041, 0x0041, 0x0021, 0x0042, 0x0042,
  0x0041, 0x0041, 0x0861, 0x0861, 0x0861, 0x0861, 0x0841, 0x0840, 0x0040, 0x0020, 0x0841, 0x0860,
  0x0860, 0x1080, 0x18a1, 0x18c1, 0x18c1, 0x1081, 0x0840, 0x0040, 0x0020, 0x0840, 0x0840, 0x1081,
  0x10a1, 0x1081, 0x0860, 0x0861, 0x0861, 0x0040, 0x0861, 0x0040, 0x0881, 0x10a1, 0x10a1, 0x1081,
  0x0861, 0x1081, 0x10a2, 0x0882, 0x0082, 0x0082, 0x0062, 0x0062, 0x0062, 0x0041, 0x0062, 0x0082,
  0x0062, 0x0062, 0x0062, 0x0062, 0x0062, 0x0082, 0x0082, 0x10a2, 0x10a2, 0x10c3, 0x6a66, 0x2944,
  0x5205, 0x0083, 0x0083, 0x0082, 0x10c3, 0x0083, 0x0082, 0x08a3, 0x08c3, 0x00a3, 0x08a2, 0x3185,
  0x3164, 0x2964, 0x3185, 0x2944, 0x2964, 0x2944, 0x2944, 0x2944, 0x2124, 0x2124, 0x2944, 0x2944,
  0x39c6, 0x10c3, 0x08c4, 0x08c3, 0x0082, 0x0062, 0x0041, 0x49e3, 0x0041, 0x0082, 0x0062, 0x0062,
  0x0062, 0x0082, 0x0082, 0x0082, 0x0062, 0x0062, 0x0082, 0x0042, 0x0042, 0x0083, 0x0083, 0x0083,
  0x0083, 0x0062, 0x0062, 0x0041, 0x0042, 0x0042, 0x0042, 0x0082, 0x0082, 0x0042, 0x0042, 0x0042,
  0x0062, 0x0062, 0x0062, 0x0062, 0x0062, 0x0082, 0x0062, 0x0062, 0x0062, 0x0062, 0x0062, 0x0062,
  0x0062, 0x0062, 0x0062, 0x0062, 0x0082, 0x0083, 0x00a3, 0x00a3, 0x00a3, 0x0083, 0x0082, 0x0883,
  0x0062, 0x0882, 0x3984, 0x5205, 0x10c3, 0x18c3, 0x0882, 0x0062, 0x0062, 0x0083, 0x18e3, 0x3143,
  0x08c3, 0x0082, 0x0082, 0x0082, 0x0062, 0x0882, 0x3183, 0x0083, 0x08c3, 0x10e4, 0x1105, 0x0083,
  0x39a5, 0x0062, 0x0041, 0x0062, 0x08a3, 0x08e5, 0x08e4, 0x1125, 0x08e4, 0x08e4, 0x08c4, 0x0083,
  0x0062, 0x08a3, 0x08c4, 0x0083, 0x0082, 0x0062, 0x0062, 0x0062, 0x0082, 0x0062, 0x0042, 0x0042,
  0x0042, 0x0062, 0x0062, 0x0062, 0x0062, 0x0062, 0x0042, 0x0062, 0x0062, 0x0062, 0x0062, 0x0042,
  0x0041, 0x0062, 0x0062, 0x0062, 0x0062, 0x0082, 0x00a3, 0x0082, 0x0083, 0x0083, 0x0083, 0x00a3,
  0x00a3, 0x00a3, 0x08c4, 0x00a4, 0x08c4, 0x00a3, 0x10c3, 0x39c6, 0x39a5, 0x3164, 0x2103, 0x2944,
  0x4207, 0x2964, 0x2985, 0x2964, 0x2964, 0x2944, 0x2944, 0x2124, 0x2124, 0x2944, 0x0062, 0x0082,
  0x0082, 0x08a2, 0x20e2, 0x6284, 0x18e2, 0x0882, 0x1903, 0x2103, 0x10a2, 0x7b28, 0x10a2, 0x2103,
  0x8389, 0x5204, 0x7b48, 0x41c5, 0x62a6, 0x7308, 0x08a3, 0x2144, 0x2124, 0x0082, 0x08a3, 0x10c3,
  0x41c4, 0x18e3, 0x6aa7, 0x0062, 0x0041, 0x0041, 0x41a4, 0x2902, 0x0882, 0x0882, 0x1903, 0x9c0a,
  0x9388, 0x8b87, 0x93c8, 0x5a45, 0x08a2, 0x0082, 0x0062, 0x20e2, 0x0062, 0x0062, 0x2922, 0x0061,
  0x0041, 0x0062, 0x0062, 0x0061, 0x0062, 0x0882, 0x0062, 0x0041, 0x0061, 0x0061, 0x0062, 0x0882,
  0x0882, 0x0882, 0x0061, 0x0082, 0x0082, 0x0062, 0x0062, 0x0062, 0x0041, 0x0041, 0x0061, 0x0041,
  0x0041, 0x0062, 0x0041, 0x0062, 0x0021, 0x0041, 0x0021, 0x0041, 0x0041, 0x0041, 0x1081, 0x1081,
  0x62a5, 0x72a4, 0x6a83, 0x6a42, 0x0020, 0x0040, 0x0841, 0x0861, 0x0040, 0x5a22, 0xa3c5, 0x8b65,
  0x8b24, 0x18a1, 0x0881, 0x0861, 0x0040, 0x0861, 0x0861, 0x7ac3, 0x7283, 0x8b64, 0x2901, 0x0881,
  0x0881, 0x0041, 0x0881, 0x0020, 0x72a3, 0x8304, 0xa3c6, 0x9ba5, 0x6a83, 0x10a2, 0x10a2, 0x0082,
  0x0062, 0x0062, 0x0042, 0x0042, 0x0042, 0x0042, 0x0062, 0x0062, 0x0083, 0x0083, 0x08a3, 0x08a3,
  0x08a3, 0x08a3, 0x08a3, 0x1903, 0x2943, 0x18e3, 0x3984, 0x18c3, 0x3124, 0x0082, 0x0062, 0x10c3,
  0x18e4, 0x0062, 0x0062, 0x00a3, 0x0082, 0x0062, 0x39a5, 0x2103, 0x2123, 0x20e3, 0x2123, 0x2103,
  0x2103, 0x18e3, 0x18e3, 0x18e3, 0x18e2, 0x1903, 0x18e3, 0x18e3, 0x2103, 0x2103, 0x10c3, 0x0083,
  0x18e4, 0x62a8, 0x18e3, 0x41c3, 0x0041, 0x0042, 0x0062, 0x0062, 0x0062, 0x0082, 0x0082, 0x0062,
  0x0062, 0x0042, 0x0082, 0x00a3, 0x0083, 0x0083, 0x0082, 0x0062, 0x0042, 0x0062, 0x0062, 0x0042,
  0x0041, 0x0041, 0x0042, 0x0062, 0x0082, 0x0042, 0x0042, 0x0042, 0x0042, 0x0062, 0x0062, 0x0062,
  0x0062, 0x0062, 0x0062, 0x0062, 0x0062, 0x0062, 0x0082, 0x0083, 0x0082, 0x0883, 0x08e4, 0x0062,
  0x0083, 0x0082, 0x0083, 0x0083, 0x10c3, 0x2965, 0x0083, 0x08a3, 0x18c2, 0x6a64, 0x2903, 0x2923,
  0x08a2, 0x18c3, 0x18e3, 0x0082, 0x08a2, 0x10a2, 0x10c3, 0x10c3, 0x08c3, 0x08a3, 0x08a3, 0x08a3,
  0x08a3, 0x08a3, 0x2943, 0x08c3, 0x00a3, 0x00a3, 0x00a3, 0x0062, 0x18e3, 0x0062, 0x0062, 0x0062,
  0x0082, 0x0082, 0x0082, 0x39e7, 0x10c3, 0x0062, 0x0062, 0x00a3, 0x00a3, 0x0082, 0x00a3, 0x0082,
  0x0062, 0x0062, 0x0062, 0x0062, 0x0062, 0x0062, 0x0062, 0x0062, 0x0062, 0x0082, 0x0082, 0x0062,
  0x0062, 0x0042, 0x0042, 0x0062, 0x0083, 0x0083, 0x0083, 0x0083, 0x0083, 0x0083, 0x00a3, 0x08a3,
  0x0062, 0x0082, 0x0082, 0x0082, 0x10c2, 0x0882, 0x0062, 0x0062, 0x0083, 0x10e4, 0x41c5, 0x6265,
  0x2124, 0x2123, 0x10c3, 0x2964, 0x2923, 0x2964, 0x18e3, 0x39c5, 0x2103, 0x18e3, 0x18e2, 0x18c2,
  0x18c2, 0x18e2, 0x18e3, 0x18e3, 0x2103, 0x2103, 0x10c3, 0x0062, 0x0062, 0x0062, 0x08a3, 0x20e3,
  0x2923, 0x0882, 0x0882, 0x10c3, 0x08a2, 0x0882, 0x2103, 0x2103, 0x6285, 0x41c4, 0x5a66, 0x10c3,
  0x10c3, 0x08a3, 0x08a3, 0x08a3, 0x0082, 0x0082, 0x0062, 0x0861, 0x8b67, 0x5225, 0x39a5, 0x0083,
  0x0042, 0x08a3, 0x0882, 0x0062, 0x08a3, 0x1105, 0x1105, 0x10c4, 0x08a3, 0x08a3, 0x5224, 0x41a4,
  0x08a2, 0x0062, 0x0062, 0x18e2, 0x0862, 0x0862, 0x2902, 0x0041, 0x0861, 0x0862, 0x0882, 0x0882,
  0x0882, 0x10a2, 0x0861, 0x0041, 0x0041, 0x0061, 0x0882, 0x0882, 0x0882, 0x0882, 0x0082, 0x0082,
  0x0062, 0x0062, 0x0082, 0x0082, 0x0061, 0x0061, 0x0061, 0x0062, 0x0061, 0x0061, 0x0041, 0x0061,
  0x0062, 0x0062, 0x0061, 0x0062, 0x0061, 0x0041, 0x10a1, 0x1081, 0x6243, 0x7263, 0x3962, 0x28e1,
  0x1081, 0x0840, 0x0861, 0x0861, 0x0881, 0x1061, 0x1081, 0x1081, 0x1061, 0x0860, 0x0861, 0x1081,
  0x1081, 0x10a1, 0x10a1, 0x18c1, 0x1081, 0x18a1, 0x0861, 0x10a2, 0x10c2, 0x10c2, 0x10a2, 0x1081,
  0x18a1, 0x18a1, 0x20e1, 0x20e2, 0x20e2, 0x10c2, 0x10a2, 0x0882, 0x0082, 0x0062, 0x0083, 0x0083,
  0x0083, 0x0083, 0x0082, 0x0062, 0x0062, 0x0883, 0x08a3, 0x08a3, 0x08a3, 0x0082, 0x08a3, 0x1904,
  0x62c8, 0x39a5, 0x0882, 0x0082, 0x0062, 0x0062, 0x0082, 0x0062, 0x0042, 0x0062, 0x0062, 0x0041,
  0x0021, 0x0021, 0x2123, 0x2944, 0x2123, 0x2103, 0x2103, 0x2944, 0x18c2, 0x18c2, 0x18c2, 0x18e2,
  0x2102, 0x18e2, 0x18e3, 0x18e2, 0x18e2, 0x1081, 0x10a2, 0x0062, 0x0082, 0x0882, 0x0882, 0x0041,
  0x0021, 0x0041, 0x0062, 0x0082, 0x10c3, 0x6ac8, 0x0882, 0x08a3, 0x0062, 0x0062, 0x0042, 0x0882,
  0x0062, 0x0062, 0x0062, 0x0062, 0x0062, 0x0062, 0x0042, 0x0042, 0x0062, 0x0062, 0x0062, 0x0062,
  0x0062, 0x0082, 0x0083, 0x0062, 0x0062, 0x0062, 0x0062, 0x0082, 0x0082, 0x0082, 0x0083, 0x00a3,
  0x0083, 0x00a3, 0x08e4, 0x08e5, 0x10e4, 0x08e4, 0x08a3, 0x0083, 0x00a3, 0x08a3, 0x2124, 0x31c7,
  0x2166, 0x08c4, 0x08a4, 0x08a3, 0x5224, 0x6aa6, 0x2124, 0x2123, 0x2943, 0x2103, 0x1904, 0x1924,
  0x1903, 0x18e3, 0x1903, 0x18c2, 0x31a5, 0x1903, 0x18e3, 0x08c3, 0x08c3, 0x08a3, 0x10c2, 0x08a3,
  0x0082, 0x0062, 0x0083, 0x00a3, 0x00c4, 0x08a4, 0x08a3, 0x08a3, 0x08c4, 0x0082, 0x0041, 0x0021,
  0x0041, 0x0062, 0x0083, 0x0082, 0x0062, 0x0082, 0x0082, 0x0082, 0x0062, 0x0062, 0x0062, 0x0062,
  0x0062, 0x0062, 0x0082, 0x0062, 0x0042, 0x0062, 0x0062, 0x0082, 0x0082, 0x0062, 0x0062, 0x0062,
  0x0083, 0x0083, 0x0082, 0x0082, 0x0082, 0x0083, 0x0062, 0x6287, 0x0062, 0x0082, 0x0062, 0x10a2,
  0x2102, 0x10c3, 0x0082, 0x0062, 0x0041, 0x18c3, 0x39a5, 0x3164, 0x08a3, 0x0882, 0x0861, 0x2102,
  0x18c2, 0x2943, 0x2123, 0x2103, 0x18e3, 0x18c2, 0x10a2, 0x10a2, 0x10a2, 0x18c2, 0x18c2, 0x18c2,
  0x18e3, 0x18e3, 0x10a2, 0x0021, 0x0021, 0x0041, 0x0041, 0x0041, 0x0042, 0x0062, 0x0062, 0x0882,
  0x08a3, 0x0882, 0x3963, 0x3163, 0x3984, 0x2944, 0x3143, 0x18c2, 0x10a2, 0x0882, 0x0082, 0x0083,
  0x0083, 0x0083, 0x0083, 0x0083, 0x0882, 0x08a3, 0x08a3, 0x08c3, 0x08a3, 0x08a3, 0x0882, 0x0882,
  0x0882, 0x08a3, 0x0062, 0x0062, 0x0062, 0x0082, 0x0082, 0x0882, 0x0082, 0x0062, 0x0882, 0x0882,
  0x0882, 0x0882, 0x0862, 0x0062, 0x0862, 0x0862, 0x0882, 0x0882, 0x0882, 0x10c3, 0x2124, 0x2103,
  0x18e3, 0x1903, 0x2144, 0x18e3, 0x08a2, 0x0882, 0x0082, 0x0062, 0x0862, 0x0062, 0x0082, 0x0062,
  0x0882, 0x0061, 0x0882, 0x08a2, 0x0082, 0x0061, 0x0061, 0x0082, 0x0062, 0x0882, 0x0062, 0x0862,
  0x18c2, 0x0061, 0x10a1, 0x1081, 0x18a1, 0x20e2, 0x18e2, 0x18e2, 0x18e2, 0x20e2, 0x20e2, 0x20e2,
  0x2102, 0x2103, 0x2103, 0x18c2, 0x18c2, 0x18c2, 0x20e2, 0x2103, 0x2923, 0x2102, 0x2923, 0x2103,
  0x18a2, 0x0861, 0x1081, 0x10a1, 0x10a2, 0x10a1, 0x1081, 0x10a1, 0x1081, 0x1081, 0x0881, 0x1081,
  0x1081, 0x10a2, 0x18c2, 0x10c3, 0x10a3, 0x08a3, 0x08a3, 0x10c3, 0x10c3, 0x08a3, 0x0882, 0x0882,
  0x1082, 0x10a2, 0x2923, 0x6244, 0x08a2, 0x4183, 0x0882, 0x08a3, 0x08a3, 0x49e6, 0x10a3, 0x2103,
  0x0083, 0x0062, 0x2986, 0x4248, 0x4228, 0x4228, 0x4227, 0x31c6, 0x39e7, 0x31a6, 0x2985, 0x31a6,
  0x31c6, 0x2985, 0x2945, 0x2124, 0x2124, 0x2124, 0x2124, 0x2144, 0x2944, 0x2944, 0x2965, 0x2964,
  0x2944, 0x2944, 0x2944, 0x2965, 0x3186, 0x31c6, 0x39c7, 0x31c6, 0x39e7, 0x4207, 0x2145, 0x0082,
  0x0082, 0x08a2, 0x0062, 0x08a3, 0x1923, 0x08c3, 0x1082, 0x18a2, 0x10a2, 0x0082, 0x0083, 0x00a3,
  0x0082, 0x0082, 0x0062, 0x0062, 0x0082, 0x0082, 0x0062, 0x0062, 0x0882, 0x0882, 0x0062, 0x0082,
  0x0082, 0x0083, 0x0082, 0x0082, 0x00a3, 0x08c4, 0x3165, 0x18c3, 0x08a3, 0x10c3, 0x4a25, 0x08a3,
  0x08c3, 0x08c4, 0x08a3, 0x0882, 0x1903, 0x08a2, 0x0882, 0x2903, 0x0882, 0x08a3, 0x3143, 0x51e4,
  0x41e4, 0x39a5, 0x39c5, 0x3185, 0x3184, 0x3185, 0x4206, 0x39e6, 0x4a26, 0x5a66, 0x3963, 0x3943,
  0x41a4, 0x4a05, 0x6ac6, 0x41e5, 0x39c5, 0x39e6, 0x1903, 0x2124, 0x2103, 0x18e3, 0x10c3, 0x08a3,
  0x1925, 0x1104, 0x10e4, 0x08c4, 0x0062, 0x0062, 0x0062, 0x10e4, 0x0082, 0x0083, 0x00a3, 0x0083,
  0x0083, 0x0062, 0x0062, 0x0062, 0x0062, 0x0062, 0x0082, 0x0062, 0x0062, 0x0062, 0x0082, 0x0082,
  0x0062, 0x0062, 0x0082, 0x0082, 0x0062, 0x0062, 0x0082, 0x0062, 0x0082, 0x08a3, 0x08a3, 0x08c3,
  0x08a3, 0x08a2, 0x0862, 0x5206, 0x0062, 0x08a3, 0x0062, 0x10a2, 0x28e2, 0x0082, 0x1904, 0x4228,
  0x4207, 0x39c6, 0x2965, 0x3186, 0x31a6, 0x31a6, 0x3185, 0x3185, 0x3185, 0x2944, 0x2944, 0x2944,
  0x2123, 0x2103, 0x18e3, 0x2103, 0x2103, 0x2123, 0x2944, 0x2944, 0x2944, 0x2944, 0x3185, 0x39c6,
  0x31a6, 0x31a6, 0x31a6, 0x31c6, 0x39c6, 0x39a6, 0x2965, 0x0882, 0x08a3, 0x10a3, 0x5a44, 0x5203,
  0x8b66, 0x7b67, 0x8bc8, 0x2923, 0x18c3, 0x0882, 0x08a3, 0x0082, 0x0082, 0x08a3, 0x08a3, 0x0882,
  0x0062, 0x0062, 0x0062, 0x49c4, 0x5a45, 0x10e4, 0x08c3, 0x08a3, 0x2944, 0x0882, 0x0882, 0x0882,
  0x08a3, 0x08a2, 0x0882, 0x0862, 0x0882, 0x08a2, 0x0882, 0x0062, 0x0062, 0x0062, 0x10a2, 0x2123,
  0x2103, 0x1903, 0x3184, 0x39c5, 0x4206, 0x4206, 0x41c5, 0x2923, 0x3143, 0x3143, 0x3185, 0x39a5,
  0x39c6, 0x41e6, 0x3185, 0x31a5, 0x2124, 0x2103, 0x18e3, 0x10a2, 0x0882, 0x0882, 0x0882, 0x2923,
  0x1081, 0x18c2, 0x0862, 0x0862, 0x0041, 0x0061, 0x0081, 0x0061, 0x0062, 0x0061, 0x1081, 0x2922,
  0x5a87, 0x5a87, 0x5a87, 0x5267, 0x39a5, 0x41c5, 0x4206, 0x41e6, 0x41e6, 0x41e6, 0x39c6, 0x31a5,
  0x3184, 0x3164, 0x3984, 0x41c5, 0x41e6, 0x41e5, 0x5a87, 0x4a26, 0x4a05, 0x41c4, 0x39a3, 0x0881,
  0x0861, 0x0861, 0x0861, 0x0881, 0x10a1, 0x10a1, 0x0861, 0x0861, 0x0861, 0x10a1, 0x10c2, 0x10c2,
  0x2903, 0x3143, 0x10c3, 0x1904, 0x1904, 0x5a46, 0x8326, 0x51c4, 0x18e3, 0x10c3, 0x2965, 0x1904,
  0x0882, 0x0062, 0x0062, 0x0041, 0x0882, 0x00c4, 0x1126, 0x00a4, 0x0083, 0x0062, 0x2945, 0x2144,
  0x18c3, 0x10c2, 0x10c2, 0x10c2, 0x10c2, 0x10a2, 0x10a2, 0x18c3, 0x18c3, 0x10c2, 0x10a2, 0x0882,
  0x10a2, 0x10a2, 0x10a2, 0x10a2, 0x10c2, 0x18c3, 0x18c3, 0x18c3, 0x18c2, 0x18e3, 0x18e3, 0x18c2,
  0x10a2, 0x10c2, 0x18e3, 0x18e3, 0x18e3, 0x1903, 0x2965, 0x0082, 0x0062, 0x0062, 0x0062, 0x0062,
  0x1903, 0x10e3, 0x3964, 0x20e3, 0x2903, 0x0062, 0x0062, 0x0082, 0x0882, 0x2102, 0x0862, 0x0062,
  0x0062, 0x0882, 0x0062, 0x7b05, 0x0882, 0x0882, 0x0041, 0x0082, 0x10c2, 0x00a2, 0x0882, 0x0062,
  0x0062, 0x08a3, 0x5246, 0x3164, 0x1903, 0x08a3, 0x62c6, 0x0862, 0x2103, 0x5a65, 0x10e4, 0x2944,
  0x6ac6, 0x5a66, 0x10a2, 0x4184, 0x2923, 0x2103, 0x6264, 0xbc65, 0x93a7, 0x5267, 0x5247, 0x5247,
  0x5287, 0x4a06, 0x5246, 0x4a27, 0x4206, 0x4a06, 0x5a46, 0x5a46, 0x5246, 0x5a87, 0x5266, 0x5225,
  0x6286, 0x62a8, 0x2964, 0x4206, 0x5a86, 0x93c7, 0x72c5, 0x5204, 0x62a7, 0x08a3, 0x08c3, 0x2124,
  0x0062, 0x08c3, 0x08c3, 0x08c3, 0x08c3, 0x08a3, 0x08a3, 0x08a3, 0x0083, 0x0883, 0x0083, 0x0083,
  0x08a3, 0x0883, 0x08a3, 0x0082, 0x0082, 0x0062, 0x0082, 0x0882, 0x0062, 0x0062, 0x0082, 0x0062,
  0x0062, 0x0882, 0x08a2, 0x0041, 0x0061, 0x3123, 0x10a2, 0x5266, 0x5a66, 0x2103, 0x2103, 0x08a2,
  0x4982, 0x2902, 0x0062, 0x0062, 0x0062, 0x0082, 0x2145, 0x2124, 0x18c2, 0x10a2, 0x10a2, 0x1081,
  0x10a2, 0x10a2, 0x18c2, 0x10c2, 0x18c3, 0x10c2, 0x10a2, 0x1082, 0x10a2, 0x10a2, 0x10a2, 0x10a1,
  0x10a2, 0x10c2, 0x10a2, 0x10a2, 0x1082, 0x10a2, 0x10a2, 0x10a2, 0x10a2, 0x10c2, 0x10c2, 0x10c2,
  0x10c2, 0x10a2, 0x2944, 0x08a3, 0x08c3, 0x08a2, 0x10a2, 0x0861, 0x0861, 0x1082, 0x10a2, 0x10c3,
  0x10c3, 0x0882, 0x0082, 0x0062, 0x10c3, 0x2123, 0x10c3, 0x10c3, 0x0041, 0x0062, 0x0062, 0x08a2,
  0x08a3, 0x18e4, 0x3963, 0x3164, 0x6a85, 0x3963, 0xac48, 0x8306, 0x5205, 0x4184, 0x10a2, 0x10a2,
  0x3143, 0x18c3, 0x08a3, 0x0882, 0x0861, 0x39a4, 0x4a06, 0x5226, 0x5267, 0x5ac8, 0x3185, 0x2944,
  0x4206, 0x41e5, 0x4a06, 0x5226, 0x49e5, 0x4a05, 0x39c5, 0x3985, 0x49e4, 0x51e4, 0x4a26, 0x4a26,
  0x5267, 0x4205, 0x62e7, 0x5246, 0x2103, 0x10a2, 0x0882, 0x10a2, 0x0041, 0x0882, 0x0061, 0x0061,
  0x0021, 0x0041, 0x0061, 0x0061, 0x0062, 0x0041, 0x3143, 0x2902, 0x39a4, 0x4205, 0x5266, 0x18c2,
  0x1081, 0x1081, 0x18e2, 0x18c2, 0x2123, 0x18e2, 0x18e2, 0x10c2, 0x10a2, 0x18c2, 0x2102, 0x18c2,
  0x1081, 0x1081, 0x3184, 0x18e2, 0x8b65, 0x9b64, 0x8304, 0x20c1, 0x0861, 0x0041, 0x10a1, 0x0861,
  0x7284, 0x9345, 0xa407, 0x9366, 0x5a44, 0x1081, 0x10c2, 0x41a4, 0x41a4, 0x3163, 0x18e3, 0x3143,
  0x18e3, 0x2103, 0x18e3, 0x18e3, 0x10e4, 0x0062, 0x0062, 0x0062, 0x0082, 0x0882, 0x08a3, 0x0082,
  0x0882, 0x0083, 0x0083, 0x0062, 0x0062, 0x0062, 0x0062, 0x0881, 0x0881, 0x0860, 0x0881, 0x10a1,
  0x10a1, 0x10a1, 0x0861, 0x0861, 0x0861, 0x0861, 0x0841, 0x0861, 0x0881, 0x10a1, 0x1081, 0x1080,
  0x0860, 0x0861, 0x0861, 0x0040, 0x0861, 0x0881, 0x0881, 0x1081, 0x0861, 0x0861, 0x1081, 0x1081,
  0x10a2, 0x10a2, 0x0882, 0x0082, 0x0082, 0x0062, 0x0041, 0x0041, 0x0062, 0x0082, 0x0062, 0x0062,
  0x0862, 0x0041, 0x0062, 0x0041, 0x20e2, 0x3143, 0x0862, 0x0061, 0x0062, 0x0882, 0x0882, 0x72e6,
  0x08a2, 0x0882, 0x0041, 0x0062, 0x18c2, 0x3983, 0x0881, 0x0041, 0x0041, 0x0082, 0x08a3, 0x08a3,
  0x08a3, 0x0882, 0x0882, 0x0062, 0x0882, 0x08a3, 0x1904, 0x3185, 0x4a26, 0x41e5, 0x0882, 0x0062,
  0x3164, 0x8347, 0x3983, 0x7283, 0x49e4, 0x3163, 0x39c4, 0x5246, 0x41c5, 0x18c2, 0x1081, 0x18c2,
  0x20e2, 0x2103, 0x3164, 0x2964, 0x2943, 0x18c2, 0x0861, 0x0861, 0x1081, 0x0841, 0x10c2, 0x2923,
  0x39a4, 0x51e3, 0x7b05, 0x6284, 0x2124, 0x2103, 0x10c3, 0x10c3, 0x0062, 0x10e4, 0x3184, 0x10e4,
  0x31a6, 0x10c4, 0x0082, 0x0062, 0x0062, 0x0862, 0x0062, 0x0882, 0x08a3, 0x2103, 0x18c3, 0x0862,
  0x2923, 0x0062, 0x0062, 0x0062, 0x0861, 0x3143, 0x0882, 0x0862, 0x5224, 0x0861, 0x0041, 0x0041,
  0x3142, 0x18c2, 0x1082, 0x20e2, 0x18c2, 0x10a2, 0x0882, 0x0862, 0x0881, 0x0062, 0x1082, 0x20e2,
  0x0882, 0x0882, 0x08a3, 0x10a2, 0x10a1, 0x1081, 0x0860, 0x0840, 0x0840, 0x0860, 0x0861, 0x0881,
  0x0881, 0x0861, 0x0040, 0x0840, 0x0861, 0x1081, 0x18a1, 0x10a1, 0x1080, 0x0840, 0x0881, 0x0840,
  0x0840, 0x0040, 0x1081, 0x10a1, 0x10a1, 0x10a1, 0x10a1, 0x1081, 0x1081, 0x1081, 0x10a2, 0x08a3,
  0x08a3, 0x08a2, 0x5204, 0x49e3, 0x4a04, 0x51c3, 0x6203, 0x10a2, 0x0062, 0x0062, 0x0062, 0x0061,
  0x0062, 0x18c1, 0x20c2, 0x0882, 0x5a23, 0x0862, 0x3163, 0x2902, 0x20c2, 0x20e3, 0x18e3, 0x10c3,
  0x2923, 0x1082, 0x49e3, 0x49e3, 0x18c2, 0x10a2, 0x10a2, 0x5a44, 0x3143, 0x18e3, 0x0882, 0x2103,
  0x20c2, 0x3984, 0x2123, 0x39c4, 0x4a25, 0x39a4, 0x1081, 0x0840, 0x10a1, 0x18c2, 0x18e2, 0x2123,
  0x2123, 0x2103, 0x2103, 0x18c2, 0x1081, 0x1081, 0x0020, 0x18a2, 0x18e2, 0x41c4, 0x49c3, 0x5203,
  0x7ae4, 0x5202, 0x0861, 0x0882, 0x0061, 0x0061, 0x0061, 0x0041, 0x0041, 0x0041, 0x0041, 0x0061,
  0x0041, 0x39c5, 0x3163, 0x2943, 0x4a25, 0x5246, 0x5a86, 0x1081, 0x1081, 0x18e2, 0x2944, 0x1081,
  0x18e2, 0x18e2, 0x10a1, 0x18c2, 0x18e2, 0x18c2, 0x3164, 0x18c2, 0x0840, 0x0861, 0x2102, 0x2123,
  0xa426, 0x9b84, 0x6a63, 0x3962, 0x0861, 0x1081, 0x10a2, 0x1081, 0x2102, 0x20e2, 0x18c1, 0x18a1,
  0x1081, 0x10a1, 0x10a2, 0x6a85, 0x6a85, 0x5225, 0x1904, 0x3984, 0x10a3, 0x10a2, 0x2103, 0x08a3,
  0x10c3, 0x0041, 0x0021, 0x0041, 0x0082, 0x08a3, 0x08c3, 0x0082, 0x0082, 0x0062, 0x0882, 0x0062,
  0x0042, 0x0062, 0x0062, 0x10a1, 0x10a1, 0x3921, 0x6242, 0x59e2, 0x5a01, 0x49a1, 0x1880, 0x0841,
  0x0881, 0x0861, 0x0861, 0x0041, 0x2922, 0x3962, 0x7283, 0x93a6, 0x3121, 0x0860, 0x0861, 0x0840,
  0x0861, 0x0881, 0x3941, 0x6243, 0x8325, 0x8b86, 0x8325, 0x49a1, 0x18c2, 0x10a1, 0x08a2, 0x0882,
  0x0882, 0x0882, 0x0861, 0x5a66, 0x0061, 0x0062, 0x0062, 0x0062, 0x0882, 0x10a2, 0x0062, 0x0061,
  0x28e2, 0x49a3, 0x0862, 0x0062, 0x0062, 0x0882, 0x0882, 0x72e5, 0x08a2, 0x0882, 0x0041, 0x0061,
  0x18c2, 0x6a65, 0x0881, 0x0882, 0x2902, 0x4163, 0x08c3, 0x10c3, 0x0882, 0x0882, 0x0062, 0x0882,
  0x18e2, 0x2123, 0x39c5, 0x39e7, 0x5288, 0x18e4, 0x0883, 0x08a3, 0x2924, 0x8b45, 0x2964, 0x39a4,
  0x18e2, 0x3984, 0x5246, 0x62c7, 0x41e5, 0x1081, 0x1081, 0x18e2, 0x2103, 0x10a1, 0x10a2, 0x18c2,
  0x1081, 0x1081, 0x10a1, 0x18c2, 0x10a2, 0x0840, 0x0881, 0x2943, 0x39a4, 0x9b83, 0x8b43, 0x2943,
  0x41c4, 0x3984, 0x10e4, 0x10e4, 0x0882, 0x39a5, 0x8347, 0x2103, 0x630a, 0x1904, 0x0882, 0x1082,
  0x9408, 0x10c3, 0x0882, 0x10c3, 0x08a3, 0x10c3, 0x10a2, 0x0062, 0x7ae5, 0x0882, 0x0062, 0x0062,
  0x08a2, 0x18c3, 0x10a2, 0x0861, 0x41a3, 0x0862, 0x0882, 0x0862, 0x9be8, 0x49c4, 0x41a4, 0x6ac5,
  0x6aa5, 0x5224, 0x5224, 0x0862, 0x0862, 0x0041, 0x20e2, 0x10c2, 0x10a2, 0x0882, 0x0882, 0x10a2,
  0x18c2, 0x2101, 0x9385, 0x6223, 0x5a02, 0x3941, 0x18a0, 0x0860, 0x0881, 0x0881, 0x0840, 0x0861,
  0x0840, 0x3961, 0x7ac3, 0x9bc6, 0x6223, 0x0860, 0x1081, 0x0040, 0x0861, 0x0861, 0x18c2, 0x5a22,
  0x6a83, 0x9ba6, 0x9365, 0x7283, 0x0861, 0x10a1, 0x10a2, 0x0882, 0x0882, 0x0862, 0x49e3, 0x49e4,
  0x5204, 0x3123, 0x49a3, 0x0061, 0x0041, 0x0041, 0x0061, 0x0041, 0x0041, 0x0041, 0x0041, 0x0862,
  0x0882, 0x10a2, 0x7ae6, 0x6244, 0x49a4, 0x10c3, 0x08a2, 0x10a3, 0x10e3, 0x10c3, 0x8305, 0x8366,
  0x3143, 0x10a2, 0x10a2, 0x7306, 0x49e4, 0x2903, 0x0881, 0x18c2, 0x3144, 0x3163, 0x2923, 0x41e5,
  0x5246, 0x4205, 0x1081, 0x0840, 0x2102, 0x2923, 0x1081, 0x10a1, 0x18c2, 0x10a1, 0x0861, 0x0840,
  0x18c2, 0x10a2, 0x0000, 0x1081, 0x18c2, 0x41c5, 0x7b23, 0x7b04, 0x2102, 0x10a2, 0x0881, 0x0061,
  0x0041, 0x0041, 0x0041, 0x0041, 0x0041, 0x0041, 0x0041, 0x0041, 0x0061, 0x39a4, 0x3164, 0x39a4,
  0x5225, 0x6ac7, 0x62a6, 0x0840, 0x18c2, 0x3184, 0x39c5, 0x39a4, 0x18c2, 0x18e2, 0x2102, 0x39a5,
  0x3184, 0x2963, 0x3184, 0x20e2, 0x18c2, 0x0020, 0x18c2, 0x2943, 0x4a04, 0x3122, 0x20e1, 0x18a1,
  0x1081, 0x1081, 0x10a1, 0x10a1, 0x10a1, 0x1081, 0x1081, 0x1081, 0x0881, 0x10a1, 0x10a1, 0x0882,
  0x0882, 0x0082, 0x0082, 0x0882, 0x0062, 0x0062, 0x0062, 0x0082, 0x0061, 0x0041, 0x0041, 0x0041,
  0x0041, 0x0041, 0x0061, 0x0041, 0x0041, 0x0082, 0x08a2, 0x0062, 0x0041, 0x0041, 0x0062, 0x18c2,
  0x18c2, 0x62e8, 0xacab, 0xa407, 0xac69, 0xac27, 0x20c1, 0x0861, 0x0881, 0x1081, 0x10a1, 0x1081,
  0x3142, 0x41a2, 0x6a63, 0x6243, 0x3141, 0x0840, 0x0861, 0x0861, 0x0861, 0x1081, 0x3961, 0x6a83,
  0x9365, 0x8325, 0x8b65, 0x5a43, 0x18c2, 0x10a1, 0x08a2, 0x0882, 0x08a2, 0x4983, 0x0882, 0x6245,
  0x0862, 0x0062, 0x0041, 0x0041, 0x0062, 0x2103, 0x0062, 0x0062, 0x0041, 0x0041, 0x0041, 0x0061,
  0x0862, 0x0882, 0x10a2, 0x5a04, 0x10a2, 0x0882, 0x0041, 0x0862, 0x0861, 0x20e2, 0x0882, 0x0882,
  0x18c3, 0x18a2, 0x0862, 0x2923, 0x18c2, 0x1082, 0x6b07, 0x18e3, 0x2144, 0x2944, 0x1904, 0x08a3,
  0x08a3, 0x08c4, 0x08a3, 0x08e4, 0x41e6, 0xac04, 0x2964, 0x2944, 0x20e3, 0x39a4, 0x6b08, 0x6b08,
  0x4a05, 0x1081, 0x2103, 0x41e5, 0x39c5, 0x3184, 0x2102, 0x2102, 0x2964, 0x2964, 0x2103, 0x2103,
  0x2103, 0x2103, 0x10a2, 0x2103, 0x3164, 0x8303, 0x5a22, 0x18e2, 0x2943, 0x2965, 0x1925, 0x31a6,
  0x08a3, 0x1904, 0x2103, 0x2923, 0x2123, 0x10a2, 0x0861, 0x0861, 0x3163, 0x10c3, 0x0882, 0x0882,
  0x0882, 0x08a2, 0x08a3, 0x0882, 0x10a2, 0x0861, 0x3982, 0x0061, 0x0061, 0x10c2, 0x0882, 0x0041,
  0x0861, 0x0882, 0x0882, 0x08a2, 0x2923, 0x10a2, 0x0881, 0x18c1, 0x18c1, 0x18c2, 0x18c2, 0x0862,
  0x0061, 0x0862, 0x0882, 0x08a2, 0x10a2, 0x0882, 0x0082, 0x18c2, 0x18c2, 0x2942, 0xb52c, 0xa407,
  0xa3e7, 0xa3e6, 0x4182, 0x0861, 0x1081, 0x1081, 0x1081, 0x1081, 0x0861, 0x4161, 0x72a3, 0x7ac3,
  0x6243, 0x0840, 0x10a1, 0x0861, 0x1081, 0x10a1, 0x18e2, 0x7ae4, 0x8304, 0x8304, 0x8b45, 0x9c08,
  0x0881, 0x10a1, 0x10a2, 0x0882, 0x08a2, 0x5226, 0x0062, 0x0062, 0x0062, 0x0062, 0x0062, 0x0062,
  0x0061, 0x0041, 0x0041, 0x0041, 0x0041, 0x0041, 0x0041, 0x0062, 0x0062, 0x08a2, 0x10a2, 0x18c2,
  0x10c2, 0x0061, 0x0061, 0x0882, 0x08a2, 0x10a2, 0x6265, 0x1082, 0x0061, 0x0861, 0x20e2, 0x4183,
  0x10a2, 0x0881, 0x0882, 0x18e2, 0x3985, 0x3184, 0x41e5, 0x4a05, 0x7b49, 0x5a87, 0x10a1, 0x2102,
  0x39a5, 0x39c5, 0x39c5, 0x2103, 0x2103, 0x2103, 0x2943, 0x2123, 0x2103, 0x2123, 0x2103, 0x18a2,
  0x10a1, 0x39c4, 0x39a4, 0x3983, 0x18c2, 0x10a2, 0x0881, 0x0081, 0x0061, 0x0041, 0x0041, 0x0041,
  0x0041, 0x0041, 0x0041, 0x0041, 0x18e2, 0x39a4, 0x4a26, 0x5246, 0x4a05, 0x8c0d, 0x5a87, 0x18c2,
  0x3984, 0x5266, 0x6b25, 0x83c4, 0x4a05, 0x41e5, 0x4205, 0x41e5, 0x9ca4, 0x9ca3, 0x9ca3, 0x39c3,
  0x2923, 0x1081, 0x39a4, 0x2943, 0x3183, 0x18c2, 0x1081, 0x0840, 0x0860, 0x0861, 0x0841, 0x0840,
  0x0840, 0x0840, 0x0861, 0x0861, 0x0881, 0x10a1, 0x1081, 0x0881, 0x0081, 0x0081, 0x0061, 0x0081,
  0x0061, 0x0061, 0x0061, 0x0061, 0x0081, 0x0081, 0x0061, 0x0061, 0x0041, 0x0041, 0x0041, 0x0041,
  0x0041, 0x0061, 0x08a1, 0x0082, 0x0061, 0x0061, 0x0041, 0x18e2, 0x18e2, 0x10a1, 0x1061, 0x0860,
  0x0861, 0x1081, 0x10a1, 0x1081, 0x10a1, 0x10a2, 0x18c2, 0x18c2, 0x10c2, 0x1081, 0x1081, 0x1081,
  0x1081, 0x1081, 0x10a1, 0x10c2, 0x18c2, 0x10c2, 0x10a1, 0x0861, 0x1081, 0x1081, 0x0861, 0x1081,
  0x10a2, 0x10a1, 0x0882, 0x0082, 0x08a2, 0x08a2, 0x0882, 0x0882, 0x0882, 0x0062, 0x0041, 0x0061,
  0x0062, 0x0082, 0x0081, 0x0081, 0x0081, 0x18c2, 0x41a3, 0x0062, 0x0062, 0x08a2, 0x0882, 0x20c2,
  0x0861, 0x0862, 0x0061, 0x0882, 0x0882, 0x0882, 0x0882, 0x18e2, 0x3983, 0x2122, 0x2922, 0x18e3,
  0x0883, 0x08a3, 0x18e3, 0x2944, 0x1904, 0x10e3, 0x10c3, 0x08a2, 0x0062, 0x0082, 0x08a3, 0x08a3,
  0x2145, 0x5a05, 0x2965, 0x3164, 0x39a4, 0x4a05, 0x62c7, 0x8c0c, 0x3163, 0x3163, 0x4a26, 0x4a25,
  0x9ca4, 0x62c6, 0x5266, 0x4205, 0x39a4, 0x7383, 0x9442, 0x9462, 0x6b43, 0x3184, 0x2103, 0x2103,
  0x3984, 0x2923, 0x1081, 0x18c2, 0x1904, 0x10e4, 0x1105, 0x1126, 0x08c4, 0x18e3, 0x18c1, 0x7283,
  0x7284, 0x49c3, 0x7284, 0x5a24, 0x9c28, 0x3123, 0x0882, 0x08a3, 0x0882, 0x10a2, 0x10c2, 0x0882,
  0x0882, 0x0861, 0x20e2, 0x0862, 0x0862, 0x10c2, 0x0862, 0x0862, 0x0862, 0x10a2, 0x0882, 0x0882,
  0x6aa5, 0x49c4, 0x5225, 0x5a04, 0x18c2, 0x0061, 0x0062, 0x0082, 0x0061, 0x0041, 0x0061, 0x51c3,
  0x6224, 0x0882, 0x0882, 0x18c2, 0x18c2, 0x10a1, 0x1081, 0x0861, 0x1061, 0x0861, 0x0861, 0x10a1,
  0x18c2, 0x18c2, 0x18c2, 0x18c2, 0x10a1, 0x1081, 0x0861, 0x0861, 0x0861, 0x0881, 0x10a1, 0x18c2,
  0x18c2, 0x18c2, 0x18c2, 0x1081, 0x0840, 0x0840, 0x0840, 0x0861, 0x10a1, 0x10a1, 0x10a2, 0x0082,
  0x0882, 0x0082, 0x0062, 0x0082, 0x0061, 0x0062, 0x0082, 0x0082, 0x0082, 0x0041, 0x0041, 0x0041,
  0x0021, 0x0041, 0x0082, 0x0082, 0x00a2, 0x00a2, 0x0082, 0x0081, 0x0881, 0x0081, 0x0061, 0x0882,
  0x0882, 0x0882, 0x10a2, 0x0882, 0x0061, 0x0061, 0x0061, 0x0061, 0x0061, 0x0861, 0x0861, 0x10a2,
  0x39a5, 0x4a06, 0x5226, 0x4205, 0xa4cf, 0x2922, 0x2102, 0x41e5, 0x4a46, 0x8424, 0x62c5, 0x4a26,
  0x41e5, 0x39c5, 0x62e3, 0x8c22, 0x9442, 0x83c3, 0x31a5, 0x3184, 0x18a1, 0x2943, 0x2943, 0x18e2,
  0x0881, 0x10a2, 0x0061, 0x0041, 0x0041, 0x0041, 0x0041, 0x0041, 0x0061, 0x0061, 0x0061, 0x2103,
  0x39a5, 0x2123, 0x41c5, 0x5266, 0x5a86, 0xbd4f, 0x41c4, 0x2922, 0x5226, 0x62a6, 0x9484, 0xbdc4,
  0x5a86, 0x5a66, 0x5226, 0x8c43, 0xb542, 0xad21, 0xad41, 0x83e2, 0x3184, 0x2943, 0x39c5, 0x5225,
  0x8305, 0x6244, 0x3184, 0x2923, 0x0881, 0x0881, 0x0840, 0x0840, 0x2901, 0x82e4, 0x9b85, 0xac26,
  0x49c3, 0x10a1, 0x10a1, 0x0061, 0x0061, 0x0061, 0x0061, 0x0061, 0x0061, 0x0041, 0x0041, 0x0041,
  0x0061, 0x0881, 0x08a1, 0x0881, 0x0061, 0x0021, 0x0021, 0x0021, 0x0041, 0x0061, 0x0061, 0x0082,
  0x0061, 0x0061, 0x0041, 0x18c2, 0x18c2, 0x18c1, 0x18c1, 0x10a1, 0x10a1, 0x10a1, 0x1081, 0x1081,
  0x1081, 0x1081, 0x10a1, 0x10a1, 0x1081, 0x0881, 0x0881, 0x0861, 0x1081, 0x1081, 0x10a1, 0x10a1,
  0x10a1, 0x10a1, 0x1081, 0x1081, 0x10a1, 0x10a1, 0x18a1, 0x18c2, 0x18a1, 0x18a2, 0x0882, 0x0061,
  0x0882, 0x0041, 0x0041, 0x0062, 0x0062, 0x0062, 0x0061, 0x0041, 0x0041, 0x0061, 0x0081, 0x0081,
  0x0061, 0x0061, 0x18a2, 0x0062, 0x0062, 0x0882, 0x0882, 0x72e5, 0x0861, 0x0862, 0x0062, 0x10c2,
  0x41e5, 0x2922, 0x08a1, 0x10e2, 0x08a3, 0x0883, 0x18e2, 0x08a3, 0x0882, 0x1902, 0x08a2, 0x10e3,
  0x10c3, 0x10a3, 0x0882, 0x0041, 0x0041, 0x0041, 0x0882, 0x0883, 0x08c3, 0x2144, 0x31a5, 0x2964,
  0x39c4, 0x5245, 0x6ae7, 0x8c2c, 0x18e2, 0x5266, 0x62a7, 0x5a85, 0xe6e0, 0x7366, 0x62a6, 0x5225,
  0x7383, 0x9c82, 0xad02, 0xb522, 0xb543, 0x6b44, 0x2943, 0x18e2, 0x3184, 0x3163, 0x18c2, 0x10a2,
  0x10e3, 0x1104, 0x1105, 0x1104, 0x08a2, 0x08a2, 0x0041, 0x20a0, 0x6222, 0x3122, 0x3963, 0x3142,
  0x3983, 0x20e2, 0x10a2, 0x49a2, 0x10c2, 0x49e4, 0x8ba8, 0x3143, 0x0862, 0x0882, 0x0882, 0x0062,
  0x0862, 0x0862, 0x0061, 0x0861, 0x0861, 0x0861, 0x0861, 0x08a2, 0x10c2, 0x10c2, 0x08a2, 0x08a2,
  0x0061, 0x0041, 0x0061, 0x0062, 0x0061, 0x0061, 0x0061, 0x18e2, 0x10a1, 0x0082, 0x0082, 0x18e2,
  0x18e2, 0x18e2, 0x18e2, 0x18c1, 0x10a1, 0x1081, 0x1081, 0x0861, 0x10a1, 0x10a2, 0x10a1, 0x1081,
  0x1081, 0x0881, 0x0881, 0x0861, 0x0861, 0x0881, 0x1081, 0x1081, 0x10a1, 0x10a1, 0x10a1, 0x1081,
  0x1081, 0x10a1, 0x10a1, 0x10a1, 0x10a1, 0x18c2, 0x10a2, 0x0082, 0x0081, 0x0061, 0x0061, 0x0882,
  0x0041, 0x0061, 0x0061, 0x0082, 0x0082, 0x0061, 0x0041, 0x0041, 0x0041, 0x0882, 0x0882, 0x0082,
  0x0082, 0x0082, 0x0061, 0x0081, 0x0061, 0x0061, 0x0061, 0x0041, 0x0061, 0x0061, 0x0081, 0x0082,
  0x0061, 0x0061, 0x0061, 0x0861, 0x0061, 0x0881, 0x18e2, 0x2943, 0x2943, 0x39c5, 0x62c7, 0x6b08,
  0xad0f, 0x1081, 0x3184, 0x5266, 0x5266, 0xce62, 0x8405, 0x5a66, 0x4a26, 0x7345, 0x9443, 0xad22,
  0xb542, 0xad22, 0x8c44, 0x39c5, 0x20e2, 0x41c4, 0x6265, 0x2102, 0x18c2, 0x2103, 0x18c2, 0x0041,
  0x0041, 0x0041, 0x0041, 0x0041, 0x0061, 0x0061, 0x2103, 0x39a5, 0x3164, 0x39c4, 0x4a25, 0x5a86,
  0x9c2a, 0xbd0c, 0x5a45, 0x4a05, 0x62a7, 0xad25, 0xe701, 0xc604, 0x62a7, 0x62a6, 0x4a26, 0xc5e1,
  0x3163, 0x41a3, 0x4a02, 0xd680, 0x41e5, 0x39a4, 0x3163, 0x39a4, 0x5a24, 0x41a3, 0x2123, 0x3184,
  0x10c2, 0x1081, 0x0860, 0x0861, 0x20e2, 0x41a3, 0x49c3, 0x5203, 0x20e2, 0x0881, 0x10a1, 0x0061,
  0x0041, 0x0041, 0x0041, 0x0041, 0x0041, 0x0041, 0x0041, 0x0041, 0x0041, 0x0881, 0x0881, 0x08a1,
  0x08c1, 0x0061, 0x0021, 0x0021, 0x0021, 0x0041, 0x0041, 0x0061, 0x0061, 0x0061, 0x0041, 0x18a2,
  0x18c2, 0x2922, 0x41c3, 0x3982, 0x3162, 0x2901, 0x0840, 0x0860, 0x0860, 0x0840, 0x0861, 0x0040,
  0x0840, 0x0860, 0x18a0, 0x3141, 0x18a1, 0x0861, 0x0881, 0x0860, 0x0840, 0x0840, 0x18a1, 0x2901,
  0x41c3, 0x4a03, 0x3962, 0x2102, 0x18c2, 0x18c2, 0x0881, 0x0061, 0x0061, 0x0041, 0x0021, 0x0081,
  0x08a1, 0x08a2, 0x0041, 0x0041, 0x0041, 0x0041, 0x0041, 0x0041, 0x0041, 0x0061, 0x0082, 0x0062,
  0x0062, 0x0041, 0x0882, 0x10c2, 0x0882, 0x0882, 0x0041, 0x18c2, 0x41c4, 0x2102, 0x08a1, 0x08c1,
  0x08c2, 0x08a3, 0x0883, 0x08a2, 0x08a2, 0x10e1, 0x08a1, 0x0081, 0x0881, 0x0882, 0x0041, 0x0041,
  0x0041, 0x0061, 0x0081, 0x0061, 0x10c2, 0x39c5, 0x4a06, 0x4a05, 0x62c6, 0x7326, 0xa46b, 0x7b68,
  0x2902, 0x62c7, 0x7328, 0xde62, 0xf740, 0x7366, 0x5a86, 0x5a65, 0xad42, 0x83c3, 0x49e4, 0x5aa4,
  0xc602, 0x9ca3, 0x3164, 0x2102, 0x3984, 0x2922, 0x20e2, 0x10a1, 0x18e3, 0x1903, 0x08c3, 0x00a2,
  0x0061, 0x0061, 0x0061, 0x0041, 0x20c1, 0x18c2, 0x18e2, 0x1901, 0x08c1, 0x0061, 0x0061, 0x18c1,
  0x0882, 0x18e1, 0x41a3, 0x3962, 0x0861, 0x0862, 0x10a1, 0x0862, 0x0862, 0x0862, 0x0861, 0x2942,
  0x6283, 0x6ae5, 0x0882, 0x0062, 0x0882, 0x08a2, 0x08a2, 0x08a2, 0x0882, 0x0061, 0x0021, 0x0041,
  0x0042, 0x0041, 0x0061, 0x0061, 0x0061, 0x0061, 0x0061, 0x18c2, 0x20e2, 0x18e2, 0x41e4, 0x49e3,
  0x4a04, 0x41a3, 0x18c1, 0x0020, 0x0840, 0x0881, 0x1081, 0x0860, 0x1081, 0x1080, 0x2901, 0x3121,
  0x2921, 0x0860, 0x0861, 0x0861, 0x0861, 0x1081, 0x10a1, 0x2922, 0x3983, 0x41c3, 0x41c3, 0x41a3,
  0x18c2, 0x10a1, 0x10a1, 0x0061, 0x0061, 0x0041, 0x0041, 0x0062, 0x0061, 0x0041, 0x0021, 0x0041,
  0x0041, 0x0041, 0x0041, 0x0041, 0x0041, 0x0061, 0x0061, 0x0082, 0x0081, 0x0081, 0x0081, 0x0081,
  0x0061, 0x0061, 0x0041, 0x0041, 0x0041, 0x0061, 0x0061, 0x0061, 0x0061, 0x0041, 0x0061, 0x0881,
  0x0881, 0x3184, 0x31a5, 0x39a5, 0x4205, 0x5245, 0x7b48, 0x940a, 0xb52f, 0x18a1, 0x5246, 0x62c7,
  0xcdc4, 0xf760, 0x8c25, 0x6ac6, 0x5266, 0xa4a4, 0xa4e2, 0x41e4, 0x4a24, 0x9462, 0xcde2, 0x41e5,
  0x2923, 0x3143, 0x41a3, 0x18a1, 0x18c2, 0x18c2, 0x18e2, 0x0041, 0x0020, 0x0041, 0x0021, 0x0041,
  0x0061, 0x0041, 0x2103, 0x39c5, 0x4a05, 0x5245, 0x7307, 0x8388, 0xa48a, 0x9c0a, 0x5265, 0x5225,
  0x6ac7, 0x62c6, 0x94a4, 0xc5e3, 0x62a6, 0x62a6, 0x5246, 0xc601, 0x41c4, 0x83c3, 0xad21, 0xef20,
  0x5a86, 0x49e5, 0x7b27, 0x5a65, 0x4a04, 0x6285, 0x41c4, 0x41e5, 0x4206, 0x2103, 0x0020, 0x0040,
  0x0881, 0x0881, 0x0881, 0x0881, 0x0041, 0x0861, 0x0861, 0x0041, 0x0041, 0x0041, 0x0021, 0x0021,
  0x0041, 0x0041, 0x0061, 0x0061, 0x0061, 0x0061, 0x0061, 0x0061, 0x0881, 0x08a1, 0x0041, 0x0041,
  0x0041, 0x0041, 0x0041, 0x0041, 0x0041, 0x0041, 0x0021, 0x18c2, 0x20e2, 0x6ae6, 0xc52a, 0xb467,
  0xa3e6, 0xabe5, 0x20c0, 0x0860, 0x0861, 0x10a1, 0x0841, 0x1060, 0x18a0, 0x3121, 0x51e2, 0xac05,
  0x5a23, 0x10c2, 0x18c2, 0x0840, 0x0020, 0x1081, 0x51e2, 0x8b24, 0xb4c8, 0xbd08, 0x9bc5, 0x51e2,
  0x18c1, 0x10a2, 0x10a2, 0x08a2, 0x08c1, 0x08a1, 0x0881, 0x0081, 0x08a1, 0x08a1, 0x0081, 0x08a1,
  0x0081, 0x0041, 0x0041, 0x0021, 0x0041, 0x0061, 0x08a1, 0x0061, 0x0041, 0x0041, 0x0041, 0x0081,
  0x0061, 0x0061, 0x0062, 0x0062, 0x08a1, 0x0881, 0x0881, 0x08a1, 0x08a1, 0x0882, 0x08a2, 0x08c1,
  0x10e1, 0x0881, 0x0081, 0x0081, 0x0061, 0x0082, 0x0021, 0x0041, 0x0041, 0x0061, 0x0061, 0x0061,
  0x3185, 0x3184, 0x5246, 0x6ae7, 0x93e9, 0x940a, 0x93e9, 0x6ae7, 0x3163, 0x6ac7, 0x8389, 0x6ae8,
  0xe6c2, 0x7325, 0x5a86, 0x5a65, 0xb581, 0x8c04, 0x7344, 0xb561, 0xdea1, 0xa4e4, 0x41e5, 0x5a65,
  0x72c6, 0x5225, 0x7b06, 0x3184, 0x3184, 0x2944, 0x1903, 0x0062, 0x0041, 0x0041, 0x0041, 0x0061,
  0x0061, 0x08a2, 0x0881, 0x08a1, 0x0081, 0x0061, 0x0041, 0x0041, 0x0041, 0x0061, 0x0881, 0x0881,
  0x0061, 0x0082, 0x10a2, 0x20e2, 0x20e2, 0x0882, 0x0082, 0x2142, 0x10c2, 0x0062, 0x0041, 0x0061,
  0x0882, 0x0881, 0x08a2, 0x0061, 0x0882, 0x0882, 0x0041, 0x0041, 0x0041, 0x0061, 0x0061, 0x0041,
  0x0041, 0x0061, 0x0061, 0x18c2, 0x18c2, 0x2922, 0xc52a, 0xbca8, 0xbca9, 0xb426, 0x51e2, 0x0861,
  0x0040, 0x10c1, 0x1081, 0x0020, 0x2901, 0x49c2, 0x9324, 0x9b65, 0x9364, 0x10a1, 0x18e2, 0x0861,
  0x0860, 0x1081, 0x10a1, 0x82e4, 0x9ba6, 0xc487, 0xac06, 0xa3c6, 0x10a1, 0x18c1, 0x10a1, 0x0081,
  0x0081, 0x0041, 0x0041, 0x0041, 0x0041, 0x0021, 0x0021, 0x0021, 0x0021, 0x0021, 0x0041, 0x0881,
  0x0881, 0x0061, 0x0041, 0x0041, 0x0041, 0x0061, 0x0081, 0x0041, 0x0041, 0x0021, 0x0041, 0x0041,
  0x0881, 0x0061, 0x0061, 0x0061, 0x0881, 0x0881, 0x0061, 0x0061, 0x10c2, 0x2943, 0x4a06, 0x5246,
  0x5a66, 0x6285, 0x9c2a, 0xa44a, 0xa48c, 0x2922, 0x5a86, 0x7308, 0x62c7, 0xce43, 0x8c24, 0x62a6,
  0x5a86, 0xa4e4, 0xb563, 0x5265, 0xad23, 0xc5e1, 0xc5a3, 0x4a26, 0x3963, 0x93a8, 0x7b27, 0x7b27,
  0x41e4, 0x39a4, 0x3184, 0x2103, 0x0021, 0x0021, 0x0041, 0x0081, 0x08a0, 0x08a1, 0x2103, 0x39a5,
  0x5225, 0x5a66, 0x7327, 0xa44a, 0x8388, 0xb4ac, 0x62c7, 0x5245, 0x6286, 0x6286, 0x9484, 0xbdc2,
  0x5a45, 0x6286, 0x5246, 0xce21, 0x83c3, 0xb561, 0x5263, 0xdee1, 0x5a86, 0x3163, 0x93c8, 0x4a05,
  0x2923, 0x2923, 0x7b26, 0x2922, 0x18e2, 0x10a2, 0x0841, 0x0041, 0x0861, 0x0881, 0x0881, 0x0881,
  0x0861, 0x0881, 0x0881, 0x0041, 0x0041, 0x0041, 0x0061, 0x0041, 0x0041, 0x0041, 0x0061, 0x0041,
  0x0061, 0x0881, 0x0041, 0x0041, 0x0041, 0x0061, 0x0881, 0x0081, 0x0041, 0x0041, 0x0881, 0x0881,
  0x0041, 0x0041, 0x0021, 0x18c2, 0x18c1, 0x2922, 0x49c2, 0x3982, 0x3121, 0x49c2, 0x1081, 0x0861,
  0x0861, 0x10a1, 0x0840, 0x1081, 0x18a1, 0x18c1, 0x2921, 0x3982, 0x2902, 0x10a1, 0x10c1, 0x0020,
  0x0020, 0x10a1, 0x20e1, 0x2901, 0x2922, 0x3962, 0x3142, 0x18c1, 0x18c1, 0x18c2, 0x1081, 0x0061,
  0x0081, 0x0881, 0x0061, 0x0061, 0x0081, 0x0081, 0x0061, 0x0061, 0x0061, 0x0061, 0x0041, 0x0021,
  0x0021, 0x0061, 0x08c1, 0x08c1, 0x0061, 0x0041, 0x0041, 0x0061, 0x0062, 0x0062, 0x0041, 0x0062,
  0x08c1, 0x08c1, 0x0881, 0x0881, 0x08a1, 0x0882, 0x0081, 0x0881, 0x08c1, 0x0881, 0x0061, 0x0061,
  0x0061, 0x0041, 0x0041, 0x0041, 0x0041, 0x0041, 0x0061, 0x0041, 0x3164, 0x41e5, 0x5246, 0x6ae7,
  0x7b48, 0xb4cc, 0x8368, 0x62a6, 0x2943, 0x62a7, 0x7307, 0x6ae8, 0xe6e1, 0x7325, 0x5a86, 0x5245,
  0xbda2, 0x8c23, 0xc5a1, 0x7bc3, 0xbda1, 0x9ca4, 0x39a4, 0x7307, 0x8347, 0x3143, 0x2923, 0x5203,
  0x3983, 0x10a2, 0x18e3, 0x0041, 0x0041, 0x0041, 0x0041, 0x0061, 0x08a1, 0x0062, 0x0061, 0x0061,
  0x0081, 0x0881, 0x0041, 0x0041, 0x0041, 0x0081, 0x0081, 0x0081, 0x0081, 0x0062, 0x0062, 0x0882,
  0x1081, 0x0062, 0x0082, 0x08a2, 0x0082, 0x0082, 0x08a1, 0x0061, 0x0081, 0x0881, 0x0081, 0x0041,
  0x0061, 0x08a2, 0x0041, 0x0081, 0x08a1, 0x0081, 0x0061, 0x0041, 0x0041, 0x0061, 0x0061, 0x18e2,
  0x18a1, 0x0861, 0x4182, 0x3941, 0x3942, 0x3942, 0x20e1, 0x1081, 0x0840, 0x10a1, 0x0881, 0x0861,
  0x18a1, 0x3121, 0x3142, 0x3962, 0x4182, 0x10a1, 0x18c2, 0x0860, 0x0020, 0x0861, 0x1081, 0x3162,
  0x3962, 0x3962, 0x3942, 0x3962, 0x10a1, 0x10a1, 0x10a1, 0x0061, 0x0041, 0x0041, 0x0021, 0x0041,
  0x0041, 0x0021, 0x0021, 0x0021, 0x0020, 0x0021, 0x0881, 0x0881, 0x08a1, 0x0881, 0x0881, 0x0881,
  0x0081, 0x0041, 0x0041, 0x0021, 0x0021, 0x0021, 0x0061, 0x08a1, 0x08a1, 0x0881, 0x10c1, 0x0880,
  0x0881, 0x0881, 0x0061, 0x0061, 0x10c2, 0x2943, 0x4205, 0x4a05, 0x5225, 0x7327, 0x9c0a, 0x8ba9,
  0x9c4b, 0x3163, 0x5a86, 0x62a7, 0x5aa6, 0xce42, 0x83e4, 0x6286, 0x62a6, 0xad24, 0xad43, 0xace3,
  0xa4c3, 0x7b83, 0xbd43, 0x4a25, 0x3963, 0x8b87, 0x39a4, 0x3183, 0x3163, 0x3143, 0x18e2, 0x18c2,
  0x0881, 0x0861, 0x0880, 0x0880, 0x0880, 0x2963, 0x3164, 0x41e5, 0x62a6, 0x6b07, 0x7b47, 0x9c4a,
  0x8368, 0xa44a, 0x5a65, 0x5a86, 0x62a7, 0x6286, 0x9483, 0xbda2, 0x5a65, 0x5a66, 0x5246, 0xdea1,
  0xbd81, 0x8c04, 0x41c5, 0xd6a1, 0x4a25, 0x3143, 0x93c9, 0x4a25, 0x2923, 0x2943, 0x41c4, 0x18c2,
  0x18c2, 0x18c2, 0x10a1, 0x10c1, 0x2902, 0x49a3, 0x49c3, 0x41a3, 0x2922, 0x0881, 0x0881, 0x0881,
  0x0881, 0x0061, 0x0061, 0x0040, 0x0021, 0x0041, 0x0081, 0x0061, 0x0881, 0x0061, 0x0020, 0x0041,
  0x0040, 0x0080, 0x08a0, 0x0880, 0x0041, 0x0041, 0x0061, 0x0081, 0x0061, 0x0061, 0x0040, 0x18c2,
  0x18c2, 0x10a1, 0x18c1, 0x2921, 0x20e1, 0x1080, 0x0860, 0x0840, 0x0860, 0x0881, 0x0840, 0x0861,
  0x0840, 0x0840, 0x0861, 0x10a1, 0x18c1, 0x10a1, 0x0861, 0x0840, 0x0840, 0x1081, 0x10a1, 0x10a1,
  0x18e1, 0x18e2, 0x18e1, 0x18a1, 0x18c1, 0x18a1, 0x0861, 0x0041, 0x0041, 0x0061, 0x0041, 0x0041,
  0x0041, 0x0041, 0x0021, 0x0041, 0x0061, 0x0041, 0x0040, 0x0041, 0x0041, 0x0081, 0x08c1, 0x08c1,
  0x08c1, 0x0061, 0x0041, 0x0041, 0x0061, 0x0082, 0x0062, 0x0881, 0x0880, 0x0080, 0x0880, 0x0041,
  0x0061, 0x0881, 0x0080, 0x0880, 0x0880, 0x08c1, 0x0881, 0x08a1, 0x08c1, 0x0881, 0x0881, 0x0081,
  0x0061, 0x0041, 0x2123, 0x3184, 0x3984, 0x4a05, 0x5a66, 0x7b48, 0x8ba9, 0x940a, 0x7307, 0x6ae7,
  0x4a05, 0x62c7, 0x6b07, 0x62a7, 0xe6c1, 0x7345, 0x5a66, 0x4a25, 0xbda2, 0xd681, 0x9482, 0x4a44,
  0xbdc2, 0x9c83, 0x3183, 0x7327, 0x8368, 0x3163, 0x2923, 0x41a2, 0x20e2, 0x10a2, 0x18e3, 0x0041,
  0x0061, 0x0061, 0x0881, 0x08c1, 0x08a1, 0x0041, 0x0041, 0x0881, 0x08c1, 0x10c0, 0x0881, 0x0061,
  0x0061, 0x0060, 0x0080, 0x0080, 0x0881, 0x0061, 0x0061, 0x0041, 0x0041, 0x0041, 0x0041, 0x0062,
  0x0082, 0x08a1, 0x08a0, 0x0061, 0x0061, 0x0081, 0x0061, 0x0041, 0x08a1, 0x0081, 0x0881, 0x08c0,
  0x10e1, 0x10c0, 0x0081, 0x0061, 0x0041, 0x0041, 0x0041, 0x18c2, 0x10a1, 0x2922, 0x7347, 0x20c1,
  0x2922, 0x2102, 0x18c1, 0x1081, 0x0860, 0x0861, 0x0840, 0x0861, 0x0860, 0x0840, 0x0860, 0x1081,
  0x1081, 0x1081, 0x1081, 0x0860, 0x0840, 0x0861, 0x1081, 0x1081, 0x10a1, 0x10a1, 0x18a1, 0x1081,
  0x10a1, 0x18a1, 0x10a1, 0x0040, 0x0041, 0x0021, 0x0021, 0x0041, 0x0041, 0x0021, 0x0021, 0x0040,
  0x0020, 0x0061, 0x0081, 0x0081, 0x0081, 0x0061, 0x0061, 0x0061, 0x0060, 0x08a1, 0x0041, 0x0041,
  0x0041, 0x0041, 0x0881, 0x0881, 0x08a0, 0x10c1, 0x10c1, 0x10c0, 0x10c0, 0x10c0, 0x10c0, 0x08c1,
  0x3184, 0x3184, 0x4a26, 0x5a66, 0x62a6, 0x9c4b, 0x7b68, 0x7b68, 0x9c2a, 0x41e5, 0x62a7, 0x6286,
  0x5a86, 0xce42, 0x8404, 0x6286, 0x62a6, 0xad23, 0xeee1, 0xbd81, 0x4a24, 0x7bc3, 0xbda2, 0x4a05,
  0x3163, 0x8b88, 0x39c4, 0x39a4, 0x2922, 0x2943, 0x10a2, 0x10a2, 0x10a2, 0x0880, 0x0880, 0x0060,
  0x0060, 0x2943, 0x3984, 0x41c4, 0x5a66, 0x6ac7, 0xa449, 0x7307, 0x6ae7, 0x6ae7, 0x41a3, 0x41e5,
  0x5246, 0x4a25, 0x9483, 0xbda2, 0x39a4, 0x5225, 0x3984, 0xce42, 0x62e1, 0x41c4, 0x41a4, 0xd661,
  0x41c4, 0x2102, 0x8368, 0x5a66, 0x3184, 0x2103, 0x39c5, 0x0881, 0x10a2, 0x1903, 0x10c1, 0x08a0,
  0x3962, 0x49c3, 0x6224, 0x41c3, 0x3142, 0x08a1, 0x0881, 0x0881, 0x10a2, 0x0881, 0x0060, 0x08a0,
  0x0880, 0x0040, 0x0060, 0x0061, 0x0041, 0x0040, 0x0040, 0x0040, 0x0060, 0x0880, 0x0040, 0x10c0,
  0x10c0, 0x0041, 0x0041, 0x0061, 0x0041, 0x0081, 0x0081, 0x18c2, 0x10a1, 0x1061, 0x18c1, 0x20c1,
  0x18a1, 0x1080, 0x1081, 0x1081, 0x1081, 0x1081, 0x1081, 0x0040, 0x0020, 0x0860, 0x0860, 0x0861,
  0x1081, 0x1081, 0x0861, 0x0840, 0x0860, 0x10a1, 0x3101, 0x59c2, 0xa448, 0x9ba6, 0x9364, 0x4182,
  0x18a1, 0x1081, 0x0861, 0x0041, 0x0081, 0x0061, 0x0041, 0x0041, 0x0041, 0x0041, 0x0020, 0x0021,
  0x0021, 0x0041, 0x0041, 0x0041, 0x0060, 0x0060, 0x0881, 0x10c0, 0x1101, 0x0081, 0x0061, 0x0061,
  0x0081, 0x0061, 0x0061, 0x0061, 0x0060, 0x0060, 0x0060, 0x0040, 0x0061, 0x08a1, 0x0080, 0x08a0,
  0x0080, 0x08c1, 0x08c0, 0x08c0, 0x10c0, 0x08a1, 0x0061, 0x0061, 0x0061, 0x0041, 0x2123, 0x2943,
  0x39a4, 0x5246, 0x62a6, 0x8388, 0x93e9, 0x7307, 0x6286, 0x7328, 0x3984, 0x5a87, 0x5a66, 0x49e5,
  0xde80, 0x5aa4, 0x41a4, 0x41c4, 0xbd82, 0xa4a1, 0x3163, 0x39c3, 0xb581, 0x9443, 0x3163, 0x62a6,
  0x7b47, 0x3183, 0x2102, 0x2943, 0x18a1, 0x0881, 0x18e2, 0x0061, 0x0061, 0x0061, 0x10c1, 0x0881,
  0x0061, 0x0061, 0x0880, 0x10e0, 0x1100, 0x0880, 0x08c0, 0x0080, 0x0040, 0x0060, 0x0060, 0x0080,
  0x08a0, 0x08c0, 0x0061, 0x0061, 0x0061, 0x0061, 0x0081, 0x0061, 0x0081, 0x10c0, 0x0040, 0x0020,
  0x0061, 0x0082, 0x0061, 0x0040, 0x0060, 0x0080, 0x08a0, 0x08a0, 0x0880, 0x0880, 0x0881, 0x0881,
  0x0041, 0x0061, 0x0040, 0x18c1, 0x18a1, 0x3162, 0xbce9, 0x51e2, 0x49e2, 0x3982, 0x20e1, 0x0861,
  0x0861, 0x1081, 0x0881, 0x1081, 0x0020, 0x0040, 0x0860, 0x0861, 0x0840, 0x0861, 0x0881, 0x0020,
  0x0020, 0x18c1, 0x0861, 0x0860, 0x1081, 0x10a1, 0x10a1, 0x1081, 0x10a1, 0x18c1, 0x10a1, 0x0041,
  0x0041, 0x0021, 0x0041, 0x0041, 0x0020, 0x0040, 0x0020, 0x0040, 0x0060, 0x0040, 0x0041, 0x0041,
  0x0041, 0x0041, 0x0041, 0x08c0, 0x1100, 0x10e0, 0x0040, 0x0040, 0x0880, 0x0040, 0x0061, 0x0061,
  0x08a0, 0x0880, 0x0880, 0x0860, 0x08a0, 0x1900, 0x1900, 0x10e0, 0x2943, 0x39a4, 0x5246, 0x5225,
  0x7307, 0xa46b, 0x7b68, 0x6ae6, 0x9c09, 0x2923, 0x5246, 0x5246, 0x4a05, 0xce21, 0x83e3, 0x5205,
  0x4a25, 0xa4c3, 0xb521, 0x4a22, 0x3143, 0x73a2, 0xc5e2, 0x41c4, 0x3963, 0x8b88, 0x39a4, 0x3164,
  0x20e2, 0x39a4, 0x1081, 0x1081, 0x10a2, 0x0060, 0x0060, 0x0040, 0x18e2, 0x39a5, 0x39c5, 0x41e5,
  0x5245, 0x8368, 0xa48a, 0x62c6, 0x6ae7, 0x5a65, 0x3983, 0x3184, 0x41e5, 0x9cc3, 0xdee0, 0xe721,
  0xd681, 0x4a04, 0x5a66, 0x41e2, 0xce61, 0xce41, 0xd660, 0x5aa4, 0x3985, 0x20e2, 0x93c9, 0x4a25,
  0x3184, 0x2123, 0x18c2, 0x18c2, 0x18c2, 0x18e3, 0x10a1, 0x0881, 0x0860, 0x0881, 0x1081, 0x0881,
  0x0881, 0x0860, 0x0881, 0x0881, 0x0860, 0x0880, 0x10c0, 0x10c0, 0x10c0, 0x08a0, 0x0040, 0x0041,
  0x0061, 0x0061, 0x0040, 0x0060, 0x0060, 0x0080, 0x08c0, 0x1900, 0x1100, 0x10e0, 0x0881, 0x0040,
  0x0041, 0x0081, 0x0081, 0x18c2, 0x18e2, 0x7327, 0xd56a, 0xac27, 0x9bc6, 0x8b24, 0x2901, 0x1081,
  0x10a1, 0x1081, 0x10a1, 0x10a1, 0x2102, 0x41a2, 0x3142, 0x6a63, 0x3982, 0x10a1, 0x10a1, 0x1081,
  0x10a1, 0x18c1, 0x1080, 0x10a0, 0x18c1, 0x18c1, 0x18c1, 0x3162, 0x18c1, 0x18a1, 0x0861, 0x0081,
  0x0081, 0x0081, 0x0881, 0x10e1, 0x1100, 0x08a0, 0x0020, 0x0021, 0x0021, 0x0021, 0x0021, 0x0021,
  0x0040, 0x0040, 0x0040, 0x0880, 0x10e0, 0x10c0, 0x08a1, 0x08a1, 0x08a1, 0x0881, 0x08a1, 0x08a0,
  0x0040, 0x0060, 0x0040, 0x0060, 0x0061, 0x0060, 0x0040, 0x08c0, 0x10e0, 0x10c0, 0x08a0, 0x08c0,
  0x0060, 0x0061, 0x0061, 0x0061, 0x0061, 0x0041, 0x2123, 0x3184, 0x41c5, 0x5225, 0x62a6, 0x7327,
  0x7307, 0x8388, 0x5a66, 0x41a4, 0x2102, 0x5246, 0x5a85, 0xd642, 0xef20, 0xdea0, 0x9c82, 0x6ae6,
  0x39c3, 0xbd62, 0xd680, 0xce20, 0x9442, 0x39a4, 0x3163, 0x5a45, 0x6ac6, 0x3164, 0x10a2, 0x2103,
  0x18e2, 0x1081, 0x18e2, 0x10a2, 0x0041, 0x0061, 0x08a0, 0x0061, 0x0881, 0x08c0, 0x10c0, 0x10c0,
  0x08a0, 0x0040, 0x0060, 0x0080, 0x0060, 0x0040, 0x0060, 0x0080, 0x10e0, 0x10e0, 0x10c1, 0x0081,
  0x08a1, 0x08a1, 0x0081, 0x08a1, 0x08c0, 0x08a0, 0x08a0, 0x0020, 0x0041, 0x0061, 0x0041, 0x0040,
  0x0060, 0x0880, 0x08a0, 0x08a0, 0x10c0, 0x18e0, 0x2140, 0x2160, 0x08a1, 0x0880, 0x0061, 0x18c1,
  0x2102, 0x10a1, 0x18c1, 0x2101, 0x20e1, 0x18c1, 0x1081, 0x10a1, 0x10a1, 0x1081, 0x10a1, 0x18c2,
  0x18c2, 0x5223, 0x72c4, 0x72a3, 0x6243, 0x1081, 0x10a1, 0x1081, 0x10a1, 0x18a1, 0x10a1, 0x5a02,
  0x6a83, 0xbca8, 0xbca8, 0xac06, 0x1081, 0x18c1, 0x18a1, 0x0041, 0x0041, 0x0041, 0x0881, 0x1901,
  0x10c0, 0x10e0, 0x0860, 0x0040, 0x0040, 0x0041, 0x0041, 0x0041, 0x0041, 0x0041, 0x0041, 0x10e0,
  0x1100, 0x10e0, 0x10e0, 0x10c0, 0x10e0, 0x10c1, 0x0061, 0x0861, 0x10c0, 0x0040, 0x0040, 0x0040,
  0x0860, 0x0860, 0x0880, 0x0881, 0x2943, 0x39a4, 0x4a05, 0x5266, 0x5a66, 0x940a, 0x7307, 0x5a65,
  0x6ac6, 0x10a1, 0x41e5, 0x4205, 0xc604, 0xef20, 0xdea1, 0x9482, 0x5a67, 0x41e4, 0x8c41, 0xd660,
  0xd680, 0xb582, 0x39c4, 0x39a5, 0x3163, 0x7b27, 0x39a4, 0x2943, 0x0861, 0x18e3, 0x18c2, 0x10a2,
  0x10a2, 0x0040, 0x0040, 0x0040, 0x2103, 0x39a4, 0x39c5, 0x4a05, 0x5225, 0x7307, 0x6ac6, 0x6ae7,
  0x41c4, 0x3983, 0x2102, 0x18a1, 0x2922, 0x2961, 0x3161, 0x3181, 0x39a1, 0x41a4, 0x6aa6, 0x18c1,
  0x39c0, 0x3160, 0x39c0, 0x2102, 0x20e2, 0x0840, 0x8369, 0x41e5, 0x2943, 0x18c2, 0x0840, 0x18c2,
  0x10a1, 0x18c2, 0x10a2, 0x0860, 0x0860, 0x0881, 0x0881, 0x1081, 0x1081, 0x0881, 0x0881, 0x0860,
  0x10c1, 0x10e0, 0x08c0, 0x08a0, 0x0880, 0x0880, 0x0020, 0x0060, 0x0040, 0x0040, 0x0040, 0x0040,
  0x0040, 0x0060, 0x0880, 0x0880, 0x10c0, 0x10c0, 0x10a0, 0x0860, 0x0060, 0x08a0, 0x08a1, 0x20e1,
  0x18c1, 0x3163, 0x5a64, 0x5203, 0x6263, 0x6222, 0x2901, 0x1081, 0x0840, 0x0840, 0x0840, 0x1081,
  0x49a2, 0x6243, 0x6a83, 0x7283, 0x4161, 0x0840, 0x0860, 0x1081, 0x18c1, 0x20e1, 0x3101, 0x6223,
  0x8b24, 0x9386, 0x9bc6, 0x6263, 0x20e2, 0x20e2, 0x18c1, 0x10c1, 0x08a0, 0x10e0, 0x10e0, 0x10c0,
  0x10c0, 0x10c0, 0x0880, 0x0020, 0x0040, 0x0040, 0x0041, 0x0060, 0x0060, 0x0060, 0x0040, 0x0060,
  0x08a0, 0x10c0, 0x08a0, 0x08c0, 0x10c0, 0x10c0, 0x10c0, 0x0880, 0x0060, 0x0060, 0x0060, 0x0060,
  0x0060, 0x0040, 0x0060, 0x0060, 0x08a0, 0x10e0, 0x10e0, 0x10c0, 0x08a0, 0x0061, 0x08a0, 0x10e0,
  0x10c0, 0x18e1, 0x3184, 0x39a4, 0x39a4, 0x4a05, 0x5a66, 0x62a7, 0x62c7, 0x5245, 0x5225, 0x3983,
  0x10a1, 0x2923, 0x18c2, 0x2941, 0x2961, 0x3181, 0x2922, 0x7306, 0x2922, 0x39c1, 0x39c1, 0x3181,
  0x2101, 0x18e2, 0x1081, 0x41c4, 0x5a66, 0x2943, 0x10a2, 0x10c2, 0x18c2, 0x18c2, 0x18c2, 0x10a2,
  0x0060, 0x0060, 0x08a0, 0x08a0, 0x0880, 0x0880, 0x0080, 0x0060, 0x0060, 0x0020, 0x0040, 0x0060,
  0x0061, 0x0040, 0x0040, 0x0060, 0x08a0, 0x08a0, 0x08a0, 0x08a0, 0x08c0, 0x08a0, 0x08a0, 0x08a0,
  0x0880, 0x0880, 0x0880, 0x0040, 0x0041, 0x0041, 0x0041, 0x0040, 0x0060, 0x0880, 0x08a0, 0x1900,
  0x10e0, 0x10e0, 0x10c0, 0x10e0, 0x10e1, 0x10a1, 0x0081, 0x18e2, 0x2122, 0x2102, 0xabe5, 0x9344,
  0x82e4, 0x7ac4, 0x3141, 0x0860, 0x0881, 0x0840, 0x0840, 0x1081, 0x3942, 0x6202, 0x8b24, 0x7aa3,
  0x6243, 0x0840, 0x0840, 0x0860, 0x1081, 0x18a1, 0x10a1, 0x6242, 0x6263, 0x6a84, 0x49c2, 0x4182,
  0x1081, 0x10a1, 0x18c1, 0x0081, 0x0061, 0x0880, 0x10c0, 0x08a0, 0x08a0, 0x08c0, 0x10c0, 0x0860,
  0x0020, 0x0041, 0x0041, 0x0041, 0x0021, 0x0020, 0x0060, 0x10c0, 0x10e0, 0x08a1, 0x08a0, 0x10c0,
  0x08c0, 0x10e0, 0x1900, 0x10e0, 0x10c0, 0x08a0, 0x0880, 0x0880, 0x0880, 0x0880, 0x0880, 0x3163,
  0x3984, 0x3184, 0x41c4, 0x4a05, 0x7307, 0x6ae7, 0x62a6, 0x41e4, 0x5a45, 0x0020, 0x2102, 0x2102,
  0x3161, 0x3181, 0x2940, 0x2100, 0x5a66, 0x3984, 0x2961, 0x31a1, 0x39c1, 0x39c1, 0x20e2, 0x2103,
  0x2922, 0x62a6, 0x2943, 0x2943, 0x0861, 0x18e3, 0x18e2, 0x18c2, 0x18c2, 0x0881, 0x0060, 0x0060,
  0x2923, 0x3184, 0x39a4, 0x41c4, 0x4a05, 0x5a85, 0x5a45, 0x5a66, 0x3984, 0x2923, 0x18a1, 0x2902,
  0x3983, 0x3143, 0x2102, 0x20e2, 0x2102, 0x3143, 0x41c4, 0x2923, 0x2102, 0x2922, 0x2922, 0x6223,
  0x2902, 0x18c2, 0x7308, 0x39c5, 0x2123, 0x18c2, 0x0020, 0x10a2, 0x18c2, 0x18e3, 0x10a2, 0x0040,
  0x0860, 0x0881, 0x0881, 0x1081, 0x0881, 0x0881, 0x0881, 0x10a1, 0x10c0, 0x10c0, 0x08a0, 0x0060,
  0x0880, 0x0880, 0x0020, 0x0040, 0x0040, 0x0040, 0x0040, 0x0040, 0x0040, 0x0060, 0x0060, 0x08a0,
  0x0880, 0x0880, 0x0880, 0x10a0, 0x2100, 0x1920, 0x10e1, 0x18a1, 0x18c1, 0x18c1, 0x18c1, 0x18c1,
  0x2902, 0x3142, 0x20e1, 0x10a1, 0x0840, 0x0840, 0x0840, 0x18c1, 0x3962, 0x5203, 0x6284, 0x5a43,
  0x2901, 0x0840, 0x0861, 0x10a1, 0x18c1, 0x20c1, 0x3942, 0x6243, 0x72c4, 0x8b66, 0x8b65, 0x5223,
  0x20e1, 0x18e1, 0x10e1, 0x10c0, 0x08a0, 0x10a0, 0x0880, 0x10a0, 0x0880, 0x08a0, 0x0880, 0x0040,
  0x0040, 0x0040, 0x0040, 0x0040, 0x0040, 0x0060, 0x0040, 0x0060, 0x08a0, 0x0880, 0x08a0, 0x08a0,
  0x08a0, 0x08a0, 0x0880, 0x0060, 0x0060, 0x0060, 0x0060, 0x0060, 0x0060, 0x0020, 0x0080, 0x0060,
  0x08c0, 0x08a0, 0x08a0, 0x10c0, 0x08a0, 0x10c0, 0x10e0, 0x10e0, 0x10e1, 0x2102, 0x3164, 0x3984,
  0x3184, 0x41c4, 0x5225, 0x49e4, 0x3143, 0x5225, 0x2923, 0x2102, 0x18c2, 0x41a4, 0x3983, 0x18c2,
  0x10a1, 0x10a1, 0x2103, 0x6244, 0x2923, 0x2102, 0x2923, 0x18c2, 0x2943, 0x4a04, 0x20e2, 0x49e4,
  0x5246, 0x3164, 0x1081, 0x10a2, 0x1902, 0x0861, 0x18c2, 0x18c2, 0x0860, 0x0080, 0x08a0, 0x08c0,
  0x0060, 0x08c0, 0x08a0, 0x0880, 0x0880, 0x0020, 0x0040, 0x0060, 0x0060, 0x0040, 0x0040, 0x0080,
  0x08a0, 0x0880, 0x0880, 0x08a0, 0x08c0, 0x08c0, 0x08a0, 0x0880, 0x0880, 0x0880, 0x0880, 0x0020,
  0x0040, 0x0041, 0x0041, 0x0041, 0x0040, 0x0060, 0x0860, 0x08a0, 0x08a0, 0x0880, 0x0880, 0x0880,
  0x0880, 0x10a0, 0x08a1, 0x10c1, 0x2102, 0x2102, 0x8325, 0x8325, 0x7ae5, 0x72a4, 0x3142, 0x18c1,
  0x1081, 0x0861, 0x0840, 0x1081, 0x3121, 0x4181, 0x5a23, 0x51e3, 0x49c2, 0x0840, 0x0860, 0x1081,
  0x18c1, 0x18c1, 0x18c1, 0x18e1, 0x18c1, 0x18c1, 0x20e1, 0x18c1, 0x18c1, 0x10a1, 0x18c1, 0x08a0,
  0x10c0, 0x10a0, 0x10c0, 0x10c0, 0x08a0, 0x0880, 0x0880, 0x0060, 0x0020, 0x0041, 0x0041, 0x0040,
  0x0020, 0x0020, 0x0040, 0x0880, 0x08a0, 0x0880, 0x0880, 0x0880, 0x08a0, 0x08a0, 0x10c0, 0x10c0,
  0x10c0, 0x10e0, 0x10c0, 0x10c0, 0x10a0, 0x10a0, 0x0880, 0x3164, 0x3164, 0x41e4, 0x4a05, 0x4a25,
  0x6ac6, 0x5225, 0x41c4, 0x4a05, 0x39a4, 0x0860, 0x3983, 0x3983, 0x2102, 0x10a1, 0x18a1, 0x18e2,
  0x4a04, 0x3143, 0x2123, 0x20e2, 0x20e2, 0x2103, 0x39c5, 0x18e2, 0x18c1, 0x5a46, 0x2943, 0x2923,
  0x1081, 0x18c2, 0x10a2, 0x10c2, 0x18c2, 0x0881, 0x0060, 0x0060, 0x3164, 0x3184, 0x3184, 0x49e4,
  0x72e6, 0x7b07, 0x3163, 0x41e5, 0x41c4, 0x3163, 0x1081, 0x2103, 0x2943, 0x3163, 0x10a1, 0x2943,
  0x2923, 0x2923, 0x2943, 0x2943, 0x2943, 0x2963, 0x3163, 0x7ae6, 0x2923, 0x18a2, 0x3984, 0x3164,
  0x2103, 0x18e3, 0x0861, 0x0881, 0x1903, 0x10a2, 0x18c2, 0x0040, 0x0040, 0x0860, 0x20a1, 0x0861,
  0x0860, 0x18a0, 0x8b45, 0x6a84, 0x10a0, 0x08a0, 0x0880, 0x0040, 0x08a0, 0x0880, 0x0020, 0x0041,
  0x0041, 0x0041, 0x0040, 0x0041, 0x0041, 0x0060, 0x0880, 0x08a0, 0x10c0, 0x10c0, 0x1901, 0x1901,
  0x10c0, 0x18e0, 0x1080, 0x10a1, 0x18c1, 0x3961, 0x3941, 0x3941, 0x3121, 0x2101, 0x18e1, 0x18a1,
  0x0861, 0x0861, 0x0840, 0x10a1, 0x18c1, 0x18c1, 0x18c1, 0x10a1, 0x1081, 0x1081, 0x0861, 0x10a1,
  0x10a1, 0x10a1, 0x10a1, 0x1081, 0x18a1, 0x2101, 0x3141, 0x2901, 0x1081, 0x18c1, 0x1901, 0x10c1,
  0x1080, 0x18a0, 0x1080, 0x2140, 0x08a0, 0x0860, 0x0880, 0x0041, 0x0041, 0x0040, 0x0040, 0x0040,
  0x0020, 0x0040, 0x0040, 0x0060, 0x08a0, 0x10c0, 0x8361, 0x6aa1, 0x72e0, 0x5a61, 0x5221, 0x0060,
  0x0040, 0x0060, 0x0060, 0x0040, 0x0040, 0x0020, 0x0060, 0x0040, 0x08a0, 0x08a0, 0x0060, 0x0880,
  0x0880, 0x0880, 0x0880, 0x08a0, 0x08a0, 0x18e2, 0x3164, 0x2943, 0x3183, 0x41c4, 0x3963, 0x3983,
  0x39a4, 0x49e4, 0x5a86, 0x20e2, 0x18c2, 0x2943, 0x3143, 0x2102, 0x2923, 0x2964, 0x2944, 0x2943,
  0x3184, 0x39a4, 0x20e2, 0x18a1, 0x2943, 0x3164, 0x2102, 0x3164, 0x3185, 0x3164, 0x10a1, 0x0881,
  0x18e2, 0x0040, 0x18c2, 0x18e3, 0x0861, 0x0060, 0x0080, 0x08a0, 0x0060, 0x0880, 0x08a0, 0x08a0,
  0x08a0, 0x0060, 0x0040, 0x0040, 0x0040, 0x0020, 0x0060, 0x0080, 0x0080, 0x0880, 0x0880, 0x6260,
  0x6aa0, 0x6260, 0x6aa0, 0x20e0, 0x0880, 0x0880, 0x0060, 0x0020, 0x0040, 0x0041, 0x0041, 0x0040,
  0x0040, 0x0040, 0x0060, 0x08c0, 0x10a0, 0x10c0, 0x10c0, 0x10a0, 0x2100, 0x2120, 0x2100, 0x1080,
  0x10a1, 0x2901, 0x2901, 0x20e1, 0x18a1, 0x18a1, 0x18c1, 0x20e1, 0x1081, 0x1081, 0x0840, 0x0860,
  0x1081, 0x1081, 0x1081, 0x1081, 0x1081, 0x1081, 0x1081, 0x1081, 0x18c1, 0x18c1, 0x10a1, 0x10a1,
  0x1081, 0x20c1, 0x2901, 0x3962, 0x2102, 0x18c1, 0x10a0, 0x18c0, 0x2101, 0x18e1, 0x2941, 0x18c0,
  0x0880, 0x0880, 0x0060, 0x0060, 0x0020, 0x0041, 0x0040, 0x0040, 0x0020, 0x0040, 0x0040, 0x0060,
  0x08a0, 0x0880, 0x08a0, 0x0880, 0x0880, 0x0880, 0x10c0, 0x08a0, 0x0880, 0x0880, 0x0880, 0x10e0,
  0x10e0, 0x08a0, 0x0880, 0x2943, 0x2923, 0x2923, 0x2943, 0x3963, 0x5245, 0x3163, 0x5a66, 0x5225,
  0x3163, 0x18c2, 0x2923, 0x2943, 0x20e2, 0x18a1, 0x2123, 0x2123, 0x2943, 0x2943, 0x2943, 0x2123,
  0x18e2, 0x18e2, 0x3984, 0x18c2, 0x10a1, 0x41c5, 0x3164, 0x2944, 0x10a2, 0x1903, 0x0881, 0x10a2,
  0x18c2, 0x10a1, 0x0040, 0x0040, 0x2123, 0x3184, 0x41e4, 0x72c5, 0x93a8, 0x5a45, 0x49e4, 0x5a66,
  0x2923, 0x2923, 0x18c2, 0x18c2, 0x2103, 0x2123, 0x1081, 0x2123, 0x2123, 0x2123, 0x2123, 0x2944,
  0x2943, 0x2943, 0x20e2, 0x39a4, 0x2923, 0x0020, 0x41c5, 0x2943, 0x3164, 0x2103, 0x2103, 0x18e2,
  0x18e2, 0x18c2, 0x18e2, 0x18c2, 0x3961, 0x6a42, 0xa363, 0x20c1, 0x0040, 0x0040, 0x10a0, 0x0860,
  0x0880, 0x08a0, 0x0060, 0x0040, 0x0040, 0x0880, 0x0020, 0x0020, 0x0041, 0x0040, 0x0040, 0x0041,
  0x0041, 0x0040, 0x0880, 0x10c0, 0x10e0, 0x1900, 0x2961, 0x3181, 0x2920, 0x9c4a, 0xbd0b, 0xb4ca,
  0xb50c, 0xa468, 0x6222, 0x72a2, 0x4181, 0x3101, 0x2101, 0x20e1, 0x18a1, 0x1081, 0x0861, 0x0840,
  0x0840, 0x0020, 0x0840, 0x0840, 0x0881, 0x10a1, 0x10a1, 0x0840, 0x0840, 0x0840, 0x1060, 0x18a0,
  0x20e1, 0x2921, 0x59e2, 0x51c1, 0x93c6, 0xc4e8, 0xc529, 0x6a83, 0x6243, 0x5a22, 0x4181, 0x2120,
  0x10c0, 0x0860, 0x10c0, 0x0040, 0x0040, 0x0041, 0x0041, 0x0040, 0x0020, 0x0040, 0x0040, 0x0040,
  0x08a0, 0x10c0, 0x4a81, 0x4220, 0x3a00, 0x39e0, 0x2940, 0x0060, 0x0060, 0x0040, 0x0040, 0x0040,
  0x0020, 0x0020, 0x0040, 0x0040, 0x0060, 0x08a0, 0x0060, 0x0060, 0x0880, 0x0060, 0x0040, 0x0060,
  0x0860, 0x2943, 0x2944, 0x2943, 0x5a45, 0x7b06, 0x72c6, 0x39a3, 0x62a6, 0x5225, 0x3143, 0x3163,
  0x0861, 0x2102, 0x2923, 0x18c1, 0x10a1, 0x2103, 0x2923, 0x2944, 0x2943, 0x2923, 0x2123, 0x18c2,
  0x2103, 0x2943, 0x0840, 0x2123, 0x3164, 0x2944, 0x2123, 0x18c2, 0x10a2, 0x18c2, 0x18c2, 0x18c2,
  0x10a2, 0x0020, 0x0880, 0x0040, 0x0060, 0x0860, 0x0860, 0x0060, 0x0060, 0x0060, 0x0020, 0x0040,
  0x0020, 0x0020, 0x0040, 0x0060, 0x0040, 0x0040, 0x0060, 0x4200, 0x39e0, 0x2980, 0x2980, 0x10a0,
  0x0060, 0x0880, 0x0060, 0x0020, 0x0040, 0x0041, 0x0040, 0x0040, 0x0040, 0x0040, 0x0060, 0x10c0,
  0x2940, 0x2140, 0x2120, 0x1900, 0x41c2, 0x9408, 0xbd0b, 0xbcea, 0xb4a9, 0xbce9, 0x49a2, 0x6201,
  0x20c1, 0x20e1, 0x20e1, 0x2101, 0x10a1, 0x1081, 0x1080, 0x1081, 0x0840, 0x0020, 0x0020, 0x0000,
  0x0020, 0x0860, 0x18c1, 0x0860, 0x0880, 0x1081, 0x0840, 0x18c1, 0x1060, 0x51c2, 0x6242, 0x82c3,
  0x7b46, 0xc509, 0xbce9, 0x9385, 0x6242, 0x4182, 0x3120, 0x3140, 0x10e0, 0x08a0, 0x0060, 0x0060,
  0x0020, 0x0040, 0x0040, 0x0040, 0x0040, 0x0040, 0x0040, 0x0060, 0x10c0, 0x0860, 0x0060, 0x0040,
  0x0060, 0x0880, 0x0060, 0x0060, 0x0040, 0x0040, 0x0880, 0x18e0, 0x1900, 0x10c1, 0x2923, 0x3184,
  0x2943, 0x2923, 0x6ac6, 0x72e6, 0x6285, 0x5a86, 0x3163, 0x3984, 0x4a04, 0x18a1, 0x2123, 0x2123,
  0x18a1, 0x1081, 0x2123, 0x2123, 0x2123, 0x2123, 0x2944, 0x2123, 0x2103, 0x10a2, 0x2943, 0x10a1,
  0x18c2, 0x39c5, 0x3184, 0x2923, 0x1903, 0x18e2, 0x18e3, 0x18e2, 0x18c2, 0x18e2, 0x1081, 0x08a0,
  0x2943, 0x39c4, 0x4a04, 0x5224, 0x41a4, 0x3143, 0x3163, 0x2102, 0x2102, 0x2102, 0x1081, 0x1081,
  0x2103, 0x10a1, 0x0860, 0x2103, 0x2103, 0x2103, 0x2123, 0x2103, 0x18e2, 0x18e2, 0x18a2, 0x18c2,
  0x18c2, 0x0840, 0x2923, 0x2923, 0x2123, 0x18e2, 0x10a2, 0x0861, 0x0861, 0x10a1, 0x10c2, 0x18e2,
  0x18e2, 0x2922, 0x39a2, 0x2941, 0x2121, 0x2141, 0x08c0, 0x0880, 0x0060, 0x0880, 0x0060, 0x0020,
  0x0040, 0x0060, 0x0020, 0x0040, 0x0041, 0x0041, 0x0040, 0x0020, 0x0041, 0x0040, 0x0040, 0x0880,
  0x0860, 0x10a1, 0x10c1, 0x18e0, 0x0860, 0x7ac4, 0x9b85, 0x82e3, 0x7283, 0x8304, 0x2900, 0x3121,
  0x18a0, 0x0000, 0x1080, 0x1081, 0x10a1, 0x49a2, 0x6242, 0x51e2, 0x6223, 0x6222, 0x8b44, 0x8b44,
  0x9364, 0x9384, 0x3941, 0x0860, 0x0020, 0x18a0, 0x51c1, 0x5a01, 0x1081, 0x10a1, 0x49a1, 0x4181,
  0x7ae4, 0x9385, 0x8b45, 0x6243, 0x49a2, 0x18a0, 0x18a0, 0x1900, 0x10a0, 0x0860, 0x0880, 0x0020,
  0x0041, 0x0040, 0x0041, 0x0020, 0x0040, 0x0040, 0x0040, 0x0040, 0x0060, 0x0060, 0x2160, 0x2140,
  0x2140, 0x2140, 0x10e0, 0x0060, 0x0060, 0x0060, 0x0040, 0x0020, 0x0040, 0x0040, 0x0060, 0x0040,
  0x0040, 0x0860, 0x0040, 0x0881, 0x18e1, 0x2980, 0x2140, 0x18e0, 0x2102, 0x2923, 0x2102, 0x18c2,
  0x3983, 0x5204, 0x3983, 0x3983, 0x41c4, 0x2923, 0x2123, 0x18c2, 0x0861, 0x18a2, 0x18e2, 0x1081,
  0x10a1, 0x2102, 0x2103, 0x2943, 0x2103, 0x18c2, 0x18c2, 0x18c2, 0x10a1, 0x18c2, 0x0840, 0x2923,
  0x2944, 0x2923, 0x10a1, 0x10a1, 0x18c2, 0x1081, 0x1081, 0x10a2, 0x10a2, 0x0861, 0x18e1, 0x1901,
  0x2141, 0x10c1, 0x0060, 0x0060, 0x0060, 0x0040, 0x0020, 0x0040, 0x0040, 0x0020, 0x0040, 0x0060,
  0x0040, 0x0040, 0x0060, 0x2160, 0x2140, 0x1920, 0x1900, 0x08a0, 0x0060, 0x0060, 0x0040, 0x0020,
  0x0041, 0x0041, 0x0020, 0x0020, 0x0020, 0x0040, 0x0040, 0x08a0, 0x10a0, 0x10a0, 0x10a1, 0x2101,
  0x1080, 0x6a63, 0x9ba6, 0x7ac4, 0x6a63, 0x8325, 0x18a0, 0x28e1, 0x18c1, 0x18c1, 0x18a1, 0x0860,
  0x1061, 0x20c1, 0x49a1, 0x6241, 0x51e2, 0x59e2, 0x72a3, 0x9385, 0x8b44, 0x6a62, 0x3962, 0x0860,
  0x0860, 0x18a1, 0x4181, 0x51e1, 0x1060, 0x1061, 0x3941, 0x5a02, 0x72c4, 0xa3e6, 0x9385, 0x72a3,
  0x49a1, 0x3101, 0x18a0, 0x10a0, 0x08a0, 0x08a0, 0x0040, 0x0040, 0x0020, 0x0040, 0x0040, 0x0040,
  0x0040, 0x0040, 0x0020, 0x0060, 0x0880, 0x0020, 0x0040, 0x0040, 0x0060, 0x0060, 0x0060, 0x0040,
  0x10a1, 0x10e1, 0x1921, 0x2140, 0x2160, 0x3182, 0x3143, 0x3984, 0x4a05, 0x5a45, 0x62a6, 0x4a04,
  0x3143, 0x2922, 0x2923, 0x20e2, 0x2102, 0x1081, 0x2102, 0x18e2, 0x1081, 0x1081, 0x20e2, 0x2103,
  0x2103, 0x20e3, 0x18e2, 0x1081, 0x18c2, 0x18a2, 0x20e3, 0x18c2, 0x10a2, 0x2923, 0x2923, 0x18c2,
  0x10a2, 0x10a1, 0x1081, 0x1081, 0x10a1, 0x10a2, 0x10a1, 0x10a1, 0x93e9, 0x9be8, 0x9c09, 0x9be9,
  0x9c09, 0x9c09, 0xa429, 0xa409, 0x9c09, 0x93e9, 0x9c09, 0x9be9, 0x93e9, 0x9c09, 0xa42a, 0xa429,
  0xac49, 0xac49, 0xac4a, 0xac4a, 0xa44a, 0xa44a, 0xac6a, 0x93a9, 0x93e9, 0x8ba9, 0x93c9, 0x9c0b,
  0x9c0b, 0x8bc9, 0x8ba9, 0x7b48, 0x7b28, 0x7b48, 0x7b28, 0x7b28, 0x7b29, 0x7328, 0x7308, 0x6ac7,
  0x6ae7, 0x62a7, 0x2963, 0x08c0, 0x0880, 0x0880, 0x0040, 0x0020, 0x0040, 0x0060, 0x0020, 0x0041,
  0x0041, 0x0040, 0x0040, 0x0040, 0x0040, 0x0060, 0x0060, 0x0040, 0x41c5, 0x5246, 0x5a46, 0x5a46,
  0x6286, 0x7b06, 0x8b46, 0x8326, 0x7b06, 0x72e6, 0x49e4, 0x5205, 0x5205, 0x49e4, 0x49e5, 0x49e5,
  0x39a4, 0x6286, 0x5225, 0x49e5, 0x49c4, 0x41a4, 0x49c4, 0x49e4, 0x51e4, 0x5204, 0x49c4, 0x5205,
  0x4a05, 0x3983, 0x5225, 0x5a45, 0x5225, 0x5225, 0x6aa6, 0x72c6, 0x8b46, 0x8b46, 0x8326, 0x6aa5,
  0x6286, 0x6aa6, 0x6aa6, 0x5246, 0x18e2, 0x0880, 0x0880, 0x0040, 0x0040, 0x0040, 0x0040, 0x0040,
  0x0040, 0x0040, 0x0040, 0x0040, 0x0040, 0x0880, 0x10c0, 0x10c0, 0x10e0, 0x10e0, 0x08a0, 0x0040,
  0x0060, 0x0040, 0x0040, 0x0060, 0x0060, 0x0060, 0x0060, 0x0060, 0x0040, 0x0880, 0x10a1, 0x7309,
  0x7b28, 0x7328, 0x7328, 0x7b27, 0x8368, 0x8368, 0x8348, 0x8b88, 0x9c08, 0x9c08, 0x9c29, 0xa408,
  0x9c09, 0x9c29, 0xa449, 0x9c29, 0x93e8, 0x93c8, 0x9be9, 0x9c09, 0xa429, 0xa429, 0xa429, 0xa449,
  0x9c09, 0x9c09, 0x9c29, 0x9c09, 0x93c8, 0x93e8, 0x9c09, 0x9c0a, 0x9c0a, 0x9be9, 0x93a8, 0x8b88,
  0x8368, 0x7b28, 0x7b69, 0x7308, 0x7328, 0x7308, 0x6ac8, 0x6ac7, 0x7307, 0x7308, 0x39a4, 0x0060,
  0x0080, 0x0040, 0x0040, 0x0040, 0x0040, 0x0040, 0x0040, 0x0060, 0x0040, 0x0040, 0x0040, 0x10e0,
  0x10e0, 0x10e0, 0x10e0, 0x08a1, 0x0060, 0x0060, 0x0040, 0x0040, 0x0040, 0x0040, 0x0020, 0x0040,
  0x0880, 0x0080, 0x0060, 0x0040, 0x41a5, 0x5a66, 0x6287, 0x6286, 0x6286, 0x7b06, 0x9387, 0x9387,
  0x8b67, 0x8b46, 0x49c4, 0x5205, 0x5225, 0x5225, 0x49e5, 0x41c5, 0x3164, 0x5205, 0x41c4, 0x41a4,
  0x41a4, 0x41c4, 0x49e4, 0x49e4, 0x49c4, 0x41a4, 0x3984, 0x3984, 0x39a4, 0x49e4, 0x5225, 0x6265,
  0x5a45, 0x5a66, 0x5a66, 0x6265, 0x72e6, 0x93a7, 0x7b06, 0x6ac5, 0x6265, 0x5a65, 0x5a45, 0x5225,
  0x3164, 0x0040, 0x0060, 0x0040, 0x0020, 0x0040, 0x0040, 0x0040, 0x0040, 0x0040, 0x0020, 0x0060,
  0x0080, 0x0040, 0x0040, 0x0040, 0x0880, 0x08a0, 0x0880, 0x2923, 0x62a7, 0x6ac7, 0x7307, 0x7307,
  0x7307, 0x7307, 0x7b07, 0x8347, 0x8368, 0x8b88, 0x93a8, 0x93a8, 0x93c8, 0x93c9, 0x9be9, 0x9c09,
  0x9be9, 0x9c09, 0x9be9, 0x9be9, 0x9c09, 0xa429, 0xa44a, 0xa429, 0x9c09, 0x9be8, 0x9be9, 0x9be8,
  0x9be8, 0x9be9, 0x9c09, 0x9c29, 0x9c09, 0x9be9, 0x9c09, 0x9c09, 0x93a9, 0x8368, 0x7b27, 0x7b28,
  0x72e7, 0x72e7, 0x7307, 0x72e7, 0x2124, 0x2924, 0x2924, 0x2924, 0x2944, 0x3164, 0x3184, 0x39a4,
  0x3985, 0x39a5, 0x41c5, 0x39a5, 0x39a5, 0x41c5, 0x4a05, 0x49e5, 0x5225, 0x5226, 0x5246, 0x4a05,
  0x4a25, 0x4a05, 0x41c4, 0x41c5, 0x4a05, 0x49e5, 0x41c5, 0x41c5, 0x39a4, 0x39a5, 0x3164, 0x2944,
  0x2944, 0x3184, 0x2924, 0x2123, 0x2103, 0x2124, 0x18e3, 0x18e3, 0x1903, 0x2944, 0x2123, 0x10c2,
  0x0880, 0x0880, 0x0040, 0x0060, 0x0060, 0x0060, 0x0060, 0x0880, 0x0880, 0x0060, 0x0060, 0x0060,
  0x0880, 0x0880, 0x0880, 0x18c2, 0x2944, 0x2103, 0x18e3, 0x18e3, 0x2103, 0x2123, 0x2923, 0x2103,
  0x2924, 0x2924, 0x2964, 0x2944, 0x2944, 0x2923, 0x2923, 0x2923, 0x3185, 0x3185, 0x3164, 0x3164,
  0x3185, 0x3164, 0x3164, 0x3164, 0x2944, 0x2944, 0x3184, 0x3164, 0x3164, 0x2944, 0x3185, 0x2923,
  0x2103, 0x18e3, 0x2103, 0x2103, 0x2103, 0x2103, 0x18e3, 0x18e3, 0x2103, 0x2124, 0x2124, 0x2124,
  0x2103, 0x0040, 0x0060, 0x0060, 0x0880, 0x0080, 0x0080, 0x0080, 0x0080, 0x0080, 0x0060, 0x0060,
  0x0880, 0x08a0, 0x08a0, 0x10e0, 0x10e0, 0x10c0, 0x0880, 0x0080, 0x0060, 0x0040, 0x0040, 0x0060,
  0x0060, 0x0080, 0x0880, 0x0080, 0x0880, 0x08a0, 0x2943, 0x2944, 0x18e3, 0x1903, 0x2123, 0x2103,
  0x2924, 0x2103, 0x2123, 0x2923, 0x2923, 0x3184, 0x3184, 0x39a4, 0x3184, 0x3164, 0x3164, 0x39a4,
  0x39a4, 0x39a5, 0x49e5, 0x49e5, 0x5a66, 0x5246, 0x5225, 0x5225, 0x4a25, 0x4a26, 0x5205, 0x49e5,
  0x49e5, 0x4a05, 0x49e5, 0x41e5, 0x3164, 0x3184, 0x3184, 0x2944, 0x2923, 0x2943, 0x2923, 0x2103,
  0x2103, 0x2123, 0x2103, 0x2103, 0x20e3, 0x2103, 0x18e3, 0x0861, 0x0060, 0x0060, 0x0040, 0x0060,
  0x0060, 0x0060, 0x0040, 0x0060, 0x0060, 0x0060, 0x0880, 0x08a0, 0x08a0, 0x10c0, 0x08a0, 0x10c0,
  0x08a0, 0x0060, 0x0060, 0x0060, 0x0060, 0x0060, 0x0040, 0x0060, 0x0880, 0x0880, 0x0060, 0x10a1,
  0x3164, 0x18e2, 0x18e3, 0x18e3, 0x2123, 0x2103, 0x2123, 0x2923, 0x2923, 0x2944, 0x2944, 0x3164,
  0x3164, 0x2944, 0x2103, 0x2923, 0x39a5, 0x3185, 0x3185, 0x3164, 0x2964, 0x2964, 0x3165, 0x3185,
  0x3164, 0x2944, 0x2123, 0x2123, 0x2103, 0x2123, 0x2964, 0x2964, 0x2964, 0x2124, 0x2124, 0x2103,
  0x2103, 0x2103, 0x18e3, 0x18e3, 0x2103, 0x2123, 0x2123, 0x2103, 0x2964, 0x0881, 0x0060, 0x0060,
  0x0060, 0x0060, 0x0060, 0x0060, 0x0060, 0x0060, 0x0080, 0x0080, 0x0060, 0x0060, 0x0060, 0x0060,
  0x0880, 0x0880, 0x0880, 0x2124, 0x3184, 0x18e3, 0x18e3, 0x2103, 0x2124, 0x2103, 0x2103, 0x20e3,
  0x20e3, 0x18e3, 0x2103, 0x2103, 0x2123, 0x2943, 0x2943, 0x3164, 0x3164, 0x3144, 0x39a4, 0x41e5,
  0x4a05, 0x5225, 0x5225, 0x4a05, 0x49e5, 0x49e4, 0x41e5, 0x41c4, 0x49e5, 0x41c5, 0x49e5, 0x49e5,
  0x49e5, 0x41a4, 0x3164, 0x3144, 0x3144, 0x2923, 0x2123, 0x2923, 0x2123, 0x2944, 0x2123, 0x2944,
  0x10a2, 0x10a2, 0x10a2, 0x10c2, 0x10c2, 0x18c3, 0x18c3, 0x18e3, 0x18e3, 0x2103, 0x2103, 0x2103,
  0x2103, 0x2923, 0x2923, 0x3164, 0x3164, 0x3144, 0x3164, 0x2944, 0x2943, 0x2923, 0x2943, 0x2123,
  0x2923, 0x2923, 0x2123, 0x2103, 0x2103, 0x18e3, 0x18e3, 0x18e3, 0x18e3, 0x18e3, 0x18c3, 0x10a2,
  0x18c3, 0x18c2, 0x18e3, 0x18e3, 0x18e3, 0x18e3, 0x2103, 0x2103, 0x2943, 0x2943, 0x2943, 0x2923,
  0x2943, 0x2963, 0x2943, 0x2943, 0x2943, 0x2943, 0x2943, 0x2943, 0x2943, 0x2923, 0x2923, 0x2944,
  0x10c2, 0x1082, 0x1082, 0x1082, 0x10a2, 0x10a2, 0x10c2, 0x18c2, 0x10a2, 0x1081, 0x0861, 0x0861,
  0x1082, 0x10a2, 0x1082, 0x18c2, 0x10a2, 0x0861, 0x0881, 0x0861, 0x1082, 0x1082, 0x10a2, 0x10a2,
  0x10a2, 0x1082, 0x1082, 0x10a2, 0x10c2, 0x10a2, 0x1082, 0x0881, 0x1082, 0x1081, 0x1081, 0x1081,
  0x10a2, 0x1081, 0x10a2, 0x10a2, 0x10a2, 0x10a2, 0x10a2, 0x1082, 0x18e3, 0x2103, 0x2123, 0x2943,
  0x2923, 0x2943, 0x2923, 0x2943, 0x2943, 0x2943, 0x2943, 0x2923, 0x2943, 0x2943, 0x2943, 0x2963,
  0x2943, 0x3164, 0x2923, 0x2943, 0x2943, 0x2923, 0x2923, 0x3164, 0x2944, 0x2944, 0x2943, 0x2923,
  0x2923, 0x2924, 0x2964, 0x1903, 0x18e3, 0x18e3, 0x18e3, 0x18c2, 0x18e3, 0x18e3, 0x10a2, 0x10c2,
  0x18c3, 0x10c2, 0x18e3, 0x10c2, 0x18c2, 0x10a2, 0x10a2, 0x18c2, 0x2103, 0x2103, 0x2103, 0x2943,
  0x2923, 0x2943, 0x2923, 0x2923, 0x2103, 0x2123, 0x2123, 0x2123, 0x2123, 0x2103, 0x18e3, 0x18e2,
  0x18c2, 0x10c2, 0x18c2, 0x18c2, 0x2103, 0x18c3, 0x18e3, 0x2103, 0x18e3, 0x20e3, 0x20e3, 0x2103,
  0x18c2, 0x2944, 0x2103, 0x2103, 0x2943, 0x2944, 0x2964, 0x2964, 0x2943, 0x2943, 0x2943, 0x2963,
  0x3164, 0x3164, 0x3163, 0x3164, 0x3184, 0x3164, 0x2963, 0x2943, 0x2943, 0x2923, 0x2943, 0x3164,
  0x3164, 0x3164, 0x2943, 0x2923, 0x2943, 0x2943, 0x2943, 0x2103, 0x2944, 0x0861, 0x0881, 0x1082,
  0x1082, 0x10a2, 0x10a2, 0x10a2, 0x10c2, 0x1082, 0x0881, 0x0881, 0x0881, 0x0881, 0x0882, 0x10c2,
  0x10a2, 0x10a2, 0x1082, 0x0882, 0x0882, 0x1082, 0x1082, 0x10a2, 0x10a2, 0x10a2, 0x1082, 0x1082,
  0x10a2, 0x10a2, 0x1082, 0x0882, 0x10a2, 0x10a2, 0x1082, 0x10a2, 0x10a2, 0x10a2, 0x10a2, 0x10a2,
  0x10a2, 0x10a2, 0x1082, 0x1082, 0x18e3, 0x2103, 0x2102, 0x2943, 0x2943, 0x2923, 0x2923, 0x2923,
  0x2943, 0x2943, 0x2943, 0x2923, 0x2923, 0x2943, 0x3143, 0x3163, 0x3163, 0x3183, 0x20e2, 0x2964,
  0x18e3, 0x18e3, 0x18e3, 0x18e3, 0x18e3, 0x18e3, 0x18e3, 0x18e3, 0x2103, 0x2103, 0x18e3, 0x2103,
  0x2103, 0x2123, 0x2943, 0x2923, 0x2103, 0x2103, 0x2103, 0x2103, 0x2923, 0x2944, 0x2944, 0x2923,
  0x2923, 0x2943, 0x2103, 0x2923, 0x2123, 0x2103, 0x2943, 0x2103, 0x2103, 0x18e3, 0x18c2, 0x20e3,
  0x18e2, 0x2103, 0x20e3, 0x2103, 0x2103, 0x20e3, 0x2103, 0x18e3, 0x18e3, 0x18e3, 0x18e3, 0x18e3,
  0x18e3, 0x18e3, 0x18e3, 0x18e3, 0x2103, 0x2103, 0x2103, 0x2103, 0x2103, 0x2123, 0x2124, 0x2124,
  0x2124, 0x2124, 0x2124, 0x2124, 0x2123, 0x2103, 0x2123, 0x2103, 0x2103, 0x2103, 0x2103, 0x18e3,
  0x18e3, 0x18e3, 0x18e3, 0x18e3, 0x18c3, 0x18c3, 0x10c3, 0x10c3, 0x10a2, 0x10a2, 0x10a2, 0x18e3,
  0x18e3, 0x18e3, 0x18c3, 0x39e6, 0x4a47, 0x4a47, 0x4a27, 0x4a27, 0x4a27, 0x4a47, 0x4a47, 0x4a27,
  0x4a27, 0x4a27, 0x4a27, 0x4a27, 0x4a26, 0x4a06, 0x41e6, 0x2103, 0x18e3, 0x18e3, 0x18e3, 0x1903,
  0x18e3, 0x18e3, 0x2103, 0x2104, 0x2103, 0x2103, 0x1903, 0x2103, 0x2104, 0x2124, 0x2103, 0x2124,
  0x18e3, 0x18e3, 0x18e3, 0x18e3, 0x18e3, 0x1903, 0x2103, 0x2104, 0x2104, 0x1903, 0x1903, 0x18e3,
  0x1903, 0x18e3, 0x2944, 0x1903, 0x2124, 0x2103, 0x1903, 0x18e3, 0x18e3, 0x1903, 0x1903, 0x1903,
  0x1903, 0x1903, 0x1903, 0x2124, 0x2124, 0x39c6, 0x41e6, 0x5247, 0x5247, 0x5247, 0x4a47, 0x4a47,
  0x4a47, 0x4a47, 0x4a47, 0x5247, 0x4a47, 0x4a27, 0x4a27, 0x4a27, 0x4a26, 0x5247, 0x4a27, 0x4a27,
  0x4a27, 0x4a27, 0x4a27, 0x5247, 0x4a47, 0x4a47, 0x4a27, 0x4a06, 0x4a27, 0x4a27, 0x1904, 0x18e3,
  0x18c3, 0x18c3, 0x18c3, 0x10a3, 0x18c3, 0x18e3, 0x18e3, 0x2104, 0x2104, 0x1903, 0x1903, 0x1903,
  0x18e3, 0x18e3, 0x1903, 0x1903, 0x2123, 0x2103, 0x2123, 0x2123, 0x2124, 0x2123, 0x2123, 0x2123,
  0x2103, 0x2103, 0x2104, 0x2124, 0x2124, 0x2103, 0x1903, 0x18e3, 0x18e3, 0x18e3, 0x18e3, 0x18e3,
  0x18e3, 0x18e3, 0x1904, 0x18e4, 0x18e3, 0x18e3, 0x18c3, 0x18e3, 0x10c3, 0x18e3, 0x18e3, 0x39c6,
  0x4227, 0x4a47, 0x4a68, 0x5268, 0x5268, 0x5248, 0x4a47, 0x5267, 0x5268, 0x5268, 0x5267, 0x5247,
  0x5248, 0x5247, 0x4a27, 0x4a27, 0x4a27, 0x4a07, 0x4a27, 0x5268, 0x5288, 0x5267, 0x5267, 0x4a27,
  0x4a47, 0x4a27, 0x4a27, 0x41e5, 0x18e3, 0x18e3, 0x18e3, 0x2103, 0x18e3, 0x1904, 0x2124, 0x2124,
  0x2104, 0x2103, 0x2103, 0x1903, 0x2104, 0x2124, 0x18c3, 0x2124, 0x1904, 0x1903, 0x18e3, 0x1903,
  0x1903, 0x1903, 0x1903, 0x1904, 0x1904, 0x2104, 0x1904, 0x1904, 0x1904, 0x1904, 0x18e3, 0x2123,
  0x2124, 0x2103, 0x1903, 0x2104, 0x2104, 0x2104, 0x2104, 0x2104, 0x1903, 0x1903, 0x1903, 0x1903,
  0x18e3, 0x3165, 0x39c5, 0x4a06, 0x4206, 0x41e6, 0x4206, 0x4a06, 0x4a27, 0x4a47, 0x4a47, 0x4a27,
  0x4a27, 0x4a47, 0x5267, 0x5a87, 0x5a87, 0x5a87, 0x41e5, 0x10c3, 0x18c3, 0x18e3, 0x18c3, 0x10a2,
  0x10a2, 0x10a2, 0x10a2, 0x10c3, 0x18e3, 0x18c3, 0x18e3, 0x18e3, 0x1903, 0x1903, 0x2123, 0x2103,
  0x2103, 0x2103, 0x2103, 0x2103, 0x2123, 0x2123, 0x2923, 0x2123, 0x2923, 0x2923, 0x2103, 0x2123,
  0x2124, 0x2123, 0x2103, 0x18e3, 0x18e3, 0x18c3, 0x18c2, 0x18c3, 0x10c3, 0x18e3, 0x18e3, 0x18e3,
  0x18e3, 0x18c3, 0x18e3, 0x18c3, 0x1903, 0x2104, 0x2104, 0x1903, 0x1904, 0x1903, 0x18e3, 0x18e3,
  0x1903, 0x1903, 0x1903, 0x18e3, 0x1903, 0x1903, 0x1903, 0x1903, 0x1903, 0x1903, 0x18e3, 0x18e3,
  0x18e3, 0x18e3, 0x18e3, 0x18e3, 0x18e3, 0x18e3, 0x18e3, 0x18e3, 0x18e3, 0x18e3, 0x18e3, 0x18e3,
  0x18e3, 0x18e3, 0x18e3, 0x18e3, 0x18e4, 0x18e3, 0x18e3, 0x1904, 0x1904, 0x2104, 0x1904, 0x1904,
  0x1904, 0x18e3, 0x18e3, 0x18e3, 0x18e4, 0x18e3, 0x18e3, 0x18e4, 0x18e4, 0x1903, 0x1903, 0x18e3,
  0x18e3, 0x18e3, 0x18e3, 0x1903, 0x1903, 0x2103, 0x2103, 0x1904, 0x18e4, 0x18e4, 0x1904, 0x1904,
  0x2104, 0x1904, 0x2124, 0x2124, 0x2124, 0x2124, 0x2103, 0x2124, 0x18e3, 0x1903, 0x1903, 0x18e3,
  0x18e3, 0x18e3, 0x2104, 0x2104, 0x2104, 0x1904, 0x18e3, 0x18e3, 0x18e3, 0x18e3, 0x2104, 0x39c5,
  0x18c3, 0x2104, 0x1903, 0x1903, 0x1903, 0x1903, 0x1903, 0x18e3, 0x18e4, 0x18e3, 0x1903, 0x2104,
  0x1904, 0x1904, 0x1904, 0x1904, 0x1904, 0x1904, 0x2104, 0x1904, 0x2104, 0x1904, 0x1904, 0x1903,
  0x1904, 0x1903, 0x1903, 0x1903, 0x18e4, 0x18e4, 0x1904, 0x18e4, 0x1904, 0x1904, 0x1904, 0x1904,
  0x2104, 0x18e4, 0x2104, 0x2104, 0x2124, 0x2124, 0x2124, 0x1904, 0x1904, 0x1904, 0x1904, 0x2124,
  0x1904, 0x1904, 0x2124, 0x2124, 0x2124, 0x2124, 0x2144, 0x1903, 0x18e3, 0x1904, 0x1903, 0x1903,
  0x1904, 0x1904, 0x2104, 0x1904, 0x18e3, 0x18e3, 0x1903, 0x18e3, 0x18e3, 0x1903, 0x1903, 0x1904,
  0x1904, 0x2104, 0x2104, 0x18e3, 0x18e3, 0x18e3, 0x1904, 0x1904, 0x2124, 0x2104, 0x2104, 0x1904,
  0x1904, 0x2104, 0x1904, 0x2104, 0x1904, 0x1904, 0x2104, 0x2104, 0x2104, 0x1904, 0x1904, 0x18e4,
  0x18e3, 0x18e4, 0x18e3, 0x18e4, 0x1904, 0x1904, 0x18e4, 0x18e3, 0x1904, 0x1904, 0x18e4, 0x1904,
  0x1904, 0x18e4, 0x18e4, 0x18e4, 0x18e4, 0x18e4, 0x1904, 0x2104, 0x1904, 0x1903, 0x18e4, 0x1904,
  0x2104, 0x1904, 0x1904, 0x2103, 0x18e3, 0x1904, 0x2104, 0x2104, 0x1904, 0x1904, 0x2104, 0x2104,
  0x2104, 0x18e3, 0x2965, 0x1903, 0x18e3, 0x1903, 0x1903, 0x1903, 0x1903, 0x1903, 0x1903, 0x1904,
  0x1904, 0x1903, 0x1904, 0x1903, 0x2104, 0x2104, 0x2965, 0x2103, 0x2104, 0x2104, 0x2104, 0x2104,
  0x2103, 0x2104, 0x2104, 0x1904, 0x1903, 0x1904, 0x2104, 0x2104, 0x1904, 0x1904, 0x18e3, 0x18e3,
  0x1903, 0x2103, 0x18e3, 0x18e3, 0x1903, 0x18e3, 0x18e3, 0x1903, 0x2104, 0x2104, 0x1904, 0x1904,
  0x1903, 0x1903, 0x18e3, 0x1903, 0x1904, 0x1904, 0x1904, 0x18e3, 0x18e3, 0x18e3, 0x18e3, 0x1903,
  0x1904, 0x1904, 0x18e4, 0x18e3, 0x18e3, 0x1904, 0x1903, 0x1903, 0x1903, 0x1903, 0x1903, 0x2103,
  0x1903, 0x1903, 0x1903, 0x2103, 0x2104, 0x2104, 0x2104, 0x2104, 0x2104, 0x2104, 0x18e3, 0x18e3,
  0x1903, 0x18e3, 0x18e3, 0x18e3, 0x1904, 0x1904, 0x1904, 0x1904, 0x18e4, 0x1903, 0x1903, 0x1903,
  0x1904, 0x2104, 0x2104, 0x1904, 0x1903, 0x18e3, 0x0882, 0x0882, 0x10a2, 0x10a2, 0x10a2, 0x10c3,
  0x10c3, 0x10c3, 0x10a2, 0x1082, 0x0882, 0x1082, 0x0882, 0x0882, 0x1082, 0x10a2, 0x10a2, 0x10a2,
  0x1082, 0x0882, 0x0882, 0x0882, 0x0882, 0x10a2, 0x10c3, 0x10a2, 0x1082, 0x0882, 0x1082, 0x18e3,
  0x18e4, 0x18e3, 0x18e3, 0x1904, 0x1904, 0x1904, 0x1904, 0x1903, 0x1903, 0x18e4, 0x18e3, 0x18e4,
  0x18e4, 0x18e3, 0x18e4, 0x18e4, 0x18e4, 0x1904, 0x1904, 0x1904, 0x18e3, 0x1904, 0x18e3, 0x18e3,
  0x1903, 0x1904, 0x1904, 0x1904, 0x1904, 0x1904, 0x1904, 0x1904, 0x1904, 0x2104, 0x1904, 0x2124,
  0x2144, 0x10c3, 0x10a2, 0x10a2, 0x10a2, 0x10a3, 0x10a3, 0x10a2, 0x10a2, 0x10a2, 0x10a2, 0x10a2,
  0x10a2, 0x10a2, 0x10a2, 0x10a2, 0x10a2, 0x10a2, 0x10a2, 0x10c3, 0x1082, 0x18e3, 0x2104, 0x2104,
  0x1904, 0x1903, 0x1903, 0x18e3, 0x1904, 0x1903, 0x1904, 0x1904, 0x1904, 0x1904, 0x1904, 0x1904,
  0x1904, 0x1904, 0x1904, 0x1904, 0x2104, 0x1904, 0x1904, 0x1904, 0x1904, 0x1904, 0x1904, 0x1904,
  0x1904, 0x1904, 0x1904, 0x1904, 0x18e4, 0x1904, 0x1904, 0x1904, 0x1904, 0x1904, 0x1904, 0x2124,
  0x2124, 0x2124, 0x2124, 0x1904, 0x2104, 0x2104, 0x2104, 0x2104, 0x1904, 0x2104, 0x2124, 0x2104,
  0x1904, 0x1904, 0x1904, 0x1904, 0x1904, 0x18e3, 0x10a2, 0x1082, 0x10a2, 0x10a2, 0x10a2, 0x10a2,
  0x1082, 0x1082, 0x10a2, 0x10a2, 0x10a2, 0x10a2, 0x10a2, 0x10a2, 0x10a2, 0x10a2, 0x10a2, 0x10a2,
  0x10a2, 0x10a2, 0x18e3, 0x1904, 0x1904, 0x2104, 0x1904, 0x2104, 0x2104, 0x2104, 0x2104, 0x1904,
  0x1904, 0x1904, 0x2104, 0x2104, 0x2104, 0x1904, 0x1904, 0x1904, 0x1904, 0x1904, 0x1904, 0x1904,
  0x18e4, 0x18e4, 0x1903, 0x1903, 0x1904, 0x1904, 0x1904, 0x1904, 0x1904, 0x18e4, 0x18e4, 0x1904,
  0x1904, 0x18e4, 0x1904, 0x1904, 0x1904, 0x18e4, 0x1904, 0x1904, 0x2104, 0x2104, 0x1904, 0x1904,
  0x1904, 0x1904, 0x2104, 0x1904, 0x2104, 0x18e4, 0x2104, 0x2104, 0x2124, 0x10a2, 0x18e3, 0x10a2,
  0x10a2, 0x10c3, 0x10c3, 0x10a3, 0x10a2, 0x10a2, 0x10a2, 0x10a3, 0x10a3, 0x10a3, 0x10a2, 0x10a2,
  0x10a2, 0x10c3, 0x18e3, 0x18e3, 0x18c3, 0x2104, 0x2104, 0x2104, 0x2104, 0x1904, 0x2104, 0x1904,
  0x1904, 0x1904, 0x1904, 0x1904, 0x1904, 0x1904, 0x1904, 0x1904, 0x1904, 0x1904, 0x1904, 0x1904,
  0x18e4, 0x18e4, 0x18e3, 0x1903, 0x1904, 0x1904, 0x1904, 0x1904, 0x1904, 0x1904, 0x1904, 0x1903,
  0x1903, 0x1904, 0x1904, 0x1904, 0x1904, 0x1904, 0x1904, 0x1904, 0x10a3, 0x10a2, 0x1082, 0x10a2,
  0x1082, 0x0882, 0x1082, 0x10a2, 0x10a2, 0x10a2, 0x10a2, 0x10a2, 0x1082, 0x10a2, 0x10a2, 0x10a2,
  0x10c2, 0x10c3, 0x10c3, 0x10c3, 0x10a2, 0x10a2, 0x0882, 0x0882, 0x1082, 0x10a2, 0x10a2, 0x10a2,
  0x18e3, 0x18e3, 0x18e3, 0x18e3, 0x18e3, 0x18e3, 0x18e3, 0x18e3, 0x18e4, 0x1904, 0x1904, 0x2104,
  0x18e3, 0x10a2, 0x4206, 0x3185, 0x2103, 0x39c6, 0x2964, 0x3185, 0x39c6, 0x2103, 0x39c6, 0x39a5,
  0x10c2, 0x2124, 0x1903, 0x2104, 0x2944, 0x18e3, 0x2944, 0x2964, 0x3184, 0x18e3, 0x2965, 0x2124,
  0x2944, 0x39c6, 0x2124, 0x2104, 0x2965, 0x2124, 0x4227, 0x18e3, 0x18e4, 0x18e3, 0x18e3, 0x1904,
  0x18e4, 0x18e3, 0x18e3, 0x18e4, 0x18e4, 0x18e4, 0x18e3, 0x18e3, 0x18e4, 0x18e3, 0x18e4, 0x18e4,
  0x18e4, 0x18e4, 0x1904, 0x1904, 0x1904, 0x1904, 0x18e3, 0x18e3, 0x18e3, 0x1904, 0x18e4, 0x1904,
  0x1904, 0x1904, 0x1903, 0x1904, 0x1904, 0x1904, 0x1904, 0x1904, 0x2103, 0x39e6, 0x31a6, 0x31a6,
  0x3185, 0x3185, 0x39a5, 0x31a5, 0x2144, 0x2945, 0x2124, 0x2144, 0x2124, 0x1904, 0x2965, 0x2965,
  0x2945, 0x2965, 0x2124, 0x2965, 0x3185, 0x39c6, 0x10a2, 0x1904, 0x1904, 0x1904, 0x1903, 0x1904,
  0x1904, 0x1904, 0x1904, 0x1904, 0x1904, 0x1904, 0x1904, 0x1904, 0x1904, 0x1904, 0x1904, 0x1904,
  0x1904, 0x1904, 0x1904, 0x1904, 0x1904, 0x1904, 0x1904, 0x1904, 0x1903, 0x1904, 0x1904, 0x1904,
  0x1904, 0x1904, 0x1904, 0x2104, 0x1904, 0x1904, 0x1904, 0x2104, 0x1904, 0x2104, 0x2104, 0x2104,
  0x2104, 0x2104, 0x2104, 0x2104, 0x1904, 0x2104, 0x2104, 0x2104, 0x2104, 0x2104, 0x2104, 0x2124,
  0x1903, 0x3185, 0x62c8, 0x5267, 0x5246, 0x4a46, 0x5266, 0x4a46, 0x5226, 0x5226, 0x4206, 0x5246,
  0x4a26, 0x41e6, 0x4206, 0x41e5, 0x4206, 0x4206, 0x4206, 0x4206, 0x4a26, 0x4a47, 0x39c5, 0x1903,
  0x2104, 0x1904, 0x1904, 0x1904, 0x2104, 0x1904, 0x1904, 0x1904, 0x1904, 0x2104, 0x1904, 0x2104,
  0x1904, 0x1904, 0x18e4, 0x18e4, 0x1904, 0x1904, 0x1904, 0x1904, 0x1904, 0x1904, 0x1904, 0x1904,
  0x1904, 0x1904, 0x1904, 0x1904, 0x1904, 0x18e4, 0x1904, 0x18e4, 0x1904, 0x18e4, 0x18e4, 0x18e4,
  0x18e3, 0x1904, 0x1904, 0x1904, 0x1904, 0x1904, 0x1904, 0x1904, 0x1904, 0x1904, 0x1904, 0x1904,
  0x2104, 0x1904, 0x1904, 0x18e3, 0x2964, 0x39e6, 0x2945, 0x2965, 0x2945, 0x2124, 0x2144, 0x2124,
  0x2124, 0x2124, 0x2124, 0x2124, 0x1904, 0x1904, 0x1904, 0x2104, 0x2144, 0x2965, 0x2144, 0x31a6,
  0x5268, 0x2124, 0x2104, 0x2104, 0x2104, 0x1904, 0x1904, 0x1904, 0x1904, 0x1904, 0x1904, 0x1904,
  0x1904, 0x1904, 0x1904, 0x1904, 0x18e4, 0x18e4, 0x18e4, 0x1904, 0x1904, 0x1904, 0x1904, 0x1903,
  0x1904, 0x1904, 0x1904, 0x1904, 0x1904, 0x1904, 0x18e4, 0x18e3, 0x18e3, 0x18e3, 0x18e3, 0x1904,
  0x1904, 0x1904, 0x18e3, 0x10a2, 0x39c5, 0x39c6, 0x2124, 0x2144, 0x18e3, 0x31a5, 0x2124, 0x2124,
  0x3185, 0x2964, 0x31a5, 0x18e3, 0x3185, 0x2123, 0x2103, 0x2964, 0x2964, 0x2103, 0x2964, 0x3185,
  0x2964, 0x2123, 0x2964, 0x2944, 0x18e3, 0x2124, 0x31c5, 0x4227, 0x10a2, 0x18e3, 0x18e3, 0x18e3,
  0x18e3, 0x18e3, 0x18e3, 0x18e3, 0x1904, 0x1904, 0x1904, 0x1904, 0x18c3, 0x3185, 0x31a5, 0x2104,
  0x3185, 0x2965, 0x3185, 0x39e6, 0x2944, 0x41e6, 0x31a5, 0x18e3, 0x2944, 0x2124, 0x2104, 0x1904,
  0x2104, 0x2124, 0x2965, 0x2965, 0x2964, 0x3185, 0x2945, 0x39c6, 0x2944, 0x2945, 0x31a6, 0x1903,
  0x2965, 0x1904, 0x31a6, 0x39a5, 0x10c3, 0x18e4, 0x18e4, 0x1904, 0x18e4, 0x18e3, 0x18e4, 0x18e4,
  0x18e4, 0x18e4, 0x18e4, 0x18e4, 0x1904, 0x1904, 0x1904, 0x1904, 0x1904, 0x1904, 0x1904, 0x1904,
  0x1904, 0x1904, 0x18e4, 0x18e4, 0x18e4, 0x18e4, 0x1904, 0x1904, 0x18e4, 0x18e4, 0x1904, 0x1904,
  0x1904, 0x18e4, 0x18e3, 0x18c3, 0x4a27, 0x3185, 0x39a6, 0x31a6, 0x3185, 0x39c6, 0x3185, 0x2945,
  0x2145, 0x2144, 0x2965, 0x2124, 0x2144, 0x2124, 0x2124, 0x2124, 0x2145, 0x3185, 0x2145, 0x2145,
  0x2965, 0x4206, 0x2944, 0x1082, 0x1903, 0x1904, 0x1904, 0x1904, 0x1904, 0x1904, 0x1904, 0x1904,
  0x1904, 0x1904, 0x1904, 0x1904, 0x1904, 0x1904, 0x1904, 0x1904, 0x1904, 0x1904, 0x1904, 0x1904,
  0x1904, 0x1904, 0x1904, 0x1904, 0x1904, 0x1904, 0x1904, 0x1904, 0x1904, 0x1904, 0x1904, 0x1904,
  0x2104, 0x2104, 0x2104, 0x2104, 0x1904, 0x1904, 0x1904, 0x2104, 0x2104, 0x2104, 0x2104, 0x2104,
  0x2104, 0x1904, 0x1904, 0x1904, 0x1904, 0x2104, 0x2124, 0x2124, 0x2124, 0x4a27, 0x4206, 0x39c6,
  0x3185, 0x3185, 0x3185, 0x39a5, 0x39a5, 0x39a5, 0x39c6, 0x39c6, 0x31a6, 0x2986, 0x3185, 0x31a6,
  0x2965, 0x3165, 0x3185, 0x31a5, 0x31a5, 0x39c6, 0x4206, 0x18e3, 0x1904, 0x1904, 0x1904, 0x1904,
  0x18e3, 0x1904, 0x1904, 0x2104, 0x1904, 0x1904, 0x1904, 0x1904, 0x1904, 0x18e4, 0x18e4, 0x18e4,
  0x1904, 0x1904, 0x1904, 0x1904, 0x1904, 0x1904, 0x1904, 0x2104, 0x2104, 0x1904, 0x1904, 0x1904,
  0x1904, 0x1904, 0x1904, 0x1904, 0x18e4, 0x18e4, 0x18e4, 0x18e3, 0x18e4, 0x1904, 0x1904, 0x2104,
  0x2104, 0x1904, 0x1904, 0x1904, 0x1904, 0x1904, 0x1904, 0x1904, 0x1904, 0x1904, 0x1904, 0x10c3,
  0x4207, 0x2944, 0x2124, 0x31a6, 0x2965, 0x2965, 0x2124, 0x2124, 0x2124, 0x2124, 0x2124, 0x2104,
  0x2124, 0x2124, 0x2124, 0x2124, 0x2124, 0x2945, 0x2985, 0x2144, 0x4207, 0x39c6, 0x10a2, 0x18e3,
  0x2104, 0x2104, 0x1904, 0x1904, 0x1904, 0x18e4, 0x1904, 0x18e3, 0x18e4, 0x1904, 0x18e4, 0x1904,
  0x18e4, 0x18e4, 0x18e4, 0x18e4, 0x1904, 0x1904, 0x1904, 0x1904, 0x1904, 0x1904, 0x1904, 0x1904,
  0x1904, 0x1904, 0x1904, 0x18e4, 0x18e4, 0x1904, 0x1904, 0x1904, 0x18e4, 0x18e3, 0x10a2, 0x1903,
  0x4207, 0x2145, 0x2124, 0x2124, 0x31a5, 0x3185, 0x18e3, 0x2944, 0x31a5, 0x2985, 0x2104, 0x2965,
  0x2964, 0x2944, 0x2124, 0x2144, 0x31a5, 0x2944, 0x2104, 0x1903, 0x3185, 0x3164, 0x1903, 0x31a5,
  0x2944, 0x2124, 0x3185, 0x39c6, 0x3185, 0x10a2, 0x18e3, 0x18e3, 0x18e3, 0x18e3, 0x18e3, 0x18e4,
  0x1924, 0x2144, 0x18e3, 0x0882, 0x2985, 0x4207, 0x2124, 0x2965, 0x31a6, 0x3185, 0x31a6, 0x2124,
  0x39c6, 0x39a5, 0x2104, 0x3185, 0x2124, 0x2104, 0x2104, 0x2124, 0x2124, 0x2124, 0x2104, 0x2945,
  0x1903, 0x3185, 0x2124, 0x2144, 0x31a6, 0x2104, 0x2144, 0x2965, 0x2124, 0x31a6, 0x2145, 0x31a6,
  0x2944, 0x10a2, 0x18e3, 0x2124, 0x2124, 0x2125, 0x2125, 0x2125, 0x2145, 0x2125, 0x2145, 0x2145,
  0x2145, 0x2145, 0x2145, 0x2125, 0x2145, 0x2145, 0x2145, 0x2145, 0x2124, 0x2125, 0x2145, 0x2145,
  0x2945, 0x2945, 0x2965, 0x2966, 0x2145, 0x2145, 0x2145, 0x2145, 0x2124, 0x10a3, 0x0041, 0x39c6,
  0x4a27, 0x2965, 0x2965, 0x2965, 0x39c6, 0x3185, 0x2945, 0x2945, 0x3185, 0x2144, 0x2144, 0x2965,
  0x2124, 0x2945, 0x2144, 0x2965, 0x2945, 0x2145, 0x3186, 0x2124, 0x2145, 0x2965, 0x39c6, 0x1903,
  0x0882, 0x18e3, 0x2104, 0x2124, 0x2125, 0x2124, 0x2125, 0x2125, 0x2124, 0x2124, 0x1904, 0x2124,
  0x2124, 0x2104, 0x2104, 0x2124, 0x2124, 0x2124, 0x2124, 0x2125, 0x2125, 0x2125, 0x2124, 0x2124,
  0x2124, 0x2104, 0x2104, 0x2124, 0x2124, 0x2124, 0x2124, 0x2124, 0x2124, 0x2124, 0x2145, 0x2945,
  0x2145, 0x2965, 0x2145, 0x2165, 0x2145, 0x2145, 0x2965, 0x2965, 0x2945, 0x2145, 0x2124, 0x2145,
  0x2125, 0x1904, 0x10c3, 0x2944, 0x41e6, 0x41e6, 0x3185, 0x39c6, 0x39a6, 0x39c6, 0x2965, 0x39c5,
  0x39c5, 0x3185, 0x3165, 0x3165, 0x3185, 0x31a5, 0x2965, 0x2144, 0x39a5, 0x2965, 0x41e6, 0x39a6,
  0x39a6, 0x3165, 0x41e7, 0x39c6, 0x0021, 0x10a2, 0x2144, 0x2145, 0x1904, 0x2124, 0x2965, 0x2945,
  0x2145, 0x2945, 0x2945, 0x2945, 0x2145, 0x2125, 0x2145, 0x2104, 0x2125, 0x2125, 0x2125, 0x2125,
  0x2125, 0x2125, 0x2125, 0x2145, 0x2965, 0x3186, 0x3186, 0x2945, 0x2145, 0x2965, 0x2965, 0x2965,
  0x2965, 0x2145, 0x2145, 0x2145, 0x2144, 0x2124, 0x2104, 0x2104, 0x2124, 0x2124, 0x2124, 0x2124,
  0x2124, 0x2125, 0x2124, 0x2145, 0x2145, 0x18e4, 0x10a2, 0x4207, 0x31a6, 0x2124, 0x3185, 0x2945,
  0x2965, 0x2965, 0x2965, 0x2125, 0x2125, 0x2124, 0x2124, 0x2104, 0x2104, 0x2124, 0x2124, 0x2124,
  0x2986, 0x2965, 0x2965, 0x2945, 0x2144, 0x39c6, 0x2104, 0x08a2, 0x18e3, 0x2965, 0x2125, 0x2104,
  0x2104, 0x2124, 0x2124, 0x2124, 0x2945, 0x2124, 0x2145, 0x2145, 0x3186, 0x3186, 0x2986, 0x2986,
  0x2965, 0x2965, 0x2145, 0x1904, 0x2965, 0x2145, 0x2125, 0x2125, 0x2145, 0x2145, 0x2145, 0x2145,
  0x2145, 0x2125, 0x2125, 0x2124, 0x2124, 0x0862, 0x1903, 0x31a6, 0x2965, 0x2145, 0x2144, 0x31a6,
  0x3185, 0x1904, 0x2124, 0x31a5, 0x2124, 0x18e3, 0x2124, 0x2965, 0x2103, 0x2924, 0x2104, 0x3165,
  0x18e3, 0x2944, 0x1903, 0x3164, 0x18c3, 0x2944, 0x2944, 0x2124, 0x41e6, 0x2965, 0x2124, 0x39c6,
  0x39e6, 0x2103, 0x0041, 0x18e3, 0x1904, 0x2104, 0x2125, 0x18e3, 0x0862, 0x0861, 0x0041, 0x0041,
  0x3185, 0x2965, 0x2124, 0x3165, 0x1903, 0x3185, 0x2124, 0x1903, 0x3185, 0x18e3, 0x2965, 0x2944,
  0x2944, 0x2944, 0x2944, 0x2965, 0x2945, 0x2945, 0x2144, 0x2124, 0x2124, 0x2124, 0x2945, 0x2104,
  0x2124, 0x2144, 0x10c3, 0x2945, 0x18e3, 0x2965, 0x2124, 0x3185, 0x2124, 0x0041, 0x0861, 0x0862,
  0x0861, 0x0861, 0x0861, 0x0862, 0x0862, 0x0862, 0x0862, 0x0862, 0x0862, 0x0862, 0x0861, 0x0861,
  0x0861, 0x0861, 0x0861, 0x0862, 0x0862, 0x0861, 0x0861, 0x0861, 0x0861, 0x0861, 0x0862, 0x0862,
  0x0862, 0x0862, 0x0862, 0x0862, 0x0862, 0x0862, 0x0041, 0x31a6, 0x2965, 0x2965, 0x2124, 0x2124,
  0x2124, 0x2104, 0x2124, 0x18e3, 0x1904, 0x1904, 0x1904, 0x1904, 0x18e4, 0x18e3, 0x1904, 0x1904,
  0x2104, 0x18e3, 0x1904, 0x1904, 0x18e4, 0x2124, 0x2965, 0x0882, 0x0041, 0x0882, 0x0862, 0x0882,
  0x0882, 0x0882, 0x0882, 0x0882, 0x0882, 0x0882, 0x0882, 0x0882, 0x1082, 0x0882, 0x0882, 0x0882,
  0x0882, 0x0882, 0x0882, 0x0882, 0x0882, 0x0882, 0x0882, 0x0882, 0x0862, 0x0862, 0x0861, 0x0862,
  0x0862, 0x0861, 0x0861, 0x0862, 0x0862, 0x0882, 0x0882, 0x1082, 0x0882, 0x0882, 0x0882, 0x0882,
  0x0882, 0x0882, 0x0882, 0x0882, 0x0882, 0x0882, 0x0882, 0x0882, 0x10a2, 0x1082, 0x0882, 0x0882,
  0x31a5, 0x31a5, 0x3165, 0x3185, 0x3185, 0x3185, 0x2944, 0x2944, 0x2944, 0x3185, 0x3185, 0x3165,
  0x3185, 0x3165, 0x2964, 0x2124, 0x2964, 0x2124, 0x2965, 0x2945, 0x3185, 0x2124, 0x2965, 0x31a5,
  0x0041, 0x0861, 0x0862, 0x0882, 0x0882, 0x0882, 0x0882, 0x0882, 0x0882, 0x0882, 0x0882, 0x0882,
  0x0882, 0x0882, 0x0882, 0x0882, 0x0882, 0x0882, 0x0882, 0x0882, 0x0882, 0x0882, 0x0882, 0x0882,
  0x0882, 0x0882, 0x0862, 0x0882, 0x0882, 0x0882, 0x0882, 0x0882, 0x0882, 0x0882, 0x0882, 0x0882,
  0x0882, 0x0882, 0x0882, 0x0882, 0x0882, 0x0882, 0x0882, 0x0882, 0x0862, 0x0882, 0x0882, 0x0882,
  0x0862, 0x0862, 0x0861, 0x3185, 0x2145, 0x2965, 0x2945, 0x2124, 0x2965, 0x2945, 0x2124, 0x1904,
  0x2124, 0x2124, 0x2104, 0x2104, 0x2104, 0x1904, 0x2104, 0x1904, 0x1904, 0x2145, 0x2124, 0x2145,
  0x2125, 0x31a6, 0x18e3, 0x0041, 0x0861, 0x0861, 0x0882, 0x0882, 0x0882, 0x0882, 0x0882, 0x0882,
  0x0882, 0x0882, 0x0882, 0x0882, 0x0882, 0x0882, 0x0862, 0x0862, 0x0862, 0x0862, 0x0862, 0x0862,
  0x0862, 0x0862, 0x0882, 0x0862, 0x0882, 0x0882, 0x0882, 0x0882, 0x0882, 0x0882, 0x0882, 0x0882,
  0x0861, 0x0020, 0x2124, 0x2965, 0x2945, 0x2145, 0x18e3, 0x2944, 0x10c3, 0x18e3, 0x2965, 0x2104,
  0x2124, 0x18e3, 0x2944, 0x2124, 0x2945, 0x2124, 0x2104, 0x2124, 0x18e3, 0x1903, 0x18e3, 0x1904,
  0x18e3, 0x18e3, 0x18e3, 0x18e3, 0x2944, 0x2144, 0x2124, 0x2124, 0x2985, 0x2103, 0x0021, 0x0061,
  0x0882, 0x0882, 0x0882, 0x0882, 0x0882, 0x0882, 0x0862, 0x0021, 0x0861, 0x0041, 0x0041, 0x0041,
  0x0041, 0x0021, 0x0041, 0x0041, 0x0041, 0x0041, 0x0041, 0x0061, 0x0041, 0x0061, 0x0061, 0x0062,
  0x0041, 0x0041, 0x0041, 0x0041, 0x0041, 0x0041, 0x0041, 0x0061, 0x0041, 0x0041, 0x0041, 0x0061,
  0x0041, 0x0041, 0x0041, 0x0061, 0x0882, 0x0882, 0x08a2, 0x10a2, 0x10a2, 0x10a2, 0x10a3, 0x10a3,
  0x10a3, 0x10a3, 0x10a3, 0x10c3, 0x10c3, 0x10c3, 0x10c3, 0x10a3, 0x10a3, 0x10a3, 0x10c3, 0x10c3,
  0x10a3, 0x10a3, 0x10a3, 0x10a3, 0x10c3, 0x10c3, 0x10a3, 0x10c3, 0x10c3, 0x10a3, 0x10c3, 0x10a3,
  0x10a3, 0x10a3, 0x0882, 0x0061, 0x0862, 0x0862, 0x0041, 0x0041, 0x0041, 0x0041, 0x0041, 0x0061,
  0x0061, 0x0061, 0x0862, 0x0862, 0x0862, 0x0041, 0x0862, 0x0862, 0x0862, 0x0861, 0x0041, 0x0061,
  0x0061, 0x0861, 0x0861, 0x0861, 0x0882, 0x10c3, 0x10c3, 0x18e3, 0x18e3, 0x18e4, 0x10e3, 0x10e3,
  0x10e3, 0x10e3, 0x18c3, 0x18c3, 0x18e3, 0x18e4, 0x18e3, 0x10e3, 0x10e3, 0x10e3, 0x18e4, 0x10e3,
  0x10e3, 0x10c3, 0x10c3, 0x10e3, 0x18e4, 0x10e3, 0x18e3, 0x18e4, 0x18e4, 0x18e4, 0x10e3, 0x18e3,
  0x18e3, 0x18e4, 0x18e3, 0x18e3, 0x18c3, 0x18e3, 0x18e4, 0x18e4, 0x18e4, 0x18e3, 0x18e4, 0x18e3,
  0x18e3, 0x18e3, 0x18e3, 0x18e3, 0x18e3, 0x18c3, 0x10c3, 0x0882, 0x10a2, 0x0882, 0x0882, 0x0882,
  0x0882, 0x0862, 0x0861, 0x0882, 0x0862, 0x0862, 0x0882, 0x0882, 0x0862, 0x0862, 0x0882, 0x0882,
  0x0882, 0x0882, 0x0882, 0x0882, 0x0882, 0x0882, 0x0882, 0x10a2, 0x08a2, 0x10c3, 0x10c3, 0x10c3,
  0x10c3, 0x10e3, 0x10e3, 0x10e3, 0x10e3, 0x10e3, 0x10c3, 0x10e3, 0x10c3, 0x10e4, 0x10e3, 0x10e3,
  0x10e3, 0x18e4, 0x18e3, 0x18e4, 0x18e3, 0x18e4, 0x10c3, 0x10c3, 0x10c3, 0x10c3, 0x10c3, 0x10c3,
  0x10c3, 0x10c3, 0x10c3, 0x10c3, 0x10c3, 0x10c3, 0x10c3, 0x10c3, 0x10c3, 0x10c3, 0x18e3, 0x18c3,
  0x10e3, 0x10c3, 0x10c3, 0x10c3, 0x10c3, 0x10a3, 0x10a2, 0x10a2, 0x1082, 0x0882, 0x0041, 0x0862,
  0x0061, 0x0862, 0x0882, 0x0041, 0x0061, 0x0061, 0x0041, 0x0041, 0x0041, 0x0061, 0x0861, 0x0061,
  0x0061, 0x0861, 0x0041, 0x0041, 0x0041, 0x0041, 0x0061, 0x0061, 0x0062, 0x0862, 0x0041, 0x08a2,
  0x0882, 0x10c3, 0x10c3, 0x10a3, 0x10a3, 0x10a3, 0x10c3, 0x10c3, 0x10a3, 0x10c3, 0x10c3, 0x10c3,
  0x10c3, 0x10c3, 0x10c3, 0x10c3, 0x10c3, 0x10a3, 0x10c3, 0x10a3, 0x10a3, 0x10a3, 0x10a3, 0x10a3,
  0x10a3, 0x10a3, 0x10a3, 0x10a3, 0x10a3, 0x10a3, 0x10a3, 0x10a3, 0x08a2, 0x0041, 0x0882, 0x0041,
  0x0041, 0x0041, 0x0061, 0x0061, 0x0061, 0x0061, 0x0041, 0x0061, 0x0041, 0x0041, 0x0061, 0x0041,
  0x0861, 0x0061, 0x0041, 0x0041, 0x0041, 0x0041, 0x0041, 0x0041, 0x0041, 0x0041, 0x0041, 0x0041,
  0x0041, 0x0861, 0x0041, 0x0041, 0x0061, 0x0861, 0x0041, 0x08a2, 0x10c3, 0x10c3, 0x10c3, 0x10e3,
  0x0041, 0x0041, 0x0041, 0x0021, 0x0041, 0x0041, 0x0041, 0x0041, 0x0041, 0x0041, 0x0041, 0x0041,
  0x0041, 0x0041, 0x0041, 0x0861, 0x0862, 0x0062, 0x0861, 0x0041, 0x0061, 0x0041, 0x0041, 0x0041,
  0x0041, 0x0041, 0x0041, 0x0041, 0x0041, 0x0041, 0x0041, 0x0041, 0x0041, 0x0041, 0x0041, 0x0041,
  0x0021, 0x0861, 0x0861, 0x0882, 0x08a2, 0x08a2, 0x10a2, 0x10c3, 0x10c3, 0x10c3, 0x10c3, 0x18e3,
  0x10e3, 0x10e3, 0x10e3, 0x10c3, 0x10c3, 0x10e3, 0x10e3, 0x10e3, 0x10e3, 0x10e3, 0x10e3, 0x10e3,
  0x10e3, 0x18e4, 0x10e3, 0x10e3, 0x10c3, 0x10c3, 0x10c3, 0x10c3, 0x10a3, 0x10c3, 0x0882, 0x0061,
  0x0862, 0x0882, 0x10a3, 0x10a3, 0x10a3, 0x10a3, 0x10c3, 0x10c3, 0x10a3, 0x10a3, 0x10a3, 0x10a3,
  0x10a3, 0x10a2, 0x10a2, 0x10a2, 0x10a2, 0x0882, 0x0882, 0x0882, 0x0882, 0x08a2, 0x0882, 0x0862,
  0x10a3, 0x08a2, 0x10c3, 0x10c3, 0x18e3, 0x18e4, 0x18e4, 0x1904, 0x1904, 0x1904, 0x1904, 0x1904,
  0x1904, 0x1904, 0x1904, 0x1904, 0x1904, 0x1904, 0x1904, 0x1904, 0x1904, 0x18e4, 0x18e3, 0x18e3,
  0x18e3, 0x1904, 0x18e4, 0x18e4, 0x1904, 0x1904, 0x18e4, 0x1904, 0x18e4, 0x1904, 0x1904, 0x1904,
  0x1904, 0x1904, 0x1904, 0x1904, 0x1904, 0x2124, 0x2124, 0x2104, 0x2104, 0x2124, 0x2104, 0x1904,
  0x10c3, 0x10c3, 0x10a3, 0x0861, 0x0882, 0x0882, 0x0882, 0x0882, 0x0882, 0x08a2, 0x08a2, 0x08a2,
  0x0882, 0x08a2, 0x08a2, 0x10c3, 0x10a3, 0x10a3, 0x10a2, 0x10c3, 0x08a2, 0x08a2, 0x0882, 0x08a2,
  0x10a2, 0x08a2, 0x0882, 0x0861, 0x10c3, 0x10c3, 0x18e4, 0x18e3, 0x18e4, 0x18e4, 0x18e4, 0x18e4,
  0x18e4, 0x18e4, 0x18e4, 0x18e4, 0x1904, 0x18e4, 0x18e4, 0x18e3, 0x18e4, 0x18e3, 0x18e3, 0x18e3,
  0x18e4, 0x18e4, 0x18e4, 0x18e4, 0x18e4, 0x18e4, 0x18e4, 0x18e4, 0x18e3, 0x18e3, 0x18e3, 0x18e3,
  0x10e3, 0x10e3, 0x10e3, 0x10e3, 0x10e3, 0x18e3, 0x18e3, 0x18e4, 0x18e4, 0x10e3, 0x18e3, 0x10c3,
  0x10c3, 0x18e3, 0x10c3, 0x10c3, 0x10a3, 0x10a2, 0x10a2, 0x0882, 0x08a2, 0x0882, 0x10a2, 0x10c3,
  0x10c3, 0x10c3, 0x10c3, 0x10c3, 0x10c3, 0x10c3, 0x10c3, 0x10c3, 0x10c3, 0x10c3, 0x10c3, 0x10c3,
  0x08a2, 0x0862, 0x0061, 0x0061, 0x0062, 0x0061, 0x0861, 0x08a2, 0x10c3, 0x18e4, 0x18e3, 0x10c3,
  0x10c3, 0x10c3, 0x10c3, 0x10c3, 0x10c3, 0x10e3, 0x10e3, 0x18e3, 0x10e3, 0x18e3, 0x18e3, 0x10c3,
  0x10c3, 0x10c3, 0x10c3, 0x10c3, 0x10c3, 0x10c3, 0x10c3, 0x10c3, 0x10a3, 0x0882, 0x0882, 0x08a2,
  0x0882, 0x08a2, 0x0882, 0x0882, 0x0862, 0x0041, 0x0041, 0x0061, 0x0041, 0x0061, 0x0061, 0x0861,
  0x0061, 0x0061, 0x0061, 0x0041, 0x0041, 0x0041, 0x0041, 0x0041, 0x0861, 0x0041, 0x0041, 0x0041,
  0x0041, 0x0041, 0x0041, 0x0041, 0x0061, 0x0041, 0x0041, 0x0041, 0x0041, 0x0041, 0x0041, 0x0021,
  0x0041, 0x0041, 0x0020, 0x0041, 0x0882, 0x0882, 0x10a2, 0x08a2, 0x10c3, 0x10c3, 0x10c3, 0x10c3,
  0x10c3, 0x10c3, 0x10c3, 0x10c3, 0x10c3, 0x10c3, 0x10c3, 0x10c3, 0x18e3, 0x1904, 0x2104, 0x2104,
  0x2104, 0x2124, 0x1904, 0x2124, 0x2104, 0x18e3, 0x18e3, 0x18e4, 0x18e3, 0x18e3, 0x18e4, 0x18e4,
  0x18e4, 0x1904, 0x18e4, 0x1904, 0x18e4, 0x18e4, 0x18e3, 0x18e4, 0x18e3, 0x18e3, 0x18e4, 0x18e3,
  0x18e3, 0x18e3, 0x0041, 0x0041, 0x0861, 0x0041, 0x0862, 0x0862, 0x0862, 0x0862, 0x0061, 0x0862,
  0x0862, 0x0862, 0x0862, 0x0862, 0x0862, 0x0862, 0x0862, 0x0862, 0x0862, 0x0862, 0x0862, 0x0862,
  0x0062, 0x0862, 0x0862, 0x0862, 0x0862, 0x0862, 0x0862, 0x0862, 0x0862, 0x0882, 0x10a3, 0x08a2,
  0x10a3, 0x08a2, 0x10a3, 0x10c3, 0x10c3, 0x10c3, 0x10c3, 0x10c3, 0x10c3, 0x10c3, 0x10c3, 0x10c3,
  0x10c3, 0x10c3, 0x10c3, 0x10e3, 0x10e3, 0x18e4, 0x18e4, 0x18e4, 0x18e4, 0x18e3, 0x18c3, 0x18e3,
  0x18e4, 0x10a3, 0x0861, 0x0862, 0x0862, 0x0862, 0x0862, 0x0862, 0x0862, 0x0862, 0x0862, 0x0862,
  0x0862, 0x0862, 0x0862, 0x0862, 0x0862, 0x0862, 0x0861, 0x0861, 0x0862, 0x0862, 0x0862, 0x0862,
  0x0862, 0x0862, 0x0862, 0x0862, 0x0841, 0x0862, 0x0862, 0x0862, 0x0861, 0x0862, 0x0862, 0x0862,
  0x0862, 0x0862, 0x0862, 0x0862, 0x0862, 0x0862, 0x0882, 0x0882, 0x0882, 0x0882, 0x0882, 0x0862,
  0x0862, 0x0862, 0x0862, 0x0862, 0x0862, 0x0862, 0x0862, 0x0862, 0x0862, 0x0862, 0x0882, 0x10a2,
  0x10a3, 0x10a3, 0x10a3, 0x10a2, 0x0882, 0x0882, 0x08a2, 0x08a2, 0x10a2, 0x08a2, 0x0882, 0x0882,
  0x0882, 0x0882, 0x0882, 0x0862, 0x0882, 0x0862, 0x0862, 0x0862, 0x0882, 0x0862, 0x0862, 0x0862,
  0x0862, 0x0862, 0x0862, 0x0862, 0x0862, 0x0862, 0x0862, 0x0862, 0x0862, 0x0862, 0x0862, 0x0862,
  0x0862, 0x0862, 0x0862, 0x0861, 0x0862, 0x0862, 0x0861, 0x0861, 0x0862, 0x0862, 0x0862, 0x0862,
  0x0862, 0x0862, 0x0862, 0x0862, 0x0861, 0x0862, 0x0862, 0x0041, 0x0882, 0x18e3, 0x18e3, 0x10c3,
  0x18e3, 0x18e3, 0x18e3, 0x18e3, 0x18e3, 0x18e3, 0x10c3, 0x10c3, 0x10c3, 0x10c3, 0x10c3, 0x10c3,
  0x10c3, 0x10c3, 0x10c3, 0x10c3, 0x10c3, 0x10c3, 0x10c3, 0x10c3, 0x10a3, 0x0862, 0x0862, 0x0862,
  0x0862, 0x0862, 0x0862, 0x0862, 0x0862, 0x0862, 0x0862, 0x0862, 0x0862, 0x0862, 0x0862, 0x0862,
  0x0862, 0x0862, 0x0862, 0x0862, 0x0862, 0x0862, 0x0862, 0x0862, 0x0862, 0x0862, 0x0861, 0x0861,
  0x0862, 0x0861, 0x0861, 0x0061, 0x0061, 0x0061, 0x0041, 0x0041, 0x18c3, 0x1904, 0x1904, 0x1904,
  0x18e3, 0x18e3, 0x18e3, 0x18e3, 0x18e3, 0x18e3, 0x18e3, 0x18e3, 0x18e3, 0x18e3, 0x18e3, 0x18e3,
  0x1904, 0x1904, 0x1904, 0x1904, 0x1904, 0x1904, 0x1904, 0x18e4, 0x18e3, 0x18e4, 0x1904, 0x18e4,
  0x18e3, 0x18e3, 0x18e3, 0x10c3, 0x18c3, 0x18c3, 0x10c3, 0x10c3, 0x10c3, 0x10a3, 0x10a3, 0x10a3,
  0x10c3, 0x10c3, 0x18e3, 0x10c3, 0x0882, 0x0882, 0x0882, 0x0882, 0x0882, 0x0882, 0x0882, 0x0882,
  0x0882, 0x0882, 0x0882, 0x0882, 0x0882, 0x0882, 0x0882, 0x0882, 0x0882, 0x0882, 0x0882, 0x0882,
  0x0882, 0x0882, 0x0882, 0x0882, 0x0862, 0x0862, 0x0862, 0x0862, 0x0862, 0x0862, 0x0862, 0x0862,
  0x0862, 0x0862, 0x0882, 0x0882, 0x0882, 0x0882, 0x0882, 0x0882, 0x0862, 0x0882, 0x10a3, 0x0061,
  0x0861, 0x0862, 0x0862, 0x0862, 0x0862, 0x0862, 0x0862, 0x0862, 0x0862, 0x0862, 0x0862, 0x0862,
  0x0862, 0x0862, 0x0862, 0x0862, 0x0862, 0x0862, 0x0862, 0x0862, 0x0862, 0x0862, 0x0862, 0x0862,
  0x0862, 0x0862, 0x0882, 0x0862, 0x0862, 0x0862, 0x0862, 0x0862, 0x0862, 0x0862, 0x0862, 0x0862,
  0x0862, 0x0862, 0x0862, 0x0862, 0x0862, 0x0882, 0x0862, 0x0882, 0x0882, 0x0862, 0x0862, 0x0882,
  0x0882, 0x0882, 0x0882, 0x0882, 0x0882, 0x0882, 0x0862, 0x0882, 0x0862, 0x10c3, 0x0882, 0x0862,
  0x0862, 0x0862, 0x0862, 0x0862, 0x0862, 0x0862, 0x0862, 0x0862, 0x0862, 0x0862, 0x0862, 0x0862,
  0x0862, 0x0862, 0x0862, 0x0862, 0x0862, 0x0862, 0x0862, 0x0862, 0x0862, 0x0862, 0x0862, 0x0862,
  0x0862, 0x0862, 0x0862, 0x0862, 0x0862, 0x0862, 0x0862, 0x0862, 0x0862, 0x0862, 0x0862, 0x0862,
  0x0862, 0x0862, 0x0882, 0x0882, 0x0882, 0x0882, 0x0882, 0x0862, 0x0862, 0x0862, 0x0862, 0x0862,
  0x0862, 0x0882, 0x0862, 0x0862, 0x0862, 0x0862, 0x0862, 0x0862, 0x0862, 0x0862, 0x0862, 0x0862,
  0x0862, 0x0862, 0x0862, 0x0862, 0x0862, 0x0862, 0x0862, 0x0882, 0x0882, 0x0882, 0x0882, 0x0862,
  0x0882, 0x0862, 0x0862, 0x0862, 0x0882, 0x0862, 0x0862, 0x0862, 0x0862, 0x0862, 0x0862, 0x0862,
  0x0862, 0x0862, 0x0862, 0x0862, 0x0862, 0x0862, 0x0862, 0x0862, 0x0862, 0x0862, 0x0862, 0x0862,
  0x0862, 0x0862, 0x0862, 0x0862, 0x0862, 0x0862, 0x0862, 0x0862, 0x0862, 0x0862, 0x0862, 0x0862,
  0x0862, 0x0862, 0x0862, 0x0862, 0x18c3, 0x0882, 0x0882, 0x0862, 0x0862, 0x0862, 0x0882, 0x0862,
  0x0862, 0x0862, 0x0862, 0x0862, 0x0862, 0x0862, 0x0862, 0x0862, 0x0862, 0x0862, 0x0862, 0x0862,
  0x0862, 0x0862, 0x0862, 0x0862, 0x0862, 0x0862, 0x0862, 0x0862, 0x0862, 0x0862, 0x0862, 0x0862,
  0x0862, 0x0862, 0x0862, 0x0862, 0x0862, 0x0862, 0x0862, 0x0862, 0x0862, 0x0862, 0x0862, 0x0862,
  0x0862, 0x0862, 0x0862, 0x0862, 0x0862, 0x0862, 0x0862, 0x0862, 0x0862, 0x0862, 0x0862, 0x0862,
  0x0862, 0x0862, 0x0061, 0x10a3, 0x10c3, 0x0862, 0x0882, 0x0862, 0x0862, 0x0862, 0x0862, 0x0862,
  0x0862, 0x0862, 0x0862, 0x0862, 0x0862, 0x0862, 0x0862, 0x0862, 0x0882, 0x0882, 0x0862, 0x0862,
  0x0862, 0x0862, 0x0862, 0x0862, 0x0862, 0x0882, 0x0882, 0x0882, 0x0882, 0x0882, 0x0862, 0x0862,
  0x0862, 0x0862, 0x0862, 0x0862, 0x0862, 0x0862, 0x0862, 0x0862, 0x0862, 0x0882, 0x0882, 0x0862,
  0x0882, 0x0882, 0x0882, 0x0882, 0x0882, 0x0882, 0x0882, 0x0882, 0x0882, 0x0882, 0x0882, 0x0882,
  0x0882, 0x0882, 0x0882, 0x0882, 0x0882, 0x0882, 0x0882, 0x0882, 0x0882, 0x0882, 0x0882, 0x0862,
  0x0862, 0x0862, 0x0862, 0x0862, 0x0862, 0x0862, 0x0862, 0x0862, 0x0882, 0x0882, 0x0882, 0x0882,
  0x0882, 0x0882, 0x0882, 0x0882, 0x0862, 0x0862, 0x0882, 0x10a2, 0x0041, 0x0862, 0x0862, 0x0862,
  0x0862, 0x0862, 0x0862, 0x0862, 0x0862, 0x0862, 0x0862, 0x0862, 0x0862, 0x0862, 0x0862, 0x0862,
  0x0862, 0x0862, 0x0862, 0x0862, 0x0862, 0x0862, 0x0862, 0x0862, 0x0862, 0x0882, 0x0882, 0x0882,
  0x0862, 0x0862, 0x0862, 0x0882, 0x0882, 0x0882, 0x0862, 0x0862, 0x0862, 0x0882, 0x0862, 0x0862,
  0x0882, 0x0882, 0x0882, 0x0882, 0x0882, 0x0882, 0x0882, 0x0882, 0x0882, 0x0882, 0x0882, 0x0882,
  0x0882, 0x0882, 0x0862, 0x0882, 0x0882, 0x0882, 0x10a3, 0x0862, 0x0862, 0x0862, 0x0862, 0x0862,
  0x0862, 0x0862, 0x0862, 0x0862, 0x0862, 0x0882, 0x0882, 0x0862, 0x0862, 0x0862, 0x0862, 0x0862,
  0x0862, 0x0862, 0x0862, 0x0862, 0x0862, 0x0862, 0x0882, 0x0862, 0x0862, 0x0862, 0x0862, 0x0862,
  0x0862, 0x0862, 0x0862, 0x0862, 0x0862, 0x0882, 0x0862, 0x0862, 0x0862, 0x0882, 0x0882, 0x0882,
  0x0882, 0x0882, 0x0882, 0x0862, 0x0862, 0x0862, 0x0882, 0x0882, 0x0882, 0x0882, 0x0882, 0x0862,
  0x0862, 0x0862, 0x0862, 0x0862, 0x0862, 0x0862, 0x0862, 0x0862, 0x0882, 0x0882, 0x0882, 0x0862,
  0x0862, 0x0862, 0x0862, 0x0862, 0x0882, 0x0882, 0x0882, 0x0882, 0x0882, 0x0882, 0x0882, 0x0882,
  0x0882, 0x0862, 0x0882, 0x0862, 0x0862, 0x0862, 0x0882, 0x0862, 0x0862, 0x0862, 0x0882, 0x0882,
  0x0882, 0x0882, 0x0882, 0x0882, 0x0862, 0x0882, 0x0862, 0x0862, 0x0862, 0x0862, 0x0882, 0x0882,
  0x0882, 0x0882, 0x0862, 0x0862, 0x0862, 0x0862, 0x0862, 0x0882, 0x0882, 0x0862, 0x0041, 0x08a2,
  0x0882, 0x0882, 0x0882, 0x0882, 0x0882, 0x0882, 0x0882, 0x0862, 0x0862, 0x0862, 0x0862, 0x0862,
  0x0862, 0x0862, 0x0862, 0x0862, 0x0882, 0x0862, 0x0882, 0x0882, 0x0862, 0x0862, 0x0862, 0x0862,
  0x0862, 0x0862, 0x0862, 0x0862, 0x0862, 0x0862, 0x0862, 0x0862, 0x0862, 0x0862, 0x0862, 0x0862,
  0x0862, 0x0862, 0x0862, 0x0862, 0x0862, 0x0862, 0x0862, 0x0862, 0x0862, 0x0862, 0x0862, 0x0862,
  0x0862, 0x0862, 0x0862, 0x0862, 0x0862, 0x0862, 0x0862, 0x0862, 0x0862, 0x0862, 0x0862, 0x10a3,
  0x0882, 0x0882, 0x0882, 0x0882, 0x0882, 0x0882, 0x0882, 0x0882, 0x0862, 0x0862, 0x0862, 0x0862,
  0x0882, 0x0862, 0x0862, 0x0882, 0x0862, 0x0862, 0x0862, 0x0862, 0x0862, 0x0862, 0x0862, 0x0862,
  0x0862, 0x0862, 0x0862, 0x0882, 0x0882, 0x0862, 0x0862, 0x0862, 0x0862, 0x0862, 0x0882, 0x0862,
  0x0862, 0x0862, 0x0882, 0x0882, 0x0862, 0x0882, 0x0862, 0x0862, 0x0882, 0x0882, 0x0882, 0x0882,
  0x0882, 0x0882, 0x0882, 0x0882, 0x0882, 0x0882, 0x0882, 0x0882, 0x0882, 0x0882, 0x0882, 0x0882,
  0x0882, 0x0882, 0x0882, 0x0882, 0x0882, 0x0882, 0x0862, 0x0862, 0x0862, 0x0862, 0x0862, 0x0862,
  0x0862, 0x0882, 0x0862, 0x0862, 0x0882, 0x0882, 0x0882, 0x0882, 0x0882, 0x0862, 0x0882, 0x0862,
  0x0862, 0x0862, 0x0862, 0x0882, 0x0882, 0x0041, 0x0862, 0x0862, 0x0862, 0x0862, 0x0862, 0x0862,
  0x0862, 0x0862, 0x0862, 0x0862, 0x0862, 0x0862, 0x0862, 0x0862, 0x0862, 0x0862, 0x0862, 0x0862,
  0x0862, 0x0862, 0x0862, 0x0862, 0x0862, 0x0882, 0x0882, 0x0882, 0x0882, 0x0882, 0x0882, 0x0882,
  0x0882, 0x0882, 0x0882, 0x0882, 0x0882, 0x0882, 0x0882, 0x0882, 0x0882, 0x0882, 0x0882, 0x0882,
  0x0882, 0x0882, 0x0882, 0x0882, 0x0882, 0x0882, 0x0882, 0x0882, 0x0882, 0x0882, 0x0882, 0x0882,
  0x0882, 0x0882, 0x0882, 0x10a3, 0x0061, 0x0862, 0x0862, 0x0882, 0x0862, 0x0862, 0x0862, 0x0862,
  0x0882, 0x0882, 0x0882, 0x0882, 0x0882, 0x0862, 0x0862, 0x0862, 0x0862, 0x0862, 0x0862, 0x0862,
  0x0862, 0x0862, 0x0862, 0x0862, 0x0862, 0x0862, 0x0862, 0x0862, 0x0862, 0x0862, 0x0862, 0x0862,
  0x0862, 0x0882, 0x0862, 0x0862, 0x0882, 0x0882, 0x0882, 0x0882, 0x0882, 0x0882, 0x0882, 0x0882,
  0x0882, 0x0882, 0x0882, 0x0882, 0x0882, 0x0882, 0x0882, 0x0882, 0x0882, 0x0882, 0x0882, 0x0882,
  0x0882, 0x0882, 0x0882, 0x0882, 0x0882, 0x0882, 0x0882, 0x0882, 0x0882, 0x0882, 0x0862, 0x0882,
  0x0882, 0x0882, 0x0862, 0x0882, 0x0862, 0x0862, 0x0882, 0x0862, 0x0882, 0x0882, 0x0862, 0x0862,
  0x0862, 0x0862, 0x0882, 0x0862, 0x0882, 0x0882, 0x0882, 0x0882, 0x0862, 0x0862, 0x0882, 0x0882,
  0x0882, 0x0882, 0x0882, 0x0862, 0x0862, 0x0862, 0x0862, 0x0862, 0x0862, 0x0882, 0x0862, 0x0862,
  0x0862, 0x0862, 0x0862, 0x0862, 0x0862, 0x0061, 0x0882, 0x0882, 0x0882, 0x0882, 0x0882, 0x0882,
  0x0882, 0x0882, 0x0882, 0x0862, 0x0862, 0x0862, 0x0862, 0x0862, 0x0882, 0x0882, 0x0882, 0x0882,
  0x0882, 0x0862, 0x0862, 0x0882, 0x0862, 0x0882, 0x0882, 0x0882, 0x0882, 0x0862, 0x0882, 0x0862,
  0x0862, 0x0882, 0x0862, 0x0862, 0x0862, 0x0862, 0x0862, 0x0862, 0x0862, 0x0862, 0x0882, 0x0862,
  0x0862, 0x0862, 0x0862, 0x0862, 0x0862, 0x0862, 0x0862, 0x0862, 0x0862, 0x0862, 0x0862, 0x0862,
  0x0862, 0x0862, 0x0862, 0x0862, 0x0862, 0x0041, 0x0882, 0x0882, 0x0882, 0x0882, 0x0882, 0x0882,
  0x0882, 0x0882, 0x0882, 0x0862, 0x0862, 0x0882, 0x0862, 0x0862, 0x0882, 0x0882, 0x0862, 0x0862,
  0x0862, 0x0862, 0x0862, 0x0862, 0x0862, 0x0862, 0x0862, 0x0862, 0x0862, 0x0862, 0x0862, 0x0862,
  0x0862, 0x0862, 0x0862, 0x0862, 0x0862, 0x0882, 0x0882, 0x0882, 0x0882, 0x0862, 0x0862, 0x0882,
  0x0882, 0x0882, 0x0862, 0x0882, 0x0041, 0x0041, 0x0061, 0x0061, 0x0061, 0x0862, 0x0061, 0x0061,
  0x0061, 0x0862, 0x0041, 0x0041, 0x0061, 0x0041, 0x0061, 0x0041, 0x0041, 0x0041, 0x0061, 0x0862,
  0x0862, 0x0862, 0x0062, 0x0062, 0x0061, 0x0061, 0x0061, 0x0862, 0x0062, 0x0061, 0x0061, 0x0061,
  0x0041, 0x0041, 0x0061, 0x0041, 0x0041, 0x0041, 0x0041, 0x0041, 0x0041, 0x0041, 0x0041, 0x0041,
  0x0061, 0x0021, 0x0041, 0x0862, 0x0862, 0x0862, 0x0862, 0x0062, 0x0062, 0x0062, 0x0062, 0x0062,
  0x0062, 0x0062, 0x0061, 0x0862, 0x0062, 0x0862, 0x0862, 0x0061, 0x0041, 0x0041, 0x0041, 0x0041,
  0x0061, 0x0061, 0x0061, 0x0061, 0x0061, 0x0862, 0x08a3, 0x08c3, 0x10c3, 0x10c3, 0x10e4, 0x08a3,
  0x0882, 0x0062, 0x0862, 0x0061, 0x0061, 0x0041, 0x0041, 0x0061, 0x0061, 0x0061, 0x0061, 0x0061,
  0x0041, 0x0041, 0x0041, 0x0041, 0x0041, 0x0041, 0x0041, 0x0041, 0x0041, 0x0041, 0x0041, 0x0061,
  0x0021, 0x0021, 0x0041, 0x0041, 0x0041, 0x0041, 0x0041, 0x0862, 0x0862, 0x0862, 0x0862, 0x0862,
  0x0062, 0x0062, 0x0862, 0x0862, 0x0062, 0x0062, 0x0862, 0x0061, 0x0062, 0x0062, 0x0062, 0x0061,
  0x0062, 0x0062, 0x0061, 0x0041, 0x0061, 0x0061, 0x0041, 0x0041, 0x0041, 0x0041, 0x0041, 0x0041,
  0x0041, 0x0041, 0x0041, 0x0061, 0x0061, 0x0882, 0x0862, 0x08a2, 0x0882, 0x10a3, 0x08a3, 0x08a3,
  0x08a3, 0x08a3, 0x08a2, 0x10a3, 0x08a3, 0x10e3, 0x10a2, 0x0882, 0x0882, 0x0882, 0x0882, 0x0882,
  0x08a2, 0x08a2, 0x0882, 0x0882, 0x0882, 0x0882, 0x0862, 0x0061, 0x0061, 0x0061, 0x0061, 0x0041,
  0x0061, 0x0062, 0x0061, 0x0862, 0x0862, 0x0862, 0x0862, 0x0862, 0x0862, 0x0882, 0x0882, 0x0062,
  0x0062, 0x0882, 0x0882, 0x0882, 0x0882, 0x0882, 0x0882, 0x0882, 0x0882, 0x0882, 0x0882, 0x0062,
  0x0862, 0x0862, 0x0862, 0x0041, 0x0061, 0x0862, 0x0862, 0x0062, 0x0061, 0x0061, 0x0041, 0x0041,
  0x0041, 0x0041, 0x0041, 0x0041, 0x0041, 0x0041, 0x0061, 0x0061, 0x0041, 0x0041, 0x0041, 0x0041,
  0x0041, 0x0041, 0x0041, 0x0041, 0x0061, 0x0061, 0x0882, 0x0882, 0x0882, 0x0862, 0x0862, 0x0862,
  0x0882, 0x0862, 0x0882, 0x0882, 0x0882, 0x08a3, 0x08a3, 0x08a3, 0x0882, 0x0882, 0x0862, 0x0061,
  0x0041, 0x0041, 0x0041, 0x0041, 0x0041, 0x0041, 0x0041, 0x0041, 0x0041, 0x0041, 0x0041, 0x0041,
  0x0041, 0x0041, 0x0041, 0x0041, 0x0082, 0x0882, 0x0061, 0x0041, 0x0041, 0x0041, 0x0041, 0x0041,
  0x0041, 0x0041, 0x0061, 0x0061, 0x0061, 0x0061, 0x0041, 0x0041, 0x0041, 0x0061, 0x0061, 0x0061,
  0x0061, 0x0041, 0x0041, 0x0061, 0x0061, 0x0862, 0x0862, 0x0862, 0x0862, 0x0062, 0x0061, 0x0062,
  0x0862, 0x0862, 0x0862, 0x0862, 0x0862, 0x0061, 0x0061, 0x0061, 0x0061, 0x0061, 0x0041, 0x0041,
  0x0041, 0x0061, 0x0061, 0x0061, 0x0041, 0x0041, 0x0061, 0x0041, 0x0061, 0x0061, 0x0862, 0x0862
};