// array size is 76800
const uint16_t peppa_background_1[] PROGMEM = {
  0x2418, 0x2418, 0x2418, 0x2418, 0x2418, 0x2418, 0x2418, 0x2418, 0x2418, 0x2418, 0x2418, 0x2418,
  0x2418, 0x2418, 0x2418, 0x2418, 0x1c18, 0x1c18, 0x1c18, 0x1c18, 0x1c18, 0x1c18, 0x1c18, 0x1c18,
  0x1c18, 0x1c18, 0x1c18, 0x1c18, 0x1c18, 0x1c18, 0x1c18, 0x2418, 0x2418, 0x2418, 0x2418, 0x2418,
  0x2418, 0x2418, 0x2418, 0x2418, 0x2418, 0x2418, 0x2418, 0x2418, 0x2418, 0x2418, 0x2418, 0x2418,
  0x2418, 0x2418, 0x2418, 0x2418, 0x2418, 0x2418, 0x1c18, 0x2418, 0x2418, 0x2418, 0x2418, 0x2418,
  0x2418, 0x2418, 0x2418, 0x2418, 0x2418, 0x2418, 0x2418, 0x2418, 0x2418, 0x2418, 0x2418, 0x2418,
  0x2418, 0x1c18, 0x1bf8, 0x1bf8, 0x1bf8, 0x1bf8, 0x1bf8, 0x1bf8, 0x1bf8, 0x1bf8, 0x1c18, 0x1bf8,
  0x1bf8, 0x1bf8, 0x1bf8, 0x1bf8, 0x1bf8, 0x1bf8, 0x1c18, 0x1c18, 0x1c18, 0x1c18, 0x1c18, 0x1bf8,
  0x1bf8, 0x1bf8, 0x1bf8, 0x1bf8, 0x1bf8, 0x1bf8, 0x1bf8, 0x1bf8, 0x1bf8, 0x1c18, 0x1c18, 0x1c18,
  0x1bf8, 0x1c18, 0x1c18, 0x1bf8, 0x1bf8, 0x1bf8, 0x1bf8, 0x1bf8, 0x1bf8, 0x1bf8, 0x1bf8, 0x1bf8,
  0x1bf8, 0x1bf8, 0x2418, 0x2418, 0x2418, 0x2418, 0x2418, 0x2418, 0x2418, 0x2418, 0x2418, 0x2418,
  0x2418, 0x2418, 0x2418, 0x2418, 0x2418, 0x2418, 0x2418, 0x2418, 0x2418, 0x2418, 0x2418, 0x2418,
  0x23f8, 0x23f8, 0x23f8, 0x23f8, 0x2418, 0x2418, 0x2418, 0x2418, 0x2418, 0x2418, 0x23f8, 0x23f8,
  0x23f8, 0x23f8, 0x2418, 0x2418, 0x2418, 0x2418, 0x23f8, 0x23f8, 0x23f8, 0x23f8, 0x23f8, 0x1bf8,
  0x23f8, 0x23f8, 0x23f8, 0x23f8, 0x23f8, 0x23f8, 0x23f8, 0x23f8, 0x23f8, 0x2418, 0x2418, 0x2418,
  0x2418, 0x2418, 0x2418, 0x2418, 0x2418, 0x2418, 0x2418, 0x2418, 0x2418, 0x2418, 0x2418, 0x2418,
  0x2418, 0x2418, 0x2418, 0x2418, 0x2418, 0x2418, 0x2418, 0x2418, 0x2418, 0x2418, 0x2418, 0x2418,
  0x2418, 0x2418, 0x1c18, 0x1c18, 0x1c18, 0x1c18, 0x1c18, 0x1c18, 0x1c18, 0x1bf8, 0x1bf8, 0x1bf8,
  0x1bf8, 0x1bf8, 0x1bf8, 0x1c18, 0x1c18, 0x1c18, 0x1c18, 0x1c18, 0x1c18, 0x1c18, 0x1c18, 0x1bf8,
  0x1c18, 0x1c18, 0x1c18, 0x1c18, 0x1bf8, 0x1c18, 0x1c18, 0x1c18, 0x1c18, 0x1c18, 0x1c18, 0x1bf8,
  0x1c18, 0x2418, 0x2418, 0x2418, 0x2418, 0x1c18, 0x2418, 0x2418, 0x2418, 0x2418, 0x2418, 0x2418,
  0x2418, 0x2418, 0x2418, 0x2418, 0x2418, 0x2418, 0x2418, 0x2418, 0x2418, 0x2418, 0x2418, 0x2418,
  0x2418, 0x2418, 0x2418, 0x2418, 0x2418, 0x2418, 0x2418, 0x2418, 0x2418, 0x2418, 0x2418, 0x2418,
  0x2418, 0x2418, 0x2418, 0x2418, 0x2418, 0x2418, 0x2418, 0x2418, 0x2418, 0x2418, 0x2418, 0x2418,
  0x2418, 0x2418, 0x2418, 0x2418, 0x2418, 0x2418, 0x2418, 0x2418, 0x2418, 0x2418, 0x2418, 0x2418,
  0x2418, 0x2418, 0x2418, 0x2418, 0x2418, 0x2418, 0x2418, 0x2418, 0x2418, 0x2418, 0x1c18, 0x1c18,
  0x1c18, 0x23f8, 0x1c18, 0x2418, 0x2418, 0x2418, 0x1c18, 0x2418, 0x2418, 0x2418, 0x2418, 0x2418,
  0x2418, 0x2418, 0x2418, 0x2418, 0x2418, 0x2418, 0x1c18, 0x1c18, 0x2418, 0x2418, 0x2418, 0x1c18,
  0x1c18, 0x2418, 0x2418, 0x1c18, 0x1c18, 0x1c18, 0x1c18, 0x1c18, 0x2418, 0x2418, 0x2418, 0x1c18,
  0x2418, 0x2418, 0x2418, 0x2418, 0x2418, 0x2418, 0x2418, 0x2418, 0x2418, 0x2418, 0x2418, 0x2418,
  0x2418, 0x2418, 0x2418, 0x2418, 0x2418, 0x2418, 0x2418, 0x2418, 0x2418, 0x2418, 0x2418, 0x2418,
  0x2418, 0x2418, 0x2418, 0x2418, 0x2418, 0x2418, 0x2418, 0x2418, 0x2418, 0x2418, 0x2418, 0x2418,
  0x2418, 0x2418, 0x2418, 0x2418, 0x23f8, 0x23f8, 0x23f8, 0x23f8, 0x23f8, 0x1bf8, 0x1bf8, 0x1bf8,
  0x1bf8, 0x1bf8, 0x1bf8, 0x1bf8, 0x1bf8, 0x1c18, 0x1bf8, 0x1c18, 0x1bf8, 0x1bf8, 0x1bf8, 0x1bf8,
  0x1bf8, 0x1bf8, 0x1c18, 0x1c18, 0x2418, 0x2418, 0x1c18, 0x1c18, 0x1bf8, 0x1bf8, 0x1bf8, 0x1bf8,
  0x1bf8, 0x1bf8, 0x1bf8, 0x1c18, 0x1c18, 0x1c18, 0x1c18, 0x1c18, 0x1c18, 0x1bf8, 0x1c18, 0x1c18,
  0x2418, 0x1c18, 0x2418, 0x1c18, 0x1c18, 0x1bf8, 0x1bf8, 0x1bf8, 0x1bf8, 0x2418, 0x2418, 0x2418,
  0x2418, 0x2418, 0x2418, 0x2418, 0x2418, 0x2418, 0x2418, 0x2418, 0x2418, 0x2418, 0x2418, 0x2418,
  0x2418, 0x2418, 0x2418, 0x2418, 0x2418, 0x2418, 0x2418, 0x2418, 0x23f8, 0x1bf8, 0x1bf8, 0x23f8,
  0x2418, 0x2418, 0x2418, 0x2418, 0x2418, 0x2418, 0x2418, 0x23f8, 0x23f8, 0x23f8, 0x23f8, 0x23f8,
  0x2418, 0x2418, 0x23f8, 0x23f8, 0x23f8, 0x23f8, 0x23f8, 0x23f8, 0x23f8, 0x23f8, 0x1bf8, 0x23f8,
  0x23f8, 0x1bf8, 0x23f8, 0x23f8, 0x23f8, 0x2418, 0x2418, 0x2418, 0x2418, 0x1c18, 0x2418, 0x1c18,
  0x2418, 0x2418, 0x2418, 0x2418, 0x2418, 0x2418, 0x2418, 0x2418, 0x2418, 0x2418, 0x2418, 0x2418,
  0x2418, 0x2418, 0x2418, 0x2418, 0x2418, 0x2418, 0x2418, 0x2418, 0x2418, 0x2418, 0x2418, 0x2418,
  0x2418, 0x1c18, 0x2418, 0x2418, 0x2418, 0x2418, 0x1c18, 0x1bf8, 0x1bf8, 0x1bf8, 0x1c18, 0x1c18,
  0x1c18, 0x1c18, 0x1c18, 0x1c18, 0x1c18, 0x1c18, 0x1c18, 0x1c18, 0x2418, 0x1c18, 0x1c18, 0x1c18,
  0x1c18, 0x1c18, 0x1c18, 0x1c18, 0x1c18, 0x2418, 0x1c18, 0x1c18, 0x2418, 0x1c18, 0x2418, 0x2418,
  0x2418, 0x2418, 0x1c18, 0x2418, 0x2418, 0x2418, 0x2418, 0x2418, 0x2418, 0x2418, 0x2418, 0x2418,
  0x2418, 0x2418, 0x1c18, 0x2418, 0x2418, 0x1c18, 0x2418, 0x2418, 0x2418, 0x2418, 0x2418, 0x2418,
  0x2418, 0x23f8, 0x2418, 0x2418, 0x2418, 0x2418, 0x2418, 0x2418, 0x2418, 0x2418, 0x2418, 0x2418,
  0x2418, 0x2418, 0x2418, 0x2418, 0x2418, 0x2418, 0x2418, 0x2418, 0x2418, 0x2418, 0x2418, 0x2418,
  0x2418, 0x2418, 0x2418, 0x2418, 0x2418, 0x2418, 0x2418, 0x2418, 0x2418, 0x2418, 0x2418, 0x2418,
  0x2418, 0x2418, 0x2418, 0x2418, 0x2418, 0x2418, 0x2418, 0x2418, 0x2418, 0x2418, 0x2418, 0x2418,
  0x2418, 0x2418, 0x2418, 0x2418, 0x2418, 0x2418, 0x2418, 0x2418, 0x2418, 0x2418, 0x1c18, 0x1c18,
  0x2418, 0x1c18, 0x2418, 0x1c18, 0x2418, 0x2418, 0x2418, 0x1c18, 0x1c18, 0x1c18, 0x1c18, 0x1c18,
  0x2418, 0x2418, 0x2418, 0x2418, 0x2418, 0x2418, 0x1c18, 0x1c18, 0x1c18, 0x2418, 0x2418, 0x2418,
  0x2418, 0x2418, 0x2418, 0x1c18, 0x1c18, 0x2418, 0x2418, 0x1c18, 0x1c18, 0x1c18, 0x1c18, 0x1c18,
  0x2418, 0x2418, 0x1c18, 0x1c18, 0x2418, 0x2418, 0x2418, 0x2418, 0x2418, 0x2418, 0x1c18, 0x2418,
  0x2418, 0x2418, 0x2418, 0x2418, 0x2418, 0x2418, 0x2418, 0x2418, 0x2418, 0x2418, 0x23f8, 0x2418,
  0x23f8, 0x23f8, 0x2418, 0x23f8, 0x1bf8, 0x23f8, 0x1bf8, 0x23f8, 0x1bf8, 0x1bf8, 0x1bf8, 0x1bf8,
  0x1c18, 0x1c18, 0x1bf8, 0x1c18, 0x2418, 0x1bf8, 0x1bf8, 0x1bf8, 0x1bf8, 0x1bf8, 0x1c18, 0x1bf8,
  0x1c18, 0x1c18, 0x1c18, 0x1bf8, 0x1bf8, 0x1bf8, 0x1bf8, 0x1bf8, 0x1bf8, 0x1bf8, 0x1bf8, 0x1bf8,
  0x2418, 0x2418, 0x2418, 0x2418, 0x2418, 0x1c18, 0x2418, 0x2418, 0x1c18, 0x1c18, 0x1c18, 0x1c18,
  0x1c18, 0x1bf8, 0x1bf8, 0x1bf8, 0x2418, 0x2418, 0x2418, 0x2418, 0x2418, 0x2418, 0x2418, 0x2418,
  0x2418, 0x2418, 0x2418, 0x2418, 0x2418, 0x2418, 0x2418, 0x2418, 0x2418, 0x2418, 0x2418, 0x2418,
  0x2418, 0x2418, 0x1c18, 0x2418, 0x23f8, 0x1bf8, 0x1bf8, 0x23f8, 0x2418, 0x2418, 0x2418, 0x2418,
  0x2418, 0x2418, 0x23f8, 0x23f8, 0x23f8, 0x23f8, 0x23f8, 0x23f8, 0x23f8, 0x23f8, 0x23f8, 0x23f8,
  0x23f8, 0x23f8, 0x23f8, 0x23f8, 0x23f8, 0x23f8, 0x23f8, 0x23f8, 0x23f8, 0x23f8, 0x23f8, 0x23f8,
  0x1bf8, 0x23f8, 0x2418, 0x2418, 0x2418, 0x2418, 0x2418, 0x2418, 0x2418, 0x2418, 0x2418, 0x2418,
  0x2418, 0x2418, 0x2418, 0x2418, 0x2418, 0x2418, 0x2418, 0x2418, 0x2418, 0x2418, 0x2418, 0x2418,
  0x2418, 0x2418, 0x2418, 0x2418, 0x2418, 0x2418, 0x2418, 0x1c18, 0x1c18, 0x2418, 0x2418, 0x1c18,
  0x1c18, 0x1c18, 0x1c18, 0x1bf8, 0x1c18, 0x1c18, 0x1c18, 0x1c18, 0x1c18, 0x1c18, 0x1c18, 0x1c18,
  0x2418, 0x1c18, 0x1c18, 0x2418, 0x2418, 0x1c18, 0x2418, 0x2418, 0x2418, 0x2418, 0x1c18, 0x23f8,
  0x2418, 0x2418, 0x2418, 0x2418, 0x2418, 0x2418, 0x2418, 0x2418, 0x2418, 0x2418, 0x2418, 0x2418,
  0x2418, 0x2418, 0x2418, 0x2418, 0x2418, 0x2418, 0x2418, 0x2418, 0x2418, 0x2418, 0x2418, 0x2418,
  0x2418, 0x1c18, 0x1c18, 0x2418, 0x2418, 0x2418, 0x2418, 0x2418, 0x2418, 0x2418, 0x2418, 0x1c18,
  0x1c18, 0x1c18, 0x2418, 0x2418, 0x2418, 0x2418, 0x2418, 0x2418, 0x2418, 0x2418, 0x2418, 0x2418,
  0x2418, 0x2418, 0x2418, 0x2418, 0x2418, 0x2418, 0x2418, 0x2418, 0x2418, 0x2418, 0x2418, 0x2418,
  0x2418, 0x2418, 0x2418, 0x2418, 0x2418, 0x2418, 0x2418, 0x2418, 0x2418, 0x2418, 0x2418, 0x2418,
  0x2418, 0x2418, 0x2418, 0x2418, 0x2418, 0x2418, 0x2418, 0x2418, 0x2418, 0x2418, 0x2418, 0x2418,
  0x2418, 0x2418, 0x2418, 0x2418, 0x2418, 0x2418, 0x2418, 0x2418, 0x2418, 0x1c18, 0x1c18, 0x1c18,
  0x1c18, 0x1c18, 0x1c18, 0x1c18, 0x1c18, 0x1c18, 0x1c18, 0x1c18, 0x1c18, 0x1c18, 0x1c18, 0x1c18,
  0x1c18, 0x1c18, 0x1c18, 0x1c18, 0x1c18, 0x1c18, 0x2418, 0x2418, 0x2418, 0x2418, 0x2418, 0x1c18,
  0x1c18, 0x1c18, 0x2418, 0x2418, 0x2418, 0x2418, 0x2418, 0x2418, 0x2418, 0x2418, 0x2418, 0x2418,
  0x2418, 0x2418, 0x2418, 0x2418, 0x2418, 0x2418, 0x2418, 0x2418, 0x2418, 0x2418, 0x2418, 0x23f8,
  0x23f8, 0x23f8, 0x2418, 0x2418, 0x2418, 0x2418, 0x2418, 0x1c18, 0x1bf8, 0x23f8, 0x23f8, 0x1bf8,
  0x23f8, 0x1bf8, 0x23f8, 0x23f8, 0x23f8, 0x1bf8, 0x1bf8, 0x1bf8, 0x2418, 0x2418, 0x23f8, 0x1bf8,
  0x23f8, 0x23f8, 0x23f8, 0x23f8, 0x23f8, 0x23f8, 0x2418, 0x2418, 0x2418, 0x2418, 0x2418, 0x2418,
  0x1bf8, 0x23f8, 0x1bf8, 0x23f8, 0x23f8, 0x1bf8, 0x1bf8, 0x1bf8, 0x1bf8, 0x1bf8, 0x23f8, 0x23f8,
  0x23f8, 0x1bf8, 0x23f8, 0x1bf8, 0x1bf7, 0x1bd7, 0x1bd7, 0x1bd7, 0x1bd7, 0x1bd7, 0x1bd7, 0x1bd7,
  0x1bb7, 0x1bb7, 0x1bb6, 0x1bb6, 0x1bb6, 0x1bb6, 0x1b96, 0x1b96, 0x1b96, 0x1b96, 0x1b96, 0x1b95,
  0x1b95, 0x1b75, 0x1b75, 0x1b75, 0x1b75, 0x1b75, 0x1b55, 0x1b55, 0x1b55, 0x1354, 0x1354, 0x1354,
  0x1354, 0x1334, 0x1334, 0x1334, 0x1333, 0x1333, 0x1333, 0x1313, 0x1313, 0x0af3, 0x12f3, 0x0b13,
  0x0b13, 0x0b13, 0x0b13, 0x0b13, 0x0af3, 0x0af3, 0x0af3, 0x0af3, 0x0af3, 0x0b13, 0x0b13, 0x0b13,
  0x1313, 0x0b13, 0x0b13, 0x1313, 0x1313, 0x1313, 0x1313, 0x1333, 0x1334, 0x1334, 0x1334, 0x1354,
  0x1354, 0x1354, 0x1354, 0x1354, 0x1354, 0x1b54, 0x1b55, 0x1b54, 0x1b55, 0x1b75, 0x1b75, 0x1b75,
  0x1b95, 0x1b95, 0x1b95, 0x1b95, 0x1b96, 0x1b96, 0x1b96, 0x1b96, 0x1b96, 0x1b96, 0x1bb6, 0x1bb6,
  0x1bb7, 0x1bb7, 0x1bd7, 0x1bd7, 0x1bd7, 0x1bd7, 0x1bd7, 0x1bd7, 0x1bd7, 0x1bd7, 0x1bd7, 0x1bf7,
  0x1bf8, 0x1bf8, 0x1bf8, 0x1bf8, 0x1bf8, 0x1bf8, 0x1bf8, 0x1bf8, 0x1bf8, 0x1bf8, 0x23f8, 0x2418,
  0x2418, 0x2418, 0x2418, 0x2418, 0x2418, 0x2418, 0x2418, 0x2418, 0x2418, 0x2418, 0x2418, 0x2418,
  0x2418, 0x2418, 0x2418, 0x2418, 0x23f8, 0x2418, 0x2418, 0x2418, 0x2418, 0x2418, 0x2418, 0x2418,
  0x2418, 0x2418, 0x2418, 0x2418, 0x2418, 0x1c18, 0x1c18, 0x2418, 0x1c18, 0x2418, 0x1c18, 0x2418,
  0x2418, 0x2418, 0x1c18, 0x1c18, 0x1c18, 0x1c18, 0x1c18, 0x2418, 0x2418, 0x2418, 0x2418, 0x2418,
  0x2418, 0x1c18, 0x1c18, 0x1c18, 0x2418, 0x1c18, 0x2418, 0x2418, 0x2418, 0x2418, 0x2418, 0x2418,
  0x2418, 0x2418, 0x2418, 0x1c18, 0x1c18, 0x1c18, 0x1c18, 0x2418, 0x2418, 0x1c18, 0x1c18, 0x2418,
  0x2418, 0x2418, 0x2418, 0x2418, 0x2418, 0x1c18, 0x2418, 0x2418, 0x2418, 0x2418, 0x2418, 0x2418,
  0x2418, 0x2418, 0x2418, 0x2418, 0x2418, 0x2418, 0x23f8, 0x2418, 0x2418, 0x2418, 0x2418, 0x2418,
  0x2418, 0x2418, 0x2418, 0x2418, 0x2418, 0x1c18, 0x2418, 0x2418, 0x1bf8, 0x1bf8, 0x1bf8, 0x1c18,
  0x1c18, 0x1c18, 0x1c18, 0x1c18, 0x1bf8, 0x1bf8, 0x1c18, 0x1c18, 0x1c18, 0x1c18, 0x1c18, 0x1c18,
  0x1c18, 0x2418, 0x2418, 0x1c18, 0x1c18, 0x2418, 0x1c18, 0x23f8, 0x1c18, 0x1c18, 0x2418, 0x2418,
  0x2418, 0x2418, 0x2418, 0x2418, 0x2418, 0x2418, 0x2418, 0x2418, 0x2418, 0x2418, 0x2418, 0x2418,
  0x2418, 0x23f8, 0x23f8, 0x2418, 0x23f8, 0x2418, 0x1c18, 0x1bf8, 0x23f8, 0x2418, 0x2418, 0x2418,
  0x2418, 0x2418, 0x23f8, 0x23f8, 0x23f8, 0x23f8, 0x23f8, 0x1bf8, 0x1bd7, 0x1b96, 0x1b96, 0x1b95,
  0x1b95, 0x1b95, 0x1b75, 0x1b75, 0x1b75, 0x1b75, 0x1b54, 0x1354, 0x1354, 0x1b54, 0x1354, 0x1354,
  0x1334, 0x1334, 0x1334, 0x1334, 0x1313, 0x1313, 0x1313, 0x1313, 0x1313, 0x0b13, 0x0b13, 0x0af3,
  0x12f3, 0x0af3, 0x0af2, 0x0ad2, 0x0ad2, 0x0af2, 0x0ad2, 0x0ad2, 0x0af2, 0x0af2, 0x0ad2, 0x0ad2,
  0x0ad2, 0x0ad2, 0x0ad2, 0x0ad2, 0x0ad2, 0x0ad2, 0x0ad2, 0x0af2, 0x0af2, 0x0af3, 0x0af3, 0x0af3,
  0x0af3, 0x0af3, 0x0af3, 0x0af3, 0x0af3, 0x0af3, 0x0af3, 0x0af3, 0x0af3, 0x0af3, 0x0af3, 0x0af3,
  0x0af3, 0x0af3, 0x0af3, 0x0af3, 0x0af3, 0x0af3, 0x0af3, 0x0af3, 0x0af3, 0x0af3, 0x0af3, 0x0af3,
  0x0af3, 0x0af3, 0x0af3, 0x0af3, 0x0af3, 0x0af3, 0x0af3, 0x0af3, 0x0b13, 0x0b13, 0x0b13, 0x0af3,
  0x0af3, 0x02f3, 0x02f3, 0x02f3, 0x0af3, 0x0af3, 0x0b13, 0x0af3, 0x0af3, 0x0af3, 0x0b13, 0x0b13,
  0x0b13, 0x0b13, 0x0af3, 0x02f3, 0x02f3, 0x02f3, 0x0af3, 0x0af3, 0x0af3, 0x0af3, 0x0af3, 0x0af3,
  0x0af3, 0x0af3, 0x0af3, 0x0af3, 0x0af3, 0x0af3, 0x0af3, 0x0af3, 0x0af3, 0x0af3, 0x0af3, 0x0af3,
  0x0af3, 0x0af3, 0x0af3, 0x0af3, 0x0af3, 0x0af3, 0x0af2, 0x0af2, 0x0ad2, 0x0af2, 0x0af2, 0x0af2,
  0x0af2, 0x0af2, 0x0af2, 0x0ad2, 0x0ad2, 0x0ad2, 0x0ad2, 0x0ad2, 0x0ad2, 0x0ad2, 0x0ad2, 0x0ad2,
  0x0ad2, 0x0ad2, 0x0ad2, 0x0ad2, 0x0ad2, 0x0ad2, 0x0af2, 0x0af2, 0x0af3, 0x12f3, 0x12f3, 0x1313,
  0x1313, 0x1313, 0x1313, 0x1313, 0x1313, 0x1313, 0x1333, 0x1334, 0x1334, 0x1334, 0x1354, 0x1354,
  0x1b54, 0x1354, 0x1b75, 0x1b75, 0x1b75, 0x1b75, 0x1b96, 0x23f8, 0x2418, 0x2418, 0x2418, 0x1c18,
  0x1c18, 0x1c18, 0x2418, 0x2418, 0x1c18, 0x1c18, 0x1c18, 0x2418, 0x2418, 0x2418, 0x1c18, 0x1c18,
  0x1c18, 0x1c18, 0x1c18, 0x1c18, 0x1c18, 0x1c18, 0x1c18, 0x1c18, 0x1c18, 0x1c18, 0x1c18, 0x1c18,
  0x2418, 0x2418, 0x2418, 0x2418, 0x1c18, 0x1c18, 0x1c18, 0x1c18, 0x2418, 0x2418, 0x1c18, 0x2418,
  0x2418, 0x2418, 0x2418, 0x2418, 0x2418, 0x2418, 0x2418, 0x2418, 0x2418, 0x2418, 0x2418, 0x2418,
  0x2418, 0x2418, 0x2418, 0x2418, 0x2418, 0x2418, 0x23f8, 0x23f8, 0x23f8, 0x2418, 0x2418, 0x2418,
  0x2418, 0x2418, 0x23f8, 0x1c18, 0x2418, 0x2418, 0x2418, 0x2418, 0x1c18, 0x2418, 0x1c18, 0x1c18,
  0x1c18, 0x1c18, 0x2418, 0x2418, 0x23f8, 0x23f8, 0x2418, 0x1c18, 0x1c18, 0x1bf8, 0x1bf8, 0x1bf8,
  0x1bf8, 0x1bf8, 0x1c18, 0x1c18, 0x1bf8, 0x1bf8, 0x1c18, 0x1bf8, 0x1c18, 0x2418, 0x2418, 0x1c18,
  0x1c18, 0x2418, 0x23f8, 0x1c18, 0x1c18, 0x1c18, 0x2418, 0x1c18, 0x1bf8, 0x1bf8, 0x1c18, 0x1c18,
  0x1bf8, 0x2418, 0x2418, 0x2418, 0x2418, 0x2418, 0x23f8, 0x23f8, 0x2418, 0x23f8, 0x2418, 0x1c18,
  0x1c18, 0x2418, 0x2418, 0x23f8, 0x23f8, 0x23f8, 0x23f8, 0x23f8, 0x23f8, 0x23f8, 0x2418, 0x2418,
  0x23f8, 0x23f8, 0x1bf8, 0x1b55, 0x0ad2, 0x0ad2, 0x0ad2, 0x0ad2, 0x0af2, 0x02f2, 0x02f2, 0x0af2,
  0x0af3, 0x0af2, 0x02f3, 0x02f3, 0x02f3, 0x0af3, 0x0af3, 0x0af3, 0x0af3, 0x0af3, 0x02f3, 0x02f3,
  0x02f3, 0x02f3, 0x02f3, 0x02f3, 0x02f3, 0x0af3, 0x02f3, 0x02f3, 0x0af3, 0x0af3, 0x02f3, 0x02f3,
  0x02f3, 0x02f3, 0x02f3, 0x02f3, 0x02f3, 0x02f3, 0x02f3, 0x02f3, 0x02f3, 0x02f3, 0x02f3, 0x02f3,
  0x02f3, 0x02f3, 0x02f3, 0x02f3, 0x02f3, 0x02f3, 0x0af3, 0x0af3, 0x02f3, 0x02f3, 0x0af3, 0x0af3,
  0x0af3, 0x02f3, 0x0af3, 0x0af3, 0x0af3, 0x0af3, 0x0af3, 0x0af3, 0x0af3, 0x0af3, 0x0af3, 0x0af3,
  0x0af3, 0x0af3, 0x0b13, 0x0b13, 0x0af3, 0x0af3, 0x0af3, 0x0af3, 0x0af3, 0x0af3, 0x0af3, 0x0af3,
  0x0af3, 0x0af3, 0x0af3, 0x0af3, 0x0af3, 0x0b13, 0x0b13, 0x0b13, 0x0b13, 0x0af3, 0x0af3, 0x0af3,
  0x0af3, 0x0af3, 0x0af3, 0x0b13, 0x0b13, 0x0b13, 0x0b13, 0x0b13, 0x0b13, 0x0b13, 0x0af3, 0x0af3,
  0x02f3, 0x02f3, 0x0af3, 0x0af3, 0x02f3, 0x02f3, 0x0af3, 0x0af3, 0x0af3, 0x0b13, 0x0b13, 0x0af3,
  0x0af3, 0x0af3, 0x02f3, 0x02f3, 0x0af2, 0x0af3, 0x0af3, 0x0af3, 0x0af3, 0x0af3, 0x0af3, 0x0af3,
  0x0af3, 0x0af2, 0x02f2, 0x0af3, 0x02f3, 0x02f3, 0x02f3, 0x02f3, 0x02f3, 0x02f3, 0x02f3, 0x02f3,
  0x02f3, 0x02f3, 0x0af3, 0x02f3, 0x02f3, 0x02f3, 0x0af3, 0x02f3, 0x02f3, 0x02f3, 0x02f3, 0x02f3,
  0x02f3, 0x02f3, 0x02f3, 0x02f3, 0x0af3, 0x0af3, 0x0af3, 0x0af3, 0x0af3, 0x0af3, 0x0af3, 0x02f3,
  0x0af3, 0x0af3, 0x0af3, 0x0af3, 0x0af3, 0x0af3, 0x02f3, 0x02f3, 0x0af3, 0x0af3, 0x02f3, 0x0af3,
  0x0af3, 0x0af3, 0x0af2, 0x12f3, 0x23f8, 0x2418, 0x2418, 0x2418, 0x2418, 0x2418, 0x2418, 0x2418,
  0x2418, 0x1c18, 0x1c18, 0x1bf8, 0x1bf8, 0x1bf8, 0x1c18, 0x1bf8, 0x1c18, 0x1c18, 0x1c18, 0x1c18,
  0x1c18, 0x1c18, 0x1c18, 0x1c18, 0x1c18, 0x1c18, 0x1c18, 0x1c18, 0x2418, 0x2418, 0x2418, 0x1c18,
  0x2418, 0x2418, 0x1c18, 0x1c18, 0x1c18, 0x2418, 0x2418, 0x2418, 0x2418, 0x2418, 0x2418, 0x2418,
  0x2418, 0x2418, 0x2418, 0x2418, 0x2418, 0x2418, 0x2418, 0x2418, 0x2418, 0x2418, 0x2418, 0x2418,
  0x2418, 0x2418, 0x23f8, 0x23f8, 0x2418, 0x2418, 0x2418, 0x2418, 0x2418, 0x1bf8, 0x2418, 0x23f8,
  0x2418, 0x2418, 0x2418, 0x2418, 0x1c18, 0x2418, 0x1c18, 0x1c18, 0x23f8, 0x23f8, 0x1bf8, 0x1bf8,
  0x1bf8, 0x1bf8, 0x1c18, 0x2418, 0x2418, 0x23f8, 0x1bf8, 0x1bf8, 0x1bf8, 0x1bf8, 0x1bf8, 0x1bf8,
  0x2418, 0x1c18, 0x1c18, 0x1bf8, 0x2418, 0x1c18, 0x2418, 0x2418, 0x1c18, 0x1c18, 0x2418, 0x1bf8,
  0x1c18, 0x1c18, 0x1c18, 0x1c18, 0x23f8, 0x1bf8, 0x1bf8, 0x23f8, 0x23f8, 0x2418, 0x1c18, 0x23f8,
  0x2418, 0x2418, 0x23f8, 0x23f8, 0x2418, 0x2418, 0x23f8, 0x2418, 0x23f8, 0x23f8, 0x2418, 0x2418,
  0x2418, 0x23f8, 0x2418, 0x2418, 0x23f8, 0x23f8, 0x23f8, 0x2418, 0x2418, 0x23f8, 0x1bd7, 0x0ad2,
  0x02f3, 0x0af3, 0x0af3, 0x02f3, 0x02f3, 0x02f3, 0x02f3, 0x02f3, 0x02f3, 0x02f3, 0x02f3, 0x02f3,
  0x02f3, 0x02f3, 0x0af3, 0x0af3, 0x0af3, 0x0af3, 0x02f3, 0x02f3, 0x02f3, 0x02f3, 0x02f3, 0x02f3,
  0x02f3, 0x02f3, 0x0af3, 0x02f3, 0x02f3, 0x02f3, 0x0af3, 0x02f3, 0x02f3, 0x02f3, 0x02f3, 0x02f3,
  0x02f3, 0x02f3, 0x02f3, 0x02f3, 0x0af3, 0x0af3, 0x02f3, 0x0af3, 0x0af3, 0x0af3, 0x0af3, 0x0af3,
  0x0af3, 0x0af3, 0x0af3, 0x0af3, 0x0af3, 0x02f3, 0x0af3, 0x02f3, 0x0af3, 0x0af3, 0x02f3, 0x0af3,
  0x0af3, 0x0af3, 0x0af3, 0x0af3, 0x0af3, 0x0af3, 0x0af3, 0x0af3, 0x0af3, 0x0af3, 0x0b13, 0x0b13,
  0x0b13, 0x0b13, 0x0b13, 0x0af3, 0x0af3, 0x0af3, 0x0b13, 0x0af3, 0x0af3, 0x0af3, 0x0af3, 0x0af3,
  0x0af3, 0x0af3, 0x0b13, 0x0b13, 0x0b13, 0x0b13, 0x0b13, 0x0af3, 0x0af3, 0x0af3, 0x0af3, 0x0af3,
  0x0b13, 0x0b13, 0x0b13, 0x0b13, 0x0b13, 0x0b13, 0x0af3, 0x0af3, 0x0af3, 0x0af3, 0x0af3, 0x02f3,
  0x0313, 0x0af3, 0x0af3, 0x0af3, 0x0b13, 0x0b13, 0x0b13, 0x0af3, 0x0af3, 0x0af3, 0x0af3, 0x0af3,
  0x0af3, 0x0af3, 0x02f3, 0x0af3, 0x0af3, 0x0af3, 0x0af3, 0x0af3, 0x0af2, 0x0af2, 0x0af3, 0x02f3,
  0x02f3, 0x0af3, 0x02f3, 0x02f3, 0x02f3, 0x02f3, 0x0af3, 0x0af3, 0x0af3, 0x0af3, 0x0af3, 0x02f3,
  0x0af3, 0x0af3, 0x02f3, 0x0af3, 0x02f3, 0x02f3, 0x0af3, 0x0af3, 0x0af3, 0x0af3, 0x02f3, 0x0af3,
  0x0af3, 0x02f3, 0x0af3, 0x02f3, 0x02f3, 0x02f3, 0x02f3, 0x02f3, 0x0af3, 0x0af3, 0x02f3, 0x02f3,
  0x02f3, 0x02f3, 0x02f3, 0x02f3, 0x02f3, 0x02f3, 0x02f3, 0x02f2, 0x02f3, 0x0af3, 0x0af3, 0x0af3,
  0x1bd7, 0x2418, 0x2418, 0x2418, 0x2418, 0x2418, 0x2418, 0x1c18, 0x1c18, 0x2418, 0x2418, 0x23f8,
  0x1bf8, 0x1bf8, 0x1c18, 0x1c18, 0x1c18, 0x1c18, 0x1bf8, 0x1bf8, 0x1bf8, 0x1c18, 0x1bf8, 0x1bf8,
  0x1bf8, 0x1bf8, 0x1bf8, 0x1bf8, 0x2418, 0x2418, 0x1c18, 0x1c18, 0x2418, 0x2418, 0x1bf8, 0x1c18,
  0x1c18, 0x1c18, 0x1c18, 0x1bf8, 0x23f8, 0x2418, 0x2418, 0x1bf8, 0x1c18, 0x2418, 0x2418, 0x2418,
  0x2418, 0x2418, 0x2418, 0x23f8, 0x23f8, 0x23f8, 0x1c18, 0x1bf8, 0x2418, 0x2418, 0x23f8, 0x23f8,
  0x2418, 0x23f8, 0x23f8, 0x23f8, 0x23f8, 0x23f8, 0x2418, 0x2418, 0x2418, 0x2418, 0x2418, 0x2418,
  0x1c18, 0x23f8, 0x1bf8, 0x1c18, 0x23f8, 0x1bf8, 0x1c18, 0x2418, 0x23f8, 0x1c18, 0x2418, 0x2418,
  0x2418, 0x1c18, 0x1bf8, 0x1bf8, 0x23f8, 0x1c18, 0x23f8, 0x1c18, 0x1bf8, 0x1c18, 0x2418, 0x1c18,
  0x2418, 0x1bf8, 0x1bf8, 0x2418, 0x2418, 0x2418, 0x2418, 0x1bf8, 0x1bf8, 0x1bf8, 0x2418, 0x2418,
  0x2418, 0x2418, 0x2418, 0x2418, 0x23f8, 0x23f8, 0x23f8, 0x1c18, 0x23f8, 0x1c18, 0x1bf8, 0x1bf8,
  0x23f8, 0x2418, 0x2418, 0x2418, 0x23f8, 0x23f8, 0x2418, 0x2418, 0x2418, 0x23f8, 0x23f8, 0x23f8,
  0x23f8, 0x23f8, 0x2418, 0x2418, 0x23f8, 0x23f8, 0x1bd7, 0x02f3, 0x02f3, 0x0ad3, 0x02d3, 0x02f3,
  0x02f3, 0x02f3, 0x02f3, 0x02f3, 0x02f3, 0x02f3, 0x02f3, 0x02f3, 0x02f3, 0x02f3, 0x02f3, 0x02f3,
  0x02f3, 0x02f3, 0x0af3, 0x02f3, 0x0af3, 0x0af3, 0x0af3, 0x0af3, 0x0af3, 0x0af3, 0x02f3, 0x0af3,
  0x02f3, 0x02f3, 0x0b13, 0x0b13, 0x0313, 0x02f3, 0x02f3, 0x0af3, 0x02f2, 0x02f3, 0x02f3, 0x02f3,
  0x0b13, 0x0af3, 0x2313, 0x2b33, 0x1313, 0x0b13, 0x0b13, 0x0af3, 0x0b13, 0x0af3, 0x0af2, 0x2312,
  0x2312, 0x0af3, 0x0b13, 0x0af3, 0x0af3, 0x1313, 0x1313, 0x02f3, 0x0af2, 0x4394, 0x8d38, 0x3374,
  0x0b13, 0x0af3, 0x02f3, 0x0af3, 0x0af3, 0x0af3, 0x3b74, 0x6455, 0x7496, 0x74b6, 0x7496, 0x5c15,
  0x1b13, 0x0af3, 0x0af3, 0x0af3, 0x0af3, 0x0af3, 0x0af3, 0x0af3, 0x0af3, 0x0af3, 0x0af3, 0x43b4,
  0x9558, 0xa5d9, 0x9538, 0x3b94, 0x02f3, 0x0af3, 0x0af3, 0x0af3, 0x0af3, 0x2b53, 0x6456, 0x5c15,
  0x2333, 0x0b13, 0x0b13, 0x0af3, 0x0af2, 0x3b53, 0x4bb4, 0x0313, 0x0b13, 0x0313, 0x0af3, 0x0b13,
  0x0af3, 0x53d4, 0x53f4, 0x0af2, 0x0af2, 0x3353, 0x3354, 0x0b13, 0x0b13, 0x0313, 0x0af3, 0x0af3,
  0x0af2, 0x4bb4, 0x4394, 0x02f3, 0x0af3, 0x0af3, 0x0af3, 0x0b13, 0x2b34, 0x4394, 0x0af3, 0x02f3,
  0x02f3, 0x0af3, 0x0af3, 0x0b13, 0x0b13, 0x0b13, 0x0b13, 0x0b13, 0x0b13, 0x0af3, 0x0af3, 0x0af2,
  0x0af3, 0x0af3, 0x0af3, 0x0af3, 0x0b13, 0x02f3, 0x0af3, 0x0af3, 0x0af3, 0x0af3, 0x0af3, 0x0af3,
  0x02f3, 0x02f3, 0x0af3, 0x02f3, 0x02f3, 0x02f3, 0x02f3, 0x0af3, 0x0af3, 0x02f3, 0x02f3, 0x02f3,
  0x02f3, 0x02f3, 0x0af3, 0x02f3, 0x0af3, 0x0af3, 0x0af3, 0x0b34, 0x1bf8, 0x2418, 0x2418, 0x1c18,
  0x2418, 0x1c18, 0x1c18, 0x23f8, 0x23f8, 0x1bf8, 0x1c18, 0x1bf8, 0x1c18, 0x2418, 0x2418, 0x2418,
  0x1bf8, 0x1bf8, 0x1bf8, 0x1bf8, 0x1bf8, 0x1bf8, 0x1c18, 0x2418, 0x1bf8, 0x1c18, 0x1c18, 0x1c18,
  0x2418, 0x2418, 0x1c18, 0x1c18, 0x1bf8, 0x1bf8, 0x23f8, 0x1c18, 0x1c18, 0x2418, 0x1c18, 0x23f8,
  0x23f8, 0x2418, 0x1bf8, 0x1bf8, 0x1c18, 0x1c18, 0x1bf8, 0x2418, 0x2418, 0x23f8, 0x23f8, 0x2418,
  0x2418, 0x2418, 0x2418, 0x2418, 0x2418, 0x2418, 0x23f8, 0x23f8, 0x1bf8, 0x1bf8, 0x23f8, 0x23f8,
  0x23f8, 0x23f8, 0x2418, 0x2418, 0x2418, 0x2418, 0x2418, 0x1bf8, 0x1c18, 0x2418, 0x1bf8, 0x1bf8,
  0x1bf8, 0x1bf8, 0x1bf8, 0x23f8, 0x23f8, 0x1c18, 0x2418, 0x1bf8, 0x1bf8, 0x1bf8, 0x1bf8, 0x2418,
  0x23f8, 0x23f8, 0x23f8, 0x23f8, 0x23f8, 0x23f8, 0x2418, 0x1c18, 0x1bf8, 0x2418, 0x2418, 0x2418,
  0x2418, 0x23f8, 0x2418, 0x2418, 0x2418, 0x2418, 0x23f8, 0x23f8, 0x23f8, 0x23f8, 0x23f8, 0x2418,
  0x2418, 0x2418, 0x2418, 0x2418, 0x1bf8, 0x1c18, 0x2418, 0x23f8, 0x23f8, 0x2418, 0x23f8, 0x2418,
  0x2418, 0x23f8, 0x2418, 0x23f8, 0x23f8, 0x23f8, 0x23f8, 0x23f8, 0x23f8, 0x23f8, 0x2418, 0x23f8,
  0x2418, 0x2418, 0x2418, 0x1375, 0x0af3, 0x0af3, 0x02f3, 0x02f3, 0x02f3, 0x02f3, 0x02f3, 0x02f3,
  0x02f3, 0x02f3, 0x02f3, 0x02f3, 0x02f3, 0x02f3, 0x02f3, 0x02f3, 0x02f3, 0x0af3, 0x02f3, 0x0af3,
  0x02f3, 0x0af3, 0x5bf4, 0xc67b, 0x8d17, 0x0b13, 0x0af3, 0x0af3, 0x0af3, 0x0af3, 0x53f5, 0xcebc,
  0xadf9, 0x0b14, 0x0b14, 0x8d37, 0xce9b, 0x6414, 0x02d2, 0x0af3, 0x6c56, 0xcebc, 0xef9e, 0xf7bf,
  0xe75d, 0xb61a, 0x2333, 0x0af3, 0x0af3, 0x9558, 0xdf1d, 0xef9e, 0xef9e, 0xdf1c, 0x9558, 0x0af3,
  0x12d2, 0xcebc, 0xdf3d, 0x53d5, 0x0b14, 0xd6fc, 0xffdf, 0xc67b, 0x0313, 0x0af3, 0x02f3, 0x0af3,
  0x0af2, 0x4bb3, 0xef7e, 0xffff, 0xffff, 0xffff, 0xffff, 0xffdf, 0xce9b, 0x02f2, 0x02f3, 0x0af3,
  0x0af3, 0x0af3, 0x02f3, 0x0af3, 0x0b13, 0x0b13, 0xa5b9, 0xef9e, 0xffff, 0xffff, 0xffff, 0xef7e,
  0x8cf7, 0x02f2, 0x0af3, 0x1b33, 0xadf9, 0xef9e, 0xffff, 0xffff, 0xef7e, 0xa598, 0x12f2, 0x0af2,
  0x0af2, 0xdf1d, 0xf7be, 0x7496, 0x0b13, 0x0b13, 0x02f3, 0x0af2, 0x84f7, 0xf79e, 0xf7be, 0x5bf4,
  0x2b54, 0xef7e, 0xef7e, 0x5c15, 0x0b14, 0x0b13, 0x0af3, 0x0ad2, 0x8d17, 0xf7be, 0xf7be, 0x4bd4,
  0x0b13, 0x0af3, 0x0af2, 0x43b4, 0xe77e, 0xf7bf, 0x9558, 0x02f3, 0x0af3, 0x0af3, 0x0b13, 0x6c76,
  0xbe5b, 0x6456, 0x0b34, 0x0b13, 0x0b13, 0x0af2, 0x9d98, 0xb61a, 0x2b33, 0x0b13, 0x8d17, 0xcedc,
  0xd6dc, 0xcebb, 0xb61a, 0x6c55, 0x0af3, 0x0af3, 0x0af3, 0x02f3, 0x0af3, 0x02f3, 0x0af3, 0x0af3,
  0x02f3, 0x02f3, 0x02f3, 0x02f3, 0x02f3, 0x02f3, 0x02f3, 0x0af3, 0x02f3, 0x02f3, 0x02f3, 0x0af3,
  0x0af3, 0x0af3, 0x0af3, 0x1bd7, 0x2418, 0x2418, 0x2418, 0x1c18, 0x2418, 0x1bf8, 0x1c18, 0x2418,
  0x1bf8, 0x1bf8, 0x1bf8, 0x1bf8, 0x1bf8, 0x1bf8, 0x2418, 0x2418, 0x2418, 0x1c18, 0x1bf8, 0x1bf8,
  0x1bf8, 0x23f8, 0x2418, 0x1bf8, 0x1c18, 0x2418, 0x23f8, 0x2418, 0x1bf8, 0x1bf8, 0x2418, 0x2418,
  0x2418, 0x2418, 0x1c18, 0x1bf8, 0x1c18, 0x2418, 0x2418, 0x2418, 0x2418, 0x2418, 0x2418, 0x23f8,
  0x23f8, 0x2418, 0x2418, 0x2418, 0x2418, 0x23f8, 0x23f8, 0x23f8, 0x2418, 0x2418, 0x2418, 0x23f8,
  0x23f8, 0x2418, 0x2418, 0x2418, 0x23f8, 0x2418, 0x2418, 0x23f8, 0x23f8, 0x2418, 0x2418, 0x2418,
  0x2418, 0x2418, 0x2418, 0x23f8, 0x23f8, 0x23f8, 0x1bf8, 0x1bf8, 0x1bf8, 0x1bf8, 0x1bf8, 0x23f8,
  0x23f8, 0x1bf8, 0x23f8, 0x23f8, 0x1bf8, 0x23f8, 0x1bf8, 0x1bf8, 0x1bf8, 0x1c18, 0x1c18, 0x1c18,
  0x1bf8, 0x1c18, 0x2418, 0x23f8, 0x2418, 0x2418, 0x2418, 0x23f8, 0x23f8, 0x23f8, 0x2418, 0x2418,
  0x2418, 0x23f8, 0x23f8, 0x23f8, 0x23f8, 0x23f8, 0x23f8, 0x2418, 0x2418, 0x2418, 0x2418, 0x23f8,
  0x1bf8, 0x23f8, 0x2418, 0x2418, 0x2418, 0x2418, 0x2418, 0x2418, 0x2418, 0x23f8, 0x2418, 0x23f8,
  0x2418, 0x2418, 0x2418, 0x2418, 0x2418, 0x2418, 0x2418, 0x2418, 0x23f8, 0x2418, 0x23f8, 0x2418,
  0x1355, 0x0af3, 0x02f3, 0x02f3, 0x02f3, 0x02f3, 0x02f3, 0x02f3, 0x02f3, 0x02f3, 0x02f3, 0x02f3,
  0x02f3, 0x02f3, 0x02f3, 0x02f3, 0x02f3, 0x02f3, 0x0af3, 0x02f3, 0x0af3, 0x0af3, 0xb61a, 0xffff,
  0xf7bf, 0x6415, 0x0af2, 0x0af2, 0x0af2, 0x0ad2, 0xcebb, 0xffff, 0xf7bf, 0x3b74, 0x0b34, 0xe75d,
  0xffdf, 0xbe3a, 0x02d2, 0x6415, 0xef9e, 0xffff, 0xffff, 0xffff, 0xffff, 0xffdf, 0x84f6, 0x0ad2,
  0xa598, 0xf7df, 0xffff, 0xffff, 0xffff, 0xffff, 0xf7be, 0x4393, 0x53d3, 0xffdf, 0xffff, 0x9d78,
  0x0af3, 0xef7e, 0xffff, 0xdf1d, 0x02f3, 0x0af3, 0x0af3, 0x0af3, 0x0b13, 0x84f6, 0xffdf, 0xffdf,
  0xffff, 0xffff, 0xffff, 0xffdf, 0xe75d, 0x02d2, 0x02f3, 0x0af3, 0x0af3, 0x0af3, 0x02f3, 0x0af3,
  0x0b13, 0xa598, 0xffdf, 0xffdf, 0xffff, 0xffff, 0xffff, 0xffdf, 0xe75d, 0x02d1, 0x0ad2, 0xbe5a,
  0xffff, 0xffff, 0xffff, 0xffff, 0xffff, 0xf7df, 0xadf9, 0x0b13, 0x2353, 0xf7be, 0xffff, 0xe75d,
  0x3353, 0x02f3, 0x02d2, 0x53d4, 0xef7e, 0xffff, 0xffdf, 0x8d17, 0x4bb4, 0xffff, 0xffff, 0xd6fc,
  0x1b13, 0x0af3, 0x0af3, 0x6435, 0xf7be, 0xffff, 0xffdf, 0x84d6, 0x0b13, 0x0af3, 0x0af2, 0xb5f9,
  0xffdf, 0xffdf, 0xef7e, 0x2b54, 0x0313, 0x0af3, 0x0af2, 0xc69b, 0xffff, 0xef7e, 0x4bd5, 0x0af3,
  0x0af2, 0x53b3, 0xf7be, 0xf7bf, 0x9557, 0x0b13, 0xe77e, 0xffff, 0xffff, 0xffff, 0xffff, 0xffdf,
  0xbe5a, 0x2333, 0x0af3, 0x0af3, 0x0af3, 0x02f3, 0x0af3, 0x02f3, 0x02f3, 0x02f3, 0x02f3, 0x02f3,
  0x0af3, 0x0af3, 0x0af3, 0x02f3, 0x02f3, 0x02f3, 0x02f3, 0x0af3, 0x0af3, 0x0af3, 0x1b96, 0x1bf8,
  0x1bf8, 0x23f8, 0x23f8, 0x1c18, 0x2418, 0x1bf8, 0x1bf8, 0x23f8, 0x1bf8, 0x1c18, 0x2418, 0x23f8,
  0x1c18, 0x2418, 0x1bf8, 0x1bf8, 0x1bf8, 0x1bf8, 0x1c18, 0x2418, 0x1c18, 0x23f8, 0x2418, 0x23f8,
  0x2418, 0x1c18, 0x1c18, 0x1c18, 0x23f8, 0x1bf8, 0x2418, 0x2418, 0x2418, 0x2418, 0x1bf8, 0x1bf8,
  0x23f8, 0x2418, 0x2418, 0x2418, 0x2418, 0x23f8, 0x2418, 0x2418, 0x2418, 0x2418, 0x1bf8, 0x1bf8,
  0x1c18, 0x23f8, 0x23f8, 0x23f8, 0x23f8, 0x23f8, 0x2418, 0x2418, 0x23f8, 0x2418, 0x2418, 0x23f8,
  0x23f8, 0x23f8, 0x23f8, 0x23f8, 0x23f8, 0x2418, 0x2418, 0x2418, 0x2418, 0x2418, 0x2418, 0x23f8,
  0x23f8, 0x23f8, 0x23f8, 0x23f8, 0x23f8, 0x23f8, 0x1bf8, 0x23f8, 0x23f8, 0x23f8, 0x23f8, 0x1bf8,
  0x1bf8, 0x23f8, 0x1bf8, 0x1bf8, 0x23f8, 0x23f8, 0x23f8, 0x23f8, 0x2418, 0x1c18, 0x2418, 0x2418,
  0x23f8, 0x2418, 0x2418, 0x23f8, 0x23f8, 0x23f8, 0x23f8, 0x2418, 0x2418, 0x2418, 0x2418, 0x2418,
  0x2418, 0x2418, 0x2418, 0x2418, 0x2418, 0x2418, 0x2418, 0x23f8, 0x23f8, 0x23f8, 0x23f8, 0x23f8,
  0x2418, 0x2418, 0x2418, 0x2418, 0x2418, 0x2418, 0x2418, 0x2418, 0x2418, 0x2418, 0x2418, 0x2418,
  0x23f8, 0x23f8, 0x2418, 0x2418, 0x2418, 0x2418, 0x23f8, 0x2418, 0x23f8, 0x0b34, 0x0af3, 0x02f3,
  0x02f3, 0x0af3, 0x02f3, 0x02f3, 0x02f3, 0x02f3, 0x02f3, 0x02f3, 0x02f3, 0x02f3, 0x02f3, 0x02f3,
  0x02f3, 0x02f3, 0x02f3, 0x02f3, 0x0af3, 0x0b13, 0xbe5a, 0xffff, 0xffdf, 0xd6dc, 0x1313, 0x0b13,
  0x0b13, 0x7cd6, 0xf7df, 0xffff, 0xffdf, 0x4b93, 0x1313, 0xef7e, 0xffff, 0xcebb, 0x0b13, 0xbe5a,
  0xffff, 0xffff, 0xef5d, 0xdf1c, 0xef7e, 0xef5d, 0x5bd4, 0x1b12, 0xef9e, 0xffff, 0xffff, 0xdf1c,
  0xdefc, 0xef9e, 0xd6db, 0x22f2, 0x7496, 0xffff, 0xffff, 0xa5b8, 0x0ad1, 0xef7e, 0xffff, 0xdf3d,
  0x02d3, 0x0af3, 0x0af3, 0x0b13, 0x0b14, 0x9537, 0xffdf, 0xffdf, 0xdefc, 0xce9a, 0xc679, 0xb5d8,
  0x6c13, 0x0313, 0x0313, 0x0af3, 0x0af3, 0x0af3, 0x0af3, 0x0af3, 0x3b73, 0xef9e, 0xffff, 0xffff,
  0xe71c, 0xb5d8, 0xce7a, 0xef9e, 0xbe3a, 0x02f3, 0x7475, 0xf7df, 0xffdf, 0xffdf, 0xdf1c, 0xdf1c,
  0xffdf, 0xffff, 0xf7df, 0x6c76, 0x3394, 0xffdf, 0xffff, 0xffff, 0xbe3a, 0x0ad2, 0x12f2, 0xd6dc,
  0xffff, 0xffff, 0xffdf, 0x9517, 0x5c14, 0xffdf, 0xffdf, 0xffdf, 0x9d78, 0x0b14, 0x2354, 0xdf3d,
  0xffff, 0xffff, 0xffdf, 0x84b6, 0x0af2, 0x0af3, 0x3373, 0xef9e, 0xffff, 0xffff, 0xffdf, 0x9558,
  0x0313, 0x0313, 0x0af3, 0xd6dc, 0xffff, 0xffff, 0xd6fc, 0x2312, 0x0ad2, 0x7454, 0xffdf, 0xffdf,
  0xa5b9, 0x1b33, 0xf79e, 0xffff, 0xffdf, 0xf7bf, 0xffdf, 0xffdf, 0xffdf, 0xbe3a, 0x0313, 0x0af3,
  0x02f3, 0x02f3, 0x02f3, 0x02f3, 0x02f3, 0x02f3, 0x0af3, 0x02f3, 0x0af3, 0x02f3, 0x02f3, 0x0af3,
  0x0af3, 0x02f3, 0x0af3, 0x0af3, 0x0af3, 0x1354, 0x23f8, 0x2418, 0x2418, 0x2418, 0x23f8, 0x2418,
  0x2418, 0x1bf8, 0x1bf8, 0x23f8, 0x1bf8, 0x1bf8, 0x23f8, 0x23f8, 0x1bf8, 0x23f8, 0x23f8, 0x1c18,
  0x2418, 0x1bf8, 0x1bf8, 0x1bf8, 0x1bf8, 0x23f8, 0x1c18, 0x1bf8, 0x1c18, 0x2418, 0x2418, 0x2418,
  0x2418, 0x2418, 0x23f8, 0x23f8, 0x23f8, 0x2418, 0x2418, 0x2418, 0x2418, 0x23f8, 0x23f8, 0x23f8,
  0x23f8, 0x23f8, 0x2418, 0x2418, 0x2418, 0x2418, 0x23f8, 0x23f8, 0x23f8, 0x2418, 0x2418, 0x2418,
  0x2418, 0x2418, 0x2418, 0x2418, 0x23f8, 0x23f8, 0x23f8, 0x2418, 0x2418, 0x2418, 0x2418, 0x23f8,
  0x23f8, 0x2418, 0x2418, 0x2418, 0x2418, 0x2418, 0x23f8, 0x23f8, 0x23f8, 0x23f8, 0x23f8, 0x23f8,
  0x23f8, 0x23f8, 0x23f8, 0x23f8, 0x23f8, 0x23f8, 0x23f8, 0x23f8, 0x23f8, 0x23f8, 0x23f8, 0x23f8,
  0x23f8, 0x23f8, 0x23f8, 0x23f8, 0x23f8, 0x23f8, 0x23f8, 0x23f8, 0x23f8, 0x23f8, 0x23f8, 0x23f8,
  0x2418, 0x23f8, 0x23f8, 0x23f8, 0x23f8, 0x2418, 0x2418, 0x23f8, 0x23f8, 0x2418, 0x2418, 0x2418,
  0x2418, 0x2418, 0x2418, 0x2418, 0x2418, 0x2418, 0x2418, 0x2418, 0x2418, 0x2418, 0x2418, 0x2418,
  0x2418, 0x23f8, 0x23f8, 0x2418, 0x2418, 0x2418, 0x2418, 0x2418, 0x2418, 0x2418, 0x2418, 0x23f8,
  0x2418, 0x2418, 0x23f8, 0x23f8, 0x23f8, 0x1bf8, 0x0b14, 0x0af3, 0x0af3, 0x02f3, 0x0af3, 0x02f3,
  0x02f3, 0x02f3, 0x02f3, 0x02f3, 0x02f3, 0x02f3, 0x02f3, 0x02f3, 0x02f3, 0x02f3, 0x02f3, 0x02f3,
  0x0af3, 0x0af3, 0xc67a, 0xffdf, 0xffff, 0xffdf, 0x8d17, 0x0b14, 0x1334, 0xdf3d, 0xffff, 0xffff,
  0xffdf, 0x53d4, 0x2313, 0xef7e, 0xffdf, 0xcebb, 0x0b13, 0xcebc, 0xffff, 0xffdf, 0x6c33, 0x0ab0,
  0x22d0, 0x2af1, 0x0b34, 0x2333, 0xffdf, 0xffff, 0xef9e, 0x3af0, 0x0ab1, 0x3311, 0x1af1, 0x0b14,
  0x84f7, 0xffff, 0xffff, 0xa598, 0x0ab1, 0xe77e, 0xffff, 0xe75d, 0x02f3, 0x0af3, 0x0b13, 0x0b13,
  0x0b13, 0x8d17, 0xffdf, 0xffdf, 0x9d57, 0x0ab0, 0x0ad1, 0x0af2, 0x0b13, 0x0b14, 0x0b13, 0x0af3,
  0x0af3, 0x0af3, 0x0af3, 0x0af3, 0x8d37, 0xf7df, 0xffff, 0xe73d, 0x3312, 0x0af2, 0x0ad1, 0x2ad0,
  0x12f2, 0x0b33, 0xbe3a, 0xffdf, 0xffdf, 0xadb8, 0x1290, 0x1a8f, 0xbdf8, 0xffff, 0xffff, 0xb61a,
  0x43b4, 0xffdf, 0xffff, 0xffff, 0xf7bf, 0x7475, 0x9537, 0xffdf, 0xffff, 0xffff, 0xffdf, 0x9516,
  0x6434, 0xffdf, 0xffdf, 0xffff, 0xef9e, 0x4bd5, 0xa5d9, 0xffff, 0xffff, 0xffff, 0xffdf, 0x84b5,
  0x0ad2, 0x0ad2, 0x9558, 0xffff, 0xffff, 0xffdf, 0xffff, 0xdf3d, 0x0af2, 0x0b13, 0x0b13, 0xd6dc,
  0xffff, 0xffff, 0xffdf, 0xbe3a, 0x0ad2, 0x7475, 0xffff, 0xffff, 0xa5b9, 0x1b33, 0xf7bf, 0xffff,
  0xce7a, 0x4310, 0x94f5, 0xf79e, 0xffff, 0xf7bf, 0x4bb4, 0x02f3, 0x02f3, 0x0af3, 0x02f3, 0x02f3,
  0x02f3, 0x02f3, 0x02f3, 0x02f3, 0x02f3, 0x02f3, 0x0af3, 0x02f3, 0x0af3, 0x0af3, 0x0af3, 0x0af3,
  0x0b13, 0x1bf8, 0x2418, 0x2418, 0x2418, 0x2418, 0x23f8, 0x23f8, 0x23f8, 0x23f8, 0x23f8, 0x23f8,
  0x23f8, 0x1bf8, 0x23f8, 0x23f8, 0x23f8, 0x23f8, 0x1bf8, 0x1bf8, 0x23f8, 0x1bf8, 0x2418, 0x2418,
  0x2418, 0x1bf8, 0x1bf8, 0x1c18, 0x1bf8, 0x2418, 0x2418, 0x23f8, 0x2418, 0x2418, 0x23f8, 0x23f8,
  0x23f8, 0x23f8, 0x2418, 0x2418, 0x2418, 0x2418, 0x2418, 0x2418, 0x2418, 0x2418, 0x2418, 0x2418,
  0x2418, 0x2418, 0x2418, 0x23f8, 0x23f8, 0x23f8, 0x23f8, 0x2418, 0x2418, 0x2418, 0x2418, 0x2418,
  0x2418, 0x2418, 0x23f8, 0x23f8, 0x23f8, 0x2418, 0x2418, 0x2418, 0x2418, 0x23f8, 0x23f8, 0x1bf8,
  0x23f8, 0x23f8, 0x2418, 0x23f8, 0x2418, 0x2418, 0x23f8, 0x2418, 0x23f8, 0x23f8, 0x23f8, 0x23f8,
  0x23f8, 0x23f8, 0x23f8, 0x23f8, 0x23f8, 0x23f8, 0x23f8, 0x23f8, 0x23f8, 0x23f8, 0x23f8, 0x23f8,
  0x23f8, 0x23f8, 0x23f8, 0x2418, 0x2418, 0x23f8, 0x23f8, 0x2418, 0x23f8, 0x23f8, 0x23f8, 0x2418,
  0x2418, 0x23f8, 0x23f8, 0x23f8, 0x2418, 0x2418, 0x2418, 0x2418, 0x2418, 0x2418, 0x2418, 0x2418,
  0x2418, 0x2418, 0x2418, 0x2418, 0x2418, 0x2418, 0x2418, 0x2418, 0x2418, 0x2418, 0x2418, 0x2418,
  0x2418, 0x2418, 0x2418, 0x2418, 0x2418, 0x2418, 0x2418, 0x2418, 0x23f8, 0x2418, 0x2418, 0x2418,
  0x2418, 0x2418, 0x1bd7, 0x0b13, 0x0af2, 0x0af3, 0x02f3, 0x02f3, 0x02f3, 0x02f3, 0x02f3, 0x02f3,
  0x02f3, 0x02f3, 0x02f3, 0x02f3, 0x02f3, 0x02f3, 0x0af3, 0x02f3, 0x02f3, 0x02f2, 0xcebb, 0xffff,
  0xffff, 0xffff, 0xe75e, 0x3373, 0x8517, 0xffdf, 0xffff, 0xffff, 0xffff, 0x5c35, 0x3b94, 0xf7df,
  0xffff, 0xce9b, 0x0b13, 0xb5f9, 0xffdf, 0xffdf, 0xef9e, 0xc67b, 0x7cb6, 0x1313, 0x0af2, 0x0af2,
  0xd6fc, 0xffdf, 0xffdf, 0xef7e, 0xbe3a, 0x6435, 0x0b34, 0x0b34, 0x8d37, 0xffff, 0xffdf, 0xa598,
  0x0ab1, 0xe77e, 0xffff, 0xef7e, 0x0b14, 0x0b13, 0x0b13, 0x0b13, 0x0b13, 0x8cf7, 0xffdf, 0xffff,
  0xe75d, 0xd6fc, 0xd6fc, 0x9537, 0x0af3, 0x0b13, 0x0b13, 0x02f3, 0x02f3, 0x0af3, 0x0af2, 0x0af2,
  0xbe3a, 0xffff, 0xffff, 0xadb9, 0x0b34, 0x0b13, 0x0af3, 0x0af3, 0x0b13, 0x0b34, 0xdf1c, 0xffff,
  0xf7be, 0x3312, 0x02d2, 0x0ad1, 0x4b72, 0xf7bf, 0xffff, 0xd6fc, 0x4bd4, 0xf7df, 0xffff, 0xffff,
  0xffff, 0xe73d, 0xef7e, 0xffdf, 0xffff, 0xffff, 0xffdf, 0x9537, 0x7495, 0xffff, 0xffff, 0xffff,
  0xffff, 0xd6fc, 0xf7be, 0xffff, 0xffff, 0xffff, 0xffdf, 0x8cd6, 0x0af2, 0x0af2, 0xd6fc, 0xffdf,
  0xef9e, 0xc65a, 0xffff, 0xffdf, 0x7cb6, 0x0af3, 0x0ad2, 0xd6db, 0xffdf, 0xffff, 0xffff, 0xffdf,
  0x9d78, 0x7496, 0xffff, 0xffff, 0xa5b8, 0x1af1, 0xf79e, 0xffdf, 0xce9b, 0x0af2, 0x0af2, 0xadd8,
  0xffff, 0xffff, 0x8d17, 0x02f3, 0x0af3, 0x02f3, 0x02f3, 0x02f3, 0x02f3, 0x02f3, 0x02f3, 0x02f3,
  0x02f3, 0x02f3, 0x02f3, 0x0af3, 0x0af3, 0x0af3, 0x0af3, 0x0af2, 0x1bb6, 0x2418, 0x2418, 0x2418,
  0x2418, 0x23f8, 0x23f8, 0x23f8, 0x23f8, 0x23f8, 0x23f8, 0x23f8, 0x23f8, 0x1bf8, 0x23f8, 0x23f8,
  0x23f8, 0x23f8, 0x23f8, 0x1bf8, 0x23f8, 0x23f8, 0x23f8, 0x23f8, 0x23f8, 0x23f8, 0x23f8, 0x2418,
  0x23f8, 0x23f8, 0x23f8, 0x23f8, 0x23f8, 0x23f8, 0x2418, 0x23f8, 0x23f8, 0x23f8, 0x23f8, 0x23f8,
  0x2418, 0x2418, 0x2418, 0x2418, 0x2418, 0x2418, 0x2418, 0x2418, 0x2418, 0x2418, 0x2418, 0x2418,
  0x2418, 0x2418, 0x2418, 0x2418, 0x2418, 0x2418, 0x2418, 0x2418, 0x23f8, 0x23f8, 0x2418, 0x2418,
  0x2418, 0x2418, 0x2418, 0x23f8, 0x23f8, 0x2418, 0x2418, 0x23f8, 0x23f8, 0x23f8, 0x23f8, 0x23f8,
  0x2418, 0x2418, 0x2418, 0x2418, 0x23f8, 0x23f8, 0x23f8, 0x23f8, 0x23f8, 0x23f8, 0x23f8, 0x2418,
  0x2418, 0x2418, 0x2418, 0x2418, 0x23f8, 0x23f8, 0x23f8, 0x23f8, 0x23f8, 0x2418, 0x2418, 0x2418,
  0x2418, 0x23f8, 0x23f8, 0x23f8, 0x23f8, 0x23f8, 0x2418, 0x2418, 0x2418, 0x2418, 0x2418, 0x2418,
  0x2418, 0x2418, 0x2418, 0x2418, 0x2418, 0x2418, 0x2418, 0x23f8, 0x23f8, 0x2418, 0x2418, 0x2418,
  0x2418, 0x2418, 0x2418, 0x2418, 0x2418, 0x2418, 0x2418, 0x2418, 0x2418, 0x2418, 0x2418, 0x2418,
  0x2418, 0x2418, 0x2418, 0x2418, 0x2418, 0x2418, 0x2418, 0x2418, 0x2418, 0x2418, 0x23f8, 0x1bd7,
  0x0b13, 0x0af3, 0x0af3, 0x0af3, 0x02f3, 0x02f3, 0x02f3, 0x02f3, 0x02f3, 0x02f3, 0x02f3, 0x02f3,
  0x02f3, 0x02f3, 0x0af3, 0x02f3, 0x02f3, 0x02f2, 0xd6fc, 0xffff, 0xffff, 0xffff, 0xffff, 0xb61a,
  0xdf3d, 0xffff, 0xffff, 0xffff, 0xffdf, 0x7495, 0x4394, 0xffff, 0xffff, 0xcebb, 0x0b13, 0x4352,
  0xe71c, 0xffdf, 0xffff, 0xffff, 0xffdf, 0xbe5a, 0x1af2, 0x0ad2, 0x7434, 0xf79e, 0xffff, 0xffff,
  0xffff, 0xf7bf, 0x9d78, 0x0b13, 0x9537, 0xf7df, 0xffdf, 0xa578, 0x0ad1, 0xef7e, 0xffff, 0xf7be,
  0x2333, 0x0b13, 0x0af3, 0x0af3, 0x0b13, 0x84d6, 0xffdf, 0xffff, 0xffff, 0xffff, 0xffdf, 0xdf1c,
  0x0ad2, 0x0af3, 0x02f3, 0x0b13, 0x0af3, 0x0af3, 0x0af3, 0x0af3, 0xc65a, 0xffff, 0xffdf, 0x9d57,
  0x0af3, 0x0af3, 0x0af3, 0x0af3, 0x0b13, 0x0b34, 0xdf1c, 0xffff, 0xef7e, 0x0ab1, 0x02f2, 0x02f3,
  0x0af2, 0xef7d, 0xffff, 0xdf1d, 0x4bb4, 0xf7df, 0xffdf, 0xffdf, 0xffff, 0xffff, 0xffff, 0xffff,
  0xef5d, 0xffdf, 0xffdf, 0x9537, 0x7cb6, 0xffff, 0xffff, 0xffdf, 0xffdf, 0xffdf, 0xffdf, 0xffdf,
  0xe75d, 0xffff, 0xffdf, 0x9537, 0x0b34, 0x6455, 0xffdf, 0xffff, 0xc67a, 0x6c54, 0xffff, 0xffff,
  0xc69b, 0x02f3, 0x02b1, 0xd6db, 0xffdf, 0xffdf, 0xffff, 0xffff, 0xf7df, 0xa5b9, 0xffff, 0xffdf,
  0xa598, 0x1ad1, 0xef7e, 0xffff, 0xcebb, 0x0b34, 0x0b13, 0x7475, 0xffdf, 0xffdf, 0xadb9, 0x02f3,
  0x0af3, 0x02f3, 0x02f3, 0x02f3, 0x02f3, 0x02f3, 0x02f3, 0x02f3, 0x02f3, 0x0af3, 0x02f3, 0x02f3,
  0x0af3, 0x0af3, 0x0af3, 0x1375, 0x23f8, 0x2418, 0x2418, 0x2418, 0x2418, 0x2418, 0x23f8, 0x2418,
  0x2418, 0x23f8, 0x2418, 0x23f8, 0x23f8, 0x23f8, 0x23f8, 0x23f8, 0x23f8, 0x23f8, 0x23f8, 0x23f8,
  0x23f8, 0x23f8, 0x1bf8, 0x23f8, 0x23f8, 0x23f8, 0x23f8, 0x23f8, 0x23f8, 0x23f8, 0x2418, 0x2418,
  0x2418, 0x23f8, 0x23f8, 0x2418, 0x23f8, 0x23f8, 0x2418, 0x23f8, 0x23f8, 0x23f8, 0x23f8, 0x2418,
  0x2418, 0x2418, 0x2418, 0x2418, 0x2418, 0x2418, 0x2418, 0x2418, 0x2418, 0x2418, 0x2418, 0x2418,
  0x2418, 0x2418, 0x2418, 0x2418, 0x2418, 0x2418, 0x2418, 0x2418, 0x2418, 0x2418, 0x2418, 0x2418,
  0x2418, 0x2418, 0x23f8, 0x23f8, 0x23f8, 0x23f8, 0x23f8, 0x23f8, 0x2418, 0x2418, 0x2418, 0x2418,
  0x2418, 0x23f8, 0x23f8, 0x1bf8, 0x1bf8, 0x23f8, 0x23f8, 0x2418, 0x2418, 0x2418, 0x2418, 0x23f8,
  0x23f8, 0x23f8, 0x1bf8, 0x23f8, 0x2418, 0x2418, 0x2418, 0x2418, 0x23f8, 0x23f8, 0x23f8, 0x23f8,
  0x23f8, 0x2418, 0x2418, 0x2418, 0x2418, 0x23f8, 0x23f8, 0x1bf8, 0x23f8, 0x23f8, 0x23f8, 0x23f8,
  0x23f8, 0x23f8, 0x1bf8, 0x23f8, 0x23f8, 0x23f8, 0x2418, 0x23f8, 0x23f8, 0x23f8, 0x23f8, 0x2418,
  0x2418, 0x2418, 0x2418, 0x2418, 0x2418, 0x2418, 0x2418, 0x2418, 0x2418, 0x2418, 0x2418, 0x2418,
  0x2418, 0x2418, 0x2418, 0x2418, 0x2418, 0x23f8, 0x23f8, 0x2418, 0x1bd7, 0x0b13, 0x0af3, 0x02f3,
  0x02f3, 0x02f3, 0x02f3, 0x02f3, 0x02f3, 0x02f3, 0x02f3, 0x02f3, 0x02f3, 0x02f3, 0x0af3, 0x02f3,
  0x02f3, 0x02f3, 0xdefc, 0xffff, 0xf79e, 0xef5d, 0xffdf, 0xffdf, 0xffff, 0xffff, 0xe75d, 0xffff,
  0xffdf, 0x84b6, 0x4b93, 0xffff, 0xffff, 0xcebb, 0x0b13, 0x0ad2, 0x32f1, 0xa577, 0xdefc, 0xffdf,
  0xffdf, 0xffff, 0x9d78, 0x0b34, 0x0b34, 0x53b3, 0xb5f9, 0xe73d, 0xffdf, 0xffdf, 0xf79e, 0x4b93,
  0x9537, 0xffdf, 0xffff, 0x9d78, 0x0af2, 0xef7e, 0xffff, 0xf7be, 0x2313, 0x0af3, 0x0af3, 0x0af3,
  0x0af3, 0x7cb6, 0xffdf, 0xffff, 0xf79e, 0xe73c, 0xd6fb, 0x94f5, 0x02f2, 0x02f3, 0x02f3, 0x0af3,
  0x02f3, 0x0af3, 0x0af3, 0x0b13, 0xadb8, 0xffdf, 0xffdf, 0xbe5a, 0x0ad2, 0x0b13, 0x0b34, 0x0b34,
  0x0b34, 0x0b13, 0xdefc, 0xffdf, 0xf7be, 0x3b73, 0x02f3, 0x0b14, 0x5c36, 0xffdf, 0xffff, 0xce9b,
  0x4bb3, 0xf7df, 0xffdf, 0xce9b, 0xf7df, 0xffff, 0xffff, 0xef9e, 0xa556, 0xffdf, 0xffdf, 0x9537,
  0x74b6, 0xffff, 0xffdf, 0xc65a, 0xffdf, 0xffdf, 0xffff, 0xef5d, 0xa577, 0xffdf, 0xffdf, 0x9d57,
  0x0b34, 0xbe3a, 0xffff, 0xffff, 0xf7df, 0xf79e, 0xffff, 0xffff, 0xf7bf, 0x53d4, 0x0af2, 0xd6dc,
  0xffff, 0xf7be, 0xb5d8, 0xffff, 0xffff, 0xffdf, 0xffdf, 0xffdf, 0xa598, 0x12f2, 0xef9e, 0xffff,
  0xce9b, 0x0b13, 0x0ad2, 0x8cd6, 0xffdf, 0xffdf, 0xa598, 0x0af3, 0x0af3, 0x02f3, 0x0af3, 0x02f3,
  0x02f3, 0x02f3, 0x02f3, 0x02f3, 0x02f3, 0x0af3, 0x02f3, 0x02f3, 0x02f3, 0x0af3, 0x0b34, 0x2418,
  0x2418, 0x23f8, 0x23f8, 0x23f8, 0x2418, 0x2418, 0x23f8, 0x2418, 0x2418, 0x23f8, 0x2418, 0x23f8,
  0x23f8, 0x23f8, 0x23f8, 0x23f8, 0x23f8, 0x23f8, 0x1c18, 0x1bf8, 0x23f8, 0x2418, 0x2418, 0x23f8,
  0x23f8, 0x2418, 0x2418, 0x2418, 0x2418, 0x2418, 0x2418, 0x2418, 0x2418, 0x2418, 0x2418, 0x2418,
  0x23f8, 0x2418, 0x2418, 0x2418, 0x2418, 0x2418, 0x2418, 0x2418, 0x2418, 0x2418, 0x2418, 0x2418,
  0x2418, 0x2418, 0x2418, 0x2418, 0x2418, 0x2418, 0x2418, 0x2418, 0x2418, 0x2418, 0x2418, 0x2418,
  0x2418, 0x2418, 0x2418, 0x2418, 0x2418, 0x2418, 0x2418, 0x2418, 0x2418, 0x2418, 0x23f8, 0x23f8,
  0x23f8, 0x23f8, 0x23f8, 0x23f8, 0x23f8, 0x23f8, 0x23f8, 0x23f8, 0x23f8, 0x23f8, 0x1bf8, 0x1bf8,
  0x23f8, 0x23f8, 0x23f8, 0x23f8, 0x23f8, 0x23f8, 0x23f8, 0x23f8, 0x23f8, 0x23f8, 0x23f8, 0x23f8,
  0x23f8, 0x23f8, 0x23f8, 0x23f8, 0x23f8, 0x23f8, 0x23f8, 0x23f8, 0x23f8, 0x23f8, 0x23f8, 0x23f8,
  0x1bf8, 0x1bf8, 0x1bf8, 0x23f8, 0x23f8, 0x23f8, 0x23f8, 0x23f8, 0x23f8, 0x1bf8, 0x1bf8, 0x1bf8,
  0x23f8, 0x23f8, 0x23f8, 0x23f8, 0x23f8, 0x23f8, 0x23f8, 0x23f8, 0x23f8, 0x23f8, 0x23f8, 0x23f8,
  0x23f8, 0x23f8, 0x2418, 0x2418, 0x2418, 0x2418, 0x23f8, 0x2418, 0x23f8, 0x23f8, 0x2418, 0x23f8,
  0x23f8, 0x23f8, 0x2418, 0x2418, 0x23f8, 0x1376, 0x02f3, 0x02f3, 0x0af3, 0x02f3, 0x02f3, 0x02f3,
  0x02f3, 0x02f3, 0x02f3, 0x02f3, 0x02f3, 0x02f3, 0x02f3, 0x02f3, 0x02f3, 0x02f2, 0xdf1c, 0xffdf,
  0xe75d, 0x9d36, 0xffdf, 0xffdf, 0xffff, 0xf7bf, 0xa577, 0xffff, 0xffff, 0x8d17, 0x4bb3, 0xffff,
  0xffff, 0xc67b, 0x0b14, 0x0af3, 0x02d1, 0x0ad1, 0x12b0, 0x9d36, 0xffff, 0xffff, 0xc69b, 0x0b34,
  0x0b34, 0x0b33, 0x0af2, 0x1a8f, 0xc65a, 0xffdf, 0xf7df, 0x9516, 0x9557, 0xffdf, 0xffff, 0x9d78,
  0x0af3, 0xe77e, 0xffdf, 0xef9e, 0x1af1, 0x02f2, 0x0313, 0x0af3, 0x0af2, 0x7495, 0xffdf, 0xffff,
  0xadb8, 0x12d1, 0x0ab0, 0x02d2, 0x0313, 0x0313, 0x02f3, 0x02f3, 0x02f3, 0x02f3, 0x0af3, 0x0af3,
  0x6c34, 0xf7df, 0xffdf, 0xf7be, 0x9d58, 0x4395, 0x6456, 0xa599, 0x6c56, 0x0af2, 0xbe39, 0xffdf,
  0xffff, 0xc67b, 0x4394, 0x4bb4, 0xd6dc, 0xffff, 0xffff, 0x9d77, 0x4bb3, 0xf7df, 0xffff, 0xbe39,
  0xbe39, 0xffdf, 0xffdf, 0xa577, 0x9516, 0xffdf, 0xffdf, 0x9537, 0x6c75, 0xf7df, 0xffdf, 0xa578,
  0xd6db, 0xffff, 0xffff, 0x9d37, 0x9d57, 0xffdf, 0xffdf, 0x9516, 0x2b32, 0xe77e, 0xffdf, 0xffff,
  0xffff, 0xffff, 0xffff, 0xffdf, 0xffdf, 0xb5f9, 0x0b13, 0xd6fc, 0xffff, 0xf7be, 0x2312, 0xce9a,
  0xffdf, 0xffdf, 0xffff, 0xffff, 0xa5b9, 0x1333, 0xef7e, 0xffff, 0xce9b, 0x02d1, 0x2b11, 0xd6dc,
  0xffff, 0xffdf, 0x7455, 0x02f3, 0x0af3, 0x02f3, 0x02f3, 0x02f3, 0x02f3, 0x02f3, 0x02f3, 0x02f3,
  0x02f3, 0x02f3, 0x02f3, 0x02f3, 0x02f3, 0x0b13, 0x1bd7, 0x2419, 0x2418, 0x23f8, 0x23f8, 0x23f8,
  0x23f8, 0x23f8, 0x23f8, 0x23f8, 0x23f8, 0x23f8, 0x23f8, 0x23f8, 0x23f8, 0x23f8, 0x23f8, 0x23f8,
  0x23f8, 0x23f8, 0x23f8, 0x23f8, 0x23f8, 0x23f8, 0x23f8, 0x23f8, 0x23f8, 0x23f8, 0x23f8, 0x1bf8,
  0x23f8, 0x23f8, 0x23f8, 0x23f8, 0x23f8, 0x23f8, 0x23f8, 0x23f8, 0x23f8, 0x23f8, 0x23f8, 0x23f8,
  0x23f8, 0x23f8, 0x23f8, 0x1bf8, 0x23f8, 0x23f8, 0x23f8, 0x23f8, 0x1bf8, 0x23f8, 0x23f8, 0x23f8,
  0x23f8, 0x23f8, 0x23f8, 0x23f8, 0x23f8, 0x23f8, 0x23f8, 0x1bf8, 0x1bf8, 0x1bf8, 0x23f8, 0x23f8,
  0x23f8, 0x23f8, 0x23f8, 0x2418, 0x23f8, 0x23f8, 0x23f8, 0x23f8, 0x23f8, 0x23f8, 0x23f8, 0x1334,
  0x0ad2, 0x0ad2, 0x0ad2, 0x0ad2, 0x0ad2, 0x0ad2, 0x0ad2, 0x0ad2, 0x0ad2, 0x0ad2, 0x0ad2, 0x0ad2,
  0x0ad2, 0x0ad2, 0x0ad2, 0x0ad2, 0x0ad2, 0x0ad2, 0x0ad2, 0x0ab2, 0x0ab2, 0x0ab2, 0x0ab2, 0x0ad2,
  0x0ad2, 0x0ad2, 0x0ad2, 0x0ad2, 0x0ad2, 0x0ad2, 0x0ad2, 0x0ad2, 0x0ad2, 0x0ad2, 0x0ad2, 0x0ad2,
  0x0ad2, 0x0ad2, 0x0ad2, 0x0ad2, 0x0ad2, 0x0ad2, 0x0ad2, 0x0ad2, 0x0ad2, 0x0ad2, 0x0ab2, 0x0ad2,
  0x0ad2, 0x0ad2, 0x0ad2, 0x0ad2, 0x0ad2, 0x0ad2, 0x0ad2, 0x0ad2, 0x0ad2, 0x0ad2, 0x0ad2, 0x0ad2,
  0x0ad2, 0x0ad2, 0x0ad2, 0x0ad2, 0x0ad2, 0x0ad2, 0x0ad2, 0x0ad2, 0x0ad2, 0x0ad2, 0x0af2, 0x0af2,
  0x0ad2, 0x0ad2, 0x02f3, 0x0af3, 0x02f3, 0x02f3, 0x02f3, 0x02f3, 0x02f3, 0x02f3, 0x02f3, 0x02f3,
  0x02f3, 0x02f3, 0x02f3, 0x02f3, 0x02f3, 0x02d2, 0xd6fc, 0xffdf, 0xe75d, 0x2b12, 0xe73d, 0xffff,
  0xffdf, 0xbe39, 0x8d16, 0xffdf, 0xffdf, 0x9537, 0x4bd5, 0xffff, 0xffdf, 0xbe3a, 0x0af2, 0x9d78,
  0xd6fc, 0xbe5a, 0xb619, 0xdf1c, 0xffff, 0xffff, 0xb5f9, 0x1b13, 0xc67b, 0xdefc, 0xbe3a, 0xbe3a,
  0xef9e, 0xffff, 0xffdf, 0x7c95, 0x9557, 0xffdf, 0xffdf, 0x9517, 0x0ad2, 0xe75d, 0xffdf, 0xffdf,
  0xdf1c, 0xd6fc, 0xdefc, 0xce9b, 0x4bd4, 0x6c54, 0xf7df, 0xffdf, 0xdefc, 0xbe5a, 0xbe5a, 0xbe3a,
  0x8cf7, 0x0313, 0x02f3, 0x02f3, 0x02f3, 0x02f3, 0x02f3, 0x0b13, 0x0af3, 0xd6bb, 0xffdf, 0xffff,
  0xffff, 0xffdf, 0xffff, 0xffdf, 0xe77e, 0x2312, 0x7454, 0xffdf, 0xffff, 0xffff, 0xf7df, 0xf7bf,
  0xffdf, 0xffff, 0xef7e, 0x3b53, 0x43b4, 0xffdf, 0xffff, 0xbe3a, 0x4b72, 0xef5d, 0xdf1c, 0x22d1,
  0x8d16, 0xffdf, 0xffdf, 0x9516, 0x6434, 0xffdf, 0xffff, 0xadd9, 0x6c35, 0xf7bf, 0xdefc, 0x1af2,
  0x9d37, 0xffdf, 0xf7bf, 0x9516, 0x84d6, 0xffff, 0xffff, 0xe75d, 0xd6db, 0xd6db, 0xd6db, 0xffdf,
  0xffff, 0xef7e, 0x1b12, 0xcebb, 0xffff, 0xf7be, 0x1b13, 0x3311, 0xdefc, 0xffdf, 0xffff, 0xffff,
  0xa5b8, 0x02f3, 0xdf1d, 0xffdf, 0xe75d, 0xc67a, 0xe75d, 0xffff, 0xffff, 0xdf1c, 0x1af2, 0x0af3,
  0x0af3, 0x02f3, 0x02f3, 0x02f3, 0x02f3, 0x02f3, 0x02f3, 0x02f3, 0x0af3, 0x0af3, 0x0af3, 0x0af3,
  0x0af3, 0x0af3, 0x0af2, 0x0ad2, 0x0ad2, 0x0ad2, 0x0ad2, 0x0ad2, 0x0ad2, 0x0ad2, 0x0ad2, 0x0ad2,
  0x0ad2, 0x0ad2, 0x0ad2, 0x0ad2, 0x0ad2, 0x0ad2, 0x0ad2, 0x0ad2, 0x0ad2, 0x0ad2, 0x0ad2, 0x0ad2,
  0x0ad2, 0x0ad2, 0x0ad2, 0x0ad2, 0x0ad2, 0x0ad2, 0x0ad2, 0x0ad2, 0x0ad2, 0x0ad2, 0x0ad2, 0x0ad2,
  0x0ad2, 0x0ad2, 0x0ad2, 0x0ad2, 0x0ad2, 0x0ad2, 0x0ad2, 0x0ad2, 0x0ad2, 0x0ad2, 0x0ad2, 0x0ad2,
  0x0ad2, 0x0ad2, 0x0ad2, 0x0ad2, 0x0ad2, 0x0ad2, 0x0ad2, 0x0ad2, 0x0ad2, 0x0ad2, 0x0ad2, 0x0ad2,
  0x0ad2, 0x0ad2, 0x0ad2, 0x0ad2, 0x0ad2, 0x0ad2, 0x0ad2, 0x0ad2, 0x0af2, 0x1313, 0x1bd8, 0x23f8,
  0x23f8, 0x23f8, 0x1bf8, 0x23f8, 0x23f8, 0x23f8, 0x23f8, 0x0b54, 0x02f3, 0x02f3, 0x02f3, 0x02f3,
  0x02f3, 0x02f3, 0x02f3, 0x02f2, 0x02f3, 0x02f3, 0x02f3, 0x02f3, 0x02f3, 0x02f3, 0x02f3, 0x02f2,
  0x02f2, 0x02f2, 0x02d2, 0x02d2, 0x02d2, 0x02f2, 0x02f2, 0x02f2, 0x02f3, 0x02f3, 0x02f3, 0x02f2,
  0x02f2, 0x02f2, 0x02f2, 0x02f3, 0x02f3, 0x02f3, 0x02f3, 0x02f3, 0x02f3, 0x02f2, 0x02f2, 0x02f2,
  0x02f2, 0x02f2, 0x02f2, 0x02f2, 0x02f3, 0x02d2, 0x02d2, 0x02d2, 0x02f2, 0x02f3, 0x02f3, 0x02f3,
  0x02f3, 0x02f3, 0x02f3, 0x02f3, 0x02f3, 0x02f3, 0x02f3, 0x02f3, 0x02f3, 0x02f3, 0x02f3, 0x02f3,
  0x02f3, 0x02f3, 0x02f3, 0x02f3, 0x02f3, 0x0313, 0x02f3, 0x02f2, 0x02d2, 0x0af2, 0x0af3, 0x0af3,
  0x02f3, 0x02f3, 0x02f3, 0x02f3, 0x02f3, 0x02f3, 0x02f3, 0x02f3, 0x02f3, 0x02f3, 0x02f3, 0x02f3,
  0x02f3, 0x02d2, 0xce9b, 0xffff, 0xe75d, 0x12f3, 0x8cd6, 0xffdf, 0xf7be, 0x63d3, 0x8cf6, 0xf7df,
  0xffdf, 0x9537, 0x4bf5, 0xffff, 0xffff, 0xbe19, 0x02b1, 0xe75d, 0xffdf, 0xffff, 0xffff, 0xffff,
  0xffff, 0xf7bf, 0x63f3, 0x6435, 0xf7df, 0xffff, 0xffff, 0xffff, 0xffff, 0xffff, 0xe75d, 0x3332,
  0x9537, 0xffdf, 0xffdf, 0x8cf7, 0x0af3, 0xe75e, 0xffff, 0xffff, 0xffff, 0xffff, 0xffff, 0xffdf,
  0xa5b8, 0x5c14, 0xffdf, 0xffdf, 0xffdf, 0xffff, 0xffff, 0xffff, 0xf7df, 0x3373, 0x02f3, 0x02f3,
  0x02f3, 0x02f3, 0x02f3, 0x0af3, 0x0af3, 0x5372, 0xe75d, 0xffff, 0xffff, 0xffff, 0xffff, 0xffdf,
  0xdf1c, 0x1b34, 0x0b13, 0xb5f9, 0xffff, 0xffff, 0xffff, 0xffff, 0xffdf, 0xf7be, 0x8cb5, 0x0b13,
  0x2b54, 0xf7be, 0xffdf, 0xa598, 0x02f2, 0x4b51, 0x3b31, 0x0313, 0x7475, 0xffdf, 0xffdf, 0x84d6,
  0x4393, 0xffdf, 0xffdf, 0x9558, 0x0b13, 0x5bb2, 0x3b32, 0x0313, 0x8d17, 0xffdf, 0xffdf, 0x84b5,
  0xbe39, 0xffdf, 0xffdf, 0x6c34, 0x0ab1, 0x0a90, 0x0ab0, 0xce9b, 0xffff, 0xffdf, 0x6c55, 0xce9b,
  0xffdf, 0xef7e, 0x12f2, 0x0ad2, 0x5392, 0xef7e, 0xffff, 0xffdf, 0xa598, 0x02d2, 0xdf1c, 0xffff,
  0xffff, 0xffdf, 0xffdf, 0xffdf, 0xf79e, 0x6c13, 0x02f3, 0x02f3, 0x02f3, 0x02f3, 0x02f3, 0x02f3,
  0x02f3, 0x02f3, 0x02f3, 0x02f3, 0x0af3, 0x0af3, 0x0af3, 0x0af3, 0x0b13, 0x0b13, 0x02f3, 0x02f2,
  0x02f2, 0x02f3, 0x02f3, 0x02f3, 0x02f3, 0x02f2, 0x02f3, 0x02f3, 0x02f3, 0x02f3, 0x02f3, 0x02f3,
  0x02f3, 0x02f3, 0x02f3, 0x02f3, 0x02f3, 0x02f3, 0x02f3, 0x02f3, 0x02f3, 0x02f3, 0x02f3, 0x02f3,
  0x02f3, 0x02f3, 0x02f3, 0x02f3, 0x02f3, 0x02f3, 0x02f3, 0x02f3, 0x02f3, 0x02f3, 0x02f3, 0x02f3,
  0x02f3, 0x02f3, 0x02f3, 0x02f3, 0x02f3, 0x02f3, 0x02f3, 0x02f3, 0x02f3, 0x02f2, 0x02f3, 0x02f3,
  0x02f2, 0x02f2, 0x02f3, 0x02f3, 0x02f3, 0x02f3, 0x02f3, 0x02f3, 0x02f3, 0x02f3, 0x02f3, 0x02f3,
  0x02f3, 0x02f3, 0x02f3, 0x0313, 0x0313, 0x0b34, 0x1bf8, 0x23f8, 0x23f8, 0x23f8, 0x23f8, 0x23f8,
  0x23f8, 0x23f8, 0x23f8, 0x1bf8, 0x1bf8, 0x1bf8, 0x1bf8, 0x23f8, 0x23f8, 0x1bf8, 0x1bf8, 0x23f8,
  0x1bf8, 0x1bf8, 0x1bf8, 0x1bf8, 0x1bf8, 0x1bf8, 0x1bf8, 0x1bf8, 0x1bf8, 0x1bf8, 0x1bf8, 0x1bf8,
  0x1bf8, 0x23f8, 0x23f8, 0x23f8, 0x23f8, 0x1bf8, 0x1bf8, 0x1bf8, 0x1bf8, 0x1bf8, 0x1bf8, 0x1bf8,
  0x23f8, 0x23f8, 0x23f8, 0x1bf8, 0x1bf8, 0x1bf8, 0x1bf8, 0x23f8, 0x1bf8, 0x1bf8, 0x1bf8, 0x1bf8,
  0x1bf8, 0x1bf8, 0x1bf8, 0x1bf8, 0x23f8, 0x1bf8, 0x1bf8, 0x1bf8, 0x1bf8, 0x1bf8, 0x1bf8, 0x1bf8,
  0x1bf8, 0x1bf8, 0x1bf8, 0x1bf8, 0x1bf8, 0x1bf8, 0x1bf8, 0x1bf8, 0x1bf8, 0x1bf8, 0x23f8, 0x23f8,
  0x23f8, 0x23f8, 0x23f8, 0x23f7, 0x23f7, 0x23f8, 0x23f8, 0x1bd7, 0x02f3, 0x02f3, 0x02d2, 0x02d2,
  0x02d2, 0x02f3, 0x02f3, 0x02f3, 0x02f3, 0x02f3, 0x02f3, 0x02f3, 0x02f3, 0x02f3, 0xa598, 0xf7df,
  0xc65a, 0x02d1, 0x0ad2, 0x8cd5, 0x8494, 0x0af3, 0x4bb3, 0xf7be, 0xf7bf, 0x53f4, 0x2312, 0xe75d,
  0xf7bf, 0x84b5, 0x02f2, 0xadd8, 0xf7bf, 0xffff, 0xffff, 0xffdf, 0xef7d, 0x8cd5, 0x0af3, 0x2333,
  0xcebb, 0xf7df, 0xffdf, 0xffdf, 0xffdf, 0xdefc, 0x63f3, 0x0b34, 0x6435, 0xf7df, 0xef9e, 0x3b73,
  0x0b13, 0xbe19, 0xf7df, 0xffdf, 0xf7df, 0xf7df, 0xf7df, 0xef7d, 0x7434, 0x2b53, 0xe75d, 0xffdf,
  0xffff, 0xffff, 0xffff, 0xffdf, 0xd6db, 0x12f2, 0x02f3, 0x02f3, 0x02f3, 0x02f3, 0x02f3, 0x02f3,
  0x0af2, 0x0af2, 0x3b11, 0xad97, 0xdefc, 0xef5d, 0xdf1c, 0xb5b7, 0x4331, 0x0b14, 0x0b13, 0x0ad1,
  0x8cd4, 0xdefb, 0xef9e, 0xef7d, 0xce9a, 0x7433, 0x02d1, 0x0af2, 0x0af2, 0xb5f9, 0xdf1c, 0x53d4,
  0x0313, 0x0b13, 0x0b13, 0x0b14, 0x2b33, 0xce9b, 0xcebb, 0x2af1, 0x12d1, 0xc639, 0xd6db, 0x4352,
  0x0af2, 0x0af3, 0x0b13, 0x0313, 0x3b73, 0xd6fc, 0xd6bb, 0x2af1, 0x8cd5, 0xe75d, 0xbe19, 0x02f2,
  0x0b13, 0x0af2, 0x0ad2, 0x5392, 0xdefc, 0xcebb, 0x2b53, 0xa598, 0xf7df, 0xc65a, 0x02d2, 0x0313,
  0x0b13, 0x7454, 0xf79e, 0xf7bf, 0x7c75, 0x0313, 0xc67a, 0xffdf, 0xffdf, 0xffdf, 0xf7be, 0xce9a,
  0x63b1, 0x02d2, 0x02f3, 0x02f3, 0x02f3, 0x02f3, 0x02f3, 0x02f3, 0x02f3, 0x02f3, 0x02f3, 0x02f3,
  0x0af3, 0x0af3, 0x0b13, 0x0b34, 0x23f8, 0x23f8, 0x1bf8, 0x23f8, 0x23f8, 0x23f8, 0x23f8, 0x23f8,
  0x1bf8, 0x1bf8, 0x23f8, 0x23f8, 0x23f8, 0x1bf8, 0x1bf8, 0x1bf8, 0x1bf8, 0x1bf8, 0x1bf8, 0x1bf8,
  0x1bf8, 0x1bf8, 0x23f8, 0x1bf8, 0x1bf8, 0x1bf8, 0x1bf8, 0x1bf8, 0x23f8, 0x23f8, 0x1bf8, 0x1bf8,
  0x1bf8, 0x23f8, 0x23f8, 0x1bf8, 0x1bf8, 0x1bf8, 0x1bf8, 0x1bf8, 0x1bf8, 0x1bf8, 0x1bf8, 0x23f8,
  0x23f8, 0x23f8, 0x23f8, 0x23f8, 0x23f8, 0x1bf8, 0x23f8, 0x1bf8, 0x1bf8, 0x1bf8, 0x1bf8, 0x1bf8,
  0x1bd8, 0x1bd8, 0x1bd8, 0x1bd7, 0x1bd7, 0x1bf8, 0x1bf8, 0x1bf8, 0x23f8, 0x23f8, 0x1bf8, 0x1bf7,
  0x1bf8, 0x1bf8, 0x23f8, 0x23f8, 0x23f8, 0x23f8, 0x23f8, 0x23f8, 0x23f8, 0x23f8, 0x23f8, 0x1bf8,
  0x1bf8, 0x1bf8, 0x23f8, 0x23f8, 0x2418, 0x2418, 0x23f8, 0x23f8, 0x23f8, 0x23f8, 0x1bf8, 0x23f8,
  0x23f8, 0x23f8, 0x1bf8, 0x1bf8, 0x23f8, 0x23f8, 0x1bf8, 0x1bf8, 0x1bf8, 0x23f8, 0x23f8, 0x23f8,
  0x23f8, 0x23f8, 0x1bf8, 0x23f8, 0x1bf8, 0x1bf8, 0x1bf8, 0x1bf8, 0x2418, 0x2418, 0x2418, 0x23f8,
  0x23f8, 0x23f8, 0x23f8, 0x23f8, 0x23f8, 0x23f8, 0x23f8, 0x1bf8, 0x23f8, 0x1bf8, 0x1bf8, 0x23f8,
  0x23f8, 0x23f8, 0x1bf8, 0x23f8, 0x1bf8, 0x23f8, 0x23f8, 0x23f8, 0x23f8, 0x23f8, 0x23f8, 0x1bf8,
  0x1bf8, 0x1bf8, 0x1bf8, 0x1bf8, 0x1bf8, 0x1bf8, 0x1bf8, 0x23f8, 0x23f8, 0x23f8, 0x23f8, 0x23f8,
  0x2418, 0x2418, 0x2418, 0x23f8, 0x1355, 0x02d2, 0x02d2, 0x02d2, 0x02d2, 0x02f2, 0x02f3, 0x02f3,
  0x02f3, 0x02f3, 0x02f3, 0x02f3, 0x02f3, 0x02f3, 0x12d1, 0x7433, 0x32f0, 0x02d2, 0x02d2, 0x02f3,
  0x02f3, 0x0b13, 0x0b13, 0x6c13, 0x6bf3, 0x0af2, 0x0ad2, 0x5b71, 0x7433, 0x0ab1, 0x02d2, 0x0ab1,
  0x4330, 0x8cb4, 0x8cd5, 0x7433, 0x22b0, 0x02b1, 0x0ad2, 0x0af3, 0x12b1, 0x5371, 0x8494, 0x8cb4,
  0x5370, 0x126f, 0x0ad2, 0x0b13, 0x0b13, 0x5bd3, 0x5371, 0x0ad2, 0x0ad2, 0x12b0, 0x4330, 0x3b0f,
  0x3aef, 0x3b0f, 0x3b10, 0x228f, 0x02b1, 0x02f2, 0x3b11, 0x7c74, 0x7c74, 0x7c53, 0x6c12, 0x4330,
  0x128f, 0x02f2, 0x02f3, 0x02f3, 0x02f3, 0x02f3, 0x02f3, 0x02f2, 0x02f2, 0x02f2, 0x0af3, 0x0af2,
  0x0ab0, 0x128f, 0x0a6f, 0x02b1, 0x02d2, 0x0af3, 0x0af3, 0x0af3, 0x0ad2, 0x0ab0, 0x228f, 0x1a8f,
  0x0ab1, 0x0af3, 0x0af3, 0x0af2, 0x0af2, 0x0ad2, 0x0ab0, 0x02f3, 0x02f3, 0x0af3, 0x0af3, 0x02f3,
  0x0b13, 0x0ab1, 0x0a90, 0x02d1, 0x0ad2, 0x0ab1, 0x0ab1, 0x02f2, 0x02f2, 0x0af2, 0x0af3, 0x02f3,
  0x02f3, 0x0a90, 0x0a90, 0x02d2, 0x0ad2, 0x1a8f, 0x0ab0, 0x02f2, 0x0af2, 0x0af3, 0x0af3, 0x0af3,
  0x0ad1, 0x0af2, 0x0b13, 0x12d1, 0x63b1, 0x22b0, 0x02f2, 0x02f3, 0x0b13, 0x0b13, 0x4b52, 0x63d2,
  0x0ad1, 0x0af2, 0x2b11, 0x84b4, 0x8cd4, 0x63f2, 0x32d0, 0x0ab0, 0x02d2, 0x02f2, 0x02f3, 0x02f2,
  0x02d2, 0x02f2, 0x02f2, 0x02f2, 0x02f3, 0x02f3, 0x02f3, 0x02f3, 0x0af3, 0x0af3, 0x0af3, 0x1bb7,
  0x23f8, 0x23f8, 0x23f8, 0x23f8, 0x2418, 0x2418, 0x2418, 0x2418, 0x23f8, 0x23f8, 0x2418, 0x23f8,
  0x23f8, 0x23f8, 0x23f8, 0x1bf8, 0x1bf8, 0x1bf8, 0x23f8, 0x23f8, 0x23f8, 0x23f8, 0x2418, 0x2418,
  0x23f8, 0x1c18, 0x1bf8, 0x1bf8, 0x1bf8, 0x1bf8, 0x23f8, 0x1bf8, 0x23f8, 0x23f8, 0x23f8, 0x23f8,
  0x23f8, 0x23f8, 0x1bf8, 0x1bf8, 0x1bf8, 0x1bf8, 0x1bf8, 0x23f8, 0x23f8, 0x23f8, 0x23f8, 0x23f8,
  0x23f8, 0x23f8, 0x2418, 0x23f8, 0x23f8, 0x1bf8, 0x1bf8, 0x1bf8, 0x1bf8, 0x1bf8, 0x1bf8, 0x1bf8,
  0x1bf8, 0x1bf8, 0x1bf8, 0x23f8, 0x23f8, 0x23f8, 0x23f8, 0x23f8, 0x1bf8, 0x1bf8, 0x1bf8, 0x23f8,
  0x23f8, 0x23f8, 0x23f8, 0x2418, 0x453b, 0x3cba, 0x349a, 0x349a, 0x349a, 0x349a, 0x349a, 0x349a,
  0x349a, 0x349a, 0x349a, 0x349a, 0x349a, 0x349a, 0x349a, 0x349a, 0x349a, 0x349a, 0x349a, 0x349a,
  0x349a, 0x349a, 0x349a, 0x349a, 0x349a, 0x349a, 0x349a, 0x349a, 0x349a, 0x349a, 0x349a, 0x349a,
  0x349a, 0x349a, 0x349a, 0x349a, 0x349a, 0x34ba, 0x349a, 0x349a, 0x349a, 0x349a, 0x349a, 0x349a,
  0x349a, 0x349a, 0x349a, 0x349a, 0x349a, 0x349a, 0x349a, 0x349a, 0x349a, 0x349a, 0x349a, 0x349a,
  0x349a, 0x349a, 0x349a, 0x349a, 0x349a, 0x349a, 0x349a, 0x349a, 0x349a, 0x349a, 0x349a, 0x349a,
  0x349a, 0x349a, 0x349a, 0x349a, 0x349a, 0x349a, 0x349a, 0x349a, 0x34ba, 0x2c7a, 0x2418, 0x23f8,
  0x1bb7, 0x02f2, 0x02d2, 0x02d2, 0x02d2, 0x02d2, 0x02d2, 0x02f3, 0x02f2, 0x02f3, 0x02f3, 0x02d3,
  0x02f2, 0x02f2, 0x02f3, 0x02f3, 0x02f3, 0x02f3, 0x02f3, 0x02f3, 0x02f3, 0x0af3, 0x02f3, 0x0af3,
  0x02f3, 0x02f3, 0x02d2, 0x0ad2, 0x0ad2, 0x02d2, 0x02d2, 0x02d2, 0x02f3, 0x0af3, 0x0af3, 0x0af3,
  0x02f3, 0x02d2, 0x02d2, 0x02d2, 0x02d2, 0x02d2, 0x02d2, 0x0ad2, 0x0ad2, 0x02d2, 0x02f3, 0x02f3,
  0x02f3, 0x0af3, 0x02f2, 0x02d2, 0x02d2, 0x02d2, 0x02d2, 0x02d2, 0x02d2, 0x02f3, 0x02f3, 0x02f3,
  0x02f3, 0x02f3, 0x02f3, 0x02f3, 0x02f2, 0x02d2, 0x02d2, 0x02d2, 0x02d2, 0x02f3, 0x02f3, 0x02f3,
  0x02f3, 0x02f3, 0x02f2, 0x02f2, 0x02f2, 0x0af3, 0x0af3, 0x0af3, 0x0af3, 0x0af3, 0x0af3, 0x02f3,
  0x02f2, 0x0af2, 0x0af3, 0x02f3, 0x0af3, 0x0af3, 0x0af3, 0x0af3, 0x02f3, 0x02f3, 0x02f3, 0x0af2,
  0x0af3, 0x0af3, 0x02f3, 0x02f3, 0x02f2, 0x02f2, 0x02f3, 0x02f3, 0x02f3, 0x02f3, 0x02f2, 0x02f3,
  0x02f3, 0x02f3, 0x02f3, 0x02f2, 0x02f2, 0x0af2, 0x0ad2, 0x02d2, 0x02d2, 0x02d2, 0x02f2, 0x02f3,
  0x02f3, 0x02f2, 0x02d2, 0x02f2, 0x02f2, 0x02f3, 0x02f3, 0x0af3, 0x02f3, 0x0313, 0x02f3, 0x02f2,
  0x02d2, 0x02d2, 0x02f3, 0x02f3, 0x02f3, 0x0af3, 0x0af3, 0x0af2, 0x02d2, 0x02d2, 0x02f2, 0x0af2,
  0x02d2, 0x0af3, 0x02f3, 0x02f3, 0x02f2, 0x02f3, 0x02f3, 0x02d2, 0x02d2, 0x02d2, 0x02f2, 0x02d2,
  0x02d3, 0x02f3, 0x02f3, 0x02f3, 0x02f2, 0x0af2, 0x0b13, 0x23f8, 0x23f8, 0x2418, 0x3499, 0x3499,
  0x349a, 0x349a, 0x349a, 0x349a, 0x349a, 0x349a, 0x349a, 0x349a, 0x349a, 0x349a, 0x349a, 0x349a,
  0x349a, 0x349a, 0x349a, 0x349a, 0x349a, 0x349a, 0x349a, 0x349a, 0x349a, 0x349a, 0x349a, 0x349a,
  0x349a, 0x349a, 0x349a, 0x349a, 0x349a, 0x349a, 0x349a, 0x349a, 0x349a, 0x349a, 0x349a, 0x349a,
  0x349a, 0x349a, 0x349a, 0x349a, 0x349a, 0x349a, 0x349a, 0x349a, 0x349a, 0x349a, 0x349a, 0x349a,
  0x349a, 0x349a, 0x3499, 0x3499, 0x3499, 0x3499, 0x3499, 0x3499, 0x349a, 0x349a, 0x349a, 0x349a,
  0x349a, 0x349a, 0x349a, 0x3499, 0x3499, 0x349a, 0x349a, 0x349a, 0x349a, 0x349a, 0x3cda, 0x455c,
  0x559d, 0x55bd, 0x55bd, 0x55bd, 0x55bd, 0x55bd, 0x55bd, 0x55bd, 0x55bd, 0x55bd, 0x55bd, 0x559d,
  0x55bd, 0x55bd, 0x55bd, 0x55bd, 0x55bd, 0x55bd, 0x55bd, 0x55bd, 0x55bd, 0x55bd, 0x55bd, 0x55bd,
  0x55bd, 0x55bd, 0x55bd, 0x55bd, 0x55bd, 0x55bd, 0x55bd, 0x55bd, 0x55bd, 0x55bd, 0x55bd, 0x55bd,
  0x55bd, 0x55bd, 0x55bd, 0x55bd, 0x55bd, 0x55bd, 0x55bd, 0x55bd, 0x55bd, 0x55bd, 0x55bd, 0x55bd,
  0x55bd, 0x55bd, 0x55bd, 0x55bd, 0x55bd, 0x55bd, 0x55bd, 0x55bd, 0x55bd, 0x55bd, 0x55bd, 0x55bd,
  0x55bd, 0x55bd, 0x55bd, 0x55bd, 0x55bd, 0x55bd, 0x55bd, 0x55bd, 0x55bd, 0x55bd, 0x55bd, 0x55bd,
  0x55bd, 0x55bd, 0x55bd, 0x55bd, 0x55bd, 0x557c, 0x2418, 0x23f8, 0x23f8, 0x0b34, 0x02f3, 0x02f3,
  0x02d2, 0x02d2, 0x02d2, 0x02d2, 0x02d2, 0x02d3, 0x02d3, 0x02d2, 0x02f3, 0x02d2, 0x02f2, 0x02f3,
  0x02f3, 0x02f3, 0x02f3, 0x02f3, 0x02f3, 0x02f3, 0x02f3, 0x02f2, 0x02d2, 0x02d2, 0x02d2, 0x02d2,
  0x02d2, 0x02f3, 0x02f3, 0x02d3, 0x02d2, 0x02d2, 0x02f3, 0x02f3, 0x02f2, 0x02f2, 0x02d2, 0x02d2,
  0x02d2, 0x02d2, 0x02f3, 0x02f3, 0x02f3, 0x02f3, 0x02f3, 0x02f3, 0x02f2, 0x02d2, 0x02d2, 0x02d2,
  0x02f3, 0x02f2, 0x02f2, 0x02d2, 0x02f3, 0x02f3, 0x02f3, 0x02f3, 0x02f3, 0x02f3, 0x02f3, 0x02d2,
  0x02d2, 0x02d2, 0x02d2, 0x02d2, 0x02f2, 0x02f3, 0x02f2, 0x02f3, 0x02f2, 0x02f2, 0x02f2, 0x02f2,
  0x02f3, 0x02f3, 0x02f3, 0x0af3, 0x0af3, 0x0af3, 0x02f2, 0x02f3, 0x02f3, 0x02f3, 0x02f3, 0x02f3,
  0x02f3, 0x02f3, 0x0af3, 0x0af3, 0x02f2, 0x02d2, 0x02f2, 0x0af3, 0x0af2, 0x0af3, 0x02f2, 0x02f3,
  0x02f3, 0x02f2, 0x02f3, 0x02f3, 0x02f3, 0x02f2, 0x02f3, 0x02f3, 0x02f3, 0x02f3, 0x02f3, 0x02f2,
  0x02d2, 0x02f2, 0x02f2, 0x02f2, 0x02f2, 0x02d2, 0x02f2, 0x02f2, 0x02d2, 0x02d2, 0x02d2, 0x02d2,
  0x02f3, 0x02f3, 0x02f3, 0x0af3, 0x02f3, 0x02f3, 0x02f2, 0x02f2, 0x02f2, 0x02f2, 0x02f3, 0x02f3,
  0x02f3, 0x02f3, 0x02f3, 0x02f2, 0x02f2, 0x02d2, 0x02d2, 0x02d2, 0x02f2, 0x02f3, 0x02f3, 0x02f2,
  0x02d2, 0x02f2, 0x02d2, 0x02d2, 0x02d2, 0x02d2, 0x02d2, 0x02d2, 0x02d2, 0x02f2, 0x02f2, 0x02f2,
  0x02f2, 0x02f2, 0x1375, 0x23f8, 0x23f8, 0x3cda, 0x55bd, 0x55bd, 0x55bd, 0x55bd, 0x55bd, 0x55bd,
  0x55bd, 0x55bd, 0x55bd, 0x55bd, 0x55bd, 0x55bd, 0x55bd, 0x55bd, 0x55bd, 0x55bd, 0x55bd, 0x55bd,
  0x55bd, 0x55bd, 0x55bd, 0x55bd, 0x55bd, 0x55bd, 0x55bd, 0x55bd, 0x55bd, 0x55bd, 0x55bd, 0x55bd,
  0x55bd, 0x55bd, 0x55bd, 0x55bd, 0x55bd, 0x55bd, 0x55bd, 0x55bd, 0x55bd, 0x55bd, 0x55bd, 0x55bd,
  0x55bd, 0x55bd, 0x55bd, 0x55bd, 0x55bd, 0x55bd, 0x55bd, 0x55bd, 0x55bd, 0x55bd, 0x55bd, 0x55bd,
  0x55bd, 0x55bd, 0x55bd, 0x55bd, 0x55bd, 0x55bd, 0x55bd, 0x55bd, 0x55bd, 0x55bd, 0x55bd, 0x55bd,
  0x55bd, 0x55bd, 0x55bd, 0x55bd, 0x55bd, 0x55bd, 0x55bd, 0x55bd, 0x559d, 0x55bd, 0x55bd, 0x55bd,
  0x55bd, 0x55bd, 0x55bd, 0x55bd, 0x55bd, 0x55bd, 0x559d, 0x559d, 0x55bd, 0x55bd, 0x55bd, 0x55bd,
  0x55bd, 0x55bd, 0x55bd, 0x55bd, 0x55bd, 0x55bd, 0x55bd, 0x55bd, 0x55bd, 0x55bd, 0x55bd, 0x55bd,
  0x55bd, 0x55bd, 0x55bd, 0x55bd, 0x55bd, 0x55bd, 0x55bd, 0x55bd, 0x55bd, 0x55bd, 0x55bd, 0x55bd,
  0x55bd, 0x55bd, 0x55bd, 0x55bd, 0x55bd, 0x55bd, 0x55bd, 0x55bd, 0x55bd, 0x55bd, 0x55bd, 0x55bd,
  0x55bd, 0x55bd, 0x55bd, 0x55bd, 0x55bd, 0x55bd, 0x55bd, 0x55bd, 0x55bd, 0x55bd, 0x55bd, 0x55bd,
  0x55bd, 0x55bd, 0x55bd, 0x55bd, 0x55bd, 0x55bd, 0x55bd, 0x55bd, 0x55bd, 0x55bd, 0x55bd, 0x55bd,
  0x55bd, 0x55bd, 0x3479, 0x23f8, 0x23f8, 0x1bb7, 0x02f3, 0x02f3, 0x02f3, 0x02d2, 0x02d2, 0x02d2,
  0x02d2, 0x02d3, 0x02d2, 0x02f3, 0x02d2, 0x02d2, 0x02d2, 0x02d2, 0x02f3, 0x02f3, 0x02f3, 0x02f3,
  0x02f3, 0x02f3, 0x02f3, 0x02f2, 0x02d2, 0x02d2, 0x02f2, 0x02f2, 0x02f2, 0x02f3, 0x02f3, 0x02f3,
  0x02d2, 0x02d2, 0x02d2, 0x02d2, 0x02d2, 0x02d2, 0x02f2, 0x02f2, 0x02f2, 0x02f3, 0x02f3, 0x02f3,
  0x02f2, 0x02f2, 0x02f2, 0x02f2, 0x02d2, 0x02d2, 0x02d2, 0x02f2, 0x02f3, 0x02d2, 0x02d2, 0x02f2,
  0x02f3, 0x02f3, 0x02f3, 0x02f3, 0x02f2, 0x02d2, 0x02d2, 0x02d2, 0x02d2, 0x02d2, 0x02d2, 0x02f2,
  0x02f3, 0x02f2, 0x02f2, 0x02d2, 0x02d2, 0x02d2, 0x02f2, 0x02d2, 0x02f2, 0x02f3, 0x02f3, 0x02f3,
  0x02f3, 0x02f3, 0x02f3, 0x02f3, 0x02f3, 0x02f3, 0x02f3, 0x02f2, 0x02f3, 0x02f2, 0x02f3, 0x02f3,
  0x02f2, 0x0af2, 0x02f2, 0x02f2, 0x0af3, 0x02f3, 0x02f3, 0x02f3, 0x02f3, 0x02f3, 0x02f3, 0x02f3,
  0x02f3, 0x02f2, 0x02f2, 0x02f3, 0x02f3, 0x02f3, 0x02f2, 0x02f2, 0x02f2, 0x02f3, 0x02f2, 0x02f2,
  0x02d2, 0x02d2, 0x02d2, 0x02d2, 0x02d2, 0x02d2, 0x02d2, 0x02d2, 0x02f2, 0x02f3, 0x02f3, 0x02f3,
  0x02f2, 0x02f2, 0x02f2, 0x02f2, 0x02f2, 0x02f3, 0x02f3, 0x02f3, 0x02f3, 0x02f3, 0x02f2, 0x02f2,
  0x02f2, 0x02f3, 0x02f2, 0x02f2, 0x02f3, 0x02f3, 0x02f2, 0x02d2, 0x02d2, 0x02f2, 0x02d2, 0x02d2,
  0x02d2, 0x02d2, 0x02d2, 0x02d2, 0x02d2, 0x02d2, 0x02d2, 0x02f3, 0x02f3, 0x02f3, 0x1bd7, 0x23f8,
  0x23f8, 0x4d7c, 0x55bd, 0x55bd, 0x55bd, 0x55bd, 0x55bd, 0x55bd, 0x55bd, 0x55bd, 0x55bd, 0x55bd,
  0x55bd, 0x55bd, 0x55bd, 0x55bd, 0x55bd, 0x55bd, 0x55bd, 0x55bd, 0x55bd, 0x55bd, 0x55bd, 0x55bd,
  0x55bd, 0x55bd, 0x55bd, 0x55bd, 0x55bd, 0x55bd, 0x55bd, 0x55bd, 0x55bd, 0x55bd, 0x55bd, 0x55bd,
  0x55bd, 0x55bd, 0x55bd, 0x55bd, 0x55bd, 0x55bd, 0x55bd, 0x55bd, 0x55bd, 0x55bd, 0x55bd, 0x55bd,
  0x55bd, 0x55bd, 0x55bd, 0x55bd, 0x55bd, 0x55bd, 0x55bd, 0x55bd, 0x55bd, 0x55bd, 0x55bd, 0x55bd,
  0x55bd, 0x55bd, 0x55bd, 0x55bd, 0x55bd, 0x55bd, 0x55bd, 0x55bd, 0x55bd, 0x55bd, 0x55bd, 0x55bd,
  0x55bd, 0x55bd, 0x55bd, 0x55bd, 0x55bd, 0x55bd, 0x55bd, 0x55bd, 0x55bd, 0x55bd, 0x55bd, 0x55bd,
  0x55bd, 0x55bd, 0x55bd, 0x55bd, 0x55bd, 0x55bd, 0x55bd, 0x55bd, 0x55bd, 0x55bd, 0x55bd, 0x55bd,
  0x55bd, 0x55bd, 0x55bd, 0x55bd, 0x55bd, 0x55bd, 0x55bd, 0x55bd, 0x55bd, 0x55bd, 0x55bd, 0x55bd,
  0x55bd, 0x55bd, 0x55bd, 0x55bd, 0x55bd, 0x55bd, 0x55bd, 0x55bd, 0x55bd, 0x55bd, 0x55bd, 0x55bd,
  0x55bd, 0x55bd, 0x55bd, 0x55bd, 0x55bd, 0x55bd, 0x55bd, 0x55bd, 0x55bd, 0x55bd, 0x55bd, 0x55bd,
  0x55bd, 0x55bd, 0x55bd, 0x55bd, 0x55bd, 0x55bd, 0x55bd, 0x55bd, 0x55bd, 0x55bd, 0x55bd, 0x55bd,
  0x55bd, 0x55bd, 0x55bd, 0x55bd, 0x55bd, 0x55bd, 0x55bd, 0x55bd, 0x55bd, 0x55bd, 0x453b, 0x23f8,
  0x2418, 0x2419, 0x1376, 0x0313, 0x02f3, 0x02f3, 0x02d2, 0x02d2, 0x02d2, 0x02f2, 0x02d2, 0x02d2,
  0x02d2, 0x02f2, 0x02d2, 0x02f2, 0x02f3, 0x02f3, 0x02f3, 0x02f3, 0x02f3, 0x02f3, 0x02f3, 0x02f3,
  0x02f2, 0x02d2, 0x02d2, 0x02f3, 0x02f3, 0x02f3, 0x02f3, 0x02f3, 0x02f3, 0x02d2, 0x02d2, 0x02d2,
  0x02f2, 0x02f3, 0x02f3, 0x02f3, 0x02f2, 0x02f3, 0x02f2, 0x02f2, 0x02f2, 0x02f2, 0x02f3, 0x02f2,
  0x02f2, 0x02f2, 0x02d2, 0x02f3, 0x02f3, 0x02d2, 0x02d2, 0x02d2, 0x02f2, 0x02f2, 0x02d2, 0x02f2,
  0x02f2, 0x02f2, 0x02f2, 0x02f2, 0x02d2, 0x02d2, 0x02d2, 0x02d2, 0x02d2, 0x02d2, 0x02d2, 0x02f2,
  0x02f2, 0x02f2, 0x02d2, 0x02f2, 0x02f2, 0x02f3, 0x02f3, 0x02f3, 0x02f3, 0x02f3, 0x02f3, 0x02f3,
  0x02f3, 0x02f3, 0x02f3, 0x02f3, 0x02f3, 0x02f3, 0x02f3, 0x02f3, 0x02f3, 0x02f3, 0x02f3, 0x0af3,
  0x02f3, 0x02f3, 0x02f3, 0x02f2, 0x02f2, 0x02f2, 0x02f3, 0x02f2, 0x02f2, 0x02f2, 0x02f2, 0x02f3,
  0x02f3, 0x02f3, 0x02f2, 0x02f2, 0x02f3, 0x02f3, 0x02f3, 0x02f2, 0x02d2, 0x02d2, 0x02d2, 0x02d2,
  0x02d2, 0x02d2, 0x02d2, 0x02f2, 0x02f2, 0x02f2, 0x02f2, 0x02f3, 0x02f2, 0x02f2, 0x02f2, 0x02f3,
  0x02f3, 0x02f3, 0x02f3, 0x02f3, 0x02f3, 0x02f3, 0x02f3, 0x02f3, 0x02f3, 0x02f3, 0x02f3, 0x02f3,
  0x02f3, 0x02d2, 0x02d2, 0x02f2, 0x02f2, 0x02f3, 0x02d2, 0x02d2, 0x02d2, 0x02d2, 0x02d2, 0x02d2,
  0x02d2, 0x02d2, 0x02f3, 0x02f3, 0x02f3, 0x1375, 0x1bf8, 0x23f8, 0x2c59, 0x55bd, 0x55bd, 0x55bd,
  0x55bd, 0x55bd, 0x55bd, 0x55bd, 0x55bd, 0x55bd, 0x55bd, 0x55bd, 0x55bd, 0x55bd, 0x55bd, 0x55bd,
  0x55bd, 0x55bd, 0x55bd, 0x55bd, 0x55bd, 0x55bd, 0x55bd, 0x55bd, 0x55bd, 0x55bd, 0x55bd, 0x55bd,
  0x55bd, 0x55bd, 0x55bd, 0x55bd, 0x55bd, 0x55bd, 0x55bd, 0x55bd, 0x55bd, 0x55bd, 0x55bd, 0x55bd,
  0x55bd, 0x55bd, 0x55bd, 0x55bd, 0x55bd, 0x55bd, 0x55bd, 0x55bd, 0x55bd, 0x55bd, 0x55bd, 0x55bd,
  0x55bd, 0x55bd, 0x55bd, 0x55bd, 0x55bd, 0x55bd, 0x55bd, 0x55bd, 0x55bd, 0x55bd, 0x55bd, 0x55bd,
  0x55bd, 0x55bd, 0x55bd, 0x55bd, 0x55bd, 0x55bd, 0x55bd, 0x55bd, 0x55bd, 0x55bd, 0x55bd, 0x55bd,
  0x55bd, 0x55bd, 0x55bd, 0x55bd, 0x55bd, 0x55bd, 0x55bd, 0x55bd, 0x55bd, 0x55bd, 0x55bd, 0x55bd,
  0x55bd, 0x55bd, 0x55bd, 0x55bd, 0x55bd, 0x55bd, 0x55bd, 0x55bd, 0x55bd, 0x55bd, 0x55bd, 0x55bd,
  0x55bd, 0x55bd, 0x55bd, 0x55bd, 0x55bd, 0x55bd, 0x55bd, 0x55bd, 0x55bd, 0x55bd, 0x55bd, 0x55bd,
  0x55bd, 0x55bd, 0x55bd, 0x55bd, 0x55bd, 0x55bd, 0x55bd, 0x55bd, 0x55bd, 0x55bd, 0x55bd, 0x55bd,
  0x55bd, 0x55bd, 0x55bd, 0x55bd, 0x55bd, 0x55bd, 0x55bd, 0x55bd, 0x55bd, 0x55bd, 0x55bd, 0x55bd,
  0x55bd, 0x55bd, 0x55bd, 0x55bd, 0x55bd, 0x55bd, 0x55bd, 0x55bd, 0x55bd, 0x55bd, 0x55bd, 0x55bd,
  0x55bd, 0x55bd, 0x55bd, 0x55bd, 0x55bd, 0x55bd, 0x55bd, 0x3479, 0x2418, 0x2419, 0x2419, 0x1375,
  0x0af3, 0x02f2, 0x02f2, 0x02d2, 0x02f2, 0x02f2, 0x02f2, 0x02f2, 0x02f2, 0x02f2, 0x02f2, 0x02f2,
  0x02f2, 0x02f2, 0x02f3, 0x02f3, 0x02f3, 0x02f3, 0x02f3, 0x02f3, 0x02f3, 0x02f2, 0x02f3, 0x02f3,
  0x02f3, 0x02f3, 0x02f3, 0x02f2, 0x02f2, 0x02f2, 0x02f2, 0x02f2, 0x02f2, 0x02f2, 0x02f3, 0x02f2,
  0x02f2, 0x02f3, 0x02f2, 0x02f2, 0x02f2, 0x02f3, 0x02f3, 0x02f3, 0x02f3, 0x02f2, 0x02f3, 0x02f2,
  0x02f2, 0x02f2, 0x02f2, 0x02f2, 0x02f2, 0x02f2, 0x02d2, 0x02d2, 0x02d2, 0x02f2, 0x02f2, 0x02f2,
  0x02d2, 0x02d2, 0x02f2, 0x02d2, 0x02d2, 0x02f2, 0x02f2, 0x02f2, 0x02f2, 0x02f2, 0x02f2, 0x02f2,
  0x02f2, 0x02f2, 0x02f3, 0x02f2, 0x02f2, 0x02f3, 0x02f3, 0x02f3, 0x02f3, 0x02f3, 0x02f3, 0x02f3,
  0x02f3, 0x02f3, 0x02f3, 0x02f3, 0x02f3, 0x02f3, 0x02f3, 0x02f3, 0x02f3, 0x02f2, 0x02f2, 0x02f2,
  0x02f2, 0x02f2, 0x02f2, 0x02f2, 0x02f2, 0x02f2, 0x02f2, 0x02f2, 0x02f3, 0x02f3, 0x02f3, 0x02f2,
  0x02f2, 0x02f2, 0x02f2, 0x02f2, 0x02f2, 0x02f2, 0x02d2, 0x02d2, 0x02d2, 0x02f2, 0x02f2, 0x02f2,
  0x02f3, 0x02f2, 0x02f2, 0x02f2, 0x02f3, 0x02f3, 0x02f3, 0x02f3, 0x02f3, 0x02f3, 0x02f3, 0x02f3,
  0x02f3, 0x02f3, 0x02f3, 0x02f3, 0x02f3, 0x02f3, 0x02f3, 0x02f3, 0x02f3, 0x02f3, 0x02f2, 0x02f3,
  0x02f3, 0x02f2, 0x02d2, 0x02d2, 0x02f2, 0x02d2, 0x02d2, 0x02d2, 0x02d2, 0x02f2, 0x02f3, 0x0b13,
  0x1375, 0x1bf8, 0x23f8, 0x23f8, 0x451b, 0x55bd, 0x55bd, 0x55bd, 0x55bd, 0x55bd, 0x55bd, 0x55bd,
  0x55bd, 0x55bd, 0x55bd, 0x55bd, 0x55bd, 0x55bd, 0x55bd, 0x55bd, 0x55bd, 0x55bd, 0x55bd, 0x55bd,
  0x55bd, 0x55bd, 0x55bd, 0x55bd, 0x55bd, 0x55bd, 0x55bd, 0x55bd, 0x55bd, 0x55bd, 0x55bd, 0x55bd,
  0x55bd, 0x55bd, 0x55bd, 0x55bd, 0x55bd, 0x55bd, 0x55bd, 0x55bd, 0x55bd, 0x55bd, 0x55bd, 0x55bd,
  0x55bd, 0x55bd, 0x55bd, 0x55bd, 0x55bd, 0x55bd, 0x55bd, 0x55bd, 0x55bd, 0x55bd, 0x55bd, 0x55bd,
  0x55bd, 0x55bd, 0x55bd, 0x55bd, 0x55bd, 0x55bd, 0x55bd, 0x55bd, 0x55bd, 0x55bd, 0x55bd, 0x55bd,
  0x55bd, 0x55bd, 0x55bd, 0x55bd, 0x55bd, 0x55bd, 0x55bd, 0x55bd, 0x55bd, 0x55bd, 0x55bd, 0x55bd,
  0x55bd, 0x55bd, 0x55bd, 0x55bd, 0x55bd, 0x55bd, 0x55bd, 0x55bd, 0x55bd, 0x55bd, 0x55bd, 0x55bd,
  0x55bd, 0x55bd, 0x55bd, 0x55bd, 0x55bd, 0x55bd, 0x55bd, 0x55bd, 0x55bd, 0x55bd, 0x55bd, 0x55bd,
  0x55bd, 0x55bd, 0x55bd, 0x55bd, 0x55bd, 0x55bd, 0x55bd, 0x55bd, 0x55bd, 0x55bd, 0x55bd, 0x55bd,
  0x55bd, 0x55bd, 0x55bd, 0x55bd, 0x55bd, 0x55bd, 0x55bd, 0x55bd, 0x55bd, 0x55bd, 0x55bd, 0x55bd,
  0x55bd, 0x55bd, 0x55bd, 0x55bd, 0x55bd, 0x55bd, 0x55bd, 0x55bd, 0x55bd, 0x55bd, 0x55bd, 0x55bd,
  0x55bd, 0x55bd, 0x55bd, 0x55bd, 0x55bd, 0x55bd, 0x55bd, 0x55bd, 0x55bd, 0x55bd, 0x55bd, 0x55bd,
  0x55bd, 0x55bd, 0x55bd, 0x4d7c, 0x2438, 0x2418, 0x23f8, 0x23f8, 0x23f8, 0x1bd7, 0x1bf7, 0x1bd7,
  0x1bd7, 0x1bd7, 0x1bd7, 0x1bd7, 0x1bf7, 0x1bd7, 0x1bd7, 0x1bd7, 0x1bd7, 0x1bd7, 0x1bd7, 0x1bd7,
  0x1bd7, 0x1bd7, 0x1bd7, 0x1bd7, 0x1bd7, 0x1bd7, 0x1bd7, 0x1bd7, 0x1bd7, 0x1bd7, 0x1bd7, 0x1bf8,
  0x1bf7, 0x1bd7, 0x1bd7, 0x1bd7, 0x1bd7, 0x1bd7, 0x1bf7, 0x1bf7, 0x1bf7, 0x1bd7, 0x1bd7, 0x1bd7,
  0x1bf7, 0x1bf8, 0x1bf7, 0x1bf7, 0x1bd7, 0x1bd7, 0x1bd7, 0x1bf7, 0x1bd7, 0x1bd7, 0x1bd7, 0x1bd7,
  0x1bd7, 0x1bd7, 0x1bf7, 0x1bd7, 0x1bd7, 0x1bf7, 0x1bf7, 0x1bd7, 0x1bd7, 0x1bd7, 0x1bd7, 0x1bd7,
  0x1bd7, 0x1bd7, 0x1bd7, 0x1bd7, 0x1bd7, 0x1bd7, 0x1bd7, 0x1bd7, 0x1bd7, 0x1bd7, 0x1bd7, 0x1bd7,
  0x1bd7, 0x1bd7, 0x1bd7, 0x1bd7, 0x1bd7, 0x1bd7, 0x1bd7, 0x1bd7, 0x1bd7, 0x1bd7, 0x1bd7, 0x1bd7,
  0x1bd7, 0x1bd7, 0x1bd7, 0x1bd7, 0x1bd7, 0x1bd7, 0x1bd7, 0x1bd7, 0x1bd7, 0x1bd7, 0x1bf7, 0x1bf8,
  0x1bf8, 0x1bf7, 0x1bf7, 0x1bf7, 0x1bf7, 0x1bf7, 0x1bf7, 0x1bd7, 0x1bd7, 0x1bd7, 0x1bd7, 0x1bd7,
  0x1bf7, 0x1bf7, 0x1bf7, 0x1bf7, 0x1bf7, 0x1bf7, 0x1bf7, 0x1bf7, 0x1bf8, 0x1bf7, 0x1bf7, 0x1bd7,
  0x1bf7, 0x1bf7, 0x1bf8, 0x1bf7, 0x1bf8, 0x1bf8, 0x1bf8, 0x1bf7, 0x1bf7, 0x1bf7, 0x1bd7, 0x1bd7,
  0x1bd7, 0x1bd7, 0x1bd7, 0x1bd7, 0x1bd7, 0x1bd7, 0x1bd7, 0x1bd7, 0x1bd7, 0x1bd7, 0x1bd7, 0x1bd7,
  0x1bd7, 0x1bd7, 0x1bd7, 0x1bd7, 0x1bd7, 0x1bd7, 0x1bf7, 0x1bf8, 0x23f8, 0x2418, 0x23f8, 0x3479,
  0x559d, 0x55bd, 0x55bd, 0x55bd, 0x55bd, 0x55bd, 0x55bd, 0x55bd, 0x55bd, 0x55bd, 0x55bd, 0x55bd,
  0x55bd, 0x55bd, 0x55bd, 0x55bd, 0x55bd, 0x55bd, 0x55bd, 0x55bd, 0x55bd, 0x55bd, 0x55bd, 0x55bd,
  0x55bd, 0x55bd, 0x55bd, 0x55bd, 0x55bd, 0x55bd, 0x55bd, 0x55bd, 0x55bd, 0x55bd, 0x55bd, 0x55bd,
  0x55bd, 0x55bd, 0x55bd, 0x55bd, 0x55bd, 0x55bd, 0x55bd, 0x55bd, 0x55bd, 0x55bd, 0x55bd, 0x55bd,
  0x55bd, 0x55bd, 0x55bd, 0x55bd, 0x55bd, 0x55bd, 0x55bd, 0x55bd, 0x55bd, 0x55bd, 0x55bd, 0x55bd,
  0x55bd, 0x55bd, 0x55bd, 0x55bd, 0x55bd, 0x55bd, 0x55bd, 0x55bd, 0x55bd, 0x55bd, 0x55bd, 0x55bd,
  0x55bd, 0x55bd, 0x55bd, 0x55bd, 0x55bd, 0x55bd, 0x55bd, 0x55bd, 0x55bd, 0x55bd, 0x55bd, 0x55bd,
  0x55bd, 0x55bd, 0x55bd, 0x55bd, 0x55bd, 0x55bd, 0x55bd, 0x55bd, 0x55bd, 0x55bd, 0x55bd, 0x55bd,
  0x55bd, 0x55bd, 0x55bd, 0x55bd, 0x55bd, 0x55bd, 0x55bd, 0x55bd, 0x55bd, 0x55bd, 0x55bd, 0x55bd,
  0x55bd, 0x55bd, 0x55bd, 0x55bd, 0x55bd, 0x55bd, 0x55bd, 0x55bd, 0x55bd, 0x55bd, 0x55bd, 0x55bd,
  0x55bd, 0x55bd, 0x55bd, 0x55bd, 0x55bd, 0x55bd, 0x55bd, 0x55bd, 0x55bd, 0x55bd, 0x55bd, 0x55bd,
  0x55bd, 0x55bd, 0x55bd, 0x55bd, 0x55bd, 0x55bd, 0x55bd, 0x55bd, 0x55bd, 0x55bd, 0x55bd, 0x55bd,
  0x55bd, 0x55bd, 0x55bd, 0x55bd, 0x55bd, 0x55bd, 0x55bd, 0x55bd, 0x55bd, 0x55bd, 0x55bd, 0x55bd,
  0x4d7c, 0x2c39, 0x23f8, 0x23f8, 0x23f8, 0x2418, 0x2418, 0x2418, 0x2418, 0x2418, 0x23f8, 0x23f8,
  0x2418, 0x2418, 0x2418, 0x23f8, 0x2418, 0x23f8, 0x1bf8, 0x1bf8, 0x1bf8, 0x1bf8, 0x1bf8, 0x1bf8,
  0x1bf8, 0x1bf8, 0x1bf8, 0x1bf8, 0x23f8, 0x23f8, 0x2418, 0x2418, 0x2418, 0x2418, 0x2418, 0x23f8,
  0x23f8, 0x23f8, 0x2418, 0x2418, 0x2418, 0x2418, 0x2418, 0x2418, 0x2418, 0x2418, 0x2418, 0x2418,
  0x2418, 0x2418, 0x2418, 0x2418, 0x2418, 0x23f8, 0x23f8, 0x2418, 0x2418, 0x23f8, 0x2418, 0x2418,
  0x2418, 0x2418, 0x2418, 0x2418, 0x2418, 0x23f8, 0x23f8, 0x23f8, 0x23f8, 0x23f8, 0x23f8, 0x23f8,
  0x23f8, 0x23f8, 0x23f8, 0x23f8, 0x23f8, 0x23f8, 0x23f8, 0x2418, 0x23f8, 0x23f8, 0x23f8, 0x2418,
  0x2418, 0x2418, 0x2418, 0x2418, 0x2418, 0x2418, 0x1bf8, 0x23f8, 0x23f8, 0x2418, 0x23f8, 0x23f8,
  0x23f8, 0x1bf8, 0x23f8, 0x23f8, 0x23f8, 0x2418, 0x2418, 0x2418, 0x2418, 0x2418, 0x2418, 0x2418,
  0x2418, 0x2418, 0x2418, 0x2418, 0x23f8, 0x23f8, 0x2418, 0x2418, 0x2418, 0x2418, 0x2418, 0x2418,
  0x2418, 0x2418, 0x2418, 0x2418, 0x2418, 0x2418, 0x2418, 0x2418, 0x2418, 0x2418, 0x2418, 0x2418,
  0x2418, 0x2418, 0x2418, 0x2418, 0x2418, 0x2418, 0x2418, 0x2418, 0x2418, 0x2418, 0x23f8, 0x2418,
  0x2418, 0x23f8, 0x2418, 0x2418, 0x23f8, 0x23f8, 0x23f8, 0x23f8, 0x23f8, 0x1bf8, 0x23f8, 0x23f8,
  0x2418, 0x23f8, 0x23f8, 0x23f8, 0x23f8, 0x2418, 0x349a, 0x559d, 0x55bd, 0x55bd, 0x55bd, 0x55bd,
  0x55bd, 0x55bd, 0x55bd, 0x55bd, 0x55bd, 0x55bd, 0x55bd, 0x55bd, 0x55bd, 0x55bd, 0x55bd, 0x55bd,
  0x55bd, 0x55bd, 0x55bd, 0x55bd, 0x55bd, 0x55bd, 0x55bd, 0x55bd, 0x55bd, 0x55bd, 0x55bd, 0x55bd,
  0x55bd, 0x55bd, 0x55bd, 0x55bd, 0x55bd, 0x55bd, 0x55bd, 0x55bd, 0x55bd, 0x55bd, 0x55bd, 0x55bd,
  0x55bd, 0x55bd, 0x55bd, 0x55bd, 0x55bd, 0x55bd, 0x55bd, 0x55bd, 0x55bd, 0x55bd, 0x55bd, 0x55bd,
  0x55bd, 0x55bd, 0x55bd, 0x55bd, 0x55bd, 0x55bd, 0x55bd, 0x55bd, 0x55bd, 0x55bd, 0x55bd, 0x55bd,
  0x55bd, 0x55bd, 0x55bd, 0x55bd, 0x55bd, 0x55bd, 0x55bd, 0x55bd, 0x55bd, 0x55bd, 0x55bd, 0x55bd,
  0x55bd, 0x55bd, 0x55bd, 0x55bd, 0x55bd, 0x55bd, 0x55bd, 0x55bd, 0x55bd, 0x55bd, 0x55bd, 0x55bd,
  0x55bd, 0x55bd, 0x55bd, 0x55bd, 0x55bd, 0x55bd, 0x55bd, 0x55bd, 0x55bd, 0x55bd, 0x55bd, 0x55bd,
  0x55bd, 0x55bd, 0x55bd, 0x55bd, 0x55bd, 0x55bd, 0x55bd, 0x55bd, 0x55bd, 0x55bd, 0x55bd, 0x55bd,
  0x55bd, 0x55bd, 0x55bd, 0x55bd, 0x55bd, 0x55bd, 0x55bd, 0x55bd, 0x55bd, 0x55bd, 0x55bd, 0x55bd,
  0x55bd, 0x55bd, 0x55bd, 0x55bd, 0x55bd, 0x55bd, 0x55bd, 0x55bd, 0x55bd, 0x55bd, 0x55bd, 0x55bd,
  0x55bd, 0x55bd, 0x55bd, 0x55bd, 0x55bd, 0x55bd, 0x55bd, 0x55bd, 0x55bd, 0x55bd, 0x55bd, 0x55bd,
  0x55bd, 0x55bd, 0x55bd, 0x55bd, 0x55bd, 0x55bd, 0x55bd, 0x55bd, 0x55bd, 0x55bd, 0x451b, 0x349a,
  0x2c59, 0x2c59, 0x2c59, 0x2c59, 0x2c59, 0x2c59, 0x2c59, 0x2c59, 0x2c39, 0x2c59, 0x2c59, 0x2c59,
  0x2c59, 0x2c59, 0x2c59, 0x2c59, 0x2c59, 0x2c59, 0x2c39, 0x2c39, 0x2c39, 0x2c39, 0x2439, 0x2c39,
  0x2c39, 0x2c39, 0x2c59, 0x2c59, 0x2c59, 0x2c59, 0x2c59, 0x2c59, 0x2c59, 0x2c59, 0x2c59, 0x2c59,
  0x2c59, 0x2c59, 0x2c59, 0x2c59, 0x2c59, 0x2c59, 0x2c59, 0x2c59, 0x2c59, 0x2c59, 0x2c59, 0x2c59,
  0x2439, 0x2439, 0x2c39, 0x2c39, 0x2c59, 0x2c59, 0x2c59, 0x2c59, 0x2c59, 0x2c59, 0x2c59, 0x2c59,
  0x2c59, 0x2c39, 0x2c39, 0x2c39, 0x2c59, 0x2c59, 0x2c59, 0x2c59, 0x2c59, 0x2c39, 0x2c39, 0x2c39,
  0x2c39, 0x2c39, 0x2c59, 0x2c59, 0x2c59, 0x2c59, 0x2c59, 0x2c59, 0x2c59, 0x2c59, 0x2c59, 0x2c59,
  0x2c59, 0x2c59, 0x2c59, 0x2c59, 0x2c59, 0x2c59, 0x2c59, 0x2c39, 0x2c39, 0x2c39, 0x2439, 0x2c39,
  0x2c59, 0x2c59, 0x2c59, 0x2c59, 0x2c59, 0x2c59, 0x2c59, 0x2c59, 0x2c59, 0x2c59, 0x2c59, 0x2c59,
  0x2c59, 0x2c59, 0x2c59, 0x2c39, 0x2c59, 0x2c59, 0x2c59, 0x2c59, 0x2c59, 0x2c59, 0x2c59, 0x2c59,
  0x2c59, 0x2c59, 0x2c59, 0x2c59, 0x2c59, 0x2c59, 0x2c59, 0x2c59, 0x2c59, 0x2c59, 0x2c59, 0x2c59,
  0x2c59, 0x2c59, 0x2c59, 0x2c59, 0x2c59, 0x2c59, 0x2c59, 0x2c59, 0x2c59, 0x2c59, 0x2c59, 0x2c59,
  0x2c59, 0x2c59, 0x2c39, 0x2c39, 0x2c39, 0x2c39, 0x2c59, 0x2c59, 0x2c59, 0x2c59, 0x2c59, 0x2c59,
  0x349a, 0x453b, 0x55bd, 0x55bd, 0x55bd, 0x55bd, 0x55bd, 0x55bd, 0x55bd, 0x55bd, 0x55bd, 0x55bd,
  0x55bd, 0x55bd, 0x55bd, 0x55bd, 0x55bd, 0x55bd, 0x55bd, 0x55bd, 0x55bd, 0x55bd, 0x55bd, 0x55bd,
  0x55bd, 0x55bd, 0x55bd, 0x55bd, 0x55bd, 0x55bd, 0x55bd, 0x55bd, 0x55bd, 0x55bd, 0x55bd, 0x55bd,
  0x55bd, 0x55bd, 0x55bd, 0x55bd, 0x55bd, 0x55bd, 0x55bd, 0x55bd, 0x55bd, 0x55bd, 0x55bd, 0x55bd,
  0x55bd, 0x55bd, 0x55bd, 0x55bd, 0x55bd, 0x55bd, 0x55bd, 0x55bd, 0x55bd, 0x55bd, 0x55bd, 0x55bd,
  0x55bd, 0x55bd, 0x55bd, 0x55bd, 0x55bd, 0x55bd, 0x55bd, 0x55bd, 0x55bd, 0x55bd, 0x55bd, 0x55bd,
  0x55bd, 0x55bd, 0x55bd, 0x55bd, 0x55bd, 0x55bd, 0x55bd, 0x55bd, 0x55bd, 0x55bd, 0x55bd, 0x55bd,
  0x55bd, 0x55bd, 0x55bd, 0x55bd, 0x55bd, 0x55bd, 0x55bd, 0x55bd, 0x55bd, 0x55bd, 0x55bd, 0x55bd,
  0x55bd, 0x55bd, 0x55bd, 0x55bd, 0x55bd, 0x55bd, 0x55bd, 0x55bd, 0x55bd, 0x55bd, 0x55bd, 0x55bd,
  0x55bd, 0x55bd, 0x55bd, 0x55bd, 0x55bd, 0x55bd, 0x55bd, 0x55bd, 0x55bd, 0x55bd, 0x55bd, 0x55bd,
  0x55bd, 0x55bd, 0x55bd, 0x55bd, 0x55bd, 0x55bd, 0x55bd, 0x55bd, 0x55bd, 0x55bd, 0x55bd, 0x55bd,
  0x55bd, 0x55bd, 0x55bd, 0x55bd, 0x55bd, 0x55bd, 0x55bd, 0x55bd, 0x55bd, 0x55bd, 0x55bd, 0x55bd,
  0x55bd, 0x55bd, 0x55bd, 0x55bd, 0x55bd, 0x55bd, 0x55bd, 0x55bd, 0x55bd, 0x55bd, 0x55bd, 0x55bd,
  0x55bd, 0x55bd, 0x55bd, 0x55bd, 0x55bd, 0x55bd, 0x55bd, 0x55bd, 0x55bd, 0x55bd, 0x55bd, 0x55bd,
  0x55bd, 0x55bd, 0x55bd, 0x55bd, 0x55bd, 0x55bd, 0x55bd, 0x55bd, 0x55bd, 0x55bd, 0x55bd, 0x55bd,
  0x55bd, 0x55bd, 0x55bd, 0x55bd, 0x55bd, 0x55bd, 0x559d, 0x55bd, 0x55bd, 0x55bd, 0x55bd, 0x55bd,
  0x55bd, 0x55bd, 0x55bd, 0x559d, 0x559d, 0x55bd, 0x55bd, 0x559d, 0x55bd, 0x55bd, 0x55bd, 0x55bd,
  0x55bd, 0x55bd, 0x55bd, 0x55bd, 0x55bd, 0x55bd, 0x55bd, 0x55bd, 0x559d, 0x559d, 0x559d, 0x559d,
  0x55bd, 0x55bd, 0x55bd, 0x55bd, 0x55bd, 0x55bd, 0x55bd, 0x55bd, 0x55bd, 0x55bd, 0x55bd, 0x55bd,
  0x55bd, 0x55bd, 0x55bd, 0x55bd, 0x55bd, 0x55bd, 0x55bd, 0x559d, 0x55bd, 0x55bd, 0x55bd, 0x55bd,
  0x55bd, 0x55bd, 0x55bd, 0x55bd, 0x55bd, 0x55bd, 0x55bd, 0x55bd, 0x55bd, 0x55bd, 0x55bd, 0x55bd,
  0x55bd, 0x55bd, 0x55bd, 0x55bd, 0x55bd, 0x55bd, 0x55bd, 0x55bd, 0x55bd, 0x55bd, 0x55bd, 0x55bd,
  0x55bd, 0x55bd, 0x55bd, 0x55bd, 0x55bd, 0x55bd, 0x55bd, 0x55bd, 0x55bd, 0x55bd, 0x55bd, 0x55bd,
  0x55bd, 0x55bd, 0x55bd, 0x55bd, 0x55bd, 0x55bd, 0x55bd, 0x55bd, 0x55bd, 0x55bd, 0x55bd, 0x55bd,
  0x55bd, 0x55bd, 0x55bd, 0x55bd, 0x55bd, 0x55bd, 0x55bd, 0x55bd, 0x55bd, 0x55bd, 0x55bd, 0x55bd,
  0x55bd, 0x55bd, 0x55bd, 0x55bd, 0x55bd, 0x55bd, 0x55bd, 0x55bd, 0x55bd, 0x55bd, 0x55bd, 0x55bd,
  0x55bd, 0x55bd, 0x55bd, 0x55bd, 0x55bd, 0x55bd, 0x55bd, 0x55bd, 0x55bd, 0x55bd, 0x55bd, 0x55bd,
  0x55bd, 0x55bd, 0x55bd, 0x55bd, 0x55bd, 0x55bd, 0x55bd, 0x55bd, 0x55bd, 0x55bd, 0x55bd, 0x55bd,
  0x55bd, 0x55bd, 0x55bd, 0x55bd, 0x55bd, 0x55bd, 0x55bd, 0x55bd, 0x55bd, 0x55bd, 0x55bd, 0x55bd,
  0x55bd, 0x55bd, 0x55bd, 0x55bd, 0x55bd, 0x55bd, 0x55bd, 0x55bd, 0x55bd, 0x55bd, 0x55bd, 0x55bd,
  0x55bd, 0x55bd, 0x55bd, 0x55bd, 0x55bd, 0x55bd, 0x55bd, 0x55bd, 0x55bd, 0x55bd, 0x55bd, 0x55bd,
  0x55bd, 0x55bd, 0x55bd, 0x55bd, 0x55bd, 0x55bd, 0x55bd, 0x55bd, 0x55bd, 0x55bd, 0x55bd, 0x55bd,
  0x55bd, 0x55bd, 0x55bd, 0x55bd, 0x55bd, 0x55bd, 0x55bd, 0x55bd, 0x55bd, 0x55bd, 0x55bd, 0x55bd,
  0x55bd, 0x55bd, 0x55bd, 0x55bd, 0x55bd, 0x55bd, 0x55bd, 0x55bd, 0x55bd, 0x55bd, 0x55bd, 0x55bd,
  0x55bd, 0x55bd, 0x55bd, 0x55bd, 0x55bd, 0x55bd, 0x55bd, 0x55bd, 0x55bd, 0x55bd, 0x55bd, 0x55bd,
  0x55bd, 0x55bd, 0x55bd, 0x55bd, 0x55bd, 0x55bd, 0x55bd, 0x55bd, 0x55bd, 0x55bd, 0x55bd, 0x55bd,
  0x55bd, 0x55bd, 0x55bd, 0x55bd, 0x55bd, 0x55bd, 0x55bd, 0x55bd, 0x55bd, 0x55bd, 0x55bd, 0x55bd,
  0x55bd, 0x55bd, 0x55bd, 0x55bd, 0x55bd, 0x55bd, 0x55bd, 0x55bd, 0x55bd, 0x55bd, 0x55bd, 0x55bd,
  0x55bd, 0x55bd, 0x55bd, 0x55bd, 0x55bd, 0x55bd, 0x55bd, 0x55bd, 0x55bd, 0x55bd, 0x55bd, 0x55bd,
  0x55bd, 0x55bd, 0x55bd, 0x55bd, 0x55bd, 0x55bd, 0x55bd, 0x55bd, 0x55bd, 0x55bd, 0x55bd, 0x55bd,
  0x55bd, 0x55bd, 0x55bd, 0x55bd, 0x55bd, 0x55bd, 0x55bd, 0x55bd, 0x55bd, 0x55bd, 0x55bd, 0x55bd,
  0x55bd, 0x55bd, 0x55bd, 0x55bd, 0x55bd, 0x55bd, 0x55bd, 0x55bd, 0x55bd, 0x55bd, 0x55bd, 0x55bd,
  0x55bd, 0x55bd, 0x55bd, 0x55bd, 0x55bd, 0x55bd, 0x55bd, 0x55bd, 0x55bd, 0x55bd, 0x55bd, 0x55bd,
  0x55bd, 0x55bd, 0x55bd, 0x55bd, 0x55bd, 0x55bd, 0x55bd, 0x55bd, 0x55bd, 0x55bd, 0x55bd, 0x55bd,
  0x55bd, 0x55bd, 0x55bd, 0x55bd, 0x55bd, 0x55bd, 0x55bd, 0x55bd, 0x55bd, 0x55bd, 0x55bd, 0x55bd,
  0x55bd, 0x55bd, 0x55bd, 0x55bd, 0x55bd, 0x55bd, 0x55bd, 0x55bd, 0x55bd, 0x55bd, 0x55bd, 0x55bd,
  0x55bd, 0x55bd, 0x55bd, 0x55bd, 0x55bd, 0x55bd, 0x55bd, 0x55bd, 0x55bd, 0x55bd, 0x55bd, 0x55bd,
  0x55bd, 0x55bd, 0x55bd, 0x55bd, 0x55bd, 0x55bd, 0x55bd, 0x55bd, 0x55bd, 0x55bd, 0x55bd, 0x55bd,
  0x55bd, 0x55bd, 0x55bd, 0x55bd, 0x55bd, 0x55bd, 0x55bd, 0x55bd, 0x55bd, 0x55bd, 0x55bd, 0x55bd,
  0x55bd, 0x55bd, 0x55bd, 0x55bd, 0x55bd, 0x55bd, 0x55bd, 0x55bd, 0x55bd, 0x55bd, 0x55bd, 0x55bd,
  0x55bd, 0x55bd, 0x55bd, 0x55bd, 0x55bd, 0x55bd, 0x55bd, 0x55bd, 0x55bd, 0x55bd, 0x55bd, 0x55bd,
  0x55bd, 0x55bd, 0x55bd, 0x55bd, 0x55bd, 0x55bd, 0x55bd, 0x55bd, 0x55bd, 0x55bd, 0x55bd, 0x55bd,
  0x55bd, 0x55bd, 0x55bd, 0x55bd, 0x55bd, 0x55bd, 0x55bd, 0x55bd, 0x55bd, 0x55bd, 0x55bd, 0x55bd,
  0x55bd, 0x55bd, 0x55bd, 0x55bd, 0x55bd, 0x55bd, 0x55bd, 0x55bd, 0x55bd, 0x55bd, 0x55bd, 0x55bd,
  0x55bd, 0x55bd, 0x55bd, 0x55bd, 0x55bd, 0x55bd, 0x55bd, 0x55bd, 0x55bd, 0x55bd, 0x55bd, 0x55bd,
  0x55bd, 0x55bd, 0x55bd, 0x55bd, 0x55bd, 0x55bd, 0x55bd, 0x55bd, 0x55bd, 0x55bd, 0x55bd, 0x55bd,
  0x55bd, 0x55bd, 0x55bd, 0x55bd, 0x55bd, 0x55bd, 0x55bd, 0x55bd, 0x55bd, 0x55bd, 0x55bd, 0x55bd,
  0x55bd, 0x55bd, 0x55bd, 0x55bd, 0x55bd, 0x55bd, 0x55bd, 0x55bd, 0x55bd, 0x55bd, 0x55bd, 0x55bd,
  0x55bd, 0x55bd, 0x55bd, 0x55bd, 0x55bd, 0x55bd, 0x55bd, 0x55bd, 0x55bd, 0x55bd, 0x55bd, 0x55bd,
  0x55bd, 0x55bd, 0x55bd, 0x55bd, 0x55bd, 0x55bd, 0x55bd, 0x55bd, 0x55bd, 0x55bd, 0x55bd, 0x55bd,
  0x55bd, 0x55bd, 0x55bd, 0x55bd, 0x55bd, 0x55bd, 0x55bd, 0x55bd, 0x55bd, 0x55bd, 0x55bd, 0x55bd,
  0x55bd, 0x55bd, 0x55bd, 0x55bd, 0x55bd, 0x55bd, 0x55bd, 0x55bd, 0x55bd, 0x55bd, 0x55bd, 0x55bd,
  0x55bd, 0x55bd, 0x55bd, 0x55bd, 0x55bd, 0x55bd, 0x55bd, 0x55bd, 0x55bd, 0x55bd, 0x55bd, 0x55bd,
  0x55bd, 0x55bd, 0x55bd, 0x55bd, 0x55bd, 0x55bd, 0x55bd, 0x55bd, 0x55bd, 0x55bd, 0x55bd, 0x55bd,
  0x55bd, 0x55bd, 0x55bd, 0x55bd, 0x55bd, 0x55bd, 0x55bd, 0x55bd, 0x55bd, 0x55bd, 0x55bd, 0x55bd,
  0x55bd, 0x55bd, 0x55bd, 0x55bd, 0x55bd, 0x55bd, 0x55bd, 0x55bd, 0x55bd, 0x55bd, 0x55bd, 0x55bd,
  0x55bd, 0x55bd, 0x55bd, 0x55bd, 0x55bd, 0x55bd, 0x55bd, 0x55bd, 0x55bd, 0x55bd, 0x55bd, 0x55bd,
  0x55bd, 0x55bd, 0x55bd, 0x55bd, 0x55bd, 0x55bd, 0x55bd, 0x55bd, 0x55bd, 0x55bd, 0x55bd, 0x55bd,
  0x55bd, 0x55bd, 0x55bd, 0x55bd, 0x55bd, 0x55bd, 0x55bd, 0x55bd, 0x55bd, 0x55bd, 0x55bd, 0x55bd,
  0x55bd, 0x55bd, 0x55bd, 0x55bd, 0x55bd, 0x55bd, 0x55bd, 0x55bd, 0x55bd, 0x55bd, 0x55bd, 0x55bd,
  0x55bd, 0x55bd, 0x55bd, 0x55bd, 0x55bd, 0x55bd, 0x55bd, 0x55bd, 0x55bd, 0x55bd, 0x55bd, 0x55bd,
  0x55bd, 0x55bd, 0x55bd, 0x55bd, 0x55bd, 0x55bd, 0x55bd, 0x55bd, 0x55bd, 0x55bd, 0x55bd, 0x55bd,
  0x55bd, 0x55bd, 0x55bd, 0x55bd, 0x55bd, 0x55bd, 0x55bd, 0x55bd, 0x55bd, 0x55bd, 0x55bd, 0x55bd,
  0x55bd, 0x55bd, 0x55bd, 0x55bd, 0x55bd, 0x55bd, 0x55bd, 0x55bd, 0x55bd, 0x55bd, 0x55bd, 0x55bd,
  0x55bd, 0x55bd, 0x55bd, 0x55bd, 0x55bd, 0x55bd, 0x55bd, 0x55bd, 0x55bd, 0x55bd, 0x55bd, 0x55bd,
  0x55bd, 0x55bd, 0x55bd, 0x55bd, 0x55bd, 0x55bd, 0x55bd, 0x55bd, 0x55bd, 0x55bd, 0x55bd, 0x55bd,
  0x55bd, 0x55bd, 0x55bd, 0x55bd, 0x55bd, 0x55bd, 0x55bd, 0x55bd, 0x55bd, 0x55bd, 0x55bd, 0x55bd,
  0x55bd, 0x55bd, 0x55bd, 0x55bd, 0x55bd, 0x55bd, 0x55bd, 0x55bd, 0x55bd, 0x55bd, 0x55bd, 0x55bd,
  0x55bd, 0x55bd, 0x55bd, 0x55bd, 0x55bd, 0x55bd, 0x55bd, 0x55bd, 0x55bd, 0x55bd, 0x55bd, 0x55bd,
  0x55bd, 0x55bd, 0x55bd, 0x55bd, 0x55bd, 0x55bd, 0x55bd, 0x55bd, 0x55bd, 0x55bd, 0x55bd, 0x55bd,
  0x55bd, 0x55bd, 0x55bd, 0x55bd, 0x55bd, 0x55bd, 0x55bd, 0x55bd, 0x55bd, 0x55bd, 0x55bd, 0x55bd,
  0x55bd, 0x55bd, 0x55bd, 0x55bd, 0x55bd, 0x55bd, 0x55bd, 0x55bd, 0x55bd, 0x55bd, 0x55bd, 0x55bd,
  0x55bd, 0x55bd, 0x55bd, 0x55bd, 0x55bd, 0x55bd, 0x55bd, 0x55bd, 0x55bd, 0x55bd, 0x55bd, 0x55bd,
  0x55bd, 0x55bd, 0x55bd, 0x55bd, 0x55bd, 0x55bd, 0x55bd, 0x55bd, 0x55bd, 0x55bd, 0x55bd, 0x55bd,
  0x55bd, 0x55bd, 0x55bd, 0x55bd, 0x55bd, 0x55bd, 0x55bd, 0x55bd, 0x55bd, 0x55bd, 0x55bd, 0x55bd,
  0x55bd, 0x55bd, 0x55bd, 0x55bd, 0x55bd, 0x55bd, 0x55bd, 0x55bd, 0x55bd, 0x55bd, 0x55bd, 0x55bd,
  0x55bd, 0x55bd, 0x55bd, 0x55bd, 0x55bd, 0x55bd, 0x55bd, 0x55bd, 0x55bd, 0x55bd, 0x55bd, 0x55bd,
  0x55bd, 0x55bd, 0x55bd, 0x55bd, 0x55bd, 0x55bd, 0x55bd, 0x55bd, 0x55bd, 0x55bd, 0x55bd, 0x55bd,
  0x55bd, 0x55bd, 0x55bd, 0x55bd, 0x55bd, 0x55bd, 0x55bd, 0x55bd, 0x55bd, 0x55bd, 0x55bd, 0x55bd,
  0x55bd, 0x55bd, 0x55bd, 0x55bd, 0x55bd, 0x55bd, 0x55bd, 0x55bd, 0x55bd, 0x55bd, 0x55bd, 0x55bd,
  0x55bd, 0x55bd, 0x55bd, 0x55bd, 0x55bd, 0x55bd, 0x55bd, 0x55bd, 0x55bd, 0x55bd, 0x55bd, 0x55bd,
  0x55bd, 0x55bd, 0x55bd, 0x55bd, 0x55bd, 0x55bd, 0x55bd, 0x55bd, 0x55bd, 0x55bd, 0x55bd, 0x55bd,
  0x55bd, 0x55bd, 0x55bd, 0x55bd, 0x55bd, 0x55bd, 0x55bd, 0x55bd, 0x55bd, 0x55bd, 0x55bd, 0x55bd,
  0x55bd, 0x55bd, 0x55bd, 0x55bd, 0x55bd, 0x55bd, 0x55bd, 0x55bd, 0x55bd, 0x55bd, 0x55bd, 0x55bd,
  0x55bd, 0x55bd, 0x55bd, 0x55bd, 0x55bd, 0x55bd, 0x55bd, 0x55bd, 0x55bd, 0x55bd, 0x55bd, 0x55bd,
  0x55bd, 0x55bd, 0x55bd, 0x55bd, 0x55bd, 0x55bd, 0x55bd, 0x55bd, 0x55bd, 0x55bd, 0x55bd, 0x55bd,
  0x55bd, 0x55bd, 0x55bd, 0x55bd, 0x55bd, 0x55bd, 0x55bd, 0x55bd, 0x55bd, 0x55bd, 0x55bd, 0x55bd,
  0x55bd, 0x55bd, 0x55bd, 0x55bd, 0x55bd, 0x55bd, 0x55bd, 0x55bd, 0x55bd, 0x55bd, 0x55bd, 0x55bd,
  0x55bd, 0x55bd, 0x55bd, 0x55bd, 0x55bd, 0x55bd, 0x55bd, 0x55bd, 0x55bd, 0x55bd, 0x55bd, 0x55bd,
  0x55bd, 0x55bd, 0x55bd, 0x55bd, 0x55bd, 0x55bd, 0x55bd, 0x55bd, 0x55bd, 0x55bd, 0x55bd, 0x55bd,
  0x55bd, 0x55bd, 0x55bd, 0x55bd, 0x55bd, 0x55bd, 0x55bd, 0x55bd, 0x55bd, 0x55bd, 0x55bd, 0x55bd,
  0x55bd, 0x55bd, 0x55bd, 0x55bd, 0x55bd, 0x55bd, 0x55bd, 0x55bd, 0x55bd, 0x55bd, 0x55bd, 0x55bd,
  0x55bd, 0x55bd, 0x55bd, 0x55bd, 0x55bd, 0x55bd, 0x55bd, 0x55bd, 0x55bd, 0x55bd, 0x55bd, 0x55bd,
  0x55bd, 0x55bd, 0x55bd, 0x55bd, 0x55bd, 0x55bd, 0x55bd, 0x55bd, 0x55bd, 0x55bd, 0x55bd, 0x55bd,
  0x55bd, 0x55bd, 0x55bd, 0x55bd, 0x55bd, 0x55bd, 0x55bd, 0x55bd, 0x55bd, 0x55bd, 0x55bd, 0x55bd,
  0x55bd, 0x55bd, 0x55bd, 0x55bd, 0x55bd, 0x55bd, 0x55bd, 0x55bd, 0x55bd, 0x55bd, 0x55bd, 0x55bd,
  0x55bd, 0x55bd, 0x55bd, 0x55bd, 0x55bd, 0x55bd, 0x55bd, 0x55bd, 0x55bd, 0x55bd, 0x55bd, 0x55bd,
  0x55bd, 0x55bd, 0x55bd, 0x55bd, 0x55bd, 0x55bd, 0x55bd, 0x55bd, 0x55bd, 0x55bd, 0x55bd, 0x55bd,
  0x55bd, 0x55bd, 0x55bd, 0x55bd, 0x55bd, 0x55bd, 0x55bd, 0x55bd, 0x55bd, 0x55bd, 0x55bd, 0x55bd,
  0x55bd, 0x55bd, 0x55bd, 0x55bd, 0x55bd, 0x55bd, 0x55bd, 0x55bd, 0x55bd, 0x55bd, 0x55bd, 0x55bd,
  0x55bd, 0x55bd, 0x55bd, 0x55bd, 0x55bd, 0x55bd, 0x55bd, 0x55bd, 0x55bd, 0x55bd, 0x55bd, 0x55bd,
  0x55bd, 0x55bd, 0x55bd, 0x55bd, 0x55bd, 0x55bd, 0x55bd, 0x55bd, 0x55bd, 0x55bd, 0x55bd, 0x55bd,
  0x55bd, 0x55bd, 0x55bd, 0x55bd, 0x55bd, 0x55bd, 0x55bd, 0x55bd, 0x55bd, 0x55bd, 0x55bd, 0x55bd,
  0x55bd, 0x55bd, 0x55bd, 0x55bd, 0x55bd, 0x55bd, 0x55bd, 0x55bd, 0x55bd, 0x55bd, 0x55bd, 0x55bd,
  0x55bd, 0x55bd, 0x55bd, 0x55bd, 0x55bd, 0x55bd, 0x55bd, 0x55bd, 0x55bd, 0x55bd, 0x55bd, 0x55bd,
  0x55bd, 0x55bd, 0x55bd, 0x55bd, 0x55bd, 0x55bd, 0x55bd, 0x55bd, 0x55bd, 0x55bd, 0x55bd, 0x55bd,
  0x55bd, 0x55bd, 0x55bd, 0x55bd, 0x55bd, 0x55bd, 0x55bd, 0x55bd, 0x55bd, 0x55bd, 0x55bd, 0x55bd,
  0x55bd, 0x55bd, 0x55bd, 0x55bd, 0x55bd, 0x55bd, 0x55bd, 0x55bd, 0x55bd, 0x55bd, 0x55bd, 0x55bd,
  0x55bd, 0x55bd, 0x55bd, 0x55bd, 0x55bd, 0x55bd, 0x55bd, 0x55bd, 0x55bd, 0x55bd, 0x55bd, 0x55bd,
  0x55bd, 0x55bd, 0x55bd, 0x55bd, 0x55bd, 0x55bd, 0x55bd, 0x55bd, 0x55bd, 0x55bd, 0x55bd, 0x55bd,
  0x55bd, 0x55bd, 0x55bd, 0x55bd, 0x55bd, 0x55bd, 0x55bd, 0x55bd, 0x55bd, 0x55bd, 0x55bd, 0x55bd,
  0x55bd, 0x55bd, 0x55bd, 0x55bd, 0x55bd, 0x55bd, 0x55bd, 0x55bd, 0x55bd, 0x55bd, 0x55bd, 0x55bd,
  0x55bd, 0x55bd, 0x55bd, 0x55bd, 0x55bd, 0x55bd, 0x55bd, 0x55bd, 0x55bd, 0x55bd, 0x55bd, 0x55bd,
  0x55bd, 0x55bd, 0x55bd, 0x55bd, 0x55bd, 0x55bd, 0x55bd, 0x55bd, 0x55bd, 0x55bd, 0x55bd, 0x55bd,
  0x55bd, 0x55bd, 0x55bd, 0x55bd, 0x55bd, 0x55bd, 0x55bd, 0x55bd, 0x55bd, 0x55bd, 0x55bd, 0x55bd,
  0x55bd, 0x55bd, 0x55bd, 0x55bd, 0x55bd, 0x55bd, 0x55bd, 0x55bd, 0x55bd, 0x55bd, 0x55bd, 0x55bd,
  0x55bd, 0x55bd, 0x55bd, 0x55bd, 0x55bd, 0x55bd, 0x55bd, 0x55bd, 0x55bd, 0x55bd, 0x55bd, 0x55bd,
  0x55bd, 0x55bd, 0x55bd, 0x55bd, 0x55bd, 0x55bd, 0x55bd, 0x55bd, 0x55bd, 0x55bd, 0x55bd, 0x55bd,
  0x55bd, 0x55bd, 0x55bd, 0x55bd, 0x55bd, 0x55bd, 0x55bd, 0x55bd, 0x55bd, 0x55bd, 0x55bd, 0x55bd,
  0x55bd, 0x55bd, 0x55bd, 0x55bd, 0x55bd, 0x55bd, 0x55bd, 0x55bd, 0x55bd, 0x55bd, 0x55bd, 0x55bd,
  0x55bd, 0x55bd, 0x55bd, 0x55bd, 0x55bd, 0x55bd, 0x55bd, 0x55bd, 0x55bd, 0x55bd, 0x55bd, 0x55bd,
  0x55bd, 0x55bd, 0x55bd, 0x55bd, 0x55bd, 0x55bd, 0x55bd, 0x55bd, 0x55bd, 0x55bd, 0x55bd, 0x55bd,
  0x55bd, 0x55bd, 0x55bd, 0x55bd, 0x55bd, 0x55bd, 0x55bd, 0x55bd, 0x55bd, 0x55bd, 0x55bd, 0x55bd,
  0x55bd, 0x55bd, 0x55bd, 0x55bd, 0x55bd, 0x55bd, 0x55bd, 0x55bd, 0x55bd, 0x55bd, 0x55bd, 0x55bd,
  0x55bd, 0x55bd, 0x55bd, 0x55bd, 0x55bd, 0x55bd, 0x55bd, 0x55bd, 0x55bd, 0x55bd, 0x55bd, 0x55bd,
  0x55bd, 0x55bd, 0x55bd, 0x55bd, 0x55bd, 0x55bd, 0x55bd, 0x55bd, 0x55bd, 0x55bd, 0x55bd, 0x55bd,
  0x55bd, 0x55bd, 0x55bd, 0x55bd, 0x55bd, 0x55bd, 0x55bd, 0x55bd, 0x55bd, 0x55bd, 0x55bd, 0x55bd,
  0x55bd, 0x55bd, 0x55bd, 0x55bd, 0x55bd, 0x55bd, 0x55bd, 0x55bd, 0x55bd, 0x55bd, 0x55bd, 0x55bd,
  0x55bd, 0x55bd, 0x55bd, 0x55bd, 0x55bd, 0x55bd, 0x55bd, 0x55bd, 0x55bd, 0x55bd, 0x55bd, 0x55bd,
  0x55bd, 0x55bd, 0x55bd, 0x55bd, 0x55bd, 0x55bd, 0x55bd, 0x55bd, 0x55bd, 0x55bd, 0x55bd, 0x55bd,
  0x55bd, 0x55bd, 0x55bd, 0x55bd, 0x55bd, 0x55bd, 0x55bd, 0x55bd, 0x55bd, 0x55bd, 0x55bd, 0x55bd,
  0x55bd, 0x55bd, 0x55bd, 0x55bd, 0x55bd, 0x55bd, 0x55bd, 0x55bd, 0x55bd, 0x55bd, 0x55bd, 0x55bd,
  0x55bd, 0x55bd, 0x55bd, 0x55bd, 0x55bd, 0x55bd, 0x55bd, 0x55bd, 0x55bd, 0x55bd, 0x55bd, 0x55bd,
  0x55bd, 0x55bd, 0x55bd, 0x55bd, 0x55bd, 0x55bd, 0x55bd, 0x55bd, 0x55bd, 0x55bd, 0x55bd, 0x55bd,
  0x55bd, 0x55bd, 0x55bd, 0x55bd, 0x55bd, 0x55bd, 0x55bd, 0x55bd, 0x55bd, 0x55bd, 0x55bd, 0x55bd,
  0x55bd, 0x55bd, 0x55bd, 0x55bd, 0x55bd, 0x55bd, 0x55bd, 0x55bd, 0x55bd, 0x55bd, 0x55bd, 0x55bd,
  0x55bd, 0x55bd, 0x55bd, 0x55bd, 0x55bd, 0x55bd, 0x55bd, 0x55bd, 0x55bd, 0x55bd, 0x55bd, 0x55bd,
  0x55bd, 0x55bd, 0x55bd, 0x55bd, 0x55bd, 0x55bd, 0x55bd, 0x55bd, 0x55bd, 0x55bd, 0x55bd, 0x55bd,
  0x55bd, 0x55bd, 0x55bd, 0x55bd, 0x55bd, 0x55bd, 0x55bd, 0x55bd, 0x55bd, 0x55bd, 0x55bd, 0x55bd,
  0x55bd, 0x55bd, 0x55bd, 0x55bd, 0x55bd, 0x55bd, 0x55bd, 0x55bd, 0x55bd, 0x55bd, 0x55bd, 0x55bd,
  0x55bd, 0x55bd, 0x55bd, 0x55bd, 0x55bd, 0x55bd, 0x55bd, 0x55bd, 0x55bd, 0x55bd, 0x55bd, 0x55bd,
  0x55bd, 0x55bd, 0x55bd, 0x55bd, 0x55bd, 0x55bd, 0x55bd, 0x55bd, 0x55bd, 0x55bd, 0x55bd, 0x55bd,
  0x55bd, 0x55bd, 0x55bd, 0x55bd, 0x55bd, 0x55bd, 0x55bd, 0x55bd, 0x55bd, 0x55bd, 0x55bd, 0x55bd,
  0x55bd, 0x55bd, 0x55bd, 0x55bd, 0x55bd, 0x55bd, 0x55bd, 0x55bd, 0x55bd, 0x55bd, 0x55bd, 0x55bd,
  0x55bd, 0x55bd, 0x55bd, 0x55bd, 0x55bd, 0x55bd, 0x55bd, 0x55bd, 0x55bd, 0x55bd, 0x55bd, 0x55bd,
  0x55bd, 0x55bd, 0x55bd, 0x55bd, 0x55bd, 0x55bd, 0x55bd, 0x55bd, 0x55bd, 0x55bd, 0x55bd, 0x55bd,
  0x55bd, 0x55bd, 0x55bd, 0x55bd, 0x55bd, 0x55bd, 0x55bd, 0x55bd, 0x55bd, 0x55bd, 0x55bd, 0x55bd,
  0x55bd, 0x55bd, 0x55bd, 0x55bd, 0x55bd, 0x55bd, 0x55bd, 0x55bd, 0x55bd, 0x55bd, 0x55bd, 0x55bd,
  0x55bd, 0x55bd, 0x55bd, 0x55bd, 0x55bd, 0x55bd, 0x55bd, 0x55bd, 0x55bd, 0x55bd, 0x55bd, 0x55bd,
  0x55bd, 0x55bd, 0x55bd, 0x55bd, 0x55bd, 0x55bd, 0x55bd, 0x55bd, 0x55bd, 0x55bd, 0x55bd, 0x55bd,
  0x55bd, 0x55bd, 0x55bd, 0x55bd, 0x55bd, 0x55bd, 0x55bd, 0x55bd, 0x55bd, 0x55bd, 0x55bd, 0x55bd,
  0x55bd, 0x55bd, 0x55bd, 0x55bd, 0x55bd, 0x55bd, 0x55bd, 0x55bd, 0x55bd, 0x55bd, 0x55bd, 0x55bd,
  0x55bd, 0x55bd, 0x55bd, 0x55bd, 0x55bd, 0x55bd, 0x55bd, 0x55bd, 0x55bd, 0x55bd, 0x55bd, 0x55bd,
  0x55bd, 0x55bd, 0x55bd, 0x55bd, 0x55bd, 0x55bd, 0x55bd, 0x55bd, 0x55bd, 0x55bd, 0x55bd, 0x55bd,
  0x55bd, 0x55bd, 0x55bd, 0x55bd, 0x55bd, 0x55bd, 0x55bd, 0x55bd, 0x55bd, 0x55bd, 0x55bd, 0x55bd,
  0x55bd, 0x55bd, 0x55bd, 0x55bd, 0x55bd, 0x55bd, 0x55bd, 0x55bd, 0x55bd, 0x55bd, 0x55bd, 0x55bd,
  0x55bd, 0x55bd, 0x55bd, 0x55bd, 0x55bd, 0x55bd, 0x55bd, 0x55bd, 0x55bd, 0x55bd, 0x55bd, 0x55bd,
  0x55bd, 0x55bd, 0x55bd, 0x55bd, 0x55bd, 0x55bd, 0x55bd, 0x55bd, 0x55bd, 0x55bd, 0x55bd, 0x55bd,
  0x55bd, 0x55bd, 0x55bd, 0x55bd, 0x55bd, 0x55bd, 0x55bd, 0x55bd, 0x55bd, 0x55bd, 0x55bd, 0x55bd,
  0x55bd, 0x55bd, 0x55bd, 0x55bd, 0x55bd, 0x55bd, 0x55bd, 0x55bd, 0x55bd, 0x55bd, 0x55bd, 0x55bd,
  0x55bd, 0x55bd, 0x55bd, 0x55bd, 0x55bd, 0x55bd, 0x55bd, 0x55bd, 0x55bd, 0x55bd, 0x55bd, 0x55bd,
  0x55bd, 0x55bd, 0x55bd, 0x55bd, 0x55bd, 0x55bd, 0x55bd, 0x55bd, 0x55bd, 0x55bd, 0x55bd, 0x55bd,
  0x55bd, 0x55bd, 0x55bd, 0x55bd, 0x55bd, 0x55bd, 0x55bd, 0x55bd, 0x55bd, 0x55bd, 0x55bd, 0x55bd,
  0x55bd, 0x55bd, 0x55bd, 0x55bd, 0x55bd, 0x55bd, 0x55bd, 0x55bd, 0x55bd, 0x55bd, 0x55bd, 0x55bd,
  0x55bd, 0x55bd, 0x55bd, 0x55bd, 0x55bd, 0x55bd, 0x55bd, 0x55bd, 0x55bd, 0x55bd, 0x55bd, 0x55bd,
  0x55bd, 0x55bd, 0x55bd, 0x55bd, 0x55bd, 0x55bd, 0x55bd, 0x55bd, 0x55bd, 0x55bd, 0x55bd, 0x55bd,
  0x55bd, 0x55bd, 0x55bd, 0x55bd, 0x55bd, 0x55bd, 0x55bd, 0x55bd, 0x55bd, 0x55bd, 0x55bd, 0x55bd,
  0x55bd, 0x55bd, 0x55bd, 0x55bd, 0x55bd, 0x55bd, 0x55bd, 0x55bd, 0x55bd, 0x55bd, 0x55bd, 0x55bd,
  0x55bd, 0x55bd, 0x55bd, 0x55bd, 0x55bd, 0x55bd, 0x55bd, 0x55bd, 0x55bd, 0x55bd, 0x55bd, 0x55bd,
  0x55bd, 0x55bd, 0x55bd, 0x55bd, 0x55bd, 0x55bd, 0x55bd, 0x55bd, 0x55bd, 0x55bd, 0x55bd, 0x55bd,
  0x55bd, 0x55bd, 0x55bd, 0x55bd, 0x55bd, 0x55bd, 0x55bd, 0x55bd, 0x55bd, 0x55bd, 0x55bd, 0x55bd,
  0x55bd, 0x55bd, 0x55bd, 0x55bd, 0x55bd, 0x55bd, 0x55bd, 0x55bd, 0x55bd, 0x55bd, 0x55bd, 0x55bd,
  0x55bd, 0x55bd, 0x55bd, 0x55bd, 0x55bd, 0x55bd, 0x55bd, 0x55bd, 0x55bd, 0x55bd, 0x55bd, 0x55bd,
  0x55bd, 0x55bd, 0x55bd, 0x55bd, 0x55bd, 0x55bd, 0x55bd, 0x55bd, 0x55bd, 0x55bd, 0x55bd, 0x55bd,
  0x55bd, 0x55bd, 0x55bd, 0x55bd, 0x55bd, 0x55bd, 0x55bd, 0x55bd, 0x55bd, 0x55bd, 0x55bd, 0x55bd,
  0x55bd, 0x55bd, 0x55bd, 0x55bd, 0x55bd, 0x55bd, 0x55bd, 0x55bd, 0x55bd, 0x55bd, 0x55bd, 0x55bd,
  0x55bd, 0x55bd, 0x55bd, 0x55bd, 0x55bd, 0x55bd, 0x55bd, 0x55bd, 0x55bd, 0x55bd, 0x55bd, 0x55bd,
  0x55bd, 0x55bd, 0x55bd, 0x55bd, 0x55bd, 0x55bd, 0x55bd, 0x55bd, 0x55bd, 0x55bd, 0x55bd, 0x55bd,
  0x55bd, 0x55bd, 0x55bd, 0x55bd, 0x55bd, 0x55bd, 0x55bd, 0x55bd, 0x55bd, 0x55bd, 0x55bd, 0x55bd,
  0x55bd, 0x55bd, 0x55bd, 0x55bd, 0x55bd, 0x55bd, 0x55bd, 0x55bd, 0x55bd, 0x55bd, 0x55bd, 0x55bd,
  0x55bd, 0x55bd, 0x55bd, 0x55bd, 0x55bd, 0x55bd, 0x55bd, 0x55bd, 0x55bd, 0x55bd, 0x55bd, 0x55bd,
  0x55bd, 0x55bd, 0x55bd, 0x55bd, 0x55bd, 0x55bd, 0x55bd, 0x55bd, 0x55bd, 0x55bd, 0x55bd, 0x55bd,
  0x55bd, 0x55bd, 0x55bd, 0x55bd, 0x55bd, 0x55bd, 0x55bd, 0x55bd, 0x55bd, 0x55bd, 0x55bd, 0x55bd,
  0x55bd, 0x55bd, 0x55bd, 0x55bd, 0x55bd, 0x55bd, 0x55bd, 0x55bd, 0x55bd, 0x55bd, 0x55bd, 0x55bd,
  0x55bd, 0x55bd, 0x55bd, 0x55bd, 0x55bd, 0x55bd, 0x55bd, 0x55bd, 0x55bd, 0x55bd, 0x55bd, 0x55bd,
  0x55bd, 0x55bd, 0x55bd, 0x55bd, 0x55bd, 0x55bd, 0x55bd, 0x55bd, 0x55bd, 0x55bd, 0x55bd, 0x55bd,
  0x55bd, 0x55bd, 0x55bd, 0x55bd, 0x55bd, 0x55bd, 0x55bd, 0x55bd, 0x55bd, 0x55bd, 0x55bd, 0x55bd,
  0x55bd, 0x55bd, 0x55bd, 0x55bd, 0x55bd, 0x55bd, 0x55bd, 0x55bd, 0x55bd, 0x55bd, 0x55bd, 0x55bd,
  0x55bd, 0x55bd, 0x55bd, 0x55bd, 0x55bd, 0x55bd, 0x55bd, 0x55bd, 0x55bd, 0x55bd, 0x55bd, 0x55bd,
  0x55bd, 0x55bd, 0x55bd, 0x55bd, 0x55bd, 0x55bd, 0x55bd, 0x55bd, 0x55bd, 0x55bd, 0x55bd, 0x55bd,
  0x55bd, 0x55bd, 0x55bd, 0x55bd, 0x55bd, 0x55bd, 0x55bd, 0x55bd, 0x55bd, 0x55bd, 0x55bd, 0x55bd,
  0x55bd, 0x55bd, 0x55bd, 0x55bd, 0x55bd, 0x55bd, 0x55bd, 0x55bd, 0x55bd, 0x55bd, 0x55bd, 0x55bd,
  0x55bd, 0x55bd, 0x55bd, 0x55bd, 0x55bd, 0x55bd, 0x55bd, 0x55bd, 0x55bd, 0x55bd, 0x55bd, 0x55bd,
  0x55bd, 0x55bd, 0x55bd, 0x55bd, 0x55bd, 0x55bd, 0x55bd, 0x55bd, 0x55bd, 0x55bd, 0x55bd, 0x55bd,
  0x55bd, 0x55bd, 0x55bd, 0x55bd, 0x55bd, 0x55bd, 0x55bd, 0x55bd, 0x55bd, 0x55bd, 0x55bd, 0x55bd,
  0x55bd, 0x55bd, 0x55bd, 0x55bd, 0x55bd, 0x55bd, 0x55bd, 0x55bd, 0x55bd, 0x55bd, 0x55bd, 0x55bd,
  0x55bd, 0x55bd, 0x55bd, 0x55bd, 0x55bd, 0x55bd, 0x55bd, 0x55bd, 0x55bd, 0x55bd, 0x55bd, 0x55bd,
  0x55bd, 0x55bd, 0x55bd, 0x55bd, 0x55bd, 0x55bd, 0x55bd, 0x55bd, 0x55bd, 0x55bd, 0x55bd, 0x55bd,
  0x55bd, 0x55bd, 0x55bd, 0x55bd, 0x55bd, 0x55bd, 0x55bd, 0x55bd, 0x55bd, 0x55bd, 0x55bd, 0x55bd,
  0x55bd, 0x55bd, 0x55bd, 0x55bd, 0x55bd, 0x55bd, 0x55bd, 0x55bd, 0x55bd, 0x55bd, 0x55bd, 0x55bd,
  0x55bd, 0x55bd, 0x55bd, 0x55bd, 0x55bd, 0x55bd, 0x55bd, 0x55bd, 0x55bd, 0x55bd, 0x55bd, 0x55bd,
  0x55bd, 0x55bd, 0x55bd, 0x55bd, 0x55bd, 0x55bd, 0x55bd, 0x55bd, 0x55bd, 0x55bd, 0x55bd, 0x55bd,
  0x55bd, 0x55bd, 0x55bd, 0x55bd, 0x55bd, 0x55bd, 0x55bd, 0x55bd, 0x55bd, 0x55bd, 0x55bd, 0x55bd,
  0x55bd, 0x55bd, 0x55bd, 0x55bd, 0x55bd, 0x55bd, 0x55bd, 0x55bd, 0x55bd, 0x55bd, 0x55bd, 0x55bd,
  0x55bd, 0x55bd, 0x55bd, 0x55bd, 0x55bd, 0x55bd, 0x55bd, 0x55bd, 0x55bd, 0x55bd, 0x55bd, 0x55bd,
  0x55bd, 0x55bd, 0x55bd, 0x55bd, 0x55bd, 0x55bd, 0x55bd, 0x55bd, 0x55bd, 0x55bd, 0x55bd, 0x55bd,
  0x55bd, 0x55bd, 0x55bd, 0x55bd, 0x55bd, 0x55bd, 0x55bd, 0x55bd, 0x55bd, 0x55bd, 0x55bd, 0x55bd,
  0x55bd, 0x55bd, 0x55bd, 0x55bd, 0x55bd, 0x55bd, 0x55bd, 0x55bd, 0x55bd, 0x55bd, 0x55bd, 0x55bd,
  0x55bd, 0x55bd, 0x55bd, 0x55bd, 0x55bd, 0x55bd, 0x55bd, 0x55bd, 0x55bd, 0x55bd, 0x55bd, 0x55bd,
  0x55bd, 0x55bd, 0x55bd, 0x55bd, 0x55bd, 0x55bd, 0x55bd, 0x55bd, 0x55bd, 0x55bd, 0x55bd, 0x55bd,
  0x55bd, 0x55bd, 0x55bd, 0x55bd, 0x55bd, 0x55bd, 0x55bd, 0x55bd, 0x55bd, 0x55bd, 0x55bd, 0x55bd,
  0x55bd, 0x55bd, 0x55bd, 0x55bd, 0x55bd, 0x55bd, 0x55bd, 0x55bd, 0x55bd, 0x55bd, 0x55bd, 0x55bd,
  0x55bd, 0x55bd, 0x55bd, 0x55bd, 0x55bd, 0x55bd, 0x55bd, 0x55bd, 0x55bd, 0x55bd, 0x55bd, 0x55bd,
  0x55bd, 0x55bd, 0x55bd, 0x55bd, 0x55bd, 0x55bd, 0x55bd, 0x55bd, 0x55bd, 0x55bd, 0x55bd, 0x55bd,
  0x55bd, 0x55bd, 0x55bd, 0x55bd, 0x55bd, 0x55bd, 0x55bd, 0x55bd, 0x55bd, 0x55bd, 0x55bd, 0x55bd,
  0x55bd, 0x55bd, 0x55bd, 0x55bd, 0x55bd, 0x55bd, 0x55bd, 0x55bd, 0x55bd, 0x55bd, 0x55bd, 0x55bd,
  0x55bd, 0x55bd, 0x55bd, 0x55bd, 0x55bd, 0x55bd, 0x55bd, 0x55bd, 0x55bd, 0x55bd, 0x55bd, 0x55bd,
  0x55bd, 0x55bd, 0x55bd, 0x55bd, 0x55bd, 0x55bd, 0x55bd, 0x55bd, 0x55bd, 0x55bd, 0x55bd, 0x55bd,
  0x55bd, 0x55bd, 0x55bd, 0x55bd, 0x55bd, 0x55bd, 0x55bd, 0x55bd, 0x55bd, 0x55bd, 0x55bd, 0x55bd,
  0x55bd, 0x55bd, 0x55bd, 0x55bd, 0x55bd, 0x55bd, 0x55bd, 0x55bd, 0x55bd, 0x55bd, 0x55bd, 0x55bd,
  0x55bd, 0x55bd, 0x55bd, 0x55bd, 0x55bd, 0x55bd, 0x55bd, 0x55bd, 0x55bd, 0x55bd, 0x55bd, 0x55bd,
  0x55bd, 0x55bd, 0x55bd, 0x55bd, 0x55bd, 0x55bd, 0x55bd, 0x55bd, 0x55bd, 0x55bd, 0x55bd, 0x55bd,
  0x55bd, 0x55bd, 0x55bd, 0x55bd, 0x55bd, 0x55bd, 0x55bd, 0x55bd, 0x55bd, 0x55bd, 0x55bd, 0x55bd,
  0x55bd, 0x55bd, 0x55bd, 0x55bd, 0x55bd, 0x55bd, 0x55bd, 0x55bd, 0x55bd, 0x55bd, 0x55bd, 0x55bd,
  0x55bd, 0x55bd, 0x55bd, 0x55bd, 0x55bd, 0x55bd, 0x55bd, 0x55bd, 0x55bd, 0x55bd, 0x55bd, 0x55bd,
  0x55bd, 0x55bd, 0x55bd, 0x55bd, 0x55bd, 0x55bd, 0x55bd, 0x55bd, 0x55bd, 0x55bd, 0x55bd, 0x55bd,
  0x55bd, 0x55bd, 0x55bd, 0x55bd, 0x55bd, 0x55bd, 0x55bd, 0x55bd, 0x55bd, 0x55bd, 0x55bd, 0x55bd,
  0x55bd, 0x55bd, 0x55bd, 0x55bd, 0x55bd, 0x55bd, 0x55bd, 0x55bd, 0x55bd, 0x55bd, 0x55bd, 0x55bd,
  0x55bd, 0x55bd, 0x55bd, 0x55bd, 0x55bd, 0x55bd, 0x55bd, 0x55bd, 0x55bd, 0x55bd, 0x55bd, 0x55bd,
  0x55bd, 0x55bd, 0x55bd, 0x55bd, 0x55bd, 0x55bd, 0x55bd, 0x55bd, 0x55bd, 0x55bd, 0x55bd, 0x55bd,
  0x55bd, 0x55bd, 0x55bd, 0x55bd, 0x55bd, 0x55bd, 0x55bd, 0x55bd, 0x55bd, 0x55bd, 0x55bd, 0x55bd,
  0x55bd, 0x55bd, 0x55bd, 0x55bd, 0x55bd, 0x55bd, 0x55bd, 0x55bd, 0x55bd, 0x55bd, 0x55bd, 0x55bd,
  0x55bd, 0x55bd, 0x55bd, 0x55bd, 0x55bd, 0x55bd, 0x55bd, 0x55bd, 0x55bd, 0x55bd, 0x55bd, 0x55bd,
  0x55bd, 0x55bd, 0x55bd, 0x55bd, 0x55bd, 0x55bd, 0x55bd, 0x55bd, 0x55bd, 0x55bd, 0x55bd, 0x55bd,
  0x55bd, 0x55bd, 0x55bd, 0x55bd, 0x55bd, 0x55bd, 0x55bd, 0x55bd, 0x55bd, 0x55bd, 0x55bd, 0x55bd,
  0x55bd, 0x55bd, 0x55bd, 0x55bd, 0x55bd, 0x55bd, 0x55bd, 0x55bd, 0x55bd, 0x55bd, 0x55bd, 0x55bd,
  0x55bd, 0x55bd, 0x55bd, 0x55bd, 0x55bd, 0x55bd, 0x55bd, 0x55bd, 0x55bd, 0x55bd, 0x55bd, 0x55bd,
  0x55bd, 0x55bd, 0x55bd, 0x55bd, 0x55bd, 0x55bd, 0x55bd, 0x55bd, 0x55bd, 0x55bd, 0x55bd, 0x55bd,
  0x55bd, 0x55bd, 0x55bd, 0x55bd, 0x55bd, 0x55bd, 0x55bd, 0x55bd, 0x55bd, 0x55bd, 0x55bd, 0x55bd,
  0x55bd, 0x55bd, 0x55bd, 0x55bd, 0x55bd, 0x55bd, 0x55bd, 0x55bd, 0x55bd, 0x55bd, 0x55bd, 0x55bd,
  0x55bd, 0x55bd, 0x55bd, 0x55bd, 0x55bd, 0x55bd, 0x55bd, 0x55bd, 0x55bd, 0x55bd, 0x55bd, 0x55bd,
  0x55bd, 0x55bd, 0x55bd, 0x55bd, 0x55bd, 0x55bd, 0x55bd, 0x55bd, 0x55bd, 0x55bd, 0x55bd, 0x55bd,
  0x55bd, 0x55bd, 0x55bd, 0x55bd, 0x55bd, 0x55bd, 0x55bd, 0x55bd, 0x55bd, 0x55bd, 0x55bd, 0x55bd,
  0x55bd, 0x55bd, 0x55bd, 0x55bd, 0x55bd, 0x55bd, 0x55bd, 0x55bd, 0x55bd, 0x55bd, 0x55bd, 0x55bd,
  0x55bd, 0x55bd, 0x55bd, 0x55bd, 0x55bd, 0x55bd, 0x55bd, 0x55bd, 0x55bd, 0x55bd, 0x55bd, 0x55bd,
  0x55bd, 0x55bd, 0x55bd, 0x55bd, 0x55bd, 0x55bd, 0x55bd, 0x55bd, 0x55bd, 0x55bd, 0x55bd, 0x55bd,
  0x55bd, 0x55bd, 0x55bd, 0x55bd, 0x55bd, 0x55bd, 0x55bd, 0x55bd, 0x55bd, 0x55bd, 0x55bd, 0x55bd,
  0x55bd, 0x55bd, 0x55bd, 0x55bd, 0x55bd, 0x55bd, 0x55bd, 0x55bd, 0x55bd, 0x55bd, 0x55bd, 0x55bd,
  0x55bd, 0x55bd, 0x55bd, 0x55bd, 0x55bd, 0x55bd, 0x55bd, 0x55bd, 0x55bd, 0x55bd, 0x55bd, 0x55bd,
  0x55bd, 0x55bd, 0x55bd, 0x55bd, 0x55bd, 0x55bd, 0x55bd, 0x55bd, 0x55bd, 0x55bd, 0x55bd, 0x55bd,
  0x55bd, 0x55bd, 0x55bd, 0x55bd, 0x55bd, 0x55bd, 0x55bd, 0x55bd, 0x55bd, 0x55bd, 0x55bd, 0x55bd,
  0x55bd, 0x55bd, 0x55bd, 0x55bd, 0x55bd, 0x55bd, 0x55bd, 0x55bd, 0x55bd, 0x55bd, 0x55bd, 0x55bd,
  0x55bd, 0x55bd, 0x55bd, 0x55bd, 0x55bd, 0x55bd, 0x55bd, 0x55bd, 0x55bd, 0x55bd, 0x55bd, 0x55bd,
  0x55bd, 0x55bd, 0x55bd, 0x55bd, 0x55bd, 0x55bd, 0x55bd, 0x55bd, 0x55bd, 0x55bd, 0x55bd, 0x55bd,
  0x55bd, 0x55bd, 0x55bd, 0x55bd, 0x55bd, 0x55bd, 0x55bd, 0x55bd, 0x55bd, 0x55bd, 0x55bd, 0x55bd,
  0x55bd, 0x55bd, 0x55bd, 0x55bd, 0x55bd, 0x55bd, 0x55bd, 0x55bd, 0x55bd, 0x55bd, 0x55bd, 0x55bd,
  0x55bd, 0x55bd, 0x55bd, 0x55bd, 0x55bd, 0x55bd, 0x55bd, 0x55bd, 0x55bd, 0x55bd, 0x55bd, 0x55bd,
  0x55bd, 0x55bd, 0x55bd, 0x55bd, 0x55bd, 0x55bd, 0x55bd, 0x55bd, 0x55bd, 0x55bd, 0x55bd, 0x55bd,
  0x55bd, 0x55bd, 0x55bd, 0x55bd, 0x55bd, 0x55bd, 0x55bd, 0x55bd, 0x55bd, 0x55bd, 0x55bd, 0x55bd,
  0x55bd, 0x55bd, 0x55bd, 0x55bd, 0x55bd, 0x55bd, 0x55bd, 0x55bd, 0x55bd, 0x55bd, 0x55bd, 0x55bd,
  0x55bd, 0x55bd, 0x55bd, 0x55bd, 0x55bd, 0x55bd, 0x55bd, 0x55bd, 0x55bd, 0x55bd, 0x55bd, 0x55bd,
  0x55bd, 0x55bd, 0x55bd, 0x55bd, 0x55bd, 0x55bd, 0x55bd, 0x55bd, 0x55bd, 0x55bd, 0x55bd, 0x55bd,
  0x55bd, 0x55bd, 0x55bd, 0x55bd, 0x55bd, 0x55bd, 0x55bd, 0x55bd, 0x55bd, 0x55bd, 0x55bd, 0x55bd,
  0x55bd, 0x55bd, 0x55bd, 0x55bd, 0x55bd, 0x55bd, 0x55bd, 0x55bd, 0x55bd, 0x55bd, 0x55bd, 0x55bd,
  0x55bd, 0x55bd, 0x55bd, 0x55bd, 0x55bd, 0x55bd, 0x55bd, 0x55bd, 0x55bd, 0x55bd, 0x55bd, 0x55bd,
  0x55bd, 0x55bd, 0x55bd, 0x55bd, 0x55bd, 0x55bd, 0x55bd, 0x55bd, 0x55bd, 0x55bd, 0x55bd, 0x55bd,
  0x55bd, 0x55bd, 0x55bd, 0x55bd, 0x55bd, 0x55bd, 0x55bd, 0x55bd, 0x55bd, 0x55bd, 0x55bd, 0x55bd,
  0x55bd, 0x55bd, 0x55bd, 0x55bd, 0x55bd, 0x55bd, 0x55bd, 0x55bd, 0x55bd, 0x55bd, 0x55bd, 0x55bd,
  0x55bd, 0x55bd, 0x55bd, 0x55bd, 0x55bd, 0x55bd, 0x55bd, 0x55bd, 0x55bd, 0x55bd, 0x55bd, 0x55bd,
  0x55bd, 0x55bd, 0x55bd, 0x55bd, 0x55bd, 0x55bd, 0x55bd, 0x55bd, 0x55bd, 0x55bd, 0x55bd, 0x55bd,
  0x55bd, 0x55bd, 0x55bd, 0x55bd, 0x55bd, 0x55bd, 0x55bd, 0x55bd, 0x55bd, 0x55bd, 0x55bd, 0x55bd,
  0x55bd, 0x55bd, 0x55bd, 0x55bd, 0x55bd, 0x55bd, 0x55bd, 0x55bd, 0x55bd, 0x55bd, 0x55bd, 0x55bd,
  0x55bd, 0x55bd, 0x55bd, 0x55bd, 0x55bd, 0x55bd, 0x55bd, 0x55bd, 0x55bd, 0x55bd, 0x55bd, 0x55bd,
  0x55bd, 0x55bd, 0x55bd, 0x55bd, 0x55bd, 0x55bd, 0x55bd, 0x55bd, 0x55bd, 0x55bd, 0x55bd, 0x55bd,
  0x55bd, 0x55bd, 0x55bd, 0x55bd, 0x55bd, 0x55bd, 0x55bd, 0x55bd, 0x55bd, 0x55bd, 0x55bd, 0x55bd,
  0x55bd, 0x55bd, 0x55bd, 0x55bd, 0x55bd, 0x55bd, 0x55bd, 0x55bd, 0x55bd, 0x55bd, 0x55bd, 0x55bd,
  0x55bd, 0x55bd, 0x55bd, 0x55bd, 0x55bd, 0x55bd, 0x55bd, 0x55bd, 0x55bd, 0x55bd, 0x55bd, 0x55bd,
  0x55bd, 0x55bd, 0x55bd, 0x55bd, 0x55bd, 0x55bd, 0x55bd, 0x55bd, 0x55bd, 0x55bd, 0x55bd, 0x55bd,
  0x55bd, 0x55bd, 0x55bd, 0x55bd, 0x55bd, 0x55bd, 0x55bd, 0x55bd, 0x55bd, 0x55bd, 0x55bd, 0x55bd,
  0x55bd, 0x55bd, 0x55bd, 0x55bd, 0x55bd, 0x55bd, 0x55bd, 0x55bd, 0x55bd, 0x55bd, 0x55bd, 0x55bd,
  0x55bd, 0x55bd, 0x55bd, 0x55bd, 0x55bd, 0x55bd, 0x55bd, 0x55bd, 0x55bd, 0x55bd, 0x55bd, 0x55bd,
  0x55bd, 0x55bd, 0x55bd, 0x55bd, 0x55bd, 0x55bd, 0x55bd, 0x55bd, 0x55bd, 0x55bd, 0x55bd, 0x55bd,
  0x55bd, 0x55bd, 0x55bd, 0x55bd, 0x55bd, 0x55bd, 0x55bd, 0x55bd, 0x55bd, 0x55bd, 0x55bd, 0x55bd,
  0x55bd, 0x55bd, 0x55bd, 0x55bd, 0x55bd, 0x55bd, 0x55bd, 0x55bd, 0x55bd, 0x55bd, 0x55bd, 0x55bd,
  0x55bd, 0x55bd, 0x55bd, 0x55bd, 0x55bd, 0x55bd, 0x55bd, 0x55bd, 0x55bd, 0x55bd, 0x55bd, 0x55bd,
  0x55bd, 0x55bd, 0x55bd, 0x55bd, 0x55bd, 0x55bd, 0x55bd, 0x55bd, 0x55bd, 0x55bd, 0x55bd, 0x55bd,
  0x55bd, 0x55bd, 0x55bd, 0x55bd, 0x55bd, 0x55bd, 0x55bd, 0x55bd, 0x55bd, 0x55bd, 0x55bd, 0x55bd,
  0x55bd, 0x55bd, 0x55bd, 0x55bd, 0x55bd, 0x55bd, 0x55bd, 0x55bd, 0x55bd, 0x55bd, 0x55bd, 0x55bd,
  0x55bd, 0x55bd, 0x55bd, 0x55bd, 0x55bd, 0x55bd, 0x55bd, 0x55bd, 0x55bd, 0x55bd, 0x55bd, 0x55bd,
  0x55bd, 0x55bd, 0x55bd, 0x55bd, 0x55bd, 0x55bd, 0x55bd, 0x55bd, 0x55bd, 0x55bd, 0x55bd, 0x55bd,
  0x55bd, 0x55bd, 0x55bd, 0x55bd, 0x55bd, 0x55bd, 0x55bd, 0x55bd, 0x55bd, 0x55bd, 0x55bd, 0x55bd,
  0x55bd, 0x55bd, 0x55bd, 0x55bd, 0x55bd, 0x55bd, 0x55bd, 0x55bd, 0x55bd, 0x55bd, 0x55bd, 0x55bd,
  0x55bd, 0x55bd, 0x55bd, 0x55bd, 0x55bd, 0x55bd, 0x55bd, 0x55bd, 0x55bd, 0x55bd, 0x55bd, 0x55bd,
  0x55bd, 0x55bd, 0x55bd, 0x55bd, 0x55bd, 0x55bd, 0x55bd, 0x55bd, 0x55bd, 0x55bd, 0x55bd, 0x55bd,
  0x55bd, 0x55bd, 0x55bd, 0x55bd, 0x55bd, 0x55bd, 0x55bd, 0x55bd, 0x55bd, 0x55bd, 0x55bd, 0x55bd,
  0x55bd, 0x55bd, 0x55bd, 0x55bd, 0x55bd, 0x55bd, 0x55bd, 0x55bd, 0x55bd, 0x55bd, 0x55bd, 0x55bd,
  0x55bd, 0x55bd, 0x55bd, 0x55bd, 0x55bd, 0x55bd, 0x55bd, 0x55bd, 0x55bd, 0x55bd, 0x55bd, 0x55bd,
  0x55bd, 0x55bd, 0x55bd, 0x55bd, 0x55bd, 0x55bd, 0x55bd, 0x55bd, 0x55bd, 0x55bd, 0x55bd, 0x55bd,
  0x55bd, 0x55bd, 0x55bd, 0x55bd, 0x55bd, 0x55bd, 0x55bd, 0x55bd, 0x55bd, 0x55bd, 0x55bd, 0x55bd,
  0x55bd, 0x55bd, 0x55bd, 0x55bd, 0x55bd, 0x55bd, 0x55bd, 0x55bd, 0x55bd, 0x55bd, 0x55bd, 0x55bd,
  0x55bd, 0x55bd, 0x55bd, 0x55bd, 0x55bd, 0x55bd, 0x55bd, 0x55bd, 0x55bd, 0x55bd, 0x55bd, 0x55bd,
  0x55bd, 0x55bd, 0x55bd, 0x55bd, 0x55bd, 0x55bd, 0x55bd, 0x55bd, 0x55bd, 0x55bd, 0x55bd, 0x55bd,
  0x55bd, 0x55bd, 0x55bd, 0x55bd, 0x55bd, 0x55bd, 0x55bd, 0x55bd, 0x55bd, 0x55bd, 0x55bd, 0x55bd,
  0x55bd, 0x55bd, 0x55bd, 0x55bd, 0x55bd, 0x55bd, 0x55bd, 0x55bd, 0x55bd, 0x55bd, 0x55bd, 0x55bd,
  0x55bd, 0x55bd, 0x55bd, 0x55bd, 0x55bd, 0x55bd, 0x55bd, 0x55bd, 0x55bd, 0x55bd, 0x55bd, 0x55bd,
  0x55bd, 0x55bd, 0x55bd, 0x55bd, 0x55bd, 0x55bd, 0x55bd, 0x55bd, 0x55bd, 0x55bd, 0x55bd, 0x55bd,
  0x55bd, 0x55bd, 0x55bd, 0x55bd, 0x55bd, 0x55bd, 0x55bd, 0x55bd, 0x55bd, 0x55bd, 0x55bd, 0x55bd,
  0x55bd, 0x55bd, 0x55bd, 0x55bd, 0x55bd, 0x55bd, 0x55bd, 0x55bd, 0x55bd, 0x55bd, 0x55bd, 0x55bd,
  0x55bd, 0x55bd, 0x55bd, 0x55bd, 0x55bd, 0x55bd, 0x55bd, 0x55bd, 0x55bd, 0x55bd, 0x55bd, 0x55bd,
  0x55bd, 0x55bd, 0x55bd, 0x55bd, 0x55bd, 0x55bd, 0x55bd, 0x55bd, 0x55bd, 0x55bd, 0x55bd, 0x55bd,
  0x55bd, 0x55bd, 0x55bd, 0x55bd, 0x55bd, 0x55bd, 0x55bd, 0x55bd, 0x55bd, 0x55bd, 0x55bd, 0x55bd,
  0x55bd, 0x55bd, 0x55bd, 0x55bd, 0x55bd, 0x55bd, 0x55bd, 0x55bd, 0x55bd, 0x55bd, 0x55bd, 0x55bd,
  0x55bd, 0x55bd, 0x55bd, 0x55bd, 0x55bd, 0x55bd, 0x55bd, 0x55bd, 0x55bd, 0x55bd, 0x55bd, 0x55bd,
  0x55bd, 0x55bd, 0x55bd, 0x55bd, 0x55bd, 0x55bd, 0x55bd, 0x55bd, 0x55bd, 0x55bd, 0x55bd, 0x55bd,
  0x55bd, 0x55bd, 0x55bd, 0x55bd, 0x55bd, 0x55bd, 0x55bd, 0x55bd, 0x55bd, 0x55bd, 0x55bd, 0x55bd,
  0x55bd, 0x55bd, 0x55bd, 0x55bd, 0x55bd, 0x55bd, 0x55bd, 0x55bd, 0x55bd, 0x55bd, 0x55bd, 0x55bd,
  0x55bd, 0x55bd, 0x55bd, 0x55bd, 0x55bd, 0x55bd, 0x55bd, 0x55bd, 0x55bd, 0x55bd, 0x55bd, 0x55bd,
  0x55bd, 0x55bd, 0x55bd, 0x55bd, 0x55bd, 0x55bd, 0x55bd, 0x55bd, 0x55bd, 0x55bd, 0x55bd, 0x55bd,
  0x55bd, 0x55bd, 0x55bd, 0x55bd, 0x55bd, 0x55bd, 0x55bd, 0x55bd, 0x55bd, 0x55bd, 0x55bd, 0x55bd,
  0x55bd, 0x55bd, 0x55bd, 0x55bd, 0x55bd, 0x55bd, 0x55bd, 0x55bd, 0x55bd, 0x55bd, 0x55bd, 0x55bd,
  0x55bd, 0x55bd, 0x55bd, 0x55bd, 0x55bd, 0x55bd, 0x55bd, 0x55bd, 0x55bd, 0x55bd, 0x55bd, 0x55bd,
  0x55bd, 0x55bd, 0x55bd, 0x55bd, 0x55bd, 0x55bd, 0x55bd, 0x55bd, 0x55bd, 0x55bd, 0x55bd, 0x55bd,
  0x55bd, 0x55bd, 0x55bd, 0x55bd, 0x55bd, 0x55bd, 0x55bd, 0x55bd, 0x55bd, 0x55bd, 0x55bd, 0x55bd,
  0x55bd, 0x55bd, 0x55bd, 0x55bd, 0x55bd, 0x55bd, 0x55bd, 0x55bd, 0x55bd, 0x55bd, 0x55bd, 0x55bd,
  0x55bd, 0x55bd, 0x55bd, 0x55bd, 0x55bd, 0x55bd, 0x55bd, 0x55bd, 0x55bd, 0x55bd, 0x55bd, 0x55bd,
  0x55bd, 0x55bd, 0x55bd, 0x55bd, 0x55bd, 0x55bd, 0x55bd, 0x55bd, 0x55bd, 0x55bd, 0x55bd, 0x55bd,
  0x55bd, 0x55bd, 0x55bd, 0x55bd, 0x55bd, 0x55bd, 0x55bd, 0x55bd, 0x55bd, 0x55bd, 0x55bd, 0x55bd,
  0x55bd, 0x55bd, 0x55bd, 0x55bd, 0x55bd, 0x55bd, 0x55bd, 0x55bd, 0x55bd, 0x55bd, 0x55bd, 0x55bd,
  0x55bd, 0x55bd, 0x55bd, 0x55bd, 0x55bd, 0x55bd, 0x55bd, 0x55bd, 0x55bd, 0x55bd, 0x55bd, 0x55bd,
  0x55bd, 0x55bd, 0x55bd, 0x55bd, 0x55bd, 0x55bd, 0x55bd, 0x55bd, 0x55bd, 0x55bd, 0x55bd, 0x55bd,
  0x55bd, 0x55bd, 0x55bd, 0x55bd, 0x55bd, 0x55bd, 0x55bd, 0x55bd, 0x55bd, 0x55bd, 0x55bd, 0x55bd,
  0x55bd, 0x55bd, 0x55bd, 0x55bd, 0x55bd, 0x55bd, 0x55bd, 0x55bd, 0x55bd, 0x55bd, 0x55bd, 0x55bd,
  0x55bd, 0x55bd, 0x55bd, 0x55bd, 0x55bd, 0x55bd, 0x55bd, 0x55bd, 0x55bd, 0x55bd, 0x55bd, 0x55bd,
  0x55bd, 0x55bd, 0x55bd, 0x55bd, 0x55bd, 0x55bd, 0x55bd, 0x55bd, 0x55bd, 0x55bd, 0x55bd, 0x55bd,
  0x55bd, 0x55bd, 0x55bd, 0x55bd, 0x55bd, 0x55bd, 0x55bd, 0x55bd, 0x55bd, 0x55bd, 0x55bd, 0x55bd,
  0x55bd, 0x55bd, 0x55bd, 0x55bd, 0x55bd, 0x55bd, 0x55bd, 0x55bd, 0x55bd, 0x55bd, 0x55bd, 0x55bd,
  0x55bd, 0x55bd, 0x55bd, 0x55bd, 0x55bd, 0x55bd, 0x55bd, 0x55bd, 0x55bd, 0x55bd, 0x55bd, 0x55bd,
  0x55bd, 0x55bd, 0x55bd, 0x55bd, 0x55bd, 0x55bd, 0x55bd, 0x55bd, 0x55bd, 0x55bd, 0x55bd, 0x55bd,
  0x55bd, 0x55bd, 0x55bd, 0x55bd, 0x55bd, 0x55bd, 0x55bd, 0x55bd, 0x55bd, 0x55bd, 0x55bd, 0x55bd,
  0x55bd, 0x55bd, 0x55bd, 0x55bd, 0x55bd, 0x55bd, 0x55bd, 0x55bd, 0x55bd, 0x55bd, 0x55bd, 0x55bd,
  0x55bd, 0x55bd, 0x55bd, 0x55bd, 0x55bd, 0x55bd, 0x55bd, 0x55bd, 0x55bd, 0x55bd, 0x55bd, 0x55bd,
  0x55bd, 0x55bd, 0x55bd, 0x55bd, 0x55bd, 0x55bd, 0x55bd, 0x55bd, 0x55bd, 0x55bd, 0x55bd, 0x55bd,
  0x55bd, 0x55bd, 0x55bd, 0x55bd, 0x55bd, 0x55bd, 0x55bd, 0x55bd, 0x55bd, 0x55bd, 0x55bd, 0x55bd,
  0x55bd, 0x55bd, 0x55bd, 0x55bd, 0x55bd, 0x55bd, 0x55bd, 0x55bd, 0x55bd, 0x55bd, 0x55bd, 0x55bd,
  0x55bd, 0x55bd, 0x55bd, 0x55bd, 0x55bd, 0x55bd, 0x55bd, 0x55bd, 0x55bd, 0x55bd, 0x55bd, 0x55bd,
  0x55bd, 0x55bd, 0x55bd, 0x55bd, 0x55bd, 0x55bd, 0x55bd, 0x55bd, 0x55bd, 0x55bd, 0x55bd, 0x55bd,
  0x55bd, 0x55bd, 0x55bd, 0x55bd, 0x55bd, 0x55bd, 0x55bd, 0x55bd, 0x55bd, 0x55bd, 0x55bd, 0x55bd,
  0x55bd, 0x55bd, 0x55bd, 0x55bd, 0x55bd, 0x55bd, 0x55bd, 0x55bd, 0x55bd, 0x55bd, 0x55bd, 0x55bd,
  0x55bd, 0x55bd, 0x55bd, 0x55bd, 0x55bd, 0x55bd, 0x55bd, 0x55bd, 0x55bd, 0x55bd, 0x55bd, 0x55bd,
  0x55bd, 0x55bd, 0x55bd, 0x55bd, 0x55bd, 0x55bd, 0x55bd, 0x55bd, 0x55bd, 0x55bd, 0x55bd, 0x55bd,
  0x55bd, 0x55bd, 0x55bd, 0x55bd, 0x55bd, 0x55bd, 0x55bd, 0x55bd, 0x55bd, 0x55bd, 0x55bd, 0x55bd,
  0x55bd, 0x55bd, 0x55bd, 0x55bd, 0x55bd, 0x55bd, 0x55bd, 0x55bd, 0x55bd, 0x55bd, 0x55bd, 0x55bd,
  0x55bd, 0x55bd, 0x55bd, 0x55bd, 0x55bd, 0x55bd, 0x55bd, 0x55bd, 0x55bd, 0x55bd, 0x55bd, 0x55bd,
  0x55bd, 0x55bd, 0x55bd, 0x55bd, 0x55bd, 0x55bd, 0x55bd, 0x55bd, 0x55bd, 0x55bd, 0x55bd, 0x55bd,
  0x55bd, 0x55bd, 0x55bd, 0x55bd, 0x55bd, 0x55bd, 0x55bd, 0x55bd, 0x55bd, 0x55bd, 0x55bd, 0x55bd,
  0x55bd, 0x55bd, 0x55bd, 0x55bd, 0x55bd, 0x55bd, 0x55bd, 0x55bd, 0x55bd, 0x55bd, 0x55bd, 0x55bd,
  0x55bd, 0x55bd, 0x55bd, 0x55bd, 0x55bd, 0x55bd, 0x55bd, 0x55bd, 0x55bd, 0x55bd, 0x55bd, 0x55bd,
  0x55bd, 0x55bd, 0x55bd, 0x55bd, 0x55bd, 0x55bd, 0x55bd, 0x55bd, 0x55bd, 0x55bd, 0x55bd, 0x55bd,
  0x55bd, 0x55bd, 0x55bd, 0x55bd, 0x55bd, 0x55bd, 0x55bd, 0x55bd, 0x55bd, 0x55bd, 0x55bd, 0x55bd,
  0x55bd, 0x55bd, 0x55bd, 0x55bd, 0x55bd, 0x55bd, 0x55bd, 0x55bd, 0x55bd, 0x55bd, 0x55bd, 0x55bd,
  0x55bd, 0x55bd, 0x55bd, 0x55bd, 0x55bd, 0x55bd, 0x55bd, 0x55bd, 0x55bd, 0x55bd, 0x55bd, 0x55bd,
  0x55bd, 0x55bd, 0x55bd, 0x55bd, 0x55bd, 0x55bd, 0x55bd, 0x55bd, 0x55bd, 0x55bd, 0x55bd, 0x55bd,
  0x55bd, 0x55bd, 0x55bd, 0x55bd, 0x55bd, 0x55bd, 0x55bd, 0x55bd, 0x55bd, 0x55bd, 0x55bd, 0x55bd,
  0x55bd, 0x55bd, 0x55bd, 0x55bd, 0x55bd, 0x55bd, 0x55bd, 0x55bd, 0x55bd, 0x55bd, 0x55bd, 0x55bd,
  0x55bd, 0x55bd, 0x55bd, 0x55bd, 0x55bd, 0x55bd, 0x55bd, 0x55bd, 0x55bd, 0x55bd, 0x55bd, 0x55bd,
  0x55bd, 0x55bd, 0x55bd, 0x55bd, 0x55bd, 0x55bd, 0x55bd, 0x55bd, 0x55bd, 0x55bd, 0x55bd, 0x55bd,
  0x55bd, 0x55bd, 0x55bd, 0x55bd, 0x55bd, 0x55bd, 0x55bd, 0x55bd, 0x55bd, 0x55bd, 0x55bd, 0x55bd,
  0x55bd, 0x55bd, 0x55bd, 0x55bd, 0x55bd, 0x55bd, 0x55bd, 0x55bd, 0x55bd, 0x55bd, 0x55bd, 0x55bd,
  0x55bd, 0x55bd, 0x55bd, 0x55bd, 0x55bd, 0x55bd, 0x55bd, 0x55bd, 0x55bd, 0x55bd, 0x55bd, 0x55bd,
  0x55bd, 0x55bd, 0x55bd, 0x55bd, 0x55bd, 0x55bd, 0x55bd, 0x55bd, 0x55bd, 0x55bd, 0x55bd, 0x55bd,
  0x55bd, 0x55bd, 0x55bd, 0x55bd, 0x55bd, 0x55bd, 0x55bd, 0x55bd, 0x55bd, 0x55bd, 0x55bd, 0x55bd,
  0x55bd, 0x55bd, 0x55bd, 0x55bd, 0x55bd, 0x55bd, 0x55bd, 0x55bd, 0x55bd, 0x55bd, 0x55bd, 0x55bd,
  0x55bd, 0x55bd, 0x55bd, 0x55bd, 0x55bd, 0x55bd, 0x55bd, 0x55bd, 0x55bd, 0x55bd, 0x55bd, 0x55bd,
  0x55bd, 0x55bd, 0x55bd, 0x55bd, 0x55bd, 0x55bd, 0x55bd, 0x55bd, 0x55bd, 0x55bd, 0x55bd, 0x55bd,
  0x55bd, 0x55bd, 0x55bd, 0x55bd, 0x55bd, 0x55bd, 0x55bd, 0x55bd, 0x55bd, 0x55bd, 0x55bd, 0x55bd,
  0x55bd, 0x55bd, 0x55bd, 0x55bd, 0x55bd, 0x55bd, 0x55bd, 0x55bd, 0x55bd, 0x55bd, 0x55bd, 0x55bd,
  0x55bd, 0x55bd, 0x55bd, 0x55bd, 0x55bd, 0x55bd, 0x55bd, 0x55bd, 0x55bd, 0x55bd, 0x55bd, 0x55bd,
  0x55bd, 0x55bd, 0x55bd, 0x55bd, 0x55bd, 0x55bd, 0x55bd, 0x55bd, 0x55bd, 0x55bd, 0x55bd, 0x55bd,
  0x55bd, 0x55bd, 0x55bd, 0x55bd, 0x55bd, 0x55bd, 0x55bd, 0x55bd, 0x55bd, 0x55bd, 0x55bd, 0x55bd,
  0x55bd, 0x55bd, 0x55bd, 0x55bd, 0x55bd, 0x55bd, 0x55bd, 0x55bd, 0x55bd, 0x55bd, 0x55bd, 0x55bd,
  0x55bd, 0x55bd, 0x55bd, 0x55bd, 0x55bd, 0x55bd, 0x55bd, 0x55bd, 0x55bd, 0x55bd, 0x55bd, 0x55bd,
  0x55bd, 0x55bd, 0x55bd, 0x55bd, 0x55bd, 0x55bd, 0x55bd, 0x55bd, 0x55bd, 0x55bd, 0x55bd, 0x55bd,
  0x55bd, 0x55bd, 0x55bd, 0x55bd, 0x55bd, 0x55bd, 0x55bd, 0x55bd, 0x55bd, 0x55bd, 0x55bd, 0x55bd,
  0x55bd, 0x55bd, 0x55bd, 0x55bd, 0x55bd, 0x55bd, 0x55bd, 0x55bd, 0x55bd, 0x55bd, 0x55bd, 0x55bd,
  0x55bd, 0x55bd, 0x55bd, 0x55bd, 0x55bd, 0x55bd, 0x55bd, 0x55bd, 0x55bd, 0x55bd, 0x55bd, 0x55bd,
  0x55bd, 0x55bd, 0x55bd, 0x55bd, 0x55bd, 0x55bd, 0x55bd, 0x55bd, 0x55bd, 0x55bd, 0x55bd, 0x55bd,
  0x55bd, 0x55bd, 0x55bd, 0x55bd, 0x55bd, 0x55bd, 0x55bd, 0x55bd, 0x55bd, 0x55bd, 0x55bd, 0x55bd,
  0x55bd, 0x55bd, 0x55bd, 0x55bd, 0x55bd, 0x55bd, 0x55bd, 0x55bd, 0x55bd, 0x55bd, 0x55bd, 0x55bd,
  0x55bd, 0x55bd, 0x55bd, 0x55bd, 0x55bd, 0x55bd, 0x55bd, 0x55bd, 0x55bd, 0x55bd, 0x55bd, 0x55bd,
  0x55bd, 0x55bd, 0x55bd, 0x55bd, 0x55bd, 0x55bd, 0x55bd, 0x55bd, 0x55bd, 0x55bd, 0x55bd, 0x55bd,
  0x55bd, 0x55bd, 0x55bd, 0x55bd, 0x55bd, 0x55bd, 0x55bd, 0x55bd, 0x55bd, 0x55bd, 0x55bd, 0x55bd,
  0x55bd, 0x55bd, 0x55bd, 0x55bd, 0x55bd, 0x55bd, 0x55bd, 0x55bd, 0x55bd, 0x55bd, 0x55bd, 0x55bd,
  0x55bd, 0x55bd, 0x55bd, 0x55bd, 0x55bd, 0x55bd, 0x55bd, 0xcef5, 0x9e39, 0x55bd, 0x55bd, 0x55bd,
  0x55bd, 0x55bd, 0x55bd, 0x55bd, 0x55bd, 0x55bd, 0x55bd, 0x55bd, 0x55bd, 0x55bd, 0x55bd, 0x55bd,
  0x55bd, 0x55bd, 0x55bd, 0x55bd, 0x55bd, 0x55bd, 0x55bd, 0x55bd, 0x55bd, 0x55bd, 0x55bd, 0x55bd,
  0x55bd, 0x55bd, 0x55bd, 0x55bd, 0x55bd, 0x55bd, 0x55bd, 0x55bd, 0x55bd, 0x55bd, 0x55bd, 0x55bd,
  0x55bd, 0x55bd, 0x55bd, 0x55bd, 0x55bd, 0x55bd, 0x55bd, 0x55bd, 0x55bd, 0x55bd, 0x55bd, 0x55bd,
  0x55bd, 0x55bd, 0x55bd, 0x55bd, 0x55bd, 0x55bd, 0x55bd, 0x55bd, 0x55bd, 0x55bd, 0x55bd, 0x55bd,
  0x55bd, 0x55bd, 0x55bd, 0x55bd, 0x55bd, 0x55bd, 0x55bd, 0x55bd, 0x55bd, 0x55bd, 0x55bd, 0x55bd,
  0x55bd, 0x55bd, 0x55bd, 0x55bd, 0x55bd, 0x55bd, 0x55bd, 0x55bd, 0x55bd, 0x55bd, 0x55bd, 0x55bd,
  0x55bd, 0x55bd, 0x55bd, 0x55bd, 0x55bd, 0x55bd, 0x55bd, 0x55bd, 0x55bd, 0x55bd, 0x55bd, 0x55bd,
  0x55bd, 0x55bd, 0x55bd, 0x55bd, 0x55bd, 0x55bd, 0x55bd, 0x55bd, 0x55bd, 0x55bd, 0x55bd, 0x55bd,
  0x55bd, 0x55bd, 0x55bd, 0x55bd, 0x55bd, 0x55bd, 0x55bd, 0x55bd, 0x55bd, 0x55bd, 0x55bd, 0x55bd,
  0x55bd, 0x55bd, 0x55bd, 0x55bd, 0x55bd, 0x55bd, 0x55bd, 0x55bd, 0x55bd, 0x55bd, 0x55bd, 0x55bd,
  0x55bd, 0x55bd, 0x55bd, 0x55bd, 0x55bd, 0x55bd, 0x55bd, 0x55bd, 0x55bd, 0x55bd, 0x55bd, 0x55bd,
  0x55bd, 0x55bd, 0x55bd, 0x55bd, 0x55bd, 0x55bd, 0x55bd, 0x55bd, 0x55bd, 0x55bd, 0x55bd, 0x55bd,
  0x55bd, 0x55bd, 0x55bd, 0x55bd, 0x55bd, 0x55bd, 0x55bd, 0x55bd, 0x55bd, 0x55bd, 0x55bd, 0x55bd,
  0x55bd, 0x55bd, 0x55bd, 0x55bd, 0x55bd, 0x55bd, 0x55bd, 0x55bd, 0x55bd, 0x55bd, 0x55bd, 0x55bd,
  0x55bd, 0x55bd, 0x55bd, 0x55bd, 0x55bd, 0x55bd, 0x55bd, 0x55bd, 0x55bd, 0x55bd, 0x55bd, 0x55bd,
  0x55bd, 0x55bd, 0x55bd, 0x55bd, 0x55bd, 0x55bd, 0x55bd, 0x55bd, 0x55bd, 0x55bd, 0x55bd, 0x55bd,
  0x55bd, 0x55bd, 0x55bd, 0x55bd, 0x55bd, 0x55bd, 0x55bd, 0x55bd, 0x55bd, 0x55bd, 0x55bd, 0x55bd,
  0x55bd, 0x55bd, 0x55bd, 0x55bd, 0x55bd, 0x55bd, 0x55bd, 0x55bd, 0x55bd, 0x55bd, 0x55bd, 0x55bd,
  0x55bd, 0x55bd, 0x55bd, 0x55bd, 0x55bd, 0x55bd, 0x55bd, 0x55bd, 0x55bd, 0x55bd, 0x55bd, 0x55bd,
  0x55bd, 0x55bd, 0x55bd, 0x55bd, 0x55bd, 0x55bd, 0x55bd, 0x55bd, 0x55bd, 0x55bd, 0x55bd, 0x55bd,
  0x55bd, 0x55bd, 0x55bd, 0x55bd, 0x55bd, 0x55bd, 0x55bd, 0x55bd, 0x55bd, 0x55bd, 0x55bd, 0x55bd,
  0x55bd, 0x55bd, 0x55bd, 0x55bd, 0x55bd, 0x55bd, 0x55bd, 0x55bd, 0x55bd, 0x55bd, 0x55bd, 0x55bd,
  0x55bd, 0x55bd, 0x55bd, 0x55bd, 0x55bd, 0x55bd, 0x55bd, 0x55bd, 0x55bd, 0x55bd, 0x55bd, 0x55bd,
  0x55bd, 0x55bd, 0x55bd, 0x55bd, 0x55bd, 0x55bd, 0x55bd, 0x55bd, 0x55bd, 0x55bd, 0x55bd, 0x55bd,
  0x55bd, 0x55bd, 0x55bd, 0x55bd, 0x55bd, 0x55bd, 0x55bd, 0x55bd, 0x55bd, 0x55bd, 0x55bd, 0x55bd,
  0x55bd, 0x55bd, 0x5ddd, 0xef6e, 0xa678, 0x55bd, 0x55bd, 0x55bd, 0x55bd, 0x55bd, 0x55bd, 0x55bd,
  0x55bd, 0x55bd, 0x55bd, 0x55bd, 0x55bd, 0x55bd, 0x55bd, 0x55bd, 0x55bd, 0x55bd, 0x55bd, 0x55bd,
  0x55bd, 0x55bd, 0x55bd, 0x55bd, 0x55bd, 0x55bd, 0x55bd, 0x55bd, 0x55bd, 0x55bd, 0x55bd, 0x55bd,
  0x55bd, 0x55bd, 0x55bd, 0x55bd, 0x55bd, 0x55bd, 0x55bd, 0x55bd, 0x55bd, 0x55bd, 0x55bd, 0x55bd,
  0x55bd, 0x55bd, 0x55bd, 0x55bd, 0x55bd, 0x55bd, 0x55bd, 0x55bd, 0x55bd, 0x55bd, 0x55bd, 0x55bd,
  0x55bd, 0x55bd, 0x55bd, 0x55bd, 0x55bd, 0x55bd, 0x55bd, 0x55bd, 0x55bd, 0x55bd, 0x55bd, 0x55bd,
  0x55bd, 0x55bd, 0x55bd, 0x55bd, 0x55bd, 0x55bd, 0x55bd, 0x55bd, 0x55bd, 0x55bd, 0x55bd, 0x55bd,
  0x55bd, 0x55bd, 0x55bd, 0x55bd, 0x55bd, 0x55bd, 0x55bd, 0x55bd, 0x55bd, 0x55bd, 0x55bd, 0x55bd,
  0x55bd, 0x55bd, 0x55bd, 0x55bd, 0x55bd, 0x55bd, 0x55bd, 0x55bd, 0x55bd, 0x55bd, 0x55bd, 0x55bd,
  0x55bd, 0x55bd, 0x55bd, 0x55bd, 0x55bd, 0x55bd, 0x55bd, 0x55bd, 0x55bd, 0x55bd, 0x55bd, 0x55bd,
  0x55bd, 0x55bd, 0x55bd, 0x55bd, 0x55bd, 0x55bd, 0x55bd, 0x55bd, 0x55bd, 0x55bd, 0x55bd, 0x55bd,
  0x55bd, 0x55bd, 0x55bd, 0x55bd, 0x55bd, 0x55bd, 0x55bd, 0x55bd, 0x55bd, 0x55bd, 0x55bd, 0x55bd,
  0x55bd, 0x55bd, 0x55bd, 0x55bd, 0x55bd, 0x55bd, 0x55bd, 0x55bd, 0x55bd, 0x55bd, 0x55bd, 0x55bd,
  0x55bd, 0x55bd, 0x55bd, 0x55bd, 0x55bd, 0x55bd, 0x55bd, 0x55bd, 0x55bd, 0x55bd, 0x55bd, 0x55bd,
  0x55bd, 0x55bd, 0x55bd, 0x55bd, 0x55bd, 0x55bd, 0x55bd, 0x55bd, 0x55bd, 0x55bd, 0x55bd, 0x55bd,
  0x55bd, 0x55bd, 0x55bd, 0x55bd, 0x55bd, 0x55bd, 0x55bd, 0x55bd, 0x55bd, 0x55bd, 0x55bd, 0x55bd,
  0x55bd, 0x55bd, 0x55bd, 0x55bd, 0x55bd, 0x55bd, 0x55bd, 0x55bd, 0x55bd, 0x55bd, 0x55bd, 0x55bd,
  0x55bd, 0x55bd, 0x55bd, 0x55bd, 0x55bd, 0x55bd, 0x55bd, 0x55bd, 0x55bd, 0x55bd, 0x55bd, 0x55bd,
  0x55bd, 0x55bd, 0x55bd, 0x55bd, 0x55bd, 0x55bd, 0x55bd, 0x55bd, 0x55bd, 0x55bd, 0x55bd, 0x55bd,
  0x55bd, 0x55bd, 0x55bd, 0x55bd, 0x55bd, 0x55bd, 0x55bd, 0x55bd, 0x55bd, 0x55bd, 0x55bd, 0x55bd,
  0x55bd, 0x55bd, 0x55bd, 0x55bd, 0x55bd, 0x55bd, 0x55bd, 0x55bd, 0x55bd, 0x55bd, 0x55bd, 0x55bd,
  0x55bd, 0x55bd, 0x55bd, 0x55bd, 0x55bd, 0x55bd, 0x55bd, 0x55bd, 0x55bd, 0x55bd, 0x55bd, 0x55bd,
  0x55bd, 0x55bd, 0x55bd, 0x55bd, 0x55bd, 0x55bd, 0x55bd, 0x55bd, 0x55bd, 0x55bd, 0x55bd, 0x55bd,
  0x55bd, 0x55bd, 0x55bd, 0x55bd, 0x55bd, 0x55bd, 0x55bd, 0x55bd, 0x55bd, 0x55bd, 0x55bd, 0x55bd,
  0x55bd, 0x55bd, 0x55bd, 0x55bd, 0x55bd, 0x55bd, 0x55bd, 0x55bd, 0x55bd, 0x55bd, 0x55bd, 0x55bd,
  0x55bd, 0x55bd, 0x55bd, 0x55bd, 0x55bd, 0x55bd, 0x55bd, 0x55bd, 0x55bd, 0x55bd, 0x55bd, 0x55bd,
  0x55bd, 0x55bd, 0x55bd, 0x55bd, 0x55bd, 0x55bd, 0x55bd, 0x55bd, 0x55bd, 0x55bd, 0x6ddc, 0xff8c,
  0x8e1a, 0x55bd, 0x55bd, 0x55bd, 0x55bd, 0x55bd, 0x55bd, 0x55bd, 0x55bd, 0x55bd, 0x55bd, 0x55bd,
  0x55bd, 0x55bd, 0x55bd, 0x55bd, 0x55bd, 0x55bd, 0x55bd, 0x55bd, 0x55bd, 0x55bd, 0x55bd, 0x55bd,
  0x55bd, 0x55bd, 0x55bd, 0x55bd, 0x55bd, 0x55bd, 0x55bd, 0x55bd, 0x55bd, 0x55bd, 0x55bd, 0x55bd,
  0x55bd, 0x55bd, 0x55bd, 0x55bd, 0x55bd, 0x55bd, 0x55bd, 0x55bd, 0x55bd, 0x55bd, 0x55bd, 0x55bd,
  0x55bd, 0x55bd, 0x55bd, 0x55bd, 0x55bd, 0x55bd, 0x55bd, 0x55bd, 0x55bd, 0x55bd, 0x55bd, 0x55bd,
  0x55bd, 0x55bd, 0x55bd, 0x55bd, 0x55bd, 0x55bd, 0x55bd, 0x55bd, 0x55bd, 0x55bd, 0x55bd, 0x55bd,
  0x55bd, 0x55bd, 0x55bd, 0x55bd, 0x55bd, 0x55bd, 0x55bd, 0x55bd, 0x55bd, 0x55bd, 0x55bd, 0x55bd,
  0x55bd, 0x55bd, 0x55bd, 0x55bd, 0x55bd, 0x55bd, 0x55bd, 0x55bd, 0x55bd, 0x55bd, 0x55bd, 0x55bd,
  0x55bd, 0x55bd, 0x55bd, 0x55bd, 0x55bd, 0x55bd, 0x55bd, 0x55bd, 0x55bd, 0x55bd, 0x55bd, 0x55bd,
  0x55bd, 0x55bd, 0x55bd, 0x55bd, 0x55bd, 0x55bd, 0x55bd, 0x55bd, 0x55bd, 0x55bd, 0x55bd, 0x55bd,
  0x55bd, 0x55bd, 0x55bd, 0x55bd, 0x55bd, 0x55bd, 0x55bd, 0x55bd, 0x55bd, 0x55bd, 0x55bd, 0x55bd,
  0x55bd, 0x55bd, 0x55bd, 0x55bd, 0x55bd, 0x55bd, 0x55bd, 0x55bd, 0x55bd, 0x55bd, 0x55bd, 0x55bd,
  0x55bd, 0x55bd, 0x55bd, 0x55bd, 0x55bd, 0x55bd, 0x55bd, 0x55bd, 0x55bd, 0x55bd, 0x55bd, 0x55bd,
  0x55bd, 0x55bd, 0x55bd, 0x55bd, 0x55bd, 0x55bd, 0x55bd, 0x55bd, 0x55bd, 0x55bd, 0x55bd, 0x55bd,
  0x55bd, 0x55bd, 0x55bd, 0x55bd, 0x55bd, 0x55bd, 0x55bd, 0x55bd, 0x55bd, 0x55bd, 0x55bd, 0x55bd,
  0x55bd, 0x55bd, 0x55bd, 0x55bd, 0x55bd, 0x55bd, 0x55bd, 0x55bd, 0x55bd, 0x55bd, 0x55bd, 0x55bd,
  0x55bd, 0x55bd, 0x55bd, 0x55bd, 0x55bd, 0x55bd, 0x55bd, 0x55bd, 0x55bd, 0x55bd, 0x55bd, 0x55bd,
  0x55bd, 0x55bd, 0x55bd, 0x55bd, 0x55bd, 0x55bd, 0x55bd, 0x55bd, 0x55bd, 0x55bd, 0x55bd, 0x55bd,
  0x55bd, 0x55bd, 0x55bd, 0x55bd, 0x55bd, 0x55bd, 0x55bd, 0x55bd, 0x55bd, 0x55bd, 0x55bd, 0x55bd,
  0x55bd, 0x55bd, 0x55bd, 0x55bd, 0x55bd, 0x55bd, 0x55bd, 0x55bd, 0x55bd, 0x55bd, 0x55bd, 0x55bd,
  0x55bd, 0x55bd, 0x55bd, 0x55bd, 0x55bd, 0x55bd, 0x55bd, 0x55bd, 0x55bd, 0x55bd, 0x55bd, 0x55bd,
  0x55bd, 0x55bd, 0x55bd, 0x55bd, 0x55bd, 0x55bd, 0x55bd, 0x55bd, 0x55bd, 0x55bd, 0x55bd, 0x55bd,
  0x55bd, 0x55bd, 0x55bd, 0x55bd, 0x55bd, 0x55bd, 0x55bd, 0x55bd, 0x55bd, 0x55bd, 0x55bd, 0x55bd,
  0x55bd, 0x55bd, 0x55bd, 0x55bd, 0x55bd, 0x55bd, 0x55bd, 0x55bd, 0x55bd, 0x55bd, 0x55bd, 0x55bd,
  0x55bd, 0x55bd, 0x55bd, 0x55bd, 0x55bd, 0x55bd, 0x55bd, 0x55bd, 0x55bd, 0x55bd, 0x55bd, 0x55bd,
  0x55bd, 0x55bd, 0x55bd, 0x55bd, 0x55bd, 0x5dbc, 0x55bd, 0x55bd, 0x55bd, 0x55bd, 0x55bd, 0x55bd,
  0x55bd, 0x55bd, 0x55bd, 0x55bd, 0x55bd, 0x55bd, 0x9659, 0xf76c, 0x65dc, 0x55bd, 0x55bd, 0x55bd,
  0x55bd, 0x55bd, 0x55bd, 0x55bd, 0x55bd, 0x55bd, 0x55bd, 0x55bd, 0x55bd, 0x55bd, 0x55bd, 0x55bd,
  0x55bd, 0x55bd, 0x55bd, 0x55bd, 0x55bd, 0x55bd, 0x55bd, 0x55bd, 0x55bd, 0x55bd, 0x55bd, 0x55bd,
  0x55bd, 0x55bd, 0x55bd, 0x55bd, 0x55bd, 0x55bd, 0x55bd, 0x55bd, 0x55bd, 0x55bd, 0x55bd, 0x55bd,
  0x55bd, 0x55bd, 0x55bd, 0x55bd, 0x55bd, 0x55bd, 0x55bd, 0x55bd, 0x55bd, 0x55bd, 0x55bd, 0x55bd,
  0x55bd, 0x55bd, 0x55bd, 0x55bd, 0x55bd, 0x55bd, 0x55bd, 0x55bd, 0x55bd, 0x55bd, 0x55bd, 0x55bd,
  0x55bd, 0x55bd, 0x55bd, 0x55bd, 0x55bd, 0x55bd, 0x55bd, 0x55bd, 0x55bd, 0x55bd, 0x55bd, 0x55bd,
  0x55bd, 0x55bd, 0x55bd, 0x55bd, 0x55bd, 0x55bd, 0x55bd, 0x55bd, 0x55bd, 0x55bd, 0x55bd, 0x55bd,
  0x55bd, 0x55bd, 0x55bd, 0x55bd, 0x55bd, 0x55bd, 0x55bd, 0x55bd, 0x55bd, 0x55bd, 0x55bd, 0x55bd,
  0x55bd, 0x55bd, 0x55bd, 0x55bd, 0x55bd, 0x55bd, 0x55bd, 0x55bd, 0x55bd, 0x55bd, 0x55bd, 0x55bd,
  0x55bd, 0x55bd, 0x55bd, 0x55bd, 0x55bd, 0x55bd, 0x55bd, 0x55bd, 0x55bd, 0x55bd, 0x55bd, 0x55bd,
  0x55bd, 0x55bd, 0x55bd, 0x55bd, 0x55bd, 0x55bd, 0x55bd, 0x55bd, 0x55bd, 0x55bd, 0x55bd, 0x55bd,
  0x55bd, 0x55bd, 0x55bd, 0x55bd, 0x55bd, 0x55bd, 0x55bd, 0x55bd, 0x55bd, 0x55bd, 0x55bd, 0x55bd,
  0x55bd, 0x55bd, 0x55bd, 0x55bd, 0x55bd, 0x55bd, 0x55bd, 0x55bd, 0x55bd, 0x55bd, 0x55bd, 0x55bd,
  0x55bd, 0x55bd, 0x55bd, 0x55bd, 0x55bd, 0x55bd, 0x55bd, 0x55bd, 0x55bd, 0x55bd, 0x55bd, 0x55bd,
  0x55bd, 0x55bd, 0x55bd, 0x55bd, 0x55bd, 0x55bd, 0x55bd, 0x55bd, 0x55bd, 0x55bd, 0x55bd, 0x55bd,
  0x55bd, 0x55bd, 0x55bd, 0x55bd, 0x55bd, 0x55bd, 0x55bd, 0x55bd, 0x55bd, 0x55bd, 0x55bd, 0x55bd,
  0x55bd, 0x55bd, 0x55bd, 0x55bd, 0x55bd, 0x55bd, 0x55bd, 0x55bd, 0x55bd, 0x55bd, 0x55bd, 0x55bd,
  0x55bd, 0x55bd, 0x55bd, 0x55bd, 0x55bd, 0x55bd, 0x55bd, 0x55bd, 0x55bd, 0x55bd, 0x55bd, 0x55bd,
  0x55bd, 0x55bd, 0x55bd, 0x55bd, 0x55bd, 0x55bd, 0x55bd, 0x55bd, 0x55bd, 0x55bd, 0x55bd, 0x55bd,
  0x55bd, 0x55bd, 0x55bd, 0x55bd, 0x55bd, 0x55bd, 0x55bd, 0x55bd, 0x55bd, 0x55bd, 0x55bd, 0x55bd,
  0x55bd, 0x55bd, 0x55bd, 0x55bd, 0x55bd, 0x55bd, 0x55bd, 0x55bd, 0x55bd, 0x55bd, 0x55bd, 0x55bd,
  0x55bd, 0x55bd, 0x55bd, 0x55bd, 0x55bd, 0x55bd, 0x55bd, 0x55bd, 0x55bd, 0x55bd, 0x55bd, 0x55bd,
  0x55bd, 0x55bd, 0x55bd, 0x55bd, 0x55bd, 0x55bd, 0x55bd, 0x55bd, 0x55bd, 0x55bd, 0x55bd, 0x55bd,
  0x55bd, 0x55bd, 0x55bd, 0x55bd, 0x55bd, 0x55bd, 0x55bd, 0x55bd, 0x55bd, 0x55bd, 0x55bd, 0x55bd,
  0x55bd, 0x55bd, 0x55bd, 0x55bd, 0x55bd, 0x55bd, 0x55bd, 0x55bd, 0x55bd, 0x55bd, 0x55bd, 0x55bd,
  0x55bd, 0xd732, 0xbe96, 0x55bd, 0x55bd, 0x55bd, 0x55bd, 0x55bd, 0x55bd, 0x55bd, 0x55bd, 0x55bd,
  0x55bd, 0x55bd, 0xbeb6, 0xe710, 0x55bd, 0x55bd, 0x55bd, 0x55bd, 0x55bd, 0x55bd, 0x55bd, 0x55bd,
  0x55bd, 0x55bd, 0x55bd, 0x55bd, 0x55bd, 0x55bd, 0x55bd, 0x55bd, 0x55bd, 0x55bd, 0x55bd, 0x55bd,
  0x55bd, 0x55bd, 0x55bd, 0x55bd, 0x55bd, 0x55bd, 0x55bd, 0x55bd, 0x55bd, 0x55bd, 0x55bd, 0x55bd,
  0x55bd, 0x55bd, 0x55bd, 0x55bd, 0x55bd, 0x55bd, 0x55bd, 0x55bd, 0x55bd, 0x55bd, 0x55bd, 0x55bd,
  0x55bd, 0x55bd, 0x55bd, 0x55bd, 0x55bd, 0x55bd, 0x55bd, 0x55bd, 0x55bd, 0x55bd, 0x55bd, 0x55bd,
  0x55bd, 0x55bd, 0x55bd, 0x55bd, 0x55bd, 0x55bd, 0x55bd, 0x55bd, 0x55bd, 0x55bd, 0x55bd, 0x55bd,
  0x55bd, 0x55bd, 0x55bd, 0x55bd, 0x55bd, 0x55bd, 0x55bd, 0x55bd, 0x55bd, 0x55bd, 0x55bd, 0x55bd,
  0x55bd, 0x55bd, 0x55bd, 0x55bd, 0x55bd, 0x55bd, 0x55bd, 0x55bd, 0x55bd, 0x55bd, 0x55bd, 0x55bd,
  0x55bd, 0x55bd, 0x55bd, 0x55bd, 0x55bd, 0x55bd, 0x55bd, 0x55bd, 0x55bd, 0x55bd, 0x55bd, 0x55bd,
  0x55bd, 0x55bd, 0x55bd, 0x55bd, 0x55bd, 0x55bd, 0x55bd, 0x55bd, 0x55bd, 0x55bd, 0x55bd, 0x55bd,
  0x55bd, 0x55bd, 0x55bd, 0x55bd, 0x55bd, 0x55bd, 0x55bd, 0x55bd, 0x55bd, 0x55bd, 0x55bd, 0x55bd,
  0x55bd, 0x55bd, 0x55bd, 0x55bd, 0x55bd, 0x55bd, 0x55bd, 0x55bd, 0x55bd, 0x55bd, 0x55bd, 0x55bd,
  0x55bd, 0x55bd, 0x55bd, 0x55bd, 0x55bd, 0x55bd, 0x55bd, 0x55bd, 0x55bd, 0x55bd, 0x55bd, 0x55bd,
  0x55bd, 0x55bd, 0x55bd, 0x55bd, 0x55bd, 0x55bd, 0x55bd, 0x55bd, 0x55bd, 0x55bd, 0x55bd, 0x55bd,
  0x55bd, 0x55bd, 0x55bd, 0x55bd, 0x55bd, 0x55bd, 0x55bd, 0x55bd, 0x55bd, 0x55bd, 0x55bd, 0x55bd,
  0x55bd, 0x55bd, 0x55bd, 0x55bd, 0x55bd, 0x55bd, 0x55bd, 0x55bd, 0x55bd, 0x55bd, 0x55bd, 0x55bd,
  0x55bd, 0x55bd, 0x55bd, 0x55bd, 0x55bd, 0x55bd, 0x55bd, 0x55bd, 0x55bd, 0x55bd, 0x55bd, 0x55bd,
  0x55bd, 0x55bd, 0x55bd, 0x55bd, 0x55bd, 0x55bd, 0x55bd, 0x55bd, 0x55bd, 0x55bd, 0x55bd, 0x55bd,
  0x55bd, 0x55bd, 0x55bd, 0x55bd, 0x55bd, 0x55bd, 0x55bd, 0x55bd, 0x55bd, 0x55bd, 0x55bd, 0x55bd,
  0x55bd, 0x55bd, 0x55bd, 0x55bd, 0x55bd, 0x55bd, 0x55bd, 0x55bd, 0x55bd, 0x55bd, 0x55bd, 0x55bd,
  0x55bd, 0x55bd, 0x55bd, 0x55bd, 0x55bd, 0x55bd, 0x55bd, 0x55bd, 0x55bd, 0x55bd, 0x55bd, 0x55bd,
  0x55bd, 0x55bd, 0x55bd, 0x55bd, 0x55bd, 0x55bd, 0x55bd, 0x55bd, 0x55bd, 0x55bd, 0x55bd, 0x55bd,
  0x55bd, 0x55bd, 0x55bd, 0x55bd, 0x55bd, 0x55bd, 0x55bd, 0x55bd, 0x55bd, 0x55bd, 0x55bd, 0x55bd,
  0x55bd, 0x55bd, 0x55bd, 0x55bd, 0x55bd, 0x55bd, 0x55bd, 0x55bd, 0x55bd, 0x55bd, 0x55bd, 0x55bd,
  0x55bd, 0x55bd, 0x55bd, 0x55bd, 0x55bd, 0x55bd, 0x55bd, 0x55bd, 0x55bd, 0x55bd, 0x55bd, 0x55bd,
  0x55bd, 0x55bd, 0x55bd, 0x55bd, 0x55bd, 0x55bd, 0x55bd, 0x55bd, 0x55bd, 0xae78, 0xf76c, 0xa658,
  0x55bd, 0x55bd, 0x55bd, 0x55bd, 0x55bd, 0x55bd, 0x55bd, 0x55bd, 0x55bd, 0x55bd, 0x6dfb, 0x7e1b,
  0x559d, 0x55bd, 0x55bd, 0x55bd, 0x55bd, 0x55bd, 0x55bd, 0x55bd, 0x55bd, 0x55bd, 0x55bd, 0x55bd,
  0x55bd, 0x55bd, 0x55bd, 0x55bd, 0x55bd, 0x55bd, 0x55bd, 0x55bd, 0x55bd, 0x55bd, 0x55bd, 0x55bd,
  0x55bd, 0x55bd, 0x55bd, 0x55bd, 0x55bd, 0x55bd, 0x55bd, 0x55bd, 0x55bd, 0x55bd, 0x55bd, 0x55bd,
  0x55bd, 0x55bd, 0x55bd, 0x55bd, 0x55bd, 0x55bd, 0x55bd, 0x55bd, 0x55bd, 0x55bd, 0x55bd, 0x55bd,
  0x55bd, 0x55bd, 0x55bd, 0x55bd, 0x55bd, 0x55bd, 0x55bd, 0x55bd, 0x55bd, 0x55bd, 0x55bd, 0x55bd,
  0x55bd, 0x55bd, 0x55bd, 0x55bd, 0x55bd, 0x55bd, 0x55bd, 0x55bd, 0x55bd, 0x55bd, 0x55bd, 0x55bd,
  0x55bd, 0x55bd, 0x55bd, 0x55bd, 0x55bd, 0x55bd, 0x55bd, 0x55bd, 0x55bd, 0x55bd, 0x55bd, 0x55bd,
  0x55bd, 0x55bd, 0x55bd, 0x55bd, 0x55bd, 0x55bd, 0x55bd, 0x55bd, 0x55bd, 0x55bd, 0x55bd, 0x55bd,
  0x55bd, 0x55bd, 0x55bd, 0x55bd, 0x55bd, 0x55bd, 0x55bd, 0x55bd, 0x55bd, 0x55bd, 0x55bd, 0x55bd,
  0x55bd, 0x55bd, 0x55bd, 0x55bd, 0x55bd, 0x55bd, 0x55bd, 0x55bd, 0x55bd, 0x55bd, 0x55bd, 0x55bd,
  0x55bd, 0x55bd, 0x55bd, 0x55bd, 0x55bd, 0x55bd, 0x55bd, 0x55bd, 0x55bd, 0x55bd, 0x55bd, 0x55bd,
  0x55bd, 0x55bd, 0x55bd, 0x55bd, 0x55bd, 0x55bd, 0x55bd, 0x55bd, 0x55bd, 0x55bd, 0x55bd, 0x55bd,
  0x55bd, 0x55bd, 0x55bd, 0x55bd, 0x55bd, 0x55bd, 0x55bd, 0x55bd, 0x55bd, 0x55bd, 0x55bd, 0x55bd,
  0x55bd, 0x55bd, 0x55bd, 0x55bd, 0x55bd, 0x55bd, 0x55bd, 0x55bd, 0x55bd, 0x55bd, 0x55bd, 0x55bd,
  0x55bd, 0x55bd, 0x55bd, 0x55bd, 0x55bd, 0x55bd, 0x55bd, 0x55bd, 0x55bd, 0x55bd, 0x55bd, 0x55bd,
  0x55bd, 0x55bd, 0x55bd, 0x55bd, 0x55bd, 0x55bd, 0x55bd, 0x55bd, 0x55bd, 0x55bd, 0x55bd, 0x55bd,
  0x55bd, 0x55bd, 0x55bd, 0x55bd, 0x55bd, 0x55bd, 0x55bd, 0x55bd, 0x55bd, 0x55bd, 0x55bd, 0x55bd,
  0x55bd, 0x55bd, 0x55bd, 0x55bd, 0x55bd, 0x55bd, 0x55bd, 0x55bd, 0x55bd, 0x55bd, 0x55bd, 0x55bd,
  0x55bd, 0x55bd, 0x55bd, 0x55bd, 0x55bd, 0x55bd, 0x55bd, 0x55bd, 0x55bd, 0x55bd, 0x55bd, 0x55bd,
  0x55bd, 0x55bd, 0x55bd, 0x55bd, 0x55bd, 0x55bd, 0x55bd, 0x55bd, 0x55bd, 0x55bd, 0x55bd, 0x55bd,
  0x55bd, 0x55bd, 0x55bd, 0x55bd, 0x55bd, 0x55bd, 0x55bd, 0x55bd, 0x55bd, 0x55bd, 0x55bd, 0x55bd,
  0x55bd, 0x55bd, 0x55bd, 0x55bd, 0x55bd, 0x55bd, 0x55bd, 0x55bd, 0x55bd, 0x55bd, 0x55bd, 0x55bd,
  0x55bd, 0x55bd, 0x55bd, 0x55bd, 0x55bd, 0x55bd, 0x55bd, 0x55bd, 0x55bd, 0x55bd, 0x55bd, 0x55bd,
  0x55bd, 0x55bd, 0x55bd, 0x55bd, 0x55bd, 0x55bd, 0x55bd, 0x55bd, 0x55bd, 0x55bd, 0x55bd, 0x55bd,
  0x55bd, 0x55bd, 0x55bd, 0x55bd, 0x55bd, 0x55bd, 0x55bd, 0x55bd, 0x55bd, 0x55bd, 0x55bd, 0x55bd,
  0x55bd, 0x55bd, 0x55bd, 0x55bd, 0x55bd, 0x55bd, 0xbeb6, 0xf76d, 0x861b, 0x55bd, 0x55bd, 0x55bd,
  0x55bd, 0x55bd, 0x55bd, 0x55bd, 0x55bd, 0x55bd, 0x55bd, 0x55bc, 0x55bd, 0x55bd, 0x55bd, 0x55bd,
  0x55bd, 0x55bd, 0x55bd, 0x55bd, 0x55bd, 0x55bd, 0x55bd, 0x55bd, 0x55bd, 0x55bd, 0x55bd, 0x55bd,
  0x55bd, 0x55bd, 0x55bd, 0x55bd, 0x55bd, 0x55bd, 0x55bd, 0x55bd, 0x55bd, 0x55bd, 0x55bd, 0x55bd,
  0x55bd, 0x55bd, 0x55bd, 0x55bd, 0x55bd, 0x55bd, 0x55bd, 0x55bd, 0x55bd, 0x55bd, 0x55bd, 0x55bd,
  0x55bd, 0x55bd, 0x55bd, 0x55bd, 0x55bd, 0x55bd, 0x55bd, 0x55bd, 0x55bd, 0x55bd, 0x55bd, 0x55bd,
  0x55bd, 0x55bd, 0x55bd, 0x55bd, 0x55bd, 0x55bd, 0x55bd, 0x55bd, 0x55bd, 0x55bd, 0x55bd, 0x55bd,
  0x55bd, 0x55bd, 0x55bd, 0x55bd, 0x55bd, 0x55bd, 0x55bd, 0x55bd, 0x55bd, 0x55bd, 0x55bd, 0x55bd,
  0x55bd, 0x55bd, 0x55bd, 0x55bd, 0x55bd, 0x55bd, 0x55bd, 0x55bd, 0x55bd, 0x55bd, 0x55bd, 0x55bd,
  0x55bd, 0x55bd, 0x55bd, 0x55bd, 0x55bd, 0x55bd, 0x55bd, 0x55bd, 0x55bd, 0x55bd, 0x55bd, 0x55bd,
  0x55bd, 0x55bd, 0x55bd, 0x55bd, 0x55bd, 0x55bd, 0x55bd, 0x55bd, 0x55bd, 0x55bd, 0x55bd, 0x55bd,
  0x55bd, 0x55bd, 0x55bd, 0x55bd, 0x55bd, 0x55bd, 0x55bd, 0x55bd, 0x55bd, 0x55bd, 0x55bd, 0x55bd,
  0x55bd, 0x55bd, 0x55bd, 0x55bd, 0x55bd, 0x55bd, 0x55bd, 0x55bd, 0x55bd, 0x55bd, 0x55bd, 0x55bd,
  0x55bd, 0x55bd, 0x55bd, 0x55bd, 0x55bd, 0x55bd, 0x55bd, 0x55bd, 0x55bd, 0x55bd, 0x55bd, 0x55bd,
  0x55bd, 0x55bd, 0x55bd, 0x55bd, 0x55bd, 0x55bd, 0x55bd, 0x55bd, 0x55bd, 0x55bd, 0x55bd, 0x55bd,
  0x55bd, 0x55bd, 0x55bd, 0x55bd, 0x55bd, 0x55bd, 0x55bd, 0x55bd, 0x55bd, 0x55bd, 0x55bd, 0x55bd,
  0x55bd, 0x55bd, 0x55bd, 0x55bd, 0x55bd, 0x55bd, 0x55bd, 0x55bd, 0x55bd, 0x55bd, 0x55bd, 0x55bd,
  0x55bd, 0x55bd, 0x55bd, 0x55bd, 0x55bd, 0x55bd, 0x55bd, 0x55bd, 0x55bd, 0x55bd, 0x55bd, 0x55bd,
  0x55bd, 0x55bd, 0x55bd, 0x55bd, 0x55bd, 0x55bd, 0x55bd, 0x55bd, 0x55bd, 0x55bd, 0x55bd, 0x55bd,
  0x55bd, 0x55bd, 0x55bd, 0x55bd, 0x55bd, 0x55bd, 0x55bd, 0x55bd, 0x55bd, 0x55bd, 0x55bd, 0x55bd,
  0x55bd, 0x55bd, 0x55bd, 0x55bd, 0x55bd, 0x55bd, 0x55bd, 0x55bd, 0x55bd, 0x55bd, 0x55bd, 0x55bd,
  0x55bd, 0x55bd, 0x55bd, 0x55bd, 0x55bd, 0x55bd, 0x55bd, 0x55bd, 0x55bd, 0x55bd, 0x55bd, 0x55bd,
  0x55bd, 0x55bd, 0x55bd, 0x55bd, 0x55bd, 0x55bd, 0x55bd, 0x55bd, 0x55bd, 0x55bd, 0x55bd, 0x55bd,
  0x55bd, 0x55bd, 0x55bd, 0x55bd, 0x55bd, 0x55bd, 0x55bd, 0x55bd, 0x55bd, 0x55bd, 0x55bd, 0x55bd,
  0x55bd, 0x55bd, 0x55bd, 0x55bd, 0x55bd, 0x55bd, 0x55bd, 0x55bd, 0x55bd, 0x55bd, 0x55bd, 0x55bd,
  0x55bd, 0x55bd, 0x55bd, 0x55bd, 0x55bd, 0x55bd, 0x55bd, 0x55bd, 0x55bd, 0x55bd, 0x55bd, 0x55bd,
  0x55bd, 0x55bd, 0x55bd, 0x55bd, 0x55bd, 0x55bd, 0x55bd, 0x55bd, 0x55bd, 0x55bd, 0x55bd, 0x55bd,
  0x55bd, 0x55bd, 0x5ddd, 0xd713, 0xd712, 0x55bd, 0x55bd, 0x55bd, 0x55bd, 0x861b, 0xae98, 0xc6d5,
  0xcef4, 0xcef3, 0xced3, 0xb696, 0x8e3a, 0x5dbd, 0x55bd, 0x55bd, 0x55bd, 0x55bd, 0x55bd, 0x55bd,
  0x55bd, 0x55bd, 0x55bd, 0x55bd, 0x55bd, 0x55bd, 0x55bd, 0x55bd, 0x55bd, 0x55bd, 0x55bd, 0x55bd,
  0x55bd, 0x55bd, 0x55bd, 0x55bd, 0x55bd, 0x55bd, 0x55bd, 0x55bd, 0x55bd, 0x55bd, 0x55bd, 0x55bd,
  0x55bd, 0x55bd, 0x55bd, 0x55bd, 0x55bd, 0x55bd, 0x55bd, 0x55bd, 0x55bd, 0x55bd, 0x55bd, 0x55bd,
  0x55bd, 0x55bd, 0x55bd, 0x55bd, 0x55bd, 0x55bd, 0x55bd, 0x55bd, 0x55bd, 0x55bd, 0x55bd, 0x55bd,
  0x55bd, 0x55bd, 0x55bd, 0x55bd, 0x55bd, 0x55bd, 0x55bd, 0x55bd, 0x55bd, 0x55bd, 0x55bd, 0x55bd,
  0x55bd, 0x55bd, 0x55bd, 0x55bd, 0x55bd, 0x55bd, 0x55bd, 0x55bd, 0x55bd, 0x55bd, 0x55bd, 0x55bd,
  0x55bd, 0x55bd, 0x55bd, 0x55bd, 0x55bd, 0x55bd, 0x55bd, 0x55bd, 0x55bd, 0x55bd, 0x55bd, 0x55bd,
  0x55bd, 0x55bd, 0x55bd, 0x55bd, 0x55bd, 0x55bd, 0x55bd, 0x55bd, 0x55bd, 0x55bd, 0x55bd, 0x55bd,
  0x55bd, 0x55bd, 0x55bd, 0x55bd, 0x55bd, 0x55bd, 0x55bd, 0x55bd, 0x55bd, 0x55bd, 0x55bd, 0x55bd,
  0x55bd, 0x55bd, 0x55bd, 0x55bd, 0x55bd, 0x55bd, 0x55bd, 0x55bd, 0x55bd, 0x55bd, 0x55bd, 0x55bd,
  0x55bd, 0x55bd, 0x55bd, 0x55bd, 0x55bd, 0x55bd, 0x55bd, 0x55bd, 0x55bd, 0x55bd, 0x55bd, 0x55bd,
  0x55bd, 0x55bd, 0x55bd, 0x55bd, 0x55bd, 0x55bd, 0x55bd, 0x55bd, 0x55bd, 0x55bd, 0x55bd, 0x55bd,
  0x55bd, 0x55bd, 0x55bd, 0x55bd, 0x55bd, 0x55bd, 0x55bd, 0x55bd, 0x55bd, 0x55bd, 0x55bd, 0x55bd,
  0x55bd, 0x55bd, 0x55bd, 0x55bd, 0x55bd, 0x55bd, 0x55bd, 0x55bd, 0x55bd, 0x55bd, 0x55bd, 0x55bd,
  0x55bd, 0x55bd, 0x55bd, 0x55bd, 0x55bd, 0x55bd, 0x55bd, 0x55bd, 0x55bd, 0x55bd, 0x55bd, 0x55bd,
  0x55bd, 0x55bd, 0x55bd, 0x55bd, 0x55bd, 0x55bd, 0x55bd, 0x55bd, 0x55bd, 0x55bd, 0x55bd, 0x55bd,
  0x55bd, 0x55bd, 0x55bd, 0x55bd, 0x55bd, 0x55bd, 0x55bd, 0x55bd, 0x55bd, 0x55bd, 0x55bd, 0x55bd,
  0x55bd, 0x55bd, 0x55bd, 0x55bd, 0x55bd, 0x55bd, 0x55bd, 0x55bd, 0x55bd, 0x55bd, 0x55bd, 0x55bd,
  0x55bd, 0x55bd, 0x55bd, 0x55bd, 0x55bd, 0x55bd, 0x55bd, 0x55bd, 0x55bd, 0x55bd, 0x55bd, 0x55bd,
  0x55bd, 0x55bd, 0x55bd, 0x55bd, 0x55bd, 0x55bd, 0x55bd, 0x55bd, 0x55bd, 0x55bd, 0x55bd, 0x55bd,
  0x55bd, 0x55bd, 0x55bd, 0x55bd, 0x55bd, 0x55bd, 0x55bd, 0x55bd, 0x55bd, 0x55bd, 0x55bd, 0x55bd,
  0x55bd, 0x55bd, 0x55bd, 0x55bd, 0x55bd, 0x55bd, 0x55bd, 0x55bd, 0x55bd, 0x55bd, 0x55bd, 0x55bd,
  0x55bd, 0x55bd, 0x55bd, 0x55bd, 0x55bd, 0x55bd, 0x55bd, 0x55bd, 0x55bd, 0x55bd, 0x55bd, 0x55bd,
  0x55bd, 0x55bd, 0x55bd, 0x55bd, 0x55bd, 0x55bd, 0x55bd, 0x55bd, 0x55bd, 0x55bd, 0x55bd, 0x55bd,
  0x55bd, 0x55bd, 0x55bd, 0x55bd, 0x55bd, 0x55bd, 0x55bd, 0x55bd, 0x55bd, 0x55bd, 0x55bd, 0x65bc,
  0x75db, 0x55bd, 0x55bd, 0xa678, 0xe730, 0xf76c, 0xf76c, 0xf76d, 0xf76d, 0xf74d, 0xf74c, 0xf74c,
  0xf74c, 0xef2f, 0xb697, 0x5dbc, 0x559d, 0x55bd, 0x55bd, 0x55bd, 0x55bd, 0x55bd, 0x55bd, 0x55bd,
  0x55bd, 0x55bd, 0x55bd, 0x55bd, 0x55bd, 0x55bd, 0x55bd, 0x55bd, 0x55bd, 0x55bd, 0x55bd, 0x55bd,
  0x55bd, 0x55bd, 0x55bd, 0x55bd, 0x55bd, 0x55bd, 0x55bd, 0x55bd, 0x55bd, 0x55bd, 0x55bd, 0x55bd,
  0x55bd, 0x55bd, 0x55bd, 0x55bd, 0x55bd, 0x55bd, 0x55bd, 0x55bd, 0x55bd, 0x55bd, 0x55bd, 0x55bd,
  0x55bd, 0x55bd, 0x55bd, 0x55bd, 0x55bd, 0x55bd, 0x55bd, 0x55bd, 0x55bd, 0x55bd, 0x55bd, 0x55bd,
  0x55bd, 0x55bd, 0x55bd, 0x55bd, 0x55bd, 0x55bd, 0x55bd, 0x55bd, 0x55bd, 0x55bd, 0x55bd, 0x55bd,
  0x55bd, 0x55bd, 0x55bd, 0x55bd, 0x55bd, 0x55bd, 0x55bd, 0x55bd, 0x55bd, 0x55bd, 0x55bd, 0x55bd,
  0x55bd, 0x55bd, 0x55bd, 0x55bd, 0x55bd, 0x55bd, 0x55bd, 0x55bd, 0x55bd, 0x55bd, 0x55bd, 0x55bd,
  0x55bd, 0x55bd, 0x55bd, 0x55bd, 0x55bd, 0x55bd, 0x55bd, 0x55bd, 0x55bd, 0x55bd, 0x55bd, 0x55bd,
  0x55bd, 0x55bd, 0x55bd, 0x55bd, 0x55bd, 0x55bd, 0x55bd, 0x55bd, 0x55bd, 0x55bd, 0x55bd, 0x55bd,
  0x55bd, 0x55bd, 0x55bd, 0x55bd, 0x55bd, 0x55bd, 0x55bd, 0x55bd, 0x55bd, 0x55bd, 0x55bd, 0x55bd,
  0x55bd, 0x55bd, 0x55bd, 0x55bd, 0x55bd, 0x55bd, 0x55bd, 0x55bd, 0x55bd, 0x55bd, 0x55bd, 0x55bd,
  0x55bd, 0x55bd, 0x55bd, 0x55bd, 0x55bd, 0x55bd, 0x55bd, 0x55bd, 0x55bd, 0x55bd, 0x55bd, 0x55bd,
  0x55bd, 0x55bd, 0x55bd, 0x55bd, 0x55bd, 0x55bd, 0x55bd, 0x55bd, 0x55bd, 0x55bd, 0x55bd, 0x55bd,
  0x55bd, 0x55bd, 0x55bd, 0x55bd, 0x55bd, 0x55bd, 0x55bd, 0x55bd, 0x55bd, 0x55bd, 0x55bd, 0x55bd,
  0x55bd, 0x55bd, 0x55bd, 0x55bd, 0x55bd, 0x55bd, 0x55bd, 0x55bd, 0x55bd, 0x55bd, 0x55bd, 0x55bd,
  0x55bd, 0x55bd, 0x55bd, 0x55bd, 0x55bd, 0x55bd, 0x55bd, 0x55bd, 0x55bd, 0x55bd, 0x55bd, 0x55bd,
  0x55bd, 0x55bd, 0x55bd, 0x55bd, 0x55bd, 0x55bd, 0x55bd, 0x55bd, 0x55bd, 0x55bd, 0x55bd, 0x55bd,
  0x55bd, 0x55bd, 0x55bd, 0x55bd, 0x55bd, 0x55bd, 0x55bd, 0x55bd, 0x55bd, 0x55bd, 0x55bd, 0x55bd,
  0x55bd, 0x55bd, 0x55bd, 0x55bd, 0x55bd, 0x55bd, 0x55bd, 0x55bd, 0x55bd, 0x55bd, 0x55bd, 0x55bd,
  0x55bd, 0x55bd, 0x55bd, 0x55bd, 0x55bd, 0x55bd, 0x55bd, 0x55bd, 0x55bd, 0x55bd, 0x55bd, 0x55bd,
  0x55bd, 0x55bd, 0x55bd, 0x55bd, 0x55bd, 0x55bd, 0x55bd, 0x55bd, 0x55bd, 0x55bd, 0x55bd, 0x55bd,
  0x55bd, 0x55bd, 0x55bd, 0x55bd, 0x55bd, 0x55bd, 0x55bd, 0x55bd, 0x55bd, 0x55bd, 0x55bd, 0x55bd,
  0x55bd, 0x55bd, 0x55bd, 0x55bd, 0x55bd, 0x55bd, 0x55bd, 0x55bd, 0x55bd, 0x55bd, 0x55bd, 0x55bd,
  0x55bd, 0x55bd, 0x55bd, 0x55bd, 0x55bd, 0x55bd, 0x55bd, 0x55bd, 0x55bd, 0x55bd, 0x55bd, 0x55bd,
  0x55bd, 0x55bd, 0x55bd, 0x55bd, 0x55bd, 0x55bd, 0x55bd, 0x55bd, 0x55bd, 0x75dc, 0xdf12, 0xff4c,
  0xff6d, 0xff90, 0xff92, 0xffb3, 0xffb3, 0xffb2, 0xffb3, 0xff93, 0xff91, 0xff6e, 0xf76c, 0xd6f2,
  0x65bc, 0x55bd, 0x55bd, 0x55bd, 0x55bd, 0x55bd, 0x75fb, 0x8e1a, 0x55bd, 0x55bd, 0x55bd, 0x55bd,
  0x55bd, 0x55bd, 0x55bd, 0x55bd, 0x55bd, 0x55bd, 0x55bd, 0x55bd, 0x55bd, 0x55bd, 0x55bd, 0x55bd,
  0x55bd, 0x55bd, 0x55bd, 0x55bd, 0x55bd, 0x55bd, 0x55bd, 0x55bd, 0x55bd, 0x55bd, 0x55bd, 0x55bd,
  0x55bd, 0x55bd, 0x55bd, 0x55bd, 0x55bd, 0x55bd, 0x55bd, 0x55bd, 0x55bd, 0x55bd, 0x55bd, 0x55bd,
  0x55bd, 0x55bd, 0x55bd, 0x55bd, 0x55bd, 0x55bd, 0x55bd, 0x55bd, 0x55bd, 0x55bd, 0x55bd, 0x55bd,
  0x55bd, 0x55bd, 0x55bd, 0x55bd, 0x55bd, 0x55bd, 0x55bd, 0x55bd, 0x55bd, 0x55bd, 0x55bd, 0x55bd,
  0x55bd, 0x55bd, 0x55bd, 0x55bd, 0x55bd, 0x55bd, 0x55bd, 0x55bd, 0x55bd, 0x55bd, 0x55bd, 0x55bd,
  0x55bd, 0x55bd, 0x55bd, 0x55bd, 0x55bd, 0x55bd, 0x55bd, 0x55bd, 0x55bd, 0x55bd, 0x55bd, 0x55bd,
  0x55bd, 0x55bd, 0x55bd, 0x55bd, 0x55bd, 0x55bd, 0x55bd, 0x55bd, 0x55bd, 0x55bd, 0x55bd, 0x55bd,
  0x55bd, 0x55bd, 0x55bd, 0x55bd, 0x55bd, 0x55bd, 0x55bd, 0x55bd, 0x55bd, 0x55bd, 0x55bd, 0x55bd,
  0x55bd, 0x55bd, 0x55bd, 0x55bd, 0x55bd, 0x55bd, 0x55bd, 0x55bd, 0x55bd, 0x55bd, 0x55bd, 0x55bd,
  0x55bd, 0x55bd, 0x55bd, 0x55bd, 0x55bd, 0x55bd, 0x55bd, 0x55bd, 0x55bd, 0x55bd, 0x55bd, 0x55bd,
  0x55bd, 0x55bd, 0x55bd, 0x55bd, 0x55bd, 0x55bd, 0x55bd, 0x55bd, 0x55bd, 0x55bd, 0x55bd, 0x55bd,
  0x55bd, 0x55bd, 0x55bd, 0x55bd, 0x55bd, 0x55bd, 0x55bd, 0x55bd, 0x55bd, 0x55bd, 0x55bd, 0x55bd,
  0x55bd, 0x55bd, 0x55bd, 0x55bd, 0x55bd, 0x55bd, 0x55bd, 0x55bd, 0x55bd, 0x55bd, 0x55bd, 0x55bd,
  0x55bd, 0x55bd, 0x55bd, 0x55bd, 0x55bd, 0x55bd, 0x55bd, 0x55bd, 0x55bd, 0x55bd, 0x55bd, 0x55bd,
  0x55bd, 0x55bd, 0x55bd, 0x55bd, 0x55bd, 0x55bd, 0x55bd, 0x55bd, 0x55bd, 0x55bd, 0x55bd, 0x55bd,
  0x55bd, 0x55bd, 0x55bd, 0x55bd, 0x55bd, 0x55bd, 0x55bd, 0x55bd, 0x55bd, 0x55bd, 0x55bd, 0x55bd,
  0x55bd, 0x55bd, 0x55bd, 0x55bd, 0x55bd, 0x55bd, 0x55bd, 0x55bd, 0x55bd, 0x55bd, 0x55bd, 0x55bd,
  0x55bd, 0x55bd, 0x55bd, 0x55bd, 0x55bd, 0x55bd, 0x55bd, 0x55bd, 0x55bd, 0x55bd, 0x55bd, 0x55bd,
  0x55bd, 0x55bd, 0x55bd, 0x55bd, 0x55bd, 0x55bd, 0x55bd, 0x55bd, 0x55bd, 0x55bd, 0x55bd, 0x55bd,
  0x55bd, 0x55bd, 0x55bd, 0x55bd, 0x55bd, 0x55bd, 0x55bd, 0x55bd, 0x55bd, 0x55bd, 0x55bd, 0x55bd,
  0x55bd, 0x55bd, 0x55bd, 0x55bd, 0x55bd, 0x55bd, 0x55bd, 0x55bd, 0x55bd, 0x55bd, 0x55bd, 0x55bd,
  0x55bd, 0x55bd, 0x55bd, 0x55bd, 0x55bd, 0x55bd, 0x55bd, 0x55bd, 0x55bd, 0x55bd, 0x55bd, 0x55bd,
  0x55bd, 0x55bd, 0x55bd, 0x55bd, 0x55bd, 0x55bd, 0x55bd, 0x55bd, 0x55bd, 0x55bd, 0x55bd, 0x55bd,
  0x55bd, 0x55bd, 0x55bd, 0x55bd, 0x7dfb, 0xef4f, 0xf76b, 0xff90, 0xffb3, 0xffb3, 0xffb3, 0xffb3,
  0xffb3, 0xffb3, 0xffb3, 0xffb4, 0xffb4, 0xffb3, 0xff90, 0xf76c, 0xdf11, 0x5dbc, 0x55bd, 0x55bd,
  0x965a, 0xdf32, 0xf78c, 0xef2f, 0x55bd, 0x55bd, 0x55bd, 0x55bd, 0x55bd, 0x55bd, 0x55bd, 0x55bd,
  0x55bd, 0x55bd, 0x55bd, 0x55bd, 0x55bd, 0x55bd, 0x55bd, 0x55bd, 0x55bd, 0x55bd, 0x55bd, 0x55bd,
  0x55bd, 0x55bd, 0x55bd, 0x55bd, 0x55bd, 0x55bd, 0x55bd, 0x55bd, 0x55bd, 0x55bd, 0x55bd, 0x55bd,
  0x55bd, 0x55bd, 0x55bd, 0x55bd, 0x55bd, 0x55bd, 0x55bd, 0x55bd, 0x55bd, 0x55bd, 0x55bd, 0x55bd,
  0x55bd, 0x55bd, 0x55bd, 0x55bd, 0x55bd, 0x55bd, 0x55bd, 0x55bd, 0x55bd, 0x55bd, 0x55bd, 0x55bd,
  0x55bd, 0x55bd, 0x55bd, 0x55bd, 0x55bd, 0x55bd, 0x55bd, 0x55bd, 0x55bd, 0x55bd, 0x55bd, 0x55bd,
  0x55bd, 0x55bd, 0x55bd, 0x55bd, 0x55bd, 0x55bd, 0x55bd, 0x55bd, 0x55bd, 0x55bd, 0x55bd, 0x55bd,
  0x55bd, 0x55bd, 0x55bd, 0x55bd, 0x55bd, 0x55bd, 0x55bd, 0x55bd, 0x55bd, 0x55bd, 0x55bd, 0x55bd,
  0x55bd, 0x55bd, 0x55bd, 0x55bd, 0x55bd, 0x55bd, 0x55bd, 0x55bd, 0x55bd, 0x55bd, 0x55bd, 0x55bd,
  0x55bd, 0x55bd, 0x55bd, 0x55bd, 0x55bd, 0x55bd, 0x55bd, 0x55bd, 0x55bd, 0x55bd, 0x55bd, 0x55bd,
  0x55bd, 0x55bd, 0x55bd, 0x55bd, 0x55bd, 0x55bd, 0x55bd, 0x55bd, 0x55bd, 0x55bd, 0x55bd, 0x55bd,
  0x55bd, 0x55bd, 0x55bd, 0x55bd, 0x55bd, 0x55bd, 0x55bd, 0x55bd, 0x55bd, 0x55bd, 0x55bd, 0x55bd,
  0x55bd, 0x55bd, 0x55bd, 0x55bd, 0x55bd, 0x55bd, 0x55bd, 0x55bd, 0x55bd, 0x55bd, 0x55bd, 0x55bd,
  0x55bd, 0x55bd, 0x55bd, 0x55bd, 0x55bd, 0x55bd, 0x55bd, 0x55bd, 0x55bd, 0x55bd, 0x55bd, 0x55bd,
  0x55bd, 0x55bd, 0x55bd, 0x55bd, 0x55bd, 0x55bd, 0x55bd, 0x55bd, 0x55bd, 0x55bd, 0x55bd, 0x55bd,
  0x55bd, 0x55bd, 0x55bd, 0x55bd, 0x55bd, 0x55bd, 0x55bd, 0x55bd, 0x55bd, 0x55bd, 0x55bd, 0x55bd,
  0x55bd, 0x55bd, 0x55bd, 0x55bd, 0x55bd, 0x55bd, 0x55bd, 0x55bd, 0x55bd, 0x55bd, 0x55bd, 0x55bd,
  0x55bd, 0x55bd, 0x55bd, 0x55bd, 0x55bd, 0x55bd, 0x55bd, 0x55bd, 0x55bd, 0x55bd, 0x55bd, 0x55bd,
  0x55bd, 0x55bd, 0x55bd, 0x55bd, 0x55bd, 0x55bd, 0x55bd, 0x55bd, 0x55bd, 0x55bd, 0x55bd, 0x55bd,
  0x55bd, 0x55bd, 0x55bd, 0x55bd, 0x55bd, 0x55bd, 0x55bd, 0x55bd, 0x55bd, 0x55bd, 0x55bd, 0x55bd,
  0x55bd, 0x55bd, 0x55bd, 0x55bd, 0x55bd, 0x55bd, 0x55bd, 0x55bd, 0x55bd, 0x55bd, 0x55bd, 0x55bd,
  0x55bd, 0x55bd, 0x55bd, 0x55bd, 0x55bd, 0x55bd, 0x55bd, 0x55bd, 0x55bd, 0x55bd, 0x55bd, 0x55bd,
  0x55bd, 0x55bd, 0x55bd, 0x55bd, 0x55bd, 0x55bd, 0x55bd, 0x55bd, 0x55bd, 0x55bd, 0x55bd, 0x55bd,
  0x55bd, 0x55bd, 0x55bd, 0x55bd, 0x55bd, 0x55bd, 0x55bd, 0x55bd, 0x55bd, 0x55bd, 0x55bd, 0x55bd,
  0x55bd, 0x55bd, 0x55bd, 0x55bd, 0x55bd, 0x55bd, 0x55bd, 0x55bd, 0x55bd, 0x55bd, 0x55bd, 0x65dc,
  0xe730, 0xff6c, 0xff90, 0xffb3, 0xffb3, 0xffb3, 0xffb3, 0xffb3, 0xffb3, 0xffb4, 0xffb4, 0xffb4,
  0xffb4, 0xffb4, 0xffb3, 0xff90, 0xf74b, 0xbe96, 0x55bd, 0x55bd, 0xd733, 0xdf12, 0xa679, 0x5ddc,
  0x55bd, 0x55bd, 0x55bd, 0x55bd, 0x55bd, 0x55bd, 0x55bd, 0x55bd, 0x55bd, 0x55bd, 0x55bd, 0x55bd,
  0x55bd, 0x55bd, 0x55bd, 0x55bd, 0x55bd, 0x55bd, 0x55bd, 0x55bd, 0x55bd, 0x55bd, 0x55bd, 0x55bd,
  0x55bd, 0x55bd, 0x55bd, 0x55bd, 0x55bd, 0x55bd, 0x55bd, 0x55bd, 0x55bd, 0x55bd, 0x55bd, 0x55bd,
  0x55bd, 0x55bd, 0x55bd, 0x55bd, 0x55bd, 0x55bd, 0x55bd, 0x55bd, 0x55bd, 0x55bd, 0x55bd, 0x55bd,
  0x55bd, 0x55bd, 0x55bd, 0x55bd, 0x55bd, 0x55bd, 0x55bd, 0x55bd, 0x55bd, 0x55bd, 0x55bd, 0x55bd,
  0x55bd, 0x55bd, 0x55bd, 0x55bd, 0x55bd, 0x55bd, 0x55bd, 0x55bd, 0x55bd, 0x55bd, 0x55bd, 0x55bd,
  0x55bd, 0x55bd, 0x55bd, 0x55bd, 0x55bd, 0x55bd, 0x55bd, 0x55bd, 0x55bd, 0x55bd, 0x55bd, 0x55bd,
  0x55bd, 0x55bd, 0x55bd, 0x55bd, 0x55bd, 0x55bd, 0x55bd, 0x55bd, 0x55bd, 0x55bd, 0x55bd, 0x55bd,
  0x55bd, 0x55bd, 0x55bd, 0x55bd, 0x55bd, 0x55bd, 0x55bd, 0x55bd, 0x55bd, 0x55bd, 0x55bd, 0x55bd,
  0x55bd, 0x55bd, 0x55bd, 0x55bd, 0x55bd, 0x55bd, 0x55bd, 0x55bd, 0x55bd, 0x55bd, 0x55bd, 0x55bd,
  0x55bd, 0x55bd, 0x55bd, 0x55bd, 0x55bd, 0x55bd, 0x55bd, 0x55bd, 0x55bd, 0x55bd, 0x55bd, 0x55bd,
  0x55bd, 0x55bd, 0x55bd, 0x55bd, 0x55bd, 0x55bd, 0x55bd, 0x55bd, 0x55bd, 0x55bd, 0x55bd, 0x55bd,
  0x55bd, 0x55bd, 0x55bd, 0x55bd, 0x55bd, 0x55bd, 0x55bd, 0x55bd, 0x55bd, 0x55bd, 0x55bd, 0x55bd,
  0x55bd, 0x55bd, 0x55bd, 0x55bd, 0x55bd, 0x55bd, 0x55bd, 0x55bd, 0x55bd, 0x55bd, 0x55bd, 0x55bd,
  0x55bd, 0x55bd, 0x55bd, 0x55bd, 0x55bd, 0x55bd, 0x55bd, 0x55bd, 0x55bd, 0x55bd, 0x55bd, 0x55bd,
  0x55bd, 0x55bd, 0x55bd, 0x55bd, 0x55bd, 0x55bd, 0x55bd, 0x55bd, 0x55bd, 0x55bd, 0x55bd, 0x55bd,
  0x55bd, 0x55bd, 0x55bd, 0x55bd, 0x55bd, 0x55bd, 0x55bd, 0x55bd, 0x55bd, 0x55bd, 0x55bd, 0x55bd,
  0x55bd, 0x55bd, 0x55bd, 0x55bd, 0x55bd, 0x55bd, 0x55bd, 0x55bd, 0x55bd, 0x55bd, 0x55bd, 0x55bd,
  0x55bd, 0x55bd, 0x55bd, 0x55bd, 0x55bd, 0x55bd, 0x55bd, 0x55bd, 0x55bd, 0x55bd, 0x55bd, 0x55bd,
  0x55bd, 0x55bd, 0x55bd, 0x55bd, 0x55bd, 0x55bd, 0x55bd, 0x55bd, 0x55bd, 0x55bd, 0x55bd, 0x55bd,
  0x55bd, 0x55bd, 0x55bd, 0x55bd, 0x55bd, 0x55bd, 0x55bd, 0x55bd, 0x55bd, 0x55bd, 0x55bd, 0x55bd,
  0x55bd, 0x55bd, 0x55bd, 0x55bd, 0x55bd, 0x55bd, 0x55bd, 0x55bd, 0x55bd, 0x55bd, 0x55bd, 0x55bd,
  0x55bd, 0x55bd, 0x55bd, 0x55bd, 0x55bd, 0x55bd, 0x55bd, 0x55bd, 0x55bd, 0x55bd, 0x55bd, 0x55bd,
  0x55bd, 0x55bd, 0x55bd, 0x55bd, 0x55bd, 0x55bd, 0x55bd, 0x55bd, 0x55bd, 0x55bd, 0x55bd, 0x55bd,
  0x55bd, 0x55bd, 0x55bd, 0x55bd, 0x55bd, 0x55bd, 0x55bd, 0xc6b6, 0xff4c, 0xff91, 0xffb3, 0xffb3,
  0xffb3, 0xffb3, 0xffb3, 0xffb3, 0xffb3, 0xffb4, 0xffb4, 0xffb4, 0xffb4, 0xffb4, 0xffb4, 0xffb3,
  0xff6e, 0xef2e, 0x65dc, 0x55bd, 0x55bd, 0x55bd, 0x55bd, 0x55bd, 0x55bd, 0x55bd, 0x55bd, 0x55bd,
  0x55bd, 0x55bd, 0x55bd, 0x55bd, 0x55bd, 0x55bd, 0x55bd, 0x55bd, 0x55bd, 0x55bd, 0x55bd, 0x55bd,
  0x55bd, 0x55bd, 0x55bd, 0x55bd, 0x55bd, 0x55bd, 0x55bd, 0x55bd, 0x55bd, 0x55bd, 0x55bd, 0x55bd,
  0x55bd, 0x55bd, 0x55bd, 0x55bd, 0x55bd, 0x55bd, 0x55bd, 0x55bd, 0x55bd, 0x55bd, 0x55bd, 0x55bd,
  0x55bd, 0x55bd, 0x55bd, 0x55bd, 0x55bd, 0x55bd, 0x55bd, 0x55bd, 0x55bd, 0x55bd, 0x55bd, 0x55bd,
  0x55bd, 0x55bd, 0x55bd, 0x55bd, 0x55bd, 0x55bd, 0x55bd, 0x55bd, 0x55bd, 0x55bd, 0x55bd, 0x55bd,
  0x55bd, 0x55bd, 0x55bd, 0x55bd, 0x55bd, 0x55bd, 0x55bd, 0x55bd, 0x55bd, 0x55bd, 0x55bd, 0x55bd,
  0x55bd, 0x55bd, 0x55bd, 0x55bd, 0x55bd, 0x55bd, 0x55bd, 0x55bd, 0x55bd, 0x55bd, 0x55bd, 0x55bd,
  0x55bd, 0x55bd, 0x55bd, 0x55bd, 0x55bd, 0x55bd, 0x55bd, 0x55bd, 0x55bd, 0x55bd, 0x55bd, 0x55bd,
  0x55bd, 0x55bd, 0x55bd, 0x55bd, 0x55bd, 0x55bd, 0x55bd, 0x55bd, 0x55bd, 0x55bd, 0x55bd, 0x55bd,
  0x55bd, 0x55bd, 0x55bd, 0x55bd, 0x55bd, 0x55bd, 0x55bd, 0x55bd, 0x55bd, 0x55bd, 0x55bd, 0x55bd,
  0x55bd, 0x55bd, 0x55bd, 0x55bd, 0x55bd, 0x55bd, 0x55bd, 0x55bd, 0x55bd, 0x55bd, 0x55bd, 0x55bd,
  0x55bd, 0x55bd, 0x55bd, 0x55bd, 0x55bd, 0x55bd, 0x55bd, 0x55bd, 0x55bd, 0x55bd, 0x55bd, 0x55bd,
  0x55bd, 0x55bd, 0x55bd, 0x55bd, 0x55bd, 0x55bd, 0x55bd, 0x55bd, 0x55bd, 0x55bd, 0x55bd, 0x55bd,
  0x55bd, 0x55bd, 0x55bd, 0x55bd, 0x55bd, 0x55bd, 0x55bd, 0x55bd, 0x55bd, 0x55bd, 0x55bd, 0x55bd,
  0x55bd, 0x55bd, 0x55bd, 0x55bd, 0x55bd, 0x55bd, 0x55bd, 0x55bd, 0x55bd, 0x55bd, 0x55bd, 0x55bd,
  0x55bd, 0x55bd, 0x55bd, 0x55bd, 0x55bd, 0x55bd, 0x55bd, 0x55bd, 0x55bd, 0x55bd, 0x55bd, 0x55bd,
  0x55bd, 0x55bd, 0x55bd, 0x55bd, 0x55bd, 0x55bd, 0x55bd, 0x55bd, 0x55bd, 0x55bd, 0x55bd, 0x55bd,
  0x55bd, 0x55bd, 0x55bd, 0x55bd, 0x55bd, 0x55bd, 0x55bd, 0x55bd, 0x55bd, 0x55bd, 0x55bd, 0x55bd,
  0x55bd, 0x55bd, 0x55bd, 0x55bd, 0x55bd, 0x55bd, 0x55bd, 0x55bd, 0x55bd, 0x55bd, 0x55bd, 0x55bd,
  0x55bd, 0x55bd, 0x55bd, 0x55bd, 0x55bd, 0x55bd, 0x55bd, 0x55bd, 0x55bd, 0x55bd, 0x55bd, 0x55bd,
  0x55bd, 0x55bd, 0x55bd, 0x55bd, 0x55bd, 0x55bd, 0x55bd, 0x55bd, 0x55bd, 0x55bd, 0x55bd, 0x55bd,
  0x55bd, 0x55bd, 0x55bd, 0x55bd, 0x55bd, 0x55bd, 0x55bd, 0x55bd, 0x55bd, 0x55bd, 0x55bd, 0x55bd,
  0x55bd, 0x55bd, 0x55bd, 0x55bd, 0x55bd, 0x55bd, 0x55bd, 0x55bd, 0x55bd, 0x55bd, 0x55bd, 0x55bd,
  0x55bd, 0x55bd, 0x55bd, 0x55bd, 0x55bd, 0x55bd, 0x55bd, 0x55bd, 0x55bd, 0x55bd, 0x55bd, 0x55bd,
  0x55bd, 0x55bd, 0x65dc, 0xf74d, 0xff6f, 0xffb3, 0xffb3, 0xffb3, 0xffb3, 0xffb3, 0xffb3, 0xffb4,
  0xffb4, 0xffb4, 0xffb4, 0xffb4, 0xffb4, 0xffb4, 0xffb4, 0xffb4, 0xff92, 0xf76c, 0x9e39, 0x55bd,
  0x55bd, 0x55bd, 0x55bd, 0x55bd, 0x55bd, 0x55bd, 0x55bd, 0x55bd, 0x55bd, 0x55bd, 0x55bd, 0x55bd,
  0x55bd, 0x55bd, 0x55bd, 0x55bd, 0x55bd, 0x55bd, 0x55bd, 0x55bd, 0x55bd, 0x55bd, 0x55bd, 0x55bd,
  0x55bd, 0x55bd, 0x55bd, 0x55bd, 0x55bd, 0x55bd, 0x55bd, 0x55bd, 0x55bd, 0x55bd, 0x55bd, 0x55bd,
  0x55bd, 0x55bd, 0x55bd, 0x55bd, 0x55bd, 0x55bd, 0x55bd, 0x55bd, 0x55bd, 0x55bd, 0x55bd, 0x55bd,
  0x55bd, 0x55bd, 0x55bd, 0x55bd, 0x55bd, 0x55bd, 0x55bd, 0x55bd, 0x55bd, 0x55bd, 0x55bd, 0x55bd,
  0x55bd, 0x55bd, 0x55bd, 0x55bd, 0x55bd, 0x55bd, 0x55bd, 0x55bd, 0x55bd, 0x55bd, 0x55bd, 0x55bd,
  0x55bd, 0x55bd, 0x55bd, 0x55bd, 0x55bd, 0x55bd, 0x55bd, 0x55bd, 0x55bd, 0x55bd, 0x55bd, 0x55bd,
  0x55bd, 0x55bd, 0x55bd, 0x55bd, 0x55bd, 0x55bd, 0x55bd, 0x55bd, 0x55bd, 0x55bd, 0x55bd, 0x55bd,
  0x55bd, 0x55bd, 0x55bd, 0x55bd, 0x55bd, 0x55bd, 0x55bd, 0x55bd, 0x55bd, 0x55bd, 0x55bd, 0x55bd,
  0x55bd, 0x55bd, 0x55bd, 0x55bd, 0x55bd, 0x55bd, 0x55bd, 0x55bd, 0x55bd, 0x55bd, 0x55bd, 0x55bd,
  0x55bd, 0x55bd, 0x55bd, 0x55bd, 0x55bd, 0x55bd, 0x55bd, 0x55bd, 0x55bd, 0x55bd, 0x55bd, 0x55bd,
  0x55bd, 0x55bd, 0x55bd, 0x55bd, 0x55bd, 0x55bd, 0x55bd, 0x55bd, 0x55bd, 0x55bd, 0x55bd, 0x55bd,
  0x55bd, 0x55bd, 0x55bd, 0x55bd, 0x55bd, 0x55bd, 0x55bd, 0x55bd, 0x55bd, 0x55bd, 0x55bd, 0x55bd,
  0x55bd, 0x55bd, 0x55bd, 0x55bd, 0x55bd, 0x55bd, 0x55bd, 0x55bd, 0x55bd, 0x55bd, 0x55bd, 0x55bd,
  0x55bd, 0x55bd, 0x55bd, 0x55bd, 0x55bd, 0x55bd, 0x55bd, 0x55bd, 0x55bd, 0x55bd, 0x55bd, 0x55bd,
  0x55bd, 0x55bd, 0x55bd, 0x55bd, 0x55bd, 0x55bd, 0x55bd, 0x55bd, 0x55bd, 0x55bd, 0x55bd, 0x55bd,
  0x55bd, 0x55bd, 0x55bd, 0x55bd, 0x55bd, 0x55bd, 0x55bd, 0x55bd, 0x55bd, 0x55bd, 0x55bd, 0x55bd,
  0x55bd, 0x55bd, 0x55bd, 0x55bd, 0x55bd, 0x55bd, 0x55bd, 0x55bd, 0x55bd, 0x55bd, 0x55bd, 0x55bd,
  0x55bd, 0x55bd, 0x55bd, 0x55bd, 0x55bd, 0x55bd, 0x55bd, 0x55bd, 0x55bd, 0x55bd, 0x55bd, 0x55bd,
  0x55bd, 0x55bd, 0x55bd, 0x55bd, 0x55bd, 0x55bd, 0x55bd, 0x55bd, 0x55bd, 0x55bd, 0x55bd, 0x55bd,
  0x55bd, 0x55bd, 0x55bd, 0x55bd, 0x55bd, 0x55bd, 0x55bd, 0x55bd, 0x55bd, 0x55bd, 0x55bd, 0x55bd,
  0x55bd, 0x55bd, 0x55bd, 0x55bd, 0x55bd, 0x55bd, 0x55bd, 0x55bd, 0x55bd, 0x55bd, 0x55bd, 0x55bd,
  0x55bd, 0x55bd, 0x55bd, 0x55bd, 0x55bd, 0x55bd, 0x55bd, 0x55bd, 0x55bd, 0x55bd, 0x55bd, 0x55bd,
  0x55bd, 0x55bd, 0x55bd, 0x55bd, 0x55bd, 0x55bd, 0x55bd, 0x55bd, 0x55bd, 0x55bd, 0x55bd, 0x55bd,
  0x55bd, 0x55bd, 0x55bd, 0x55bd, 0x55bd, 0x55bd, 0x55bd, 0x55bd, 0x559d, 0x55bd, 0xae78, 0xf76c,
  0xff92, 0xffb3, 0xffb3, 0xffb3, 0xffb3, 0xffb3, 0xffb4, 0xffb4, 0xffb4, 0xffb4, 0xffb4, 0xffb4,
  0xffb4, 0xffb4, 0xffb4, 0xffb4, 0xffb3, 0xf76c, 0xbe96, 0x55bd, 0x55bd, 0x55bd, 0x55bd, 0x55bd,
  0x55bd, 0x55bd, 0x55bd, 0x55bd, 0x55bd, 0x55bd, 0x55bd, 0x55bd, 0x55bd, 0x55bd, 0x55bd, 0x55bd,
  0x55bd, 0x55bd, 0x55bd, 0x55bd, 0x55bd, 0x55bd, 0x55bd, 0x55bd, 0x55bd, 0x55bd, 0x55bd, 0x55bd,
  0x55bd, 0x55bd, 0x55bd, 0x55bd, 0x55bd, 0x55bd, 0x55bd, 0x55bd, 0x55bd, 0x55bd, 0x55bd, 0x55bd,
  0x55bd, 0x55bd, 0x55bd, 0x55bd, 0x55bd, 0x55bd, 0x55bd, 0x55bd, 0x55bd, 0x55bd, 0x55bd, 0x55bd,
  0x55bd, 0x55bd, 0x55bd, 0x55bd, 0x55bd, 0x55bd, 0x55bd, 0x55bd, 0x55bd, 0x55bd, 0x55bd, 0x55bd,
  0x55bd, 0x55bd, 0x55bd, 0x55bd, 0x55bd, 0x55bd, 0x55bd, 0x55bd, 0x55bd, 0x55bd, 0x55bd, 0x55bd,
  0x55bd, 0x55bd, 0x55bd, 0x55bd, 0x55bd, 0x55bd, 0x55bd, 0x55bd, 0x55bd, 0x55bd, 0x55bd, 0x55bd,
  0x55bd, 0x55bd, 0x55bd, 0x55bd, 0x55bd, 0x55bd, 0x55bd, 0x55bd, 0x55bd, 0x55bd, 0x55bd, 0x55bd,
  0x55bd, 0x55bd, 0x55bd, 0x55bd, 0x55bd, 0x55bd, 0x55bd, 0x55bd, 0x55bd, 0x55bd, 0x55bd, 0x55bd,
  0x55bd, 0x55bd, 0x55bd, 0x55bd, 0x55bd, 0x55bd, 0x55bd, 0x55bd, 0x55bd, 0x55bd, 0x55bd, 0x55bd,
  0x55bd, 0x55bd, 0x55bd, 0x55bd, 0x55bd, 0x55bd, 0x55bd, 0x55bd, 0x55bd, 0x55bd, 0x55bd, 0x55bd,
  0x55bd, 0x55bd, 0x55bd, 0x55bd, 0x55bd, 0x55bd, 0x55bd, 0x55bd, 0x55bd, 0x55bd, 0x55bd, 0x55bd,
  0x55bd, 0x55bd, 0x55bd, 0x55bd, 0x55bd, 0x55bd, 0x55bd, 0x55bd, 0x55bd, 0x55bd, 0x55bd, 0x55bd,
  0x55bd, 0x55bd, 0x55bd, 0x55bd, 0x55bd, 0x55bd, 0x55bd, 0x55bd, 0x55bd, 0x55bd, 0x55bd, 0x55bd,
  0x55bd, 0x55bd, 0x55bd, 0x55bd, 0x55bd, 0x55bd, 0x55bd, 0x55bd, 0x55bd, 0x55bd, 0x55bd, 0x55bd,
  0x55bd, 0x55bd, 0x55bd, 0x55bd, 0x55bd, 0x55bd, 0x55bd, 0x55bd, 0x55bd, 0x55bd, 0x55bd, 0x55bd,
  0x55bd, 0x55bd, 0x55bd, 0x55bd, 0x55bd, 0x55bd, 0x55bd, 0x55bd, 0x55bd, 0x55bd, 0x55bd, 0x55bd,
  0x55bd, 0x55bd, 0x55bd, 0x55bd, 0x55bd, 0x55bd, 0x55bd, 0x55bd, 0x55bd, 0x55bd, 0x55bd, 0x55bd,
  0x55bd, 0x55bd, 0x55bd, 0x55bd, 0x55bd, 0x55bd, 0x55bd, 0x55bd, 0x55bd, 0x55bd, 0x55bd, 0x55bd,
  0x55bd, 0x55bd, 0x55bd, 0x55bd, 0x55bd, 0x55bd, 0x55bd, 0x55bd, 0x55bd, 0x55bd, 0x55bd, 0x55bd,
  0x55bd, 0x55bd, 0x55bd, 0x55bd, 0x55bd, 0x55bd, 0x55bd, 0x55bd, 0x55bd, 0x55bd, 0x55bd, 0x55bd,
  0x55bd, 0x55bd, 0x55bd, 0x55bd, 0x55bd, 0x55bd, 0x55bd, 0x55bd, 0x55bd, 0x55bd, 0x55bd, 0x55bd,
  0x55bd, 0x55bd, 0x55bd, 0x55bd, 0x55bd, 0x55bd, 0x55bd, 0x55bd, 0x55bd, 0x55bd, 0x55bd, 0x55bd,
  0x55bd, 0x55bd, 0x55bd, 0x55bd, 0x55bd, 0x55bd, 0x55bd, 0x55bd, 0x55bd, 0x55bd, 0x55bd, 0x55bd,
  0x55bd, 0x55bd, 0x55bd, 0x559d, 0x559d, 0x4dbd, 0xced4, 0xff6d, 0xffb4, 0xffb3, 0xffb3, 0xffb3,
  0xffb4, 0xffb4, 0xffb4, 0xffb4, 0xffb4, 0xffb4, 0xffb4, 0xffb4, 0xffb4, 0xffb4, 0xffb4, 0xffb4,
  0xffb3, 0xff6d, 0xd6d3, 0x55bd, 0x55bd, 0x55bd, 0x55bd, 0x55bd, 0x55bd, 0x55bd, 0x55bd, 0x55bd,
  0x55bd, 0x55bd, 0x55bd, 0x55bd, 0x55bd, 0x55bd, 0x55bd, 0x55bd, 0x55bd, 0x55bd, 0x55bd, 0x55bd,
  0x55bd, 0x55bd, 0x55bd, 0x55bd, 0x55bd, 0x55bd, 0x55bd, 0x55bd, 0x55bd, 0x55bd, 0x55bd, 0x55bd,
  0x55bd, 0x55bd, 0x55bd, 0x55bd, 0x55bd, 0x55bd, 0x55bd, 0x55bd, 0x55bd, 0x55bd, 0x55bd, 0x55bd,
  0x55bd, 0x55bd, 0x55bd, 0x55bd, 0x55bd, 0x55bd, 0x55bd, 0x55bd, 0x55bd, 0x55bd, 0x55bd, 0x55bd,
  0x55bd, 0x55bd, 0x55bd, 0x55bd, 0x55bd, 0x55bd, 0x55bd, 0x55bd, 0x55bd, 0x55bd, 0x55bd, 0x55bd,
  0x55bd, 0x55bd, 0x55bd, 0x55bd, 0x55bd, 0x55bd, 0x55bd, 0x55bd, 0x55bd, 0x55bd, 0x55bd, 0x55bd,
  0x55bd, 0x55bd, 0x55bd, 0x55bd, 0x55bd, 0x55bd, 0x55bd, 0x55bd, 0x55bd, 0x55bd, 0x55bd, 0x55bd,
  0x55bd, 0x55bd, 0x55bd, 0x55bd, 0x55bd, 0x55bd, 0x55bd, 0x55bd, 0x55bd, 0x55bd, 0x55bd, 0x55bd,
  0x55bd, 0x55bd, 0x55bd, 0x55bd, 0x55bd, 0x55bd, 0x55bd, 0x55bd, 0x55bd, 0x55bd, 0x55bd, 0x55bd,
  0x55bd, 0x55bd, 0x55bd, 0x55bd, 0x55bd, 0x55bd, 0x55bd, 0x55bd, 0x55bd, 0x55bd, 0x55bd, 0x55bd,
  0x55bd, 0x55bd, 0x55bd, 0x55bd, 0x55bd, 0x55bd, 0x55bd, 0x55bd, 0x55bd, 0x55bd, 0x55bd, 0x55bd,
  0x55bd, 0x55bd, 0x55bd, 0x55bd, 0x55bd, 0x55bd, 0x55bd, 0x55bd, 0x55bd, 0x55bd, 0x55bd, 0x55bd,
  0x55bd, 0x55bd, 0x55bd, 0x55bd, 0x55bd, 0x55bd, 0x55bd, 0x55bd, 0x55bd, 0x55bd, 0x55bd, 0x55bd,
  0x55bd, 0x55bd, 0x55bd, 0x55bd, 0x55bd, 0x55bd, 0x55bd, 0x55bd, 0x55bd, 0x55bd, 0x55bd, 0x55bd,
  0x55bd, 0x55bd, 0x55bd, 0x55bd, 0x55bd, 0x55bd, 0x55bd, 0x55bd, 0x55bd, 0x55bd, 0x55bd, 0x55bd,
  0x55bd, 0x55bd, 0x55bd, 0x55bd, 0x55bd, 0x55bd, 0x55bd, 0x55bd, 0x55bd, 0x55bd, 0x55bd, 0x55bd,
  0x55bd, 0x55bd, 0x55bd, 0x55bd, 0x55bd, 0x55bd, 0x55bd, 0x55bd, 0x55bd, 0x55bd, 0x55bd, 0x55bd,
  0x55bd, 0x55bd, 0x55bd, 0x55bd, 0x55bd, 0x55bd, 0x55bd, 0x55bd, 0x55bd, 0x55bd, 0x55bd, 0x55bd,
  0x55bd, 0x55bd, 0x55bd, 0x55bd, 0x55bd, 0x55bd, 0x55bd, 0x55bd, 0x55bd, 0x55bd, 0x55bd, 0x55bd,
  0x55bd, 0x55bd, 0x55bd, 0x55bd, 0x55bd, 0x55bd, 0x55bd, 0x55bd, 0x55bd, 0x55bd, 0x55bd, 0x55bd,
  0x55bd, 0x55bd, 0x55bd, 0x55bd, 0x55bd, 0x55bd, 0x55bd, 0x55bd, 0x55bd, 0x55bd, 0x55bd, 0x55bd,
  0x55bd, 0x55bd, 0x55bd, 0x55bd, 0x55bd, 0x55bd, 0x55bd, 0x55bd, 0x55bd, 0x55bd, 0x55bd, 0x55bd,
  0x55bd, 0x55bd, 0x55bd, 0x55bd, 0x55bd, 0x55bd, 0x55bd, 0x55bd, 0x55bd, 0x55bd, 0x55bd, 0x55bd,
  0x55bd, 0x55bd, 0x55bd, 0x55bd, 0x55bd, 0x55bd, 0x55bd, 0x761b, 0x8e1a, 0x5dbc, 0x559d, 0x559d,
  0x559d, 0x4dbd, 0xdf11, 0xff8e, 0xffb4, 0xffb3, 0xffb3, 0xffb4, 0xffb4, 0xffb4, 0xffb4, 0xffb4,
  0xffb4, 0xffb4, 0xffb4, 0xffb4, 0xffb4, 0xffb4, 0xffb4, 0xffb3, 0xffb3, 0xf76d, 0xdef2, 0x55bd,
  0x55bd, 0x55bd, 0x55bd, 0x55bd, 0x55bd, 0x55bd, 0x55bd, 0x55bd, 0x55bd, 0x55bd, 0x55bd, 0x55bd,
  0x55bd, 0x55bd, 0x55bd, 0x55bd, 0x55bd, 0x55bd, 0x55bd, 0x55bd, 0x55bd, 0x55bd, 0x55bd, 0x55bd,
  0x55bd, 0x55bd, 0x55bd, 0x55bd, 0x55bd, 0x55bd, 0x55bd, 0x55bd, 0x55bd, 0x55bd, 0x55bd, 0x55bd,
  0x55bd, 0x55bd, 0x55bd, 0x55bd, 0x55bd, 0x55bd, 0x55bd, 0x55bd, 0x55bd, 0x55bd, 0x55bd, 0x55bd,
  0x55bd, 0x55bd, 0x55bd, 0x55bd, 0x55bd, 0x55bd, 0x55bd, 0x55bd, 0x55bd, 0x55bd, 0x55bd, 0x55bd,
  0x55bd, 0x55bd, 0x55bd, 0x55bd, 0x55bd, 0x55bd, 0x55bd, 0x55bd, 0x55bd, 0x55bd, 0x55bd, 0x55bd,
  0x55bd, 0x55bd, 0x55bd, 0x55bd, 0x55bd, 0x55bd, 0x55bd, 0x55bd, 0x55bd, 0x55bd, 0x55bd, 0x55bd,
  0x55bd, 0x55bd, 0x55bd, 0x55bd, 0x55bd, 0x55bd, 0x55bd, 0x55bd, 0x55bd, 0x55bd, 0x55bd, 0x55bd,
  0x55bd, 0x55bd, 0x55bd, 0x55bd, 0x55bd, 0x55bd, 0x55bd, 0x55bd, 0x55bd, 0x55bd, 0x55bd, 0x55bd,
  0x55bd, 0x55bd, 0x55bd, 0x55bd, 0x55bd, 0x55bd, 0x55bd, 0x55bd, 0x55bd, 0x55bd, 0x55bd, 0x55bd,
  0x55bd, 0x55bd, 0x55bd, 0x55bd, 0x55bd, 0x55bd, 0x55bd, 0x55bd, 0x55bd, 0x55bd, 0x55bd, 0x55bd,
  0x55bd, 0x55bd, 0x55bd, 0x55bd, 0x55bd, 0x55bd, 0x55bd, 0x55bd, 0x55bd, 0x55bd, 0x55bd, 0x55bd,
  0x55bd, 0x55bd, 0x55bd, 0x55bd, 0x55bd, 0x55bd, 0x55bd, 0x55bd, 0x55bd, 0x55bd, 0x55bd, 0x55bd,
  0x55bd, 0x55bd, 0x55bd, 0x55bd, 0x55bd, 0x55bd, 0x55bd, 0x55bd, 0x55bd, 0x55bd, 0x55bd, 0x55bd,
  0x55bd, 0x55bd, 0x55bd, 0x55bd, 0x55bd, 0x55bd, 0x55bd, 0x55bd, 0x55bd, 0x55bd, 0x55bd, 0x55bd,
  0x55bd, 0x55bd, 0x55bd, 0x55bd, 0x55bd, 0x55bd, 0x55bd, 0x55bd, 0x55bd, 0x55bd, 0x55bd, 0x55bd,
  0x55bd, 0x55bd, 0x55bd, 0x55bd, 0x55bd, 0x55bd, 0x55bd, 0x55bd, 0x55bd, 0x55bd, 0x55bd, 0x55bd,
  0x55bd, 0x55bd, 0x55bd, 0x55bd, 0x55bd, 0x55bd, 0x55bd, 0x55bd, 0x55bd, 0x55bd, 0x55bd, 0x55bd,
  0x55bd, 0x55bd, 0x55bd, 0x55bd, 0x55bd, 0x55bd, 0x55bd, 0x55bd, 0x55bd, 0x55bd, 0x55bd, 0x55bd,
  0x55bd, 0x55bd, 0x55bd, 0x55bd, 0x55bd, 0x55bd, 0x55bd, 0x55bd, 0x55bd, 0x55bd, 0x55bd, 0x55bd,
  0x55bd, 0x55bd, 0x55bd, 0x55bd, 0x55bd, 0x55bd, 0x55bd, 0x55bd, 0x55bd, 0x55bd, 0x55bd, 0x55bd,
  0x55bd, 0x55bd, 0x55bd, 0x55bd, 0x55bd, 0x55bd, 0x55bd, 0x55bd, 0x55bd, 0x55bd, 0x55bd, 0x55bd,
  0x55bd, 0x55bd, 0x55bd, 0x55bd, 0x55bd, 0x55bd, 0x55bd, 0x55bd, 0x55bd, 0x55bd, 0x55bd, 0x55bd,
  0x55bd, 0x55bd, 0x55bd, 0x55bd, 0x55bd, 0x55bd, 0x55bd, 0x55bd, 0x55bd, 0x55bd, 0x55bd, 0x55bd,
  0x55bd, 0x55bd, 0x55bd, 0xc6d5, 0xf78c, 0xf76d, 0xd6f3, 0x9639, 0x55bd, 0x55bd, 0xe730, 0xff6f,
  0xffb3, 0xffb3, 0xffb4, 0xffb4, 0xffb4, 0xffb4, 0xffb4, 0xffb4, 0xffb4, 0xffb4, 0xffb4, 0xffb4,
  0xffb4, 0xffb4, 0xffb4, 0xffb4, 0xffb4, 0xf76d, 0xd6f2, 0x55bd, 0x55bd, 0x55bd, 0x55bd, 0x55bd,
  0x55bd, 0x55bd, 0x55bd, 0x55bd, 0x55bd, 0x55bd, 0x55bd, 0x55bd, 0x55bd, 0x55bd, 0x55bd, 0x55bd,
  0x55bd, 0x55bd, 0x55bd, 0x55bd, 0x55bd, 0x55bd, 0x55bd, 0x55bd, 0x55bd, 0x55bd, 0x55bd, 0x55bd,
  0x55bd, 0x55bd, 0x55bd, 0x55bd, 0x55bd, 0x55bd, 0x55bd, 0x55bd, 0x55bd, 0x55bd, 0x55bd, 0x55bd,
  0x55bd, 0x55bd, 0x55bd, 0x55bd, 0x55bd, 0x55bd, 0x55bd, 0x55bd, 0x55bd, 0x55bd, 0x55bd, 0x55bd,
  0x55bd, 0x55bd, 0x55bd, 0x55bd, 0x55bd, 0x55bd, 0x55bd, 0x55bd, 0x55bd, 0x55bd, 0x55bd, 0x55bd,
  0x55bd, 0x55bd, 0x55bd, 0x55bd, 0x55bd, 0x55bd, 0x55bd, 0x55bd, 0x55bd, 0x55bd, 0x55bd, 0x55bd,
  0x55bd, 0x55bd, 0x55bd, 0x55bd, 0x55bd, 0x55bd, 0x55bd, 0x55bd, 0x55bd, 0x55bd, 0x55bd, 0x55bd,
  0x55bd, 0x55bd, 0x55bd, 0x55bd, 0x55bd, 0x55bd, 0x55bd, 0x55bd, 0x55bd, 0x55bd, 0x55bd, 0x55bd,
  0x55bd, 0x55bd, 0x55bd, 0x55bd, 0x55bd, 0x55bd, 0x55bd, 0x55bd, 0x55bd, 0x55bd, 0x55bd, 0x55bd,
  0x55bd, 0x55bd, 0x55bd, 0x55bd, 0x55bd, 0x55bd, 0x55bd, 0x55bd, 0x55bd, 0x55bd, 0x55bd, 0x55bd,
  0x55bd, 0x55bd, 0x55bd, 0x55bd, 0x55bd, 0x55bd, 0x55bd, 0x55bd, 0x55bd, 0x55bd, 0x55bd, 0x55bd,
  0x55bd, 0x55bd, 0x55bd, 0x55bd, 0x55bd, 0x55bd, 0x55bd, 0x55bd, 0x55bd, 0x55bd, 0x55bd, 0x55bd,
  0x55bd, 0x55bd, 0x55bd, 0x55bd, 0x55bd, 0x55bd, 0x55bd, 0x55bd, 0x55bd, 0x55bd, 0x55bd, 0x55bd,
  0x55bd, 0x55bd, 0x55bd, 0x55bd, 0x55bd, 0x55bd, 0x55bd, 0x55bd, 0x55bd, 0x55bd, 0x55bd, 0x55bd,
  0x55bd, 0x55bd, 0x55bd, 0x55bd, 0x55bd, 0x55bd, 0x55bd, 0x55bd, 0x55bd, 0x55bd, 0x55bd, 0x55bd,
  0x55bd, 0x55bd, 0x55bd, 0x55bd, 0x55bd, 0x55bd, 0x55bd, 0x55bd, 0x55bd, 0x55bd, 0x55bd, 0x55bd,
  0x55bd, 0x55bd, 0x55bd, 0x55bd, 0x55bd, 0x55bd, 0x55bd, 0x55bd, 0x55bd, 0x55bd, 0x55bd, 0x55bd,
  0x55bd, 0x55bd, 0x55bd, 0x55bd, 0x55bd, 0x55bd, 0x55bd, 0x55bd, 0x55bd, 0x55bd, 0x55bd, 0x55bd,
  0x55bd, 0x55bd, 0x55bd, 0x55bd, 0x55bd, 0x55bd, 0x55bd, 0x55bd, 0x55bd, 0x55bd, 0x55bd, 0x55bd,
  0x55bd, 0x55bd, 0x55bd, 0x55bd, 0x55bd, 0x55bd, 0x55bd, 0x55bd, 0x55bd, 0x55bd, 0x55bd, 0x55bd,
  0x55bd, 0x55bd, 0x55bd, 0x55bd, 0x55bd, 0x55bd, 0x55bd, 0x55bd, 0x55bd, 0x55bd, 0x55bd, 0x55bd,
  0x55bd, 0x55bd, 0x55bd, 0x55bd, 0x55bd, 0x55bd, 0x55bd, 0x55bd, 0x55bd, 0x55bd, 0x55bd, 0x55bd,
  0x55bd, 0x55bd, 0x55bd, 0x55bd, 0x55bd, 0x55bd, 0x55bd, 0x55bd, 0x55bd, 0x55bd, 0x55bd, 0x55bd,
  0x55bd, 0x55bd, 0x55bd, 0x55bd, 0x55bd, 0x55bd, 0x55bd, 0x55bd, 0x55bd, 0x55bd, 0x55bd, 0x55dd,
  0x75fb, 0xa678, 0xd712, 0xe710, 0x55bd, 0x4dbd, 0xdf10, 0xff6e, 0xffb3, 0xffb4, 0xffb4, 0xffb3,
  0xffb4, 0xffb4, 0xffb4, 0xffb4, 0xffb4, 0xffb4, 0xffb4, 0xffb4, 0xffb4, 0xffb4, 0xffb4, 0xffb4,
  0xffb3, 0xf76c, 0xc6b4, 0x55bd, 0x55bd, 0x55bd, 0x55bd, 0x55bd, 0x55bd, 0x55bd, 0x55bd, 0x55bd,
  0x55bd, 0x55bd, 0x55bd, 0x55bd, 0x55bd, 0x55bd, 0x55bd, 0x55bd, 0x55bd, 0x55bd, 0x55bd, 0x55bd,
  0x55bd, 0x55bd, 0x55bd, 0x55bd, 0x55bd, 0x55bd, 0x55bd, 0x55bd, 0x55bd, 0x55bd, 0x55bd, 0x55bd,
  0x55bd, 0x55bd, 0x55bd, 0x55bd, 0x55bd, 0x55bd, 0x55bd, 0x55bd, 0x55bd, 0x55bd, 0x55bd, 0x55bd,
  0x55bd, 0x55bd, 0x55bd, 0x55bd, 0x55bd, 0x55bd, 0x55bd, 0x55bd, 0x55bd, 0x55bd, 0x55bd, 0x55bd,
  0x55bd, 0x55bd, 0x55bd, 0x55bd, 0x55bd, 0x55bd, 0x55bd, 0x55bd, 0x55bd, 0x55bd, 0x55bd, 0x55bd,
  0x55bd, 0x55bd, 0x55bd, 0x55bd, 0x55bd, 0x55bd, 0x55bd, 0x55bd, 0x55bd, 0x55bd, 0x55bd, 0x55bd,
  0x55bd, 0x55bd, 0x55bd, 0x55bd, 0x55bd, 0x55bd, 0x55bd, 0x55bd, 0x55bd, 0x55bd, 0x55bd, 0x55bd,
  0x55bd, 0x55bd, 0x55bd, 0x55bd, 0x55bd, 0x55bd, 0x55bd, 0x55bd, 0x55bd, 0x55bd, 0x55bd, 0x55bd,
  0x55bd, 0x55bd, 0x55bd, 0x55bd, 0x55bd, 0x55bd, 0x55bd, 0x55bd, 0x55bd, 0x55bd, 0x55bd, 0x55bd,
  0x55bd, 0x55bd, 0x55bd, 0x55bd, 0x55bd, 0x55bd, 0x55bd, 0x55bd, 0x55bd, 0x55bd, 0x55bd, 0x55bd,
  0x55bd, 0x55bd, 0x55bd, 0x55bd, 0x55bd, 0x55bd, 0x4d9d, 0x55bd, 0x55bd, 0x55bd, 0x559d, 0x55bd,
  0x55bd, 0x55bd, 0x55bd, 0x55bd, 0x55bd, 0x55bd, 0x55bd, 0x55bd, 0x55bd, 0x55bd, 0x55bd, 0x55bd,
  0x55bd, 0x55bd, 0x55bd, 0x55bd, 0x55bd, 0x55bd, 0x55bd, 0x55bd, 0x55bd, 0x55bd, 0x55bd, 0x55bd,
  0x55bd, 0x55bd, 0x55bd, 0x55bd, 0x55bd, 0x55bd, 0x55bd, 0x55bd, 0x55bd, 0x55bd, 0x55bd, 0x55bd,
  0x55bd, 0x55bd, 0x55bd, 0x55bd, 0x55bd, 0x55bd, 0x55bd, 0x55bd, 0x55bd, 0x55bd, 0x55bd, 0x55bd,
  0x55bd, 0x55bd, 0x55bd, 0x55bd, 0x55bd, 0x55bd, 0x55bd, 0x55bd, 0x55bd, 0x55bd, 0x55bd, 0x55bd,
  0x55bd, 0x55bd, 0x55bd, 0x55bd, 0x55bd, 0x55bd, 0x55bd, 0x55bd, 0x55bd, 0x55bd, 0x55bd, 0x55bd,
  0x55bd, 0x55bd, 0x55bd, 0x55bd, 0x55bd, 0x55bd, 0x55bd, 0x55bd, 0x55bd, 0x55bd, 0x55bd, 0x55bd,
  0x55bd, 0x55bd, 0x55bd, 0x55bd, 0x55bd, 0x55bd, 0x55bd, 0x55bd, 0x55bd, 0x55bd, 0x55bd, 0x55bd,
  0x55bd, 0x55bd, 0x55bd, 0x55bd, 0x55bd, 0x55bd, 0x55bd, 0x55bd, 0x55bd, 0x55bd, 0x55bd, 0x55bd,
  0x55bd, 0x55bd, 0x55bd, 0x55bd, 0x55bd, 0x55bd, 0x55bd, 0x55bd, 0x55bd, 0x55bd, 0x55bd, 0x55bd,
  0x55bd, 0x55bd, 0x55bd, 0x55bd, 0x55bd, 0x55bd, 0x55bd, 0x55bd, 0x55bd, 0x55bd, 0x55bd, 0x55bd,
  0x55bd, 0x55bd, 0x55bd, 0x55bd, 0x55bd, 0x55bd, 0x55bd, 0x55bd, 0x55bd, 0x55bd, 0x55bd, 0x55bd,
  0x55bd, 0x55bd, 0x55bd, 0x55bd, 0x55bd, 0x55bd, 0x55bd, 0x55bd, 0x55bd, 0x55bd, 0x55bd, 0x55bc,
  0x55bd, 0x4d9d, 0xdef1, 0xff6e, 0xffb4, 0xffb4, 0xffb4, 0xffb4, 0xffb4, 0xffb4, 0xffb4, 0xffb4,
  0xffb4, 0xffb4, 0xffb4, 0xffb4, 0xffb4, 0xffb4, 0xffb4, 0xffb4, 0xffb2, 0xf76c, 0xb696, 0x55bd,
  0x55bd, 0x55bd, 0x55bd, 0x55bd, 0x55bd, 0x55bd, 0x55bd, 0x55bd, 0x55bd, 0x55bd, 0x55bd, 0x55bd,
  0x55bd, 0x55bd, 0x55bd, 0x55bd, 0x55bd, 0x55bd, 0x55bd, 0x55bd, 0x55bd, 0x55bd, 0x55bd, 0x55bd,
  0x55bd, 0x55bd, 0x55bd, 0x55bd, 0x55bd, 0x55bd, 0x55bd, 0x55bd, 0x55bd, 0x55bd, 0x55bd, 0x55bd,
  0x55bd, 0x55bd, 0x55bd, 0x55bd, 0x55bd, 0x55bd, 0x55bd, 0x55bd, 0x55bd, 0x55bd, 0x55bd, 0x55bd,
  0x55bd, 0x55bd, 0x55bd, 0x55bd, 0x55bd, 0x55bd, 0x55bd, 0x55bd, 0x55bd, 0x55bd, 0x55bd, 0x55bd,
  0x55bd, 0x55bd, 0x55bd, 0x55bd, 0x55bd, 0x55bd, 0x55bd, 0x55bd, 0x55bd, 0x55bd, 0x55bd, 0x55bd,
  0x55bd, 0x55bd, 0x55bd, 0x55bd, 0x55bd, 0x55bd, 0x55bd, 0x55bd, 0x55bd, 0x55bd, 0x55bd, 0x55bd,
  0x55bd, 0x55bd, 0x55bd, 0x55bd, 0x55bd, 0x55bd, 0x55bd, 0x55bd, 0x55bd, 0x55bd, 0x55bd, 0x55bd,
  0x55bd, 0x55bd, 0x55bd, 0x55bd, 0x55bd, 0x55bd, 0x55bd, 0x55bd, 0x55bd, 0x55bd, 0x55bd, 0x55bd,
  0x55bd, 0x55bd, 0x55bd, 0x55bd, 0x55bd, 0x55bd, 0x55bd, 0x55bd, 0x55bd, 0x55bd, 0x55bd, 0x55bd,
  0x55bd, 0x55bd, 0x55bd, 0x55bd, 0x55bd, 0x55bd, 0x55bd, 0x55bd, 0x55bd, 0x55bd, 0x55bd, 0x6dfd,
  0xb6de, 0xdf5e, 0xe77f, 0xdf7f, 0xc6fe, 0x7e1d, 0x4d9d, 0x55bd, 0x55bd, 0x55bd, 0x55bd, 0x55bd,
  0x55bd, 0x55bd, 0x55bd, 0x55bd, 0x55bd, 0x55bd, 0x55bd, 0x55bd, 0x55bd, 0x55bd, 0x55bd, 0x55bd,
  0x55bd, 0x55bd, 0x55bd, 0x55bd, 0x55bd, 0x55bd, 0x55bd, 0x55bd, 0x55bd, 0x55bd, 0x55bd, 0x55bd,
  0x55bd, 0x55bd, 0x55bd, 0x55bd, 0x55bd, 0x55bd, 0x55bd, 0x55bd, 0x55bd, 0x55bd, 0x55bd, 0x55bd,
  0x55bd, 0x55bd, 0x55bd, 0x55bd, 0x55bd, 0x55bd, 0x55bd, 0x55bd, 0x55bd, 0x55bd, 0x55bd, 0x55bd,
  0x55bd, 0x55bd, 0x55bd, 0x55bd, 0x55bd, 0x55bd, 0x55bd, 0x55bd, 0x55bd, 0x55bd, 0x55bd, 0x55bd,
  0x55bd, 0x55bd, 0x55bd, 0x55bd, 0x55bd, 0x55bd, 0x55bd, 0x55bd, 0x55bd, 0x55bd, 0x55bd, 0x55bd,
  0x55bd, 0x55bd, 0x55bd, 0x55bd, 0x55bd, 0x55bd, 0x55bd, 0x55bd, 0x55bd, 0x55bd, 0x55bd, 0x55bd,
  0x55bd, 0x55bd, 0x55bd, 0x55bd, 0x55bd, 0x55bd, 0x55bd, 0x55bd, 0x55bd, 0x55bd, 0x55bd, 0x55bd,
  0x55bd, 0x55bd, 0x55bd, 0x55bd, 0x55bd, 0x55bd, 0x55bd, 0x55bd, 0x55bd, 0x55bd, 0x55bd, 0x55bd,
  0x55bd, 0x55bd, 0x55bd, 0x55bd, 0x55bd, 0x55bd, 0x55bd, 0x55bd, 0x55bd, 0x55bd, 0x55bd, 0x55bd,
  0x55bd, 0x55bd, 0x55bd, 0x55bd, 0x55bd, 0x55bd, 0x55bd, 0x55bd, 0x55bd, 0x55bd, 0x55bd, 0x55bd,
  0x55bd, 0x55bd, 0x55bd, 0x55bd, 0x55bd, 0x55bd, 0x55bd, 0x55bd, 0x55bd, 0x55bd, 0x55bd, 0x55bd,
  0x55bd, 0x55bd, 0x55bd, 0x55bd, 0x55bd, 0x55bd, 0x55bd, 0x55bd, 0x4d9d, 0x4d9d, 0xced4, 0xff6d,
  0xffb4, 0xffb4, 0xffb3, 0xffb3, 0xffb4, 0xffb4, 0xffb4, 0xffb4, 0xffb4, 0xffb4, 0xffb4, 0xffb4,
  0xffb4, 0xffb4, 0xffb4, 0xffb4, 0xff91, 0xf76c, 0x9639, 0x55bd, 0x55bd, 0x55bd, 0x55bd, 0x55bd,
  0x55bd, 0x55bd, 0x55bd, 0x55bd, 0x55bd, 0x55bd, 0x55bd, 0x55bd, 0x55bd, 0x55bd, 0x55bd, 0x55bd,
  0x55bd, 0x55bd, 0x55bd, 0x55bd, 0x55bd, 0x55bd, 0x55bd, 0x55bd, 0x55bd, 0x55bd, 0x55bd, 0x55bd,
  0x55bd, 0x55bd, 0x55bd, 0x55bd, 0x55bd, 0x55bd, 0x55bd, 0x55bd, 0x55bd, 0x55bd, 0x55bd, 0x55bd,
  0x55bd, 0x55bd, 0x55bd, 0x55bd, 0x55bd, 0x55bd, 0x55bd, 0x55bd, 0x55bd, 0x55bd, 0x55bd, 0x55bd,
  0x55bd, 0x55bd, 0x55bd, 0x55bd, 0x55bd, 0x55bd, 0x55bd, 0x55bd, 0x55bd, 0x55bd, 0x55bd, 0x55bd,
  0x55bd, 0x55bd, 0x55bd, 0x55bd, 0x55bd, 0x55bd, 0x55bd, 0x55bd, 0x55bd, 0x55bd, 0x55bd, 0x55bd,
  0x55bd, 0x55bd, 0x55bd, 0x55bd, 0x55bd, 0x55bd, 0x55bd, 0x55bd, 0x55bd, 0x55bd, 0x55bd, 0x55bd,
  0x55bd, 0x55bd, 0x55bd, 0x55bd, 0x55bd, 0x55bd, 0x55bd, 0x55bd, 0x55bd, 0x55bd, 0x55bd, 0x55bd,
  0x55bd, 0x55bd, 0x55bd, 0x55bd, 0x55bd, 0x55bd, 0x55bd, 0x55bd, 0x55bd, 0x55bd, 0x55bd, 0x55bd,
  0x55bd, 0x55bd, 0x55bd, 0x55bd, 0x55bd, 0x55bd, 0x55bd, 0x55bd, 0x55bd, 0x55bd, 0x55bd, 0x55bd,
  0x55bd, 0x55bd, 0x55bd, 0x55bd, 0x55bd, 0x55bd, 0xa69e, 0xf7df, 0xffff, 0xffff, 0xffff, 0xffff,
  0xffdf, 0xffdf, 0xc6fe, 0x65dd, 0x55bd, 0x55bd, 0x55bd, 0x55bd, 0x55bd, 0x55bd, 0x55bd, 0x55bd,
  0x55bd, 0x55bd, 0x55bd, 0x55bd, 0x55bd, 0x55bd, 0x55bd, 0x55bd, 0x55bd, 0x55bd, 0x55bd, 0x55bd,
  0x55bd, 0x55bd, 0x55bd, 0x55bd, 0x55bd, 0x55bd, 0x55bd, 0x55bd, 0x55bd, 0x55bd, 0x55bd, 0x55bd,
  0x55bd, 0x55bd, 0x55bd, 0x55bd, 0x55bd, 0x55bd, 0x55bd, 0x55bd, 0x55bd, 0x55bd, 0x55bd, 0x55bd,
  0x55bd, 0x55bd, 0x55bd, 0x55bd, 0x55bd, 0x55bd, 0x55bd, 0x55bd, 0x55bd, 0x55bd, 0x55bd, 0x55bd,
  0x55bd, 0x55bd, 0x55bd, 0x55bd, 0x55bd, 0x55bd, 0x55bd, 0x55bd, 0x55bd, 0x55bd, 0x55bd, 0x55bd,
  0x55bd, 0x55bd, 0x55bd, 0x55bd, 0x55bd, 0x55bd, 0x55bd, 0x55bd, 0x55bd, 0x55bd, 0x55bd, 0x55bd,
  0x55bd, 0x55bd, 0x55bd, 0x55bd, 0x55bd, 0x55bd, 0x55bd, 0x55bd, 0x55bd, 0x55bd, 0x55bd, 0x55bd,
  0x55bd, 0x55bd, 0x55bd, 0x55bd, 0x55bd, 0x55bd, 0x55bd, 0x55bd, 0x55bd, 0x55bd, 0x55bd, 0x55bd,
  0x55bd, 0x55bd, 0x55bd, 0x55bd, 0x55bd, 0x55bd, 0x55bd, 0x55bd, 0x55bd, 0x55bd, 0x55bd, 0x55bd,
  0x55bd, 0x55bd, 0x55bd, 0x55bd, 0x55bd, 0x55bd, 0x55bd, 0x55bd, 0x55bd, 0x55bd, 0x55bd, 0x55bd,
  0x55bd, 0x55bd, 0x55bd, 0x55bd, 0x55bd, 0x55bd, 0x55bd, 0x55bd, 0x55bd, 0x55bd, 0x55bd, 0x55bd,
  0x55bd, 0x55bd, 0x55bd, 0x55bd, 0x55bd, 0x55bd, 0x55bd, 0x55bd, 0x55bd, 0x55bd, 0x55bd, 0x55bd,
  0x55bd, 0x55bd, 0x55bd, 0x559d, 0x55bd, 0x55bd, 0xae78, 0xff4d, 0xff92, 0xffb3, 0xffb3, 0xffb4,
  0xffb4, 0xffb4, 0xffb4, 0xffb4, 0xffb4, 0xffb4, 0xffb4, 0xffb4, 0xffb4, 0xffb4, 0xffb4, 0xffb4,
  0xff6f, 0xf74e, 0x65dc, 0x55bd, 0x559d, 0x55bd, 0x55bd, 0x55bd, 0x55bd, 0x55bd, 0x55bd, 0x55bd,
  0x55bd, 0x55bd, 0x55bd, 0x55bd, 0x55bd, 0x55bd, 0x55bd, 0x55bd, 0x55bd, 0x55bd, 0x55bd, 0x55bd,
  0x55bd, 0x55bd, 0x55bd, 0x55bd, 0x55bd, 0x55bd, 0x55bd, 0x55bd, 0x55bd, 0x55bd, 0x55bd, 0x55bd,
  0x55bd, 0x55bd, 0x55bd, 0x55bd, 0x55bd, 0x55bd, 0x55bd, 0x55bd, 0x55bd, 0x55bd, 0x55bd, 0x55bd,
  0x55bd, 0x55bd, 0x55bd, 0x55bd, 0x55bd, 0x55bd, 0x55bd, 0x55bd, 0x55bd, 0x55bd, 0x55bd, 0x55bd,
  0x55bd, 0x55bd, 0x55bd, 0x55bd, 0x55bd, 0x55bd, 0x55bd, 0x55bd, 0x55bd, 0x55bd, 0x55bd, 0x55bd,
  0x55bd, 0x55bd, 0x55bd, 0x55bd, 0x55bd, 0x55bd, 0x55bd, 0x55bd, 0x55bd, 0x55bd, 0x55bd, 0x55bd,
  0x55bd, 0x55bd, 0x55bd, 0x55bd, 0x55bd, 0x55bd, 0x55bd, 0x55bd, 0x55bd, 0x55bd, 0x55bd, 0x55bd,
  0x55bd, 0x55bd, 0x55bd, 0x55bd, 0x55bd, 0x55bd, 0x55bd, 0x55bd, 0x55bd, 0x55bd, 0x55bd, 0x55bd,
  0x55bd, 0x55bd, 0x55bd, 0x55bd, 0x55bd, 0x55bd, 0x55bd, 0x55bd, 0x55bd, 0x55bd, 0x55bd, 0x55bd,
  0x55bd, 0x55bd, 0x55bd, 0x55bd, 0x55bd, 0x75fd, 0xbede, 0xdf7e, 0xefbf, 0xe79f, 0xcf1e, 0x8e3d,
  0x55bd, 0x9e7d, 0xf7df, 0xffff, 0xffff, 0xffff, 0xffff, 0xffff, 0xffff, 0xffff, 0xffff, 0xd75e,
  0x5dbd, 0x559d, 0x55bd, 0x55bd, 0x55bd, 0x55bd, 0x55bd, 0x55bd, 0x55bd, 0x55bd, 0x55bd, 0x55bd,
  0x55bd, 0x55bd, 0x55bd, 0x55bd, 0x55bd, 0x55bd, 0x55bd, 0x55bd, 0x55bd, 0x55bd, 0x55bd, 0x55bd,
  0x55bd, 0x55bd, 0x55bd, 0x55bd, 0x55bd, 0x55bd, 0x55bd, 0x55bd, 0x55bd, 0x55bd, 0x55bd, 0x55bd,
  0x55bd, 0x55bd, 0x55bd, 0x55bd, 0x55bd, 0x55bd, 0x55bd, 0x55bd, 0x55bd, 0x55bd, 0x55bd, 0x55bd,
  0x55bd, 0x55bd, 0x55bd, 0x55bd, 0x55bd, 0x55bd, 0x55bd, 0x55bd, 0x55bd, 0x55bd, 0x55bd, 0x55bd,
  0x55bd, 0x55bd, 0x55bd, 0x55bd, 0x55bd, 0x55bd, 0x55bd, 0x55bd, 0x55bd, 0x55bd, 0x55bd, 0x55bd,
  0x55bd, 0x55bd, 0x55bd, 0x55bd, 0x55bd, 0x55bd, 0x55bd, 0x55bd, 0x55bd, 0x55bd, 0x55bd, 0x55bd,
  0x55bd, 0x55bd, 0x55bd, 0x55bd, 0x55bd, 0x55bd, 0x55bd, 0x55bd, 0x55bd, 0x55bd, 0x55bd, 0x55bd,
  0x55bd, 0x55bd, 0x55bd, 0x55bd, 0x55bd, 0x55bd, 0x55bd, 0x55bd, 0x55bd, 0x55bd, 0x55bd, 0x55bd,
  0x55bd, 0x55bd, 0x55bd, 0x55bd, 0x55bd, 0x55bd, 0x55bd, 0x55bd, 0x55bd, 0x55bd, 0x55bd, 0x55bd,
  0x55bd, 0x55bd, 0x55bd, 0x55bd, 0x55bd, 0x55bd, 0x55bd, 0x55bd, 0x55bd, 0x55bd, 0x55bd, 0x55bd,
  0x55bd, 0x55bd, 0x55bd, 0x55bd, 0x55bd, 0x55bd, 0x55bd, 0x55bd, 0x55bd, 0x55bd, 0x55bd, 0x55bd,
  0x55bd, 0x55bd, 0x55bd, 0x55bd, 0x55bd, 0x55bd, 0x55bd, 0x55bd, 0x55bd, 0x55bd, 0x55bd, 0x55bd,
  0x55bd, 0x55bd, 0x75fb, 0xf74d, 0xff6f, 0xffb3, 0xffb4, 0xffb4, 0xffb4, 0xffb4, 0xffb4, 0xffb4,
  0xffb4, 0xffb4, 0xffb4, 0xffb4, 0xffb4, 0xffb4, 0xffb4, 0xffb3, 0xff6d, 0xd6f4, 0x55bd, 0x55bd,
  0x6ddc, 0x7dfb, 0x55bd, 0x55bd, 0x55bd, 0x55bd, 0x55bd, 0x55bd, 0x55bd, 0x55bd, 0x55bd, 0x55bd,
  0x55bd, 0x55bd, 0x55bd, 0x55bd, 0x55bd, 0x55bd, 0x55bd, 0x55bd, 0x55bd, 0x55bd, 0x55bd, 0x55bd,
  0x55bd, 0x55bd, 0x55bd, 0x55bd, 0x55bd, 0x55bd, 0x55bd, 0x55bd, 0x55bd, 0x55bd, 0x55bd, 0x55bd,
  0x55bd, 0x55bd, 0x55bd, 0x55bd, 0x55bd, 0x55bd, 0x55bd, 0x55bd, 0x55bd, 0x55bd, 0x55bd, 0x55bd,
  0x55bd, 0x55bd, 0x55bd, 0x55bd, 0x55bd, 0x55bd, 0x55bd, 0x55bd, 0x55bd, 0x55bd, 0x55bd, 0x55bd,
  0x55bd, 0x55bd, 0x55bd, 0x55bd, 0x55bd, 0x55bd, 0x55bd, 0x55bd, 0x55bd, 0x55bd, 0x55bd, 0x55bd,
  0x55bd, 0x55bd, 0x55bd, 0x55bd, 0x55bd, 0x55bd, 0x55bd, 0x55bd, 0x55bd, 0x55bd, 0x55bd, 0x55bd,
  0x55bd, 0x55bd, 0x55bd, 0x55bd, 0x55bd, 0x55bd, 0x55bd, 0x55bd, 0x55bd, 0x55bd, 0x55bd, 0x55bd,
  0x55bd, 0x55bd, 0x55bd, 0x55bd, 0x55bd, 0x55bd, 0x55bd, 0x55bd, 0x55bd, 0x55bd, 0x55bd, 0x55bd,
  0x55bd, 0x55bd, 0x55bd, 0x55bd, 0x55bd, 0x55bd, 0x55bd, 0x55bd, 0x55bd, 0x55bd, 0x55bd, 0x55bd,
  0xa69d, 0xf7df, 0xffff, 0xffff, 0xffff, 0xffff, 0xffff, 0xffdf, 0xc6fe, 0xefbf, 0xffff, 0xffff,
  0xffff, 0xffff, 0xffff, 0xffff, 0xffff, 0xffff, 0xffff, 0xffff, 0xaebe, 0x4d9d, 0x55bd, 0x55bd,
  0x55bd, 0x55bd, 0x55bd, 0x55bd, 0x55bd, 0x55bd, 0x55bd, 0x55bd, 0x55bd, 0x55bd, 0x55bd, 0x55bd,
  0x55bd, 0x55bd, 0x55bd, 0x55bd, 0x55bd, 0x55bd, 0x55bd, 0x55bd, 0x55bd, 0x55bd, 0x55bd, 0x55bd,
  0x55bd, 0x55bd, 0x55bd, 0x55bd, 0x55bd, 0x55bd, 0x55bd, 0x55bd, 0x55bd, 0x55bd, 0x55bd, 0x55bd,
  0x55bd, 0x55bd, 0x55bd, 0x55bd, 0x55bd, 0x55bd, 0x55bd, 0x55bd, 0x55bd, 0x55bd, 0x55bd, 0x55bd,
  0x55bd, 0x55bd, 0x55bd, 0x55bd, 0x55bd, 0x55bd, 0x55bd, 0x55bd, 0x55bd, 0x55bd, 0x55bd, 0x55bd,
  0x55bd, 0x55bd, 0x55bd, 0x55bd, 0x55bd, 0x55bd, 0x55bd, 0x55bd, 0x55bd, 0x55bd, 0x55bd, 0x55bd,
  0x55bd, 0x55bd, 0x55bd, 0x55bd, 0x55bd, 0x55bd, 0x55bd, 0x55bd, 0x55bd, 0x55bd, 0x55bd, 0x55bd,
  0x55bd, 0x55bd, 0x55bd, 0x55bd, 0x55bd, 0x55bd, 0x55bd, 0x55bd, 0x55bd, 0x55bd, 0x55bd, 0x55bd,
  0x55bd, 0x55bd, 0x55bd, 0x55bd, 0x55bd, 0x55bd, 0x55bd, 0x55bd, 0x55bd, 0x55bd, 0x55bd, 0x55bd,
  0x55bd, 0x55bd, 0x55bd, 0x55bd, 0x55bd, 0x55bd, 0x55bd, 0x55bd, 0x55bd, 0x55bd, 0x55bd, 0x55bd,
  0x55bd, 0x55bd, 0x55bd, 0x55bd, 0x55bd, 0x55bd, 0x55bd, 0x55bd, 0x55bd, 0x55bd, 0x55bd, 0x55bd,
  0x55bd, 0x55bd, 0x55bd, 0x55bd, 0x55bd, 0x55bd, 0x55bd, 0x55bd, 0x55bd, 0x55bd, 0x55bd, 0x55bd,
  0x55bd, 0x55bd, 0x55bd, 0x55bd, 0x55bd, 0x55bd, 0x55bd, 0x55bd, 0x55bd, 0x55bd, 0x55bd, 0xdef2,
  0xf74c, 0xffb3, 0xffb4, 0xffb4, 0xffb4, 0xffb4, 0xffb4, 0xffb4, 0xffb4, 0xffb4, 0xffb4, 0xffb4,
  0xffb4, 0xffb4, 0xffb4, 0xff90, 0xff6c, 0x963a, 0x55bd, 0x55bd, 0xbeb7, 0xf76c, 0xc6b4, 0x75db,
  0x55bd, 0x55bd, 0x55bd, 0x55bd, 0x55bd, 0x55bd, 0x55bd, 0x55bd, 0x55bd, 0x55bd, 0x55bd, 0x55bd,
  0x55bd, 0x55bd, 0x55bd, 0x55bd, 0x55bd, 0x55bd, 0x55bd, 0x55bd, 0x55bd, 0x55bd, 0x55bd, 0x55bd,
  0x55bd, 0x55bd, 0x55bd, 0x55bd, 0x55bd, 0x55bd, 0x55bd, 0x55bd, 0x55bd, 0x55bd, 0x55bd, 0x55bd,
  0x55bd, 0x55bd, 0x55bd, 0x55bd, 0x55bd, 0x55bd, 0x55bd, 0x55bd, 0x55bd, 0x55bd, 0x55bd, 0x55bd,
  0x55bd, 0x55bd, 0x55bd, 0x55bd, 0x55bd, 0x55bd, 0x55bd, 0x55bd, 0x55bd, 0x55bd, 0x55bd, 0x55bd,
  0x55bd, 0x55bd, 0x55bd, 0x55bd, 0x55bd, 0x55bd, 0x55bd, 0x55bd, 0x55bd, 0x55bd, 0x55bd, 0x55bd,
  0x55bd, 0x55bd, 0x55bd, 0x55bd, 0x55bd, 0x55bd, 0x55bd, 0x55bd, 0x55bd, 0x55bd, 0x55bd, 0x55bd,
  0x55bd, 0x55bd, 0x55bd, 0x55bd, 0x55bd, 0x55bd, 0x55bd, 0x55bd, 0x55bd, 0x55bd, 0x55bd, 0x55bd,
  0x55bd, 0x55bd, 0x55bd, 0x55bd, 0x55bd, 0x55bd, 0x55bd, 0x55bd, 0x55bd, 0x55bd, 0x55bd, 0x55bd,
  0x55bd, 0x55bd, 0x55bd, 0x55bd, 0x55bd, 0x55bd, 0x55bd, 0x965d, 0xf7df, 0xffff, 0xffff, 0xffff,
  0xffff, 0xffff, 0xffff, 0xffff, 0xffff, 0xffff, 0xffff, 0xffff, 0xffff, 0xffff, 0xffff, 0xffff,
  0xffff, 0xffff, 0xffff, 0xffff, 0xefbf, 0x5dbd, 0x55bd, 0x55bd, 0x559d, 0x55bd, 0x55bd, 0x55bd,
  0x55bd, 0x55bd, 0x55bd, 0x55bd, 0x55bd, 0x55bd, 0x55bd, 0x55bd, 0x55bd, 0x55bd, 0x55bd, 0x55bd,
  0x55bd, 0x55bd, 0x55bd, 0x55bd, 0x55bd, 0x55bd, 0x55bd, 0x55bd, 0x55bd, 0x55bd, 0x55bd, 0x55bd,
  0x55bd, 0x55bd, 0x55bd, 0x55bd, 0x55bd, 0x55bd, 0x55bd, 0x55bd, 0x55bd, 0x55bd, 0x55bd, 0x55bd,
  0x55bd, 0x55bd, 0x55bd, 0x55bd, 0x55bd, 0x55bd, 0x55bd, 0x55bd, 0x55bd, 0x55bd, 0x55bd, 0x55bd,
  0x55bd, 0x55bd, 0x55bd, 0x55bd, 0x55bd, 0x55bd, 0x55bd, 0x55bd, 0x55bd, 0x55bd, 0x55bd, 0x55bd,
  0x55bd, 0x55bd, 0x55bd, 0x55bd, 0x55bd, 0x55bd, 0x55bd, 0x55bd, 0x55bd, 0x55bd, 0x55bd, 0x55bd,
  0x55bd, 0x55bd, 0x55bd, 0x55bd, 0x55bd, 0x55bd, 0x55bd, 0x55bd, 0x55bd, 0x55bd, 0x55bd, 0x55bd,
  0x55bd, 0x55bd, 0x55bd, 0x55bd, 0x55bd, 0x55bd, 0x55bd, 0x55bd, 0x55bd, 0x55bd, 0x55bd, 0x55bd,
  0x55bd, 0x55bd, 0x55bd, 0x55bd, 0x55bd, 0x55bd, 0x55bd, 0x55bd, 0x55bd, 0x55bd, 0x55bd, 0x55bd,
  0x55bd, 0x55bd, 0x55bd, 0x55bd, 0x55bd, 0x55bd, 0x55bd, 0x55bd, 0x55bd, 0x55bd, 0x55bd, 0x55bd,
  0x55bd, 0x55bd, 0x55bd, 0x55bd, 0x55bd, 0x55bd, 0x55bd, 0x55bd, 0x55bd, 0x55bd, 0x55bd, 0x55bd,
  0x55bd, 0x55bd, 0x55bd, 0x55bd, 0x55bd, 0x55bd, 0x55bd, 0x55bd, 0x55bd, 0x55bd, 0x55bd, 0x55bd,
  0x55bd, 0x55bd, 0x55bd, 0x55bd, 0x55bd, 0x55bd, 0x55bd, 0x9619, 0xf74c, 0xff6f, 0xffb3, 0xffb4,
  0xffb3, 0xffb4, 0xffb4, 0xffb4, 0xffb4, 0xffb4, 0xffb4, 0xffb4, 0xffb4, 0xffb4, 0xffb2, 0xff6c,
  0xdf11, 0x55bd, 0x55bd, 0x55bd, 0x5dbd, 0xae78, 0xe74f, 0xf76c, 0x861a, 0x55bd, 0x55bd, 0x55bd,
  0x55bd, 0x55bd, 0x55bd, 0x55bd, 0x55bd, 0x55bd, 0x55bd, 0x55bd, 0x55bd, 0x55bd, 0x55bd, 0x55bd,
  0x55bd, 0x55bd, 0x55bd, 0x55bd, 0x55bd, 0x55bd, 0x55bd, 0x55bd, 0x55bd, 0x55bd, 0x55bd, 0x55bd,
  0x55bd, 0x55bd, 0x55bd, 0x55bd, 0x55bd, 0x55bd, 0x55bd, 0x55bd, 0x55bd, 0x55bd, 0x55bd, 0x55bd,
  0x55bd, 0x55bd, 0x55bd, 0x55bd, 0x55bd, 0x55bd, 0x55bd, 0x55bd, 0x55bd, 0x55bd, 0x55bd, 0x55bd,
  0x55bd, 0x55bd, 0x55bd, 0x55bd, 0x55bd, 0x55bd, 0x55bd, 0x55bd, 0x55bd, 0x55bd, 0x55bd, 0x55bd,
  0x55bd, 0x55bd, 0x55bd, 0x55bd, 0x55bd, 0x55bd, 0x55bd, 0x55bd, 0x55bd, 0x55bd, 0x55bd, 0x55bd,
  0x55bd, 0x55bd, 0x55bd, 0x55bd, 0x55bd, 0x55bd, 0x55bd, 0x55bd, 0x55bd, 0x55bd, 0x55bd, 0x55bd,
  0x55bd, 0x55bd, 0x55bd, 0x55bd, 0x55bd, 0x55bd, 0x55bd, 0x55bd, 0x55bd, 0x55bd, 0x55bd, 0x55bd,
  0x55bd, 0x55bd, 0x55bd, 0x55bd, 0x55bd, 0x55bd, 0x55bd, 0x55bd, 0x55bd, 0x55bd, 0x55bd, 0x55bd,
  0x55bd, 0x55bd, 0x5ddd, 0xefbf, 0xffff, 0xffff, 0xffff, 0xffff, 0xffff, 0xffff, 0xffff, 0xffff,
  0xffff, 0xffff, 0xffff, 0xffff, 0xffff, 0xffff, 0xffff, 0xffff, 0xffff, 0xffff, 0xffff, 0xffff,
  0xffff, 0x9e5d, 0x55bd, 0x55bd, 0x55bd, 0x55bd, 0x55bd, 0x55bd, 0x55bd, 0x55bd, 0x55bd, 0x55bd,
  0x55bd, 0x55bd, 0x55bd, 0x55bd, 0x55bd, 0x55bd, 0x55bd, 0x55bd, 0x55bd, 0x55bd, 0x55bd, 0x55bd,
  0x55bd, 0x55bd, 0x55bd, 0x55bd, 0x55bd, 0x55bd, 0x55bd, 0x55bd, 0x55bd, 0x55bd, 0x55bd, 0x55bd,
  0x55bd, 0x55bd, 0x55bd, 0x55bd, 0x55bd, 0x55bd, 0x55bd, 0x55bd, 0x55bd, 0x55bd, 0x55bd, 0x55bd,
  0x55bd, 0x55bd, 0x55bd, 0x55bd, 0x55bd, 0x55bd, 0x55bd, 0x55bd, 0x55bd, 0x55bd, 0x55bd, 0x55bd,
  0x55bd, 0x55bd, 0x55bd, 0x55bd, 0x55bd, 0x55bd, 0x55bd, 0x55bd, 0x55bd, 0x55bd, 0x55bd, 0x55bd,
  0x55bd, 0x55bd, 0x55bd, 0x55bd, 0x55bd, 0x55bd, 0x55bd, 0x55bd, 0x55bd, 0x55bd, 0x55bd, 0x55bd,
  0x55bd, 0x55bd, 0x55bd, 0x55bd, 0x55bd, 0x55bd, 0x55bd, 0x55bd, 0x55bd, 0x55bd, 0x55bd, 0x55bd,
  0x55bd, 0x55bd, 0x55bd, 0x55bd, 0x55bd, 0x55bd, 0x55bd, 0x55bd, 0x55bd, 0x55bd, 0x55bd, 0x55bd,
  0x55bd, 0x55bd, 0x55bd, 0x55bd, 0x55bd, 0x55bd, 0x55bd, 0x55bd, 0x55bd, 0x55bd, 0x55bd, 0x55bd,
  0x55bd, 0x55bd, 0x55bd, 0x55bd, 0x55bd, 0x55bd, 0x55bd, 0x55bd, 0x55bd, 0x55bd, 0x55bd, 0x55bd,
  0x55bd, 0x55bd, 0x55bd, 0x55bd, 0x55bd, 0x55bd, 0x55bd, 0x55bd, 0x55bd, 0x55bd, 0x55bd, 0x55bd,
  0x55bd, 0x55bd, 0x55bd, 0x55bd, 0x55bd, 0x55bd, 0x55bd, 0x55bd, 0x55bd, 0x55bd, 0x55bd, 0x55bd,
  0x55bd, 0x55bd, 0x55bd, 0x55bd, 0xced3, 0xf74c, 0xff90, 0xffb3, 0xffb3, 0xffb4, 0xffb4, 0xffb4,
  0xffb4, 0xffb4, 0xffb4, 0xffb4, 0xffb4, 0xffb4, 0xff6e, 0xf74c, 0x861a, 0x55bd, 0x55bd, 0x55bd,
  0x55bd, 0x55bd, 0x5ddc, 0x9639, 0x5ddc, 0x55bd, 0x55bd, 0x55bd, 0x55bd, 0x55bd, 0x55bd, 0x55bd,
  0x55bd, 0x55bd, 0x55bd, 0x55bd, 0x55bd, 0x55bd, 0x55bd, 0x55bd, 0x55bd, 0x55bd, 0x55bd, 0x55bd,
  0x55bd, 0x55bd, 0x55bd, 0x55bd, 0x55bd, 0x55bd, 0x55bd, 0x55bd, 0x55bd, 0x55bd, 0x55bd, 0x55bd,
  0x55bd, 0x55bd, 0x55bd, 0x55bd, 0x55bd, 0x55bd, 0x55bd, 0x55bd, 0x55bd, 0x55bd, 0x55bd, 0x55bd,
  0x55bd, 0x55bd, 0x55bd, 0x55bd, 0x55bd, 0x55bd, 0x55bd, 0x55bd, 0x55bd, 0x55bd, 0x55bd, 0x55bd,
  0x55bd, 0x55bd, 0x55bd, 0x55bd, 0x55bd, 0x55bd, 0x55bd, 0x55bd, 0x55bd, 0x55bd, 0x55bd, 0x55bd,
  0x55bd, 0x55bd, 0x55bd, 0x55bd, 0x55bd, 0x55bd, 0x55bd, 0x55bd, 0x55bd, 0x55bd, 0x55bd, 0x55bd,
  0x55bd, 0x55bd, 0x55bd, 0x55bd, 0x55bd, 0x55bd, 0x55bd, 0x55bd, 0x55bd, 0x55bd, 0x55bd, 0x55bd,
  0x55bd, 0x55bd, 0x55bd, 0x55bd, 0x55bd, 0x55bd, 0x55bd, 0x55bd, 0x55bd, 0x55bd, 0x55bd, 0x55bd,
  0x55bd, 0x55bd, 0x55bd, 0x55bd, 0x55bd, 0x55bd, 0x55bd, 0x55bd, 0x559c, 0x55bd, 0x965d, 0xffff,
  0xffff, 0xffff, 0xffff, 0xffff, 0xffff, 0xffff, 0xffff, 0xffff, 0xffff, 0xffff, 0xffff, 0xffff,
  0xffff, 0xffff, 0xffff, 0xffff, 0xffff, 0xffff, 0xffff, 0xffff, 0xffff, 0xbede, 0x559d, 0x559d,
  0x55bd, 0x55bd, 0x55bd, 0x55bd, 0x55bd, 0x55bd, 0x55bd, 0x55bd, 0x55bd, 0x55bd, 0x55bd, 0x55bd,
  0x55bd, 0x55bd, 0x55bd, 0x55bd, 0x55bd, 0x55bd, 0x55bd, 0x55bd, 0x55bd, 0x55bd, 0x55bd, 0x55bd,
  0x55bd, 0x55bd, 0x55bd, 0x55bd, 0x55bd, 0x55bd, 0x55bd, 0x55bd, 0x55bd, 0x55bd, 0x55bd, 0x55bd,
  0x55bd, 0x55bd, 0x55bd, 0x55bd, 0x55bd, 0x55bd, 0x55bd, 0x55bd, 0x55bd, 0x55bd, 0x55bd, 0x55bd,
  0x55bd, 0x55bd, 0x55bd, 0x55bd, 0x55bd, 0x55bd, 0x55bd, 0x55bd, 0x55bd, 0x55bd, 0x55bd, 0x55bd,
  0x55bd, 0x55bd, 0x55bd, 0x55bd, 0x55bd, 0x55bd, 0x55bd, 0x55bd, 0x55bd, 0x55bd, 0x55bd, 0x55bd,
  0x55bd, 0x55bd, 0x55bd, 0x55bd, 0x55bd, 0x55bd, 0x55bd, 0x55bd, 0x55bd, 0x55bd, 0x55bd, 0x55bd,
  0x55bd, 0x55bd, 0x55bd, 0x55bd, 0x55bd, 0x55bd, 0x55bd, 0x55bd, 0x55bd, 0x55bd, 0x55bd, 0x55bd,
  0x55bd, 0x55bd, 0x55bd, 0x55bd, 0x55bd, 0x55bd, 0x55bd, 0x55bd, 0x55bd, 0x55bd, 0x55bd, 0x55bd,
  0x55bd, 0x55bd, 0x55bd, 0x55bd, 0x55bd, 0x55bd, 0x55bd, 0x55bd, 0x55bd, 0x55bd, 0x55bd, 0x55bd,
  0x55bd, 0x55bd, 0x55bd, 0x55bd, 0x55bd, 0x55bd, 0x55bd, 0x55bd, 0x55bd, 0x55bd, 0x55bd, 0x55bd,
  0x55bd, 0x55bd, 0x55bd, 0x55bd, 0x55bd, 0x55bd, 0x55bd, 0x55bd, 0x55bd, 0x55bd, 0x55bd, 0x55bd,
  0x55bd, 0x55bd, 0x55bd, 0x55bd, 0x55bd, 0x55bd, 0x55bd, 0x55bd, 0x55bd, 0x55bd, 0x55bd, 0x55bd,
  0x65fc, 0xe731, 0xff4c, 0xff90, 0xffb3, 0xffb4, 0xffb4, 0xffb4, 0xffb4, 0xffb4, 0xffb4, 0xffb4,
  0xffb3, 0xff90, 0xf76c, 0xbe95, 0x55bd, 0x55bd, 0x55bd, 0x55bd, 0x55bd, 0x55bd, 0x55bd, 0x55bd,
  0x55bd, 0x55bd, 0x55bd, 0x55bd, 0x55bd, 0x55bd, 0x55bd, 0x55bd, 0x55bd, 0x55bd, 0x55bd, 0x55bd,
  0x55bd, 0x55bd, 0x55bd, 0x55bd, 0x55bd, 0x55bd, 0x55bd, 0x55bd, 0x55bd, 0x55bd, 0x55bd, 0x55bd,
  0x55bd, 0x55bd, 0x55bd, 0x55bd, 0x55bd, 0x55bd, 0x55bd, 0x55bd, 0x55bd, 0x55bd, 0x55bd, 0x55bd,
  0x55bd, 0x55bd, 0x55bd, 0x55bd, 0x55bd, 0x55bd, 0x55bd, 0x55bd, 0x55bd, 0x55bd, 0x55bd, 0x55bd,
  0x55bd, 0x55bd, 0x55bd, 0x55bd, 0x55bd, 0x55bd, 0x55bd, 0x55bd, 0x55bd, 0x55bd, 0x55bd, 0x55bd,
  0x55bd, 0x55bd, 0x55bd, 0x55bd, 0x55bd, 0x55bd, 0x55bd, 0x55bd, 0x55bd, 0x55bd, 0x55bd, 0x55bd,
  0x55bd, 0x55bd, 0x55bd, 0x55bd, 0x55bd, 0x55bd, 0x55bd, 0x55bd, 0x55bd, 0x55bd, 0x55bd, 0x55bd,
  0x55bd, 0x55bd, 0x55bd, 0x55bd, 0x55bd, 0x55bd, 0x55bd, 0x55bd, 0x55bd, 0x55bd, 0x55bd, 0x55bd,
  0x55bd, 0x55bd, 0x55bd, 0x55bd, 0x55bd, 0x55bd, 0x55bd, 0x55bd, 0x55bd, 0x55bd, 0x55bd, 0x55bd,
  0x75fd, 0xb6de, 0xd75e, 0xe77f, 0xdf5e, 0xc6fe, 0xc6fe, 0xffff, 0xffff, 0xffff, 0xffff, 0xffff,
  0xffff, 0xffff, 0xffff, 0xffff, 0xffff, 0xffff, 0xffff, 0xffff, 0xffff, 0xffff, 0xffff, 0xffff,
  0xffff, 0xffff, 0xffff, 0xffff, 0xffff, 0xc6fe, 0x559d, 0x55bd, 0x55bd, 0x55bd, 0x55bd, 0x55bd,
  0x55bd, 0x55bd, 0x55bd, 0x55bd, 0x55bd, 0x55bd, 0x55bd, 0x55bd, 0x55bd, 0x55bd, 0x55bd, 0x55bd,
  0x55bd, 0x55bd, 0x55bd, 0x55bd, 0x55bd, 0x55bd, 0x55bd, 0x55bd, 0x55bd, 0x55bd, 0x55bd, 0x55bd,
  0x55bd, 0x55bd, 0x55bd, 0x55bd, 0x55bd, 0x55bd, 0x55bd, 0x55bd, 0x55bd, 0x55bd, 0x55bd, 0x55bd,
  0x55bd, 0x55bd, 0x55bd, 0x55bd, 0x55bd, 0x55bd, 0x55bd, 0x55bd, 0x55bd, 0x55bd, 0x55bd, 0x55bd,
  0x55bd, 0x55bd, 0x55bd, 0x55bd, 0x55bd, 0x55bd, 0x55bd, 0x55bd, 0x55bd, 0x55bd, 0x55bd, 0x55bd,
  0x55bd, 0x55bd, 0x55bd, 0x55bd, 0x55bd, 0x55bd, 0x55bd, 0x55bd, 0x55bd, 0x55bd, 0x55bd, 0x55bd,
  0x55bd, 0x55bd, 0x55bd, 0x55bd, 0x55bd, 0x55bd, 0x55bd, 0x55bd, 0x55bd, 0x55bd, 0x55bd, 0x55bd,
  0x55bd, 0x55bd, 0x55bd, 0x55bd, 0x55bd, 0x55bd, 0x55bd, 0x55bd, 0x55bd, 0x55bd, 0x55bd, 0x55bd,
  0x55bd, 0x55bd, 0x55bd, 0x55bd, 0x55bd, 0x55bd, 0x55bd, 0x55bd, 0x55bd, 0x55bd, 0x55bd, 0x55bd,
  0x55bd, 0x55bd, 0x55bd, 0x55bd, 0x55bd, 0x55bd, 0x55bd, 0x55bd, 0x55bd, 0x55bd, 0x55bd, 0x55bd,
  0x55bd, 0x55bd, 0x55bd, 0x55bd, 0x55bd, 0x55bd, 0x55bd, 0x55bd, 0x55bd, 0x55bd, 0x55bd, 0x55bd,
  0x55bd, 0x55bd, 0x55bd, 0x55bd, 0x55bd, 0x55bd, 0x55bd, 0x55bd, 0x55bd, 0x55bd, 0x55bd, 0x55bd,
  0x55bd, 0x55bd, 0x55bd, 0x55bd, 0x55bd, 0x55bd, 0x55bd, 0x55bd, 0x55bd, 0x7e1b, 0xef2f, 0xf74c,
  0xff6f, 0xffb3, 0xffb4, 0xffb4, 0xffb3, 0xffb3, 0xffb3, 0xffb3, 0xff8f, 0xf76c, 0xd6f4, 0x5ddc,
  0x55bd, 0x55bd, 0x55bd, 0x55bd, 0x55bd, 0x55bd, 0x55bd, 0x55bd, 0x55bd, 0x55bd, 0x55bd, 0x55bd,
  0x55bd, 0x55bd, 0x55bd, 0x55bd, 0x55bd, 0x55bd, 0x55bd, 0x55bd, 0x55bd, 0x55bd, 0x55bd, 0x55bd,
  0x55bd, 0x55bd, 0x55bd, 0x55bd, 0x55bd, 0x55bd, 0x55bd, 0x55bd, 0x55bd, 0x55bd, 0x55bd, 0x55bd,
  0x55bd, 0x55bd, 0x55bd, 0x55bd, 0x55bd, 0x55bd, 0x55bd, 0x55bd, 0x55bd, 0x55bd, 0x55bd, 0x55bd,
  0x55bd, 0x55bd, 0x55bd, 0x55bd, 0x55bd, 0x55bd, 0x55bd, 0x55bd, 0x55bd, 0x55bd, 0x55bd, 0x55bd,
  0x55bd, 0x55bd, 0x55bd, 0x55bd, 0x55bd, 0x55bd, 0x55bd, 0x55bd, 0x55bd, 0x55bd, 0x55bd, 0x55bd,
  0x55bd, 0x55bd, 0x55bd, 0x55bd, 0x55bd, 0x55bd, 0x55bd, 0x55bd, 0x55bd, 0x55bd, 0x55bd, 0x55bd,
  0x55bd, 0x55bd, 0x55bd, 0x55bd, 0x55bd, 0x55bd, 0x55bd, 0x55bd, 0x55bd, 0x55bd, 0x55bd, 0x55bd,
  0x55bd, 0x55bd, 0x55bd, 0x55bd, 0x55bd, 0x55bd, 0x55bd, 0x55bd, 0x55bd, 0x55bd, 0x55bd, 0x55bd,
  0x55bd, 0x55bd, 0x55bd, 0x55bd, 0x55bd, 0x55bd, 0x55bd, 0xb6de, 0xf7df, 0xffdf, 0xffff, 0xffff,
  0xffff, 0xffff, 0xffff, 0xffff, 0xffff, 0xffff, 0xffff, 0xffff, 0xffff, 0xffff, 0xffff, 0xffff,
  0xffff, 0xffff, 0xffff, 0xffff, 0xffff, 0xffff, 0xffff, 0xffff, 0xffff, 0xffff, 0xffff, 0xffff,
  0xffff, 0xc6fe, 0x55bd, 0x55bd, 0x55bd, 0x55bd, 0x55bd, 0x55bd, 0x55bd, 0x55bd, 0x55bd, 0x55bd,
  0x55bd, 0x55bd, 0x55bd, 0x55bd, 0x55bd, 0x55bd, 0x55bd, 0x55bd, 0x55bd, 0x55bd, 0x55bd, 0x55bd,
  0x55bd, 0x55bd, 0x55bd, 0x55bd, 0x55bd, 0x55bd, 0x55bd, 0x55bd, 0x55bd, 0x55bd, 0x55bd, 0x55bd,
  0x55bd, 0x55bd, 0x55bd, 0x55bd, 0x55bd, 0x55bd, 0x55bd, 0x55bd, 0x55bd, 0x55bd, 0x55bd, 0x55bd,
  0x55bd, 0x55bd, 0x55bd, 0x55bd, 0x55bd, 0x55bd, 0x55bd, 0x55bd, 0x55bd, 0x55bd, 0x55bd, 0x55bd,
  0x55bd, 0x55bd, 0x55bd, 0x55bd, 0x55bd, 0x55bd, 0x55bd, 0x55bd, 0x55bd, 0x55bd, 0x55bd, 0x55bd,
  0x55bd, 0x55bd, 0x55bd, 0x55bd, 0x55bd, 0x55bd, 0x55bd, 0x55bd, 0x55bd, 0x55bd, 0x55bd, 0x55bd,
  0x55bd, 0x55bd, 0x55bd, 0x55bd, 0x55bd, 0x55bd, 0x55bd, 0x55bd, 0x55bd, 0x55bd, 0x55bd, 0x55bd,
  0x55bd, 0x55bd, 0x55bd, 0x55bd, 0x55bd, 0x55bd, 0x55bd, 0x55bd, 0x55bd, 0x55bd, 0x55bd, 0x55bd,
  0x55bd, 0x55bd, 0x55bd, 0x55bd, 0x55bd, 0x55bd, 0x55bd, 0x55bd, 0x55bd, 0x55bd, 0x55bd, 0x55bd,
  0x55bd, 0x55bd, 0x55bd, 0x55bd, 0x55bd, 0x55bd, 0x55bd, 0x55bd, 0x55bd, 0x55bd, 0x55bd, 0x55bd,
  0x55bd, 0x55bd, 0x55bd, 0x55bd, 0x55bd, 0x55bd, 0x55bd, 0x55bd, 0x55bd, 0x55bd, 0x55bd, 0x55bd,
  0x55bd, 0x55bd, 0x55bd, 0x55bd, 0x55bd, 0x55bd, 0x55bd, 0x55bd, 0x55bd, 0x55bd, 0x55bd, 0x55bd,
  0x55bd, 0x55bd, 0x55bd, 0x55bd, 0x559d, 0x4dbd, 0x6dfb, 0xdef2, 0xf74c, 0xff6c, 0xff6f, 0xff91,
  0xffb2, 0xff91, 0xff6f, 0xff6c, 0xf76c, 0xc6b4, 0x5dbd, 0x55bd, 0x55bd, 0x55bd, 0x55bd, 0x55bd,
  0x55bd, 0x55bd, 0x55bd, 0x55bd, 0x55bd, 0x55bd, 0x55bd, 0x55bd, 0x55bd, 0x55bd, 0x55bd, 0x55bd,
  0x55bd, 0x55bd, 0x55bd, 0x55bd, 0x55bd, 0x55bd, 0x55bd, 0x55bd, 0x55bd, 0x55bd, 0x55bd, 0x55bd,
  0x55bd, 0x55bd, 0x55bd, 0x55bd, 0x55bd, 0x55bd, 0x55bd, 0x55bd, 0x55bd, 0x55bd, 0x55bd, 0x55bd,
  0x55bd, 0x55bd, 0x55bd, 0x55bd, 0x55bd, 0x55bd, 0x55bd, 0x55bd, 0x55bd, 0x55bd, 0x55bd, 0x55bd,
  0x55bd, 0x55bd, 0x55bd, 0x55bd, 0x55bd, 0x55bd, 0x55bd, 0x55bd, 0x55bd, 0x55bd, 0x55bd, 0x55bd,
  0x55bd, 0x55bd, 0x55bd, 0x55bd, 0x55bd, 0x55bd, 0x55bd, 0x55bd, 0x55bd, 0x55bd, 0x55bd, 0x55bd,
  0x55bd, 0x55bd, 0x55bd, 0x55bd, 0x55bd, 0x55bd, 0x55bd, 0x55bd, 0x55bd, 0x55bd, 0x55bd, 0x55bd,
  0x55bd, 0x55bd, 0x55bd, 0x55bd, 0x55bd, 0x55bd, 0x55bd, 0x55bd, 0x55bd, 0x55bd, 0x55bd, 0x55bd,
  0x55bd, 0x55bd, 0x55bd, 0x55bd, 0x55bd, 0x55bd, 0x55bd, 0x55bd, 0x55bd, 0x55bd, 0x55bd, 0x55bd,
  0x55bd, 0x55bd, 0xaebe, 0xffff, 0xffff, 0xffff, 0xffff, 0xffff, 0xffff, 0xffff, 0xffff, 0xffff,
  0xffff, 0xffff, 0xffff, 0xffff, 0xffff, 0xffff, 0xffff, 0xffff, 0xffff, 0xffff, 0xffff, 0xffff,
  0xffff, 0xffff, 0xffff, 0xffff, 0xffff, 0xffff, 0xffff, 0xffff, 0xffff, 0xcf3e, 0x9e7d, 0x8e3d,
  0x65dd, 0x55bd, 0x55bd, 0x55bd, 0x55bd, 0x55bd, 0x55bd, 0x55bd, 0x55bd, 0x55bd, 0x55bd, 0x55bd,
  0x55bd, 0x55bd, 0x55bd, 0x55bd, 0x55bd, 0x55bd, 0x55bd, 0x55bd, 0x55bd, 0x55bd, 0x55bd, 0x55bd,
  0x55bd, 0x55bd, 0x55bd, 0x55bd, 0x55bd, 0x55bd, 0x55bd, 0x55bd, 0x55bd, 0x55bd, 0x55bd, 0x55bd,
  0x55bd, 0x55bd, 0x55bd, 0x55bd, 0x55bd, 0x55bd, 0x55bd, 0x55bd, 0x55bd, 0x55bd, 0x55bd, 0x55bd,
  0x55bd, 0x55bd, 0x55bd, 0x55bd, 0x55bd, 0x55bd, 0x55bd, 0x55bd, 0x55bd, 0x55bd, 0x55bd, 0x55bd,
  0x55bd, 0x55bd, 0x55bd, 0x55bd, 0x55bd, 0x55bd, 0x55bd, 0x55bd, 0x55bd, 0x55bd, 0x55bd, 0x55bd,
  0x55bd, 0x55bd, 0x55bd, 0x55bd, 0x55bd, 0x55bd, 0x55bd, 0x55bd, 0x55bd, 0x55bd, 0x55bd, 0x55bd,
  0x55bd, 0x55bd, 0x55bd, 0x55bd, 0x55bd, 0x55bd, 0x55bd, 0x55bd, 0x55bd, 0x55bd, 0x55bd, 0x55bd,
  0x55bd, 0x55bd, 0x55bd, 0x55bd, 0x55bd, 0x55bd, 0x55bd, 0x55bd, 0x55bd, 0x55bd, 0x55bd, 0x55bd,
  0x55bd, 0x55bd, 0x55bd, 0x55bd, 0x55bd, 0x55bd, 0x55bd, 0x55bd, 0x55bd, 0x55bd, 0x55bd, 0x55bd,
  0x55bd, 0x55bd, 0x55bd, 0x55bd, 0x55bd, 0x55bd, 0x55bd, 0x55bd, 0x55bd, 0x55bd, 0x55bd, 0x55bd,
  0x55bd, 0x55bd, 0x55bd, 0x55bd, 0x55bd, 0x55bd, 0x55bd, 0x55bd, 0x55bd, 0x55bd, 0x55bd, 0x55bd,
  0x55bd, 0x55bd, 0x55bd, 0x55bd, 0x55bd, 0x55bd, 0x55bd, 0x55bd, 0x55bd, 0x55bd, 0x9659, 0x861a,
  0x55bd, 0x55bd, 0x55bd, 0x5dbd, 0xa678, 0xe72f, 0xff6b, 0xff6c, 0xff6c, 0xff6c, 0xff4c, 0xe710,
  0x9e39, 0x55bd, 0x55bd, 0x55bd, 0x55bd, 0x55bd, 0x55bd, 0x55bd, 0x55bd, 0x55bd, 0x55bd, 0x55bd,
  0x55bd, 0x55bd, 0x55bd, 0x55bd, 0x55bd, 0x55bd, 0x55bd, 0x55bd, 0x55bd, 0x55bd, 0x55bd, 0x55bd,
  0x55bd, 0x55bd, 0x55bd, 0x55bd, 0x55bd, 0x55bd, 0x55bd, 0x55bd, 0x55bd, 0x55bd, 0x55bd, 0x55bd,
  0x55bd, 0x55bd, 0x55bd, 0x55bd, 0x55bd, 0x55bd, 0x55bd, 0x55bd, 0x55bd, 0x55bd, 0x55bd, 0x55bd,
  0x55bd, 0x55bd, 0x55bd, 0x55bd, 0x55bd, 0x55bd, 0x55bd, 0x55bd, 0x55bd, 0x55bd, 0x55bd, 0x55bd,
  0x55bd, 0x55bd, 0x55bd, 0x55bd, 0x55bd, 0x55bd, 0x55bd, 0x55bd, 0x55bd, 0x55bd, 0x55bd, 0x55bd,
  0x55bd, 0x55bd, 0x55bd, 0x55bd, 0x55bd, 0x55bd, 0x55bd, 0x55bd, 0x55bd, 0x55bd, 0x55bd, 0x55bd,
  0x55bd, 0x55bd, 0x55bd, 0x55bd, 0x55bd, 0x55bd, 0x55bd, 0x55bd, 0x55bd, 0x55bd, 0x55bd, 0x55bd,
  0x55bd, 0x55bd, 0x55bd, 0x55bd, 0x55bd, 0x55bd, 0x55bd, 0x55bd, 0x55bd, 0x55bd, 0x55bd, 0x55bd,
  0x55bd, 0x55bd, 0x55bd, 0x55bd, 0x55bd, 0x55bd, 0x55bd, 0x55bd, 0x55bd, 0x5ddd, 0xf7df, 0xffff,
  0xffff, 0xffff, 0xffff, 0xffff, 0xffff, 0xffff, 0xffff, 0xffff, 0xffff, 0xffff, 0xffff, 0xffff,
  0xffff, 0xffff, 0xffff, 0xffff, 0xffff, 0xffff, 0xffff, 0xffff, 0xffff, 0xffff, 0xffff, 0xffff,
  0xffff, 0xffff, 0xffff, 0xffff, 0xffff, 0xffff, 0xffff, 0xffff, 0xf7bf, 0xb6be, 0x5dbd, 0x559d,
  0x55bd, 0x55bd, 0x55bd, 0x55bd, 0x55bd, 0x55bd, 0x55bd, 0x55bd, 0x55bd, 0x55bd, 0x55bd, 0x55bd,
  0x55bd, 0x55bd, 0x55bd, 0x55bd, 0x55bd, 0x55bd, 0x55bd, 0x55bd, 0x55bd, 0x55bd, 0x55bd, 0x55bd,
  0x55bd, 0x55bd, 0x55bd, 0x55bd, 0x55bd, 0x55bd, 0x55bd, 0x55bd, 0x55bd, 0x55bd, 0x55bd, 0x55bd,
  0x55bd, 0x55bd, 0x55bd, 0x55bd, 0x55bd, 0x55bd, 0x55bd, 0x55bd, 0x55bd, 0x55bd, 0x55bd, 0x55bd,
  0x55bd, 0x55bd, 0x55bd, 0x55bd, 0x55bd, 0x55bd, 0x55bd, 0x55bd, 0x55bd, 0x55bd, 0x55bd, 0x55bd,
  0x55bd, 0x55bd, 0x55bd, 0x55bd, 0x55bd, 0x55bd, 0x55bd, 0x55bd, 0x55bd, 0x55bd, 0x55bd, 0x55bd,
  0x55bd, 0x55bd, 0x55bd, 0x55bd, 0x55bd, 0x55bd, 0x55bd, 0x55bd, 0x55bd, 0x55bd, 0x55bd, 0x55bd,
  0x55bd, 0x55bd, 0x55bd, 0x55bd, 0x55bd, 0x55bd, 0x55bd, 0x55bd, 0x55bd, 0x55bd, 0x55bd, 0x55bd,
  0x55bd, 0x55bd, 0x55bd, 0x55bd, 0x55bd, 0x55bd, 0x55bd, 0x55bd, 0x55bd, 0x55bd, 0x55bd, 0x55bd,
  0x55bd, 0x55bd, 0x55bd, 0x55bd, 0x55bd, 0x55bd, 0x55bd, 0x55bd, 0x55bd, 0x55bd, 0x55bd, 0x55bd,
  0x55bd, 0x55bd, 0x55bd, 0x55bd, 0x55bd, 0x55bd, 0x55bd, 0x55bd, 0x55bd, 0x55bd, 0x55bd, 0x55bd,
  0x55bd, 0x55bd, 0x55bd, 0x55bd, 0x55bd, 0x55bd, 0x55bd, 0x55bd, 0x55bd, 0x55bd, 0x55bd, 0x55bd,
  0x55bd, 0x55bd, 0x55bd, 0x55bd, 0x55bd, 0xae77, 0xf74b, 0xa658, 0x55bd, 0x55bd, 0x55bd, 0x55bd,
  0x55bd, 0x55bc, 0x861a, 0xa678, 0xae97, 0xae98, 0x7e1b, 0x4dbd, 0x4dbd, 0x55bd, 0x55bd, 0x559d,
  0x55bd, 0x55bd, 0x55bd, 0x55bd, 0x55bd, 0x55bd, 0x55bd, 0x55bd, 0x55bd, 0x55bd, 0x55bd, 0x55bd,
  0x55bd, 0x55bd, 0x55bd, 0x55bd, 0x55bd, 0x55bd, 0x55bd, 0x55bd, 0x55bd, 0x55bd, 0x55bd, 0x55bd,
  0x55bd, 0x55bd, 0x55bd, 0x55bd, 0x55bd, 0x55bd, 0x55bd, 0x55bd, 0x55bd, 0x55bd, 0x55bd, 0x55bd,
  0x55bd, 0x55bd, 0x55bd, 0x55bd, 0x55bd, 0x55bd, 0x55bd, 0x55bd, 0x55bd, 0x55bd, 0x55bd, 0x55bd,
  0x55bd, 0x55bd, 0x55bd, 0x55bd, 0x55bd, 0x55bd, 0x55bd, 0x55bd, 0x55bd, 0x55bd, 0x55bd, 0x55bd,
  0x55bd, 0x55bd, 0x55bd, 0x55bd, 0x55bd, 0x55bd, 0x55bd, 0x55bd, 0x55bd, 0x55bd, 0x55bd, 0x55bd,
  0x55bd, 0x55bd, 0x55bd, 0x55bd, 0x55bd, 0x55bd, 0x55bd, 0x55bd, 0x55bd, 0x55bd, 0x55bd, 0x55bd,
  0x55bd, 0x55bd, 0x55bd, 0x55bd, 0x55bd, 0x55bd, 0x55bd, 0x55bd, 0x55bd, 0x55bd, 0x55bd, 0x55bd,
  0x55bd, 0x55bd, 0x55bd, 0x55bd, 0x55bd, 0x55bd, 0x55bd, 0x55bd, 0x55bd, 0x55bd, 0x55bd, 0x55bd,
  0x55bd, 0x55bd, 0x55bd, 0x55bd, 0x55bd, 0x863d, 0xffdf, 0xffff, 0xffff, 0xffff, 0xffff, 0xffff,
  0xffff, 0xffff, 0xffff, 0xffff, 0xffff, 0xffff, 0xffff, 0xffff, 0xffff, 0xffff, 0xffff, 0xffff,
  0xffff, 0xffff, 0xffff, 0xffff, 0xffff, 0xffff, 0xffff, 0xffff, 0xffff, 0xffff, 0xffff, 0xffff,
  0xffff, 0xffff, 0xffff, 0xffff, 0xffff, 0xffff, 0xbefe, 0x559d, 0x55bd, 0x55bd, 0x55bd, 0x55bd,
  0x55bd, 0x55bd, 0x55bd, 0x55bd, 0x55bd, 0x55bd, 0x55bd, 0x55bd, 0x55bd, 0x55bd, 0x55bd, 0x55bd,
  0x55bd, 0x55bd, 0x55bd, 0x55bd, 0x55bd, 0x55bd, 0x55bd, 0x55bd, 0x55bd, 0x55bd, 0x55bd, 0x55bd,
  0x55bd, 0x55bd, 0x55bd, 0x55bd, 0x55bd, 0x55bd, 0x55bd, 0x55bd, 0x55bd, 0x55bd, 0x55bd, 0x55bd,
  0x55bd, 0x55bd, 0x55bd, 0x55bd, 0x55bd, 0x55bd, 0x55bd, 0x55bd, 0x55bd, 0x55bd, 0x55bd, 0x55bd,
  0x55bd, 0x55bd, 0x55bd, 0x55bd, 0x55bd, 0x55bd, 0x55bd, 0x55bd, 0x55bd, 0x55bd, 0x55bd, 0x55bd,
  0x55bd, 0x55bd, 0x55bd, 0x55bd, 0x55bd, 0x55bd, 0x55bd, 0x55bd, 0x55bd, 0x55bd, 0x55bd, 0x55bd,
  0x55bd, 0x55bd, 0x55bd, 0x55bd, 0x55bd, 0x55bd, 0x55bd, 0x55bd, 0x55bd, 0x55bd, 0x55bd, 0x55bd,
  0x55bd, 0x55bd, 0x55bd, 0x55bd, 0x55bd, 0x55bd, 0x55bd, 0x55bd, 0x55bd, 0x55bd, 0x55bd, 0x55bd,
  0x55bd, 0x55bd, 0x55bd, 0x55bd, 0x55bd, 0x55bd, 0x55bd, 0x55bd, 0x55bd, 0x55bd, 0x55bd, 0x55bd,
  0x55bd, 0x55bd, 0x55bd, 0x55bd, 0x55bd, 0x55bd, 0x55bd, 0x55bd, 0x55bd, 0x55bd, 0x55bd, 0x55bd,
  0x55bd, 0x55bd, 0x55bd, 0x55bd, 0x55bd, 0x55bd, 0x55bd, 0x55bd, 0x55bd, 0x55bd, 0x55bd, 0x55bd,
  0x55bd, 0x55bd, 0x55bd, 0x55bd, 0x55bd, 0x55bd, 0x55bd, 0x55bd, 0x55bd, 0x55bd, 0x55bd, 0x55bd,
  0x9659, 0xf74c, 0xb677, 0x55bd, 0x55bd, 0x559d, 0x559d, 0x559d, 0x55bd, 0x55bd, 0x55bd, 0x55bd,
  0x55bd, 0x55bd, 0x55bd, 0x55bd, 0x55bd, 0x55bd, 0x55bd, 0x55bd, 0x55bd, 0x55bd, 0x55bd, 0x55bd,
  0x55bd, 0x55bd, 0x55bd, 0x55bd, 0x55bd, 0x55bd, 0x55bd, 0x55bd, 0x55bd, 0x55bd, 0x55bd, 0x55bd,
  0x55bd, 0x55bd, 0x55bd, 0x55bd, 0x55bd, 0x55bd, 0x55bd, 0x55bd, 0x55bd, 0x55bd, 0x55bd, 0x55bd,
  0x55bd, 0x55bd, 0x55bd, 0x55bd, 0x55bd, 0x55bd, 0x55bd, 0x55bd, 0x55bd, 0x55bd, 0x55bd, 0x55bd,
  0x55bd, 0x55bd, 0x55bd, 0x55bd, 0x55bd, 0x55bd, 0x55bd, 0x55bd, 0x55bd, 0x55bd, 0x55bd, 0x55bd,
  0x55bd, 0x55bd, 0x55bd, 0x55bd, 0x55bd, 0x55bd, 0x55bd, 0x55bd, 0x55bd, 0x55bd, 0x55bd, 0x55bd,
  0x55bd, 0x55bd, 0x55bd, 0x55bd, 0x55bd, 0x55bd, 0x55bd, 0x55bd, 0x55bd, 0x55bd, 0x55bd, 0x55bd,
  0x55bd, 0x55bd, 0x55bd, 0x55bd, 0x55bd, 0x55bd, 0x55bd, 0x55bd, 0x55bd, 0x55bd, 0x55bd, 0x55bd,
  0x55bd, 0x55bd, 0x55bd, 0x55bd, 0x55bd, 0x55bd, 0x55bd, 0x55bd, 0x55bd, 0x55bd, 0x55bd, 0x55bd,
  0x55bd, 0x55bd, 0x55bd, 0x55bd, 0x55bd, 0x55bd, 0x55bd, 0x55bd, 0x55bd, 0x55bd, 0x55bd, 0x55bd,
  0x55bd, 0x8e5d, 0xffff, 0xffff, 0xffff, 0xffff, 0xffff, 0xffff, 0xffff, 0xffff, 0xffff, 0xffff,
  0xffff, 0xffff, 0xffff, 0xffff, 0xffff, 0xffff, 0xffff, 0xffff, 0xffff, 0xffff, 0xffff, 0xffff,
  0xffff, 0xffff, 0xffff, 0xffff, 0xffff, 0xffff, 0xffff, 0xffff, 0xffff, 0xffff, 0xffff, 0xffff,
  0xffff, 0xffff, 0xffdf, 0x75fd, 0x55bd, 0x55bd, 0x55bd, 0x55bd, 0x55bd, 0x55bd, 0x55bd, 0x55bd,
  0x55bd, 0x55bd, 0x55bd, 0x55bd, 0x55bd, 0x55bd, 0x55bd, 0x55bd, 0x55bd, 0x55bd, 0x55bd, 0x55bd,
  0x55bd, 0x55bd, 0x55bd, 0x55bd, 0x55bd, 0x55bd, 0x55bd, 0x55bd, 0x55bd, 0x55bd, 0x55bd, 0x55bd,
  0x55bd, 0x55bd, 0x55bd, 0x55bd, 0x55bd, 0x55bd, 0x55bd, 0x55bd, 0x55bd, 0x55bd, 0x55bd, 0x55bd,
  0x55bd, 0x55bd, 0x55bd, 0x55bd, 0x55bd, 0x55bd, 0x55bd, 0x55bd, 0x55bd, 0x55bd, 0x55bd, 0x55bd,
  0x55bd, 0x55bd, 0x55bd, 0x55bd, 0x55bd, 0x55bd, 0x55bd, 0x55bd, 0x55bd, 0x55bd, 0x55bd, 0x55bd,
  0x55bd, 0x55bd, 0x55bd, 0x55bd, 0x55bd, 0x55bd, 0x55bd, 0x55bd, 0x55bd, 0x55bd, 0x55bd, 0x55bd,
  0x55bd, 0x55bd, 0x55bd, 0x55bd, 0x55bd, 0x55bd, 0x55bd, 0x55bd, 0x55bd, 0x55bd, 0x55bd, 0x55bd,
  0x55bd, 0x55bd, 0x55bd, 0x55bd, 0x55bd, 0x55bd, 0x55bd, 0x55bd, 0x55bd, 0x55bd, 0x55bd, 0x55bd,
  0x55bd, 0x55bd, 0x55bd, 0x55bd, 0x55bd, 0x55bd, 0x55bd, 0x55bd, 0x55bd, 0x55bd, 0x55bd, 0x55bd,
  0x55bd, 0x55bd, 0x55bd, 0x55bd, 0x55bd, 0x55bd, 0x55bd, 0x55bd, 0x55bd, 0x55bd, 0x55bd, 0x55bd,
  0x55bd, 0x55bd, 0x55bd, 0x55bd, 0x55bd, 0x55bd, 0x55bd, 0x55bd, 0x55bd, 0x55bd, 0x55bd, 0x55bd,
  0x55bd, 0x55bd, 0x55bd, 0x55bd, 0x55bd, 0x55bd, 0x55bd, 0x55bd, 0xc6b5, 0xc6d5, 0x55bd, 0x55bd,
  0x55bd, 0x55bd, 0x55bd, 0x55bd, 0x55bd, 0x55bd, 0x55bd, 0x55bd, 0x55bd, 0x55bd, 0x55bd, 0x75fb,
  0xe72f, 0x65dc, 0x55bd, 0x55bd, 0x55bd, 0x55bd, 0x55bd, 0x55bd, 0x55bd, 0x55bd, 0x55bd, 0x55bd,
  0x55bd, 0x55bd, 0x55bd, 0x55bd, 0x55bd, 0x55bd, 0x55bd, 0x55bd, 0x55bd, 0x55bd, 0x55bd, 0x55bd,
  0x55bd, 0x55bd, 0x55bd, 0x55bd, 0x55bd, 0x55bd, 0x55bd, 0x55bd, 0x55bd, 0x55bd, 0x55bd, 0x55bd,
  0x55bd, 0x55bd, 0x55bd, 0x55bd, 0x55bd, 0x55bd, 0x55bd, 0x55bd, 0x55bd, 0x55bd, 0x55bd, 0x55bd,
  0x55bd, 0x55bd, 0x55bd, 0x55bd, 0x55bd, 0x55bd, 0x55bd, 0x55bd, 0x55bd, 0x55bd, 0x55bd, 0x55bd,
  0x55bd, 0x55bd, 0x55bd, 0x55bd, 0x55bd, 0x55bd, 0x55bd, 0x55bd, 0x55bd, 0x55bd, 0x55bd, 0x55bd,
  0x55bd, 0x55bd, 0x55bd, 0x55bd, 0x55bd, 0x55bd, 0x55bd, 0x55bd, 0x55bd, 0x55bd, 0x55bd, 0x55bd,
  0x55bd, 0x55bd, 0x55bd, 0x55bd, 0x55bd, 0x55bd, 0x55bd, 0x55bd, 0x55bd, 0x55bd, 0x55bd, 0x55bd,
  0x55bd, 0x55bd, 0x55bd, 0x55bd, 0x55bd, 0x55bd, 0x55bd, 0x55bd, 0x55bd, 0x55bd, 0x55bd, 0x55bd,
  0x55bd, 0x55bd, 0x55bd, 0x55bd, 0x55bd, 0x55bd, 0x55bd, 0x55bd, 0x55bd, 0x65dd, 0xf7df, 0xffff,
  0xffff, 0xffff, 0xffff, 0xffff, 0xffff, 0xffff, 0xffff, 0xffff, 0xffff, 0xffff, 0xffff, 0xffff,
  0xffff, 0xffff, 0xffff, 0xffff, 0xffff, 0xffff, 0xffff, 0xffff, 0xffff, 0xffff, 0xffff, 0xffff,
  0xffff, 0xffff, 0xffff, 0xffff, 0xffff, 0xffff, 0xffff, 0xffff, 0xffff, 0xffff, 0xffff, 0xa67d,
  0x55bd, 0x55bd, 0x55bd, 0x55bd, 0x55bd, 0x55bd, 0x55bd, 0x55bd, 0x55bd, 0x55bd, 0x55bd, 0x55bd,
  0x55bd, 0x55bd, 0x55bd, 0x55bd, 0x55bd, 0x55bd, 0x55bd, 0x55bd, 0x55bd, 0x55bd, 0x55bd, 0x55bd,
  0x55bd, 0x55bd, 0x55bd, 0x55bd, 0x55bd, 0x55bd, 0x55bd, 0x55bd, 0x55bd, 0x55bd, 0x55bd, 0x55bd,
  0x55bd, 0x55bd, 0x55bd, 0x55bd, 0x55bd, 0x55bd, 0x55bd, 0x55bd, 0x55bd, 0x55bd, 0x55bd, 0x55bd,
  0x55bd, 0x55bd, 0x55bd, 0x55bd, 0x55bd, 0x55bd, 0x55bd, 0x55bd, 0x55bd, 0x55bd, 0x55bd, 0x55bd,
  0x55bd, 0x55bd, 0x55bd, 0x55bd, 0x55bd, 0x55bd, 0x55bd, 0x55bd, 0x55bd, 0x55bd, 0x55bd, 0x55bd,
  0x55bd, 0x55bd, 0x55bd, 0x55bd, 0x55bd, 0x55bd, 0x55bd, 0x55bd, 0x55bd, 0x55bd, 0x55bd, 0x55bd,
  0x55bd, 0x55bd, 0x55bd, 0x55bd, 0x55bd, 0x55bd, 0x55bd, 0x55bd, 0x55bd, 0x55bd, 0x55bd, 0x55bd,
  0x55bd, 0x55bd, 0x55bd, 0x55bd, 0x55bd, 0x55bd, 0x55bd, 0x55bd, 0x55bd, 0x55bd, 0x55bd, 0x55bd,
  0x55bd, 0x55bd, 0x55bd, 0x55bd, 0x55bd, 0x55bd, 0x55bd, 0x55bd, 0x55bd, 0x55bd, 0x55bd, 0x55bd,
  0x55bd, 0x55bd, 0x55bd, 0x55bd, 0x55bd, 0x55bd, 0x55bd, 0x55bd, 0x55bd, 0x55bd, 0x55bd, 0x55bd,
  0x55bd, 0x55bd, 0x55bd, 0x55bd, 0x55bd, 0x55bd, 0x55bd, 0x55bd, 0x55bd, 0x55bd, 0x55bd, 0x55bd,
  0x55bd, 0x55bd, 0x55bd, 0x55bd, 0x55dd, 0x55bd, 0x55bd, 0x55bd, 0x559d, 0x55bd, 0x55bd, 0x55bd,
  0x55bd, 0x55bd, 0x55bd, 0x55bd, 0x55bd, 0x55bd, 0x55bd, 0x8e3a, 0xf76c, 0x75fb, 0x55bd, 0x55bd,
  0x55bd, 0x55bd, 0x55bd, 0x55bd, 0x55bd, 0x55bd, 0x55bd, 0x55bd, 0x55bd, 0x55bd, 0x55bd, 0x55bd,
  0x55bd, 0x55bd, 0x55bd, 0x55bd, 0x55bd, 0x55bd, 0x55bd, 0x55bd, 0x55bd, 0x55bd, 0x55bd, 0x55bd,
  0x55bd, 0x55bd, 0x55bd, 0x55bd, 0x55bd, 0x55bd, 0x55bd, 0x55bd, 0x55bd, 0x55bd, 0x55bd, 0x55bd,
  0x55bd, 0x55bd, 0x55bd, 0x55bd, 0x55bd, 0x55bd, 0x55bd, 0x55bd, 0x55bd, 0x55bd, 0x55bd, 0x55bd,
  0x55bd, 0x55bd, 0x55bd, 0x55bd, 0x55bd, 0x55bd, 0x55bd, 0x55bd, 0x55bd, 0x55bd, 0x55bd, 0x55bd,
  0x55bd, 0x55bd, 0x55bd, 0x55bd, 0x55bd, 0x55bd, 0x55bd, 0x55bd, 0x55bd, 0x55bd, 0x55bd, 0x55bd,
  0x55bd, 0x55bd, 0x55bd, 0x55bd, 0x55bd, 0x55bd, 0x55bd, 0x55bd, 0x55bd, 0x55bd, 0x55bd, 0x55bd,
  0x55bd, 0x55bd, 0x55bd, 0x55bd, 0x55bd, 0x55bd, 0x55bd, 0x55bd, 0x55bd, 0x55bd, 0x55bd, 0x55bd,
  0x55bd, 0x55bd, 0x55bd, 0x55bd, 0x55bd, 0x55bd, 0x55bd, 0x55bd, 0x55bd, 0x55bd, 0x55bd, 0x55bd,
  0x55bd, 0x55bd, 0x55bd, 0x55bd, 0x55bd, 0x55bd, 0xb6bd, 0xffff, 0xffff, 0xffff, 0xffff, 0xffff,
  0xffff, 0xffff, 0xffff, 0xffff, 0xffff, 0xffff, 0xffff, 0xffff, 0xffff, 0xffff, 0xffff, 0xffff,
  0xffff, 0xffff, 0xffff, 0xffff, 0xffff, 0xffff, 0xffff, 0xffff, 0xffff, 0xffff, 0xffff, 0xffff,
  0xffff, 0xffff, 0xffff, 0xffff, 0xffff, 0xffff, 0xffff, 0x963d, 0x55bd, 0x55bd, 0x55bd, 0x55bd,
  0x55bd, 0x55bd, 0x55bd, 0x55bd, 0x55bd, 0x55bd, 0x55bd, 0x55bd, 0x55bd, 0x55bd, 0x55bd, 0x55bd,
  0x55bd, 0x55bd, 0x55bd, 0x55bd, 0x55bd, 0x55bd, 0x55bd, 0x55bd, 0x55bd, 0x55bd, 0x55bd, 0x55bd,
  0x55bd, 0x55bd, 0x55bd, 0x55bd, 0x55bd, 0x55bd, 0x55bd, 0x55bd, 0x55bd, 0x55bd, 0x55bd, 0x55bd,
  0x55bd, 0x55bd, 0x55bd, 0x55bd, 0x55bd, 0x55bd, 0x55bd, 0x55bd, 0x55bd, 0x55bd, 0x55bd, 0x55bd,
  0x55bd, 0x55bd, 0x55bd, 0x55bd, 0x55bd, 0x55bd, 0x55bd, 0x55bd, 0x55bd, 0x55bd, 0x55bd, 0x55bd,
  0x55bd, 0x55bd, 0x55bd, 0x55bd, 0x55bd, 0x55bd, 0x55bd, 0x55bd, 0x55bd, 0x55bd, 0x55bd, 0x55bd,
  0x55bd, 0x55bd, 0x55bd, 0x55bd, 0x55bd, 0x55bd, 0x55bd, 0x55bd, 0x55bd, 0x55bd, 0x55bd, 0x55bd,
  0x55bd, 0x55bd, 0x55bd, 0x55bd, 0x55bd, 0x55bd, 0x55bd, 0x55bd, 0x55bd, 0x55bd, 0x55bd, 0x55bd,
  0x55bd, 0x55bd, 0x55bd, 0x55bd, 0x55bd, 0x55bd, 0x55bd, 0x55bd, 0x55bd, 0x55bd, 0x55bd, 0x55bd,
  0x55bd, 0x55bd, 0x55bd, 0x55bd, 0x55bd, 0x55bd, 0x55bd, 0x55bd, 0x55bd, 0x55bd, 0x55bd, 0x55bd,
  0x55bd, 0x55bd, 0x55bd, 0x55bd, 0x55bd, 0x55bd, 0x55bd, 0x55bd, 0x55bd, 0x55bd, 0x55bd, 0x55bd,
  0x55bd, 0x55bd, 0x55bd, 0x55bd, 0x55bd, 0x55bd, 0x55bd, 0x55bd, 0x55bd, 0x55bd, 0x55bd, 0x55bd,
  0x55bd, 0x55bd, 0x55bd, 0x55bd, 0x55bd, 0x55bd, 0x55bd, 0x55bd, 0x55bd, 0x55bd, 0x55bd, 0x55bd,
  0x55bd, 0x55bd, 0x4dbd, 0x8e1a, 0xf76c, 0x7dfa, 0x55bd, 0x55bd, 0x55bd, 0x55bd, 0x55bd, 0x55bd,
  0x55bd, 0x55bd, 0x55bd, 0x55bd, 0x55bd, 0x55bd, 0x55bd, 0x55bd, 0x55bd, 0x55bd, 0x55bd, 0x55bd,
  0x55bd, 0x55bd, 0x55bd, 0x55bd, 0x55bd, 0x55bd, 0x55bd, 0x55bd, 0x55bd, 0x55bd, 0x55bd, 0x55bd,
  0x55bd, 0x55bd, 0x55bd, 0x55bd, 0x55bd, 0x55bd, 0x55bd, 0x55bd, 0x55bd, 0x55bd, 0x55bd, 0x55bd,
  0x55bd, 0x55bd, 0x55bd, 0x55bd, 0x55bd, 0x55bd, 0x55bd, 0x55bd, 0x55bd, 0x55bd, 0x55bd, 0x55bd,
  0x55bd, 0x55bd, 0x55bd, 0x55bd, 0x55bd, 0x55bd, 0x55bd, 0x55bd, 0x55bd, 0x55bd, 0x55bd, 0x55bd,
  0x55bd, 0x55bd, 0x55bd, 0x55bd, 0x55bd, 0x55bd, 0x55bd, 0x55bd, 0x55bd, 0x55bd, 0x55bd, 0x55bd,
  0x55bd, 0x55bd, 0x55bd, 0x55bd, 0x55bd, 0x55bd, 0x55bd, 0x55bd, 0x55bd, 0x55bd, 0x55bd, 0x55bd,
  0x55bd, 0x55bd, 0x55bd, 0x55bd, 0x55bd, 0x55bd, 0x55bd, 0x55bd, 0x55bd, 0x55bd, 0x55bd, 0x55bd,
  0x55bd, 0x55bd, 0x55bd, 0x55bd, 0x55bd, 0x55bd, 0x55bd, 0x55bd, 0x55bd, 0x55bd, 0x55bd, 0x55bd,
  0x55bd, 0x55bd, 0x559d, 0xb6dd, 0xf7df, 0xffff, 0xffff, 0xffff, 0xffff, 0xffff, 0xffff, 0xffff,
  0xffff, 0xffff, 0xffff, 0xffff, 0xffff, 0xffff, 0xffff, 0xffff, 0xffff, 0xffff, 0xffff, 0xffff,
  0xffff, 0xffff, 0xffff, 0xffff, 0xffff, 0xffff, 0xffff, 0xffff, 0xffff, 0xffff, 0xffff, 0xffff,
  0xffff, 0xffff, 0xef9f, 0x5dbd, 0x559d, 0x55bd, 0x55bd, 0x55bd, 0x55bd, 0x55bd, 0x55bd, 0x55bd,
  0x55bd, 0x55bd, 0x55bd, 0x55bd, 0x55bd, 0x55bd, 0x55bd, 0x55bd, 0x55bd, 0x55bd, 0x55bd, 0x55bd,
  0x55bd, 0x55bd, 0x55bd, 0x55bd, 0x55bd, 0x55bd, 0x55bd, 0x55bd, 0x55bd, 0x55bd, 0x55bd, 0x55bd,
  0x55bd, 0x55bd, 0x55bd, 0x55bd, 0x55bd, 0x55bd, 0x55bd, 0x55bd, 0x55bd, 0x55bd, 0x55bd, 0x55bd,
  0x55bd, 0x55bd, 0x55bd, 0x55bd, 0x55bd, 0x55bd, 0x55bd, 0x55bd, 0x55bd, 0x55bd, 0x55bd, 0x55bd,
  0x55bd, 0x55bd, 0x55bd, 0x55bd, 0x55bd, 0x55bd, 0x55bd, 0x55bd, 0x55bd, 0x55bd, 0x55bd, 0x55bd,
  0x55bd, 0x55bd, 0x55bd, 0x55bd, 0x55bd, 0x55bd, 0x55bd, 0x55bd, 0x55bd, 0x55bd, 0x55bd, 0x55bd,
  0x55bd, 0x55bd, 0x55bd, 0x55bd, 0x55bd, 0x55bd, 0x55bd, 0x55bd, 0x55bd, 0x55bd, 0x55bd, 0x55bd,
  0x55bd, 0x55bd, 0x55bd, 0x55bd, 0x55bd, 0x55bd, 0x55bd, 0x55bd, 0x55bd, 0x55bd, 0x55bd, 0x55bd,
  0x55bd, 0x55bd, 0x55bd, 0x55bd, 0x55bd, 0x55bd, 0x55bd, 0x55bd, 0x55bd, 0x55bd, 0x55bd, 0x55bd,
  0x55bd, 0x55bd, 0x55bd, 0x55bd, 0x55bd, 0x55bd, 0x55bd, 0x55bd, 0x55bd, 0x55bd, 0x55bd, 0x55bd,
  0x55bd, 0x55bd, 0x55bd, 0x55bd, 0x55bd, 0x55bd, 0x55bd, 0x55bd, 0x55bd, 0x55bd, 0x55bd, 0x55bd,
  0x55bd, 0x55bd, 0x55bd, 0x55bd, 0x55bd, 0x55bd, 0x55bd, 0x55bd, 0x55bd, 0x55bd, 0x55bd, 0x55bd,
  0x559d, 0x55bd, 0x55bd, 0x55bd, 0x55bd, 0x55bd, 0x55bd, 0x55bd, 0x55bd, 0x55bd, 0x4dbd, 0x6ddb,
  0xf76c, 0x8e3a, 0x55bd, 0x55bd, 0x55bd, 0x55bd, 0x559d, 0x55bd, 0x55bd, 0x55bd, 0x55bd, 0x55bd,
  0x55bd, 0x55bd, 0x55bd, 0x55bd, 0x55bd, 0x55bd, 0x55bd, 0x55bd, 0x55bd, 0x55bd, 0x55bd, 0x55bd,
  0x55bd, 0x55bd, 0x55bd, 0x55bd, 0x55bd, 0x55bd, 0x55bd, 0x55bd, 0x55bd, 0x55bd, 0x55bd, 0x55bd,
  0x55bd, 0x55bd, 0x55bd, 0x55bd, 0x55bd, 0x55bd, 0x55bd, 0x55bd, 0x55bd, 0x55bd, 0x55bd, 0x55bd,
  0x55bd, 0x55bd, 0x55bd, 0x55bd, 0x55bd, 0x55bd, 0x55bd, 0x55bd, 0x55bd, 0x55bd, 0x55bd, 0x55bd,
  0x55bd, 0x55bd, 0x55bd, 0x55bd, 0x55bd, 0x55bd, 0x55bd, 0x55bd, 0x55bd, 0x55bd, 0x55bd, 0x55bd,
  0x55bd, 0x55bd, 0x55bd, 0x55bd, 0x55bd, 0x55bd, 0x55bd, 0x55bd, 0x55bd, 0x55bd, 0x55bd, 0x55bd,
  0x55bd, 0x55bd, 0x55bd, 0x55bd, 0x55bd, 0x55bd, 0x55bd, 0x55bd, 0x55bd, 0x55bd, 0x55bd, 0x55bd,
  0x55bd, 0x55bd, 0x55bd, 0x55bd, 0x55bd, 0x55bd, 0x55bd, 0x55bd, 0x55bd, 0x55bd, 0x55bd, 0x55bd,
  0x55bd, 0x55bd, 0x55bd, 0x55bd, 0x55bd, 0x55bd, 0x55bd, 0x55bd, 0x55bd, 0x55bd, 0x55bd, 0x55bd,
  0x6dfd, 0xaebe, 0xcf1e, 0xcf1e, 0xbede, 0x9e7d, 0xffff, 0xffff, 0xffff, 0xffff, 0xffff, 0xffff,
  0xffff, 0xffff, 0xffff, 0xffff, 0xffff, 0xffff, 0xffff, 0xffff, 0xffff, 0xffff, 0xffff, 0xffff,
  0xffff, 0xffff, 0xffff, 0xffff, 0xffff, 0xffff, 0xffff, 0xffff, 0xffdf, 0xf7bf, 0x8e3d, 0x55bd,
  0x559d, 0x559d, 0x55bd, 0x55bd, 0x55bd, 0x55bd, 0x55bd, 0x55bd, 0x55bd, 0x55bd, 0x55bd, 0x55bd,
  0x55bd, 0x55bd, 0x55bd, 0x55bd, 0x55bd, 0x55bd, 0x55bd, 0x55bd, 0x55bd, 0x55bd, 0x55bd, 0x55bd,
  0x55bd, 0x55bd, 0x55bd, 0x55bd, 0x55bd, 0x55bd, 0x55bd, 0x55bd, 0x55bd, 0x55bd, 0x55bd, 0x55bd,
  0x55bd, 0x55bd, 0x55bd, 0x55bd, 0x55bd, 0x55bd, 0x55bd, 0x55bd, 0x55bd, 0x55bd, 0x55bd, 0x55bd,
  0x55bd, 0x55bd, 0x55bd, 0x55bd, 0x55bd, 0x55bd, 0x55bd, 0x55bd, 0x55bd, 0x55bd, 0x55bd, 0x55bd,
  0x55bd, 0x55bd, 0x55bd, 0x55bd, 0x55bd, 0x55bd, 0x55bd, 0x55bd, 0x55bd, 0x55bd, 0x55bd, 0x55bd,
  0x55bd, 0x55bd, 0x55bd, 0x55bd, 0x55bd, 0x55bd, 0x55bd, 0x55bd, 0x55bd, 0x55bd, 0x55bd, 0x55bd,
  0x55bd, 0x55bd, 0x55bd, 0x55bd, 0x55bd, 0x55bd, 0x55bd, 0x55bd, 0x55bd, 0x55bd, 0x55bd, 0x55bd,
  0x55bd, 0x55bd, 0x55bd, 0x55bd, 0x55bd, 0x55bd, 0x55bd, 0x55bd, 0x55bd, 0x55bd, 0x55bd, 0x55bd,
  0x55bd, 0x55bd, 0x55bd, 0x55bd, 0x55bd, 0x55bd, 0x55bd, 0x55bd, 0x55bd, 0x55bd, 0x55bd, 0x55bd,
  0x55bd, 0x55bd, 0x55bd, 0x55bd, 0x55bd, 0x55bd, 0x55bd, 0x55bd, 0x55bd, 0x55bd, 0x55bd, 0x55bd,
  0x55bd, 0x55bd, 0x55bd, 0x55bd, 0x55bd, 0x55bd, 0x55bd, 0x55bd, 0x55bd, 0x55bd, 0x55bd, 0x55bd,
  0x55bd, 0x55bd, 0x55bd, 0x55bd, 0x55bd, 0x55bd, 0x55bd, 0x55bd, 0x55bd, 0x55bd, 0x55bd, 0x55bd,
  0x55bd, 0x55bd, 0x55bd, 0x559d, 0x55bd, 0x55bd, 0x55bd, 0x55bc, 0xef4f, 0x9e39, 0x55bd, 0x55bd,
  0x55bd, 0x55bd, 0x55bd, 0x559d, 0x55bd, 0x55bd, 0x55bd, 0x55bd, 0x55bd, 0x55bd, 0x55bd, 0x55bd,
  0x55bd, 0x55bd, 0x55bd, 0x55bd, 0x55bd, 0x55bd, 0x55bd, 0x55bd, 0x55bd, 0x55bd, 0x55bd, 0x55bd,
  0x55bd, 0x55bd, 0x55bd, 0x55bd, 0x55bd, 0x55bd, 0x55bd, 0x55bd, 0x55bd, 0x55bd, 0x55bd, 0x55bd,
  0x55bd, 0x55bd, 0x55bd, 0x55bd, 0x55bd, 0x55bd, 0x55bd, 0x55bd, 0x55bd, 0x55bd, 0x55bd, 0x55bd,
  0x55bd, 0x55bd, 0x55bd, 0x55bd, 0x55bd, 0x55bd, 0x55bd, 0x55bd, 0x55bd, 0x55bd, 0x55bd, 0x55bd,
  0x55bd, 0x55bd, 0x55bd, 0x55bd, 0x55bd, 0x55bd, 0x55bd, 0x55bd, 0x55bd, 0x55bd, 0x55bd, 0x55bd,
  0x55bd, 0x55bd, 0x55bd, 0x55bd, 0x55bd, 0x55bd, 0x55bd, 0x55bd, 0x55bd, 0x55bd, 0x55bd, 0x55bd,
  0x55bd, 0x55bd, 0x55bd, 0x55bd, 0x55bd, 0x55bd, 0x55bd, 0x55bd, 0x55bd, 0x55bd, 0x55bd, 0x55bd,
  0x55bd, 0x55bd, 0x55bd, 0x55bd, 0x55bd, 0x55bd, 0x55bd, 0x55bd, 0x55bd, 0x55bd, 0x55bd, 0x55bd,
  0x55bd, 0x55bd, 0x55bd, 0x55bd, 0x55bd, 0x55bd, 0x55bd, 0x55bd, 0x55bd, 0x55bd, 0x55bd, 0x55bd,
  0x55bd, 0x55bd, 0xe77e, 0xffff, 0xffff, 0xffff, 0xffff, 0xffff, 0xffff, 0xffff, 0xffff, 0xffff,
  0xffff, 0xffff, 0xffff, 0xffff, 0xffff, 0xffff, 0xffff, 0xffff, 0xffff, 0xffff, 0xffff, 0xf7bf,
  0xf7df, 0xffff, 0xffff, 0xf7df, 0xcf1d, 0x75fd, 0x559d, 0x55bd, 0x55bd, 0x55bd, 0x55bd, 0x55bd,
  0x55bd, 0x55bd, 0x55bd, 0x55bd, 0x55bd, 0x55bd, 0x55bd, 0x55bd, 0x55bd, 0x55bd, 0x55bd, 0x55bd,
  0x55bd, 0x55bd, 0x55bd, 0x55bd, 0x55bd, 0x55bd, 0x55bd, 0x55bd, 0x55bd, 0x55bd, 0x55bd, 0x55bd,
  0x55bd, 0x55bd, 0x55bd, 0x55bd, 0x55bd, 0x55bd, 0x55bd, 0x55bd, 0x55bd, 0x55bd, 0x55bd, 0x55bd,
  0x55bd, 0x55bd, 0x55bd, 0x55bd, 0x55bd, 0x55bd, 0x55bd, 0x55bd, 0x55bd, 0x55bd, 0x55bd, 0x55bd,
  0x55bd, 0x55bd, 0x55bd, 0x55bd, 0x55bd, 0x55bd, 0x55bd, 0x55bd, 0x55bd, 0x55bd, 0x55bd, 0x55bd,
  0x55bd, 0x55bd, 0x55bd, 0x55bd, 0x55bd, 0x55bd, 0x55bd, 0x55bd, 0x55bd, 0x55bd, 0x55bd, 0x55bd,
  0x55bd, 0x55bd, 0x55bd, 0x55bd, 0x55bd, 0x55bd, 0x55bd, 0x55bd, 0x55bd, 0x55bd, 0x55bd, 0x55bd,
  0x55bd, 0x55bd, 0x55bd, 0x55bd, 0x55bd, 0x55bd, 0x55bd, 0x55bd, 0x55bd, 0x55bd, 0x55bd, 0x55bd,
  0x55bd, 0x55bd, 0x55bd, 0x55bd, 0x55bd, 0x55bd, 0x55bd, 0x55bd, 0x55bd, 0x55bd, 0x55bd, 0x55bd,
  0x55bd, 0x55bd, 0x55bd, 0x55bd, 0x55bd, 0x55bd, 0x55bd, 0x55bd, 0x55bd, 0x55bd, 0x55bd, 0x55bd,
  0x55bd, 0x55bd, 0x55bd, 0x55bd, 0x55bd, 0x55bd, 0x55bd, 0x55bd, 0x55bd, 0x55bd, 0x55bd, 0x55bd,
  0x55bd, 0x55bd, 0x55bd, 0x55bd, 0x55bd, 0x55bd, 0x55bd, 0x55bd, 0x55bd, 0x55bd, 0x55bd, 0x55bd,
  0x55bd, 0x55bd, 0x55bd, 0x55bd, 0x55bd, 0x55bd, 0x55bd, 0x55bd, 0x55bd, 0x55bd, 0x55bd, 0x55bd,
  0x55bd, 0x55bd, 0x55bd, 0x55bd, 0x65dc, 0x55bd, 0x55bd, 0x559d, 0x55bd, 0x55bd, 0x559d, 0x55bd,
  0x55bd, 0x55bd, 0x55bd, 0x55bd, 0x55bd, 0x55bd, 0x55bd, 0x55bd, 0x55bd, 0x55bd, 0x55bd, 0x55bd,
  0x55bd, 0x55bd, 0x55bd, 0x55bd, 0x55bd, 0x55bd, 0x55bd, 0x55bd, 0x55bd, 0x55bd, 0x55bd, 0x55bd,
  0x55bd, 0x55bd, 0x55bd, 0x55bd, 0x55bd, 0x55bd, 0x55bd, 0x55bd, 0x55bd, 0x55bd, 0x55bd, 0x55bd,
  0x55bd, 0x55bd, 0x55bd, 0x55bd, 0x55bd, 0x55bd, 0x55bd, 0x55bd, 0x55bd, 0x55bd, 0x55bd, 0x55bd,
  0x55bd, 0x55bd, 0x55bd, 0x55bd, 0x55bd, 0x55bd, 0x55bd, 0x55bd, 0x55bd, 0x55bd, 0x55bd, 0x55bd,
  0x55bd, 0x55bd, 0x55bd, 0x55bd, 0x55bd, 0x55bd, 0x55bd, 0x55bd, 0x55bd, 0x55bd, 0x55bd, 0x55bd,
  0x55bd, 0x55bd, 0x55bd, 0x55bd, 0x55bd, 0x55bd, 0x55bd, 0x55bd, 0x55bd, 0x55bd, 0x55bd, 0x55bd,
  0x55bd, 0x55bd, 0x55bd, 0x55bd, 0x55bd, 0x55bd, 0x55bd, 0x55bd, 0x55bd, 0x55bd, 0x55bd, 0x55bd,
  0x55bd, 0x55bd, 0x55bd, 0x55bd, 0x55bd, 0x55bd, 0x55bd, 0x55bd, 0x55bd, 0x55bd, 0x55bd, 0x55bd,
  0x55bd, 0x55bd, 0x55bd, 0x55bd, 0x55bd, 0x55bd, 0x55bd, 0x55bd, 0x55bd, 0x559d, 0x863d, 0xf7df,
  0xffff, 0xffff, 0xffff, 0xffff, 0xffff, 0xffff, 0xffff, 0xffff, 0xffff, 0xffff, 0xffff, 0xf7df,
  0xe79f, 0xffff, 0xffff, 0xffff, 0xffff, 0xffff, 0xf7df, 0x861d, 0x6dfd, 0x861d, 0x8e1d, 0x65dc,
  0x55bd, 0x4d9d, 0x559d, 0x559d, 0x55bd, 0x55bd, 0x55bd, 0x55bd, 0x55bd, 0x55bd, 0x55bd, 0x55bd,
  0x55bd, 0x55bd, 0x55bd, 0x55bd, 0x55bd, 0x55bd, 0x55bd, 0x55bd, 0x55bd, 0x55bd, 0x55bd, 0x55bd,
  0x55bd, 0x55bd, 0x55bd, 0x55bd, 0x55bd, 0x55bd, 0x55bd, 0x55bd, 0x55bd, 0x55bd, 0x55bd, 0x55bd,
  0x55bd, 0x55bd, 0x55bd, 0x55bd, 0x55bd, 0x55bd, 0x55bd, 0x55bd, 0x55bd, 0x55bd, 0x55bd, 0x55bd,
  0x55bd, 0x55bd, 0x55bd, 0x55bd, 0x55bd, 0x55bd, 0x55bd, 0x55bd, 0x55bd, 0x55bd, 0x55bd, 0x55bd,
  0x55bd, 0x55bd, 0x55bd, 0x55bd, 0x55bd, 0x55bd, 0x55bd, 0x55bd, 0x55bd, 0x55bd, 0x55bd, 0x55bd,
  0x55bd, 0x55bd, 0x55bd, 0x55bd, 0x55bd, 0x55bd, 0x55bd, 0x55bd, 0x55bd, 0x55bd, 0x55bd, 0x55bd,
  0x55bd, 0x55bd, 0x55bd, 0x55bd, 0x55bd, 0x55bd, 0x55bd, 0x55bd, 0x55bd, 0x55bd, 0x55bd, 0x55bd,
  0x55bd, 0x55bd, 0x55bd, 0x55bd, 0x55bd, 0x55bd, 0x55bd, 0x55bd, 0x55bd, 0x55bd, 0x55bd, 0x55bd,
  0x55bd, 0x55bd, 0x55bd, 0x55bd, 0x55bd, 0x55bd, 0x55bd, 0x55bd, 0x55bd, 0x55bd, 0x55bd, 0x55bd,
  0x55bd, 0x55bd, 0x55bd, 0x55bd, 0x55bd, 0x55bd, 0x55bd, 0x55bd, 0x55bd, 0x55bd, 0x55bd, 0x55bd,
  0x55bd, 0x55bd, 0x55bd, 0x55bd, 0x55bd, 0x55bd, 0x55bd, 0x55bd, 0x55bd, 0x55bd, 0x55bd, 0x55bd,
  0x55bd, 0x55bd, 0x55bd, 0x55bd, 0x55bd, 0x55bd, 0x55bd, 0x55bd, 0x55bd, 0x55bd, 0x55bd, 0x55bd,
  0x55bd, 0x55bd, 0x55bd, 0x55bd, 0x55bd, 0x55bd, 0x55bd, 0x55bd, 0x55bd, 0x55bd, 0x55bd, 0x55bd,
  0x55bd, 0x55bd, 0x559d, 0x559d, 0x55bd, 0x55bd, 0x55bd, 0x55bd, 0x55bd, 0x55bd, 0x55bd, 0x55bd,
  0x55bd, 0x55bd, 0x55bd, 0x55bd, 0x55bd, 0x55bd, 0x55bd, 0x55bd, 0x55bd, 0x55bd, 0x55bd, 0x55bd,
  0x55bd, 0x55bd, 0x55bd, 0x55bd, 0x55bd, 0x55bd, 0x55bd, 0x55bd, 0x55bd, 0x55bd, 0x55bd, 0x55bd,
  0x55bd, 0x55bd, 0x55bd, 0x55bd, 0x55bd, 0x55bd, 0x55bd, 0x55bd, 0x55bd, 0x55bd, 0x55bd, 0x55bd,
  0x55bd, 0x55bd, 0x55bd, 0x55bd, 0x55bd, 0x55bd, 0x55bd, 0x55bd, 0x55bd, 0x55bd, 0x55bd, 0x55bd,
  0x55bd, 0x55bd, 0x55bd, 0x55bd, 0x55bd, 0x55bd, 0x55bd, 0x55bd, 0x55bd, 0x55bd, 0x55bd, 0x55bd,
  0x55bd, 0x55bd, 0x55bd, 0x55bd, 0x55bd, 0x55bd, 0x55bd, 0x55bd, 0x55bd, 0x55bd, 0x55bd, 0x55bd,
  0x55bd, 0x55bd, 0x55bd, 0x55bd, 0x55bd, 0x55bd, 0x55bd, 0x55bd, 0x55bd, 0x55bd, 0x55bd, 0x55bd,
  0x55bd, 0x55bd, 0x55bd, 0x55bd, 0x55bd, 0x55bd, 0x55bd, 0x55bd, 0x55bd, 0x55bd, 0x55bd, 0x55bd,
  0x55bd, 0x55bd, 0x55bd, 0x55bd, 0x55bd, 0x55bd, 0x55bd, 0x55bd, 0x55bd, 0x55bd, 0x55bd, 0x55bd,
  0x55bd, 0x55bd, 0x55bd, 0x55bd, 0x55bd, 0x55bd, 0x55bd, 0x9e7d, 0xf7df, 0xffff, 0xffff, 0xffff,
  0xffff, 0xffff, 0xffff, 0xffff, 0xffff, 0xffff, 0xf7df, 0x8e3d, 0x75fd, 0xdf5e, 0xffff, 0xffff,
  0xffff, 0xe79e, 0x8e3d, 0x55bd, 0x559d, 0x559d, 0x55bd, 0x55bd, 0x55bd, 0x559d, 0x559d, 0x559d,
  0x55bd, 0x55bd, 0x55bd, 0x55bd, 0x55bd, 0x55bd, 0x55bd, 0x55bd, 0x55bd, 0x55bd, 0x55bd, 0x55bd,
  0x55bd, 0x55bd, 0x55bd, 0x55bd, 0x55bd, 0x55bd, 0x55bd, 0x55bd, 0x55bd, 0x55bd, 0x55bd, 0x55bd,
  0x55bd, 0x55bd, 0x55bd, 0x55bd, 0x55bd, 0x55bd, 0x55bd, 0x55bd, 0x55bd, 0x55bd, 0x55bd, 0x55bd,
  0x55bd, 0x55bd, 0x55bd, 0x55bd, 0x55bd, 0x55bd, 0x55bd, 0x55bd, 0x55bd, 0x55bd, 0x55bd, 0x55bd,
  0x55bd, 0x55bd, 0x55bd, 0x55bd, 0x55bd, 0x55bd, 0x55bd, 0x55bd, 0x55bd, 0x55bd, 0x55bd, 0x55bd,
  0x55bd, 0x55bd, 0x55bd, 0x55bd, 0x55bd, 0x55bd, 0x55bd, 0x55bd, 0x55bd, 0x55bd, 0x55bd, 0x55bd,
  0x55bd, 0x55bd, 0x55bd, 0x55bd, 0x55bd, 0x55bd, 0x55bd, 0x55bd, 0x55bd, 0x55bd, 0x55bd, 0x55bd,
  0x55bd, 0x55bd, 0x55bd, 0x55bd, 0x55bd, 0x55bd, 0x55bd, 0x55bd, 0x55bd, 0x55bd, 0x55bd, 0x55bd,
  0x55bd, 0x55bd, 0x55bd, 0x55bd, 0x55bd, 0x55bd, 0x55bd, 0x55bd, 0x55bd, 0x55bd, 0x55bd, 0x55bd,
  0x55bd, 0x55bd, 0x55bd, 0x55bd, 0x55bd, 0x55bd, 0x55bd, 0x55bd, 0x55bd, 0x55bd, 0x55bd, 0x55bd,
  0x55bd, 0x55bd, 0x55bd, 0x55bd, 0x55bd, 0x55bd, 0x55bd, 0x55bd, 0x55bd, 0x55bd, 0x55bd, 0x55bd,
  0x55bd, 0x55bd, 0x55bd, 0x55bd, 0x55bd, 0x55bd, 0x55bd, 0x55bd, 0x55bd, 0x55bd, 0x55bd, 0x55bd,
  0x55bd, 0x55bd, 0x55bd, 0x55bd, 0x55bd, 0x55bd, 0x55bd, 0x55bd, 0x55bd, 0x55bd, 0x55bd, 0x55bd,
  0x55bd, 0x55bd, 0x55bd, 0x55bd, 0x55bd, 0x55bd, 0x55bd, 0x55bd, 0x55bd, 0x55bd, 0x559d, 0x55bd,
  0x55bd, 0x55bd, 0x55bd, 0x55bd, 0x55bd, 0x55bd, 0x55bd, 0x55bd, 0x55bd, 0x55bd, 0x55bd, 0x55bd,
  0x55bd, 0x55bd, 0x55bd, 0x55bd, 0x55bd, 0x55bd, 0x55bd, 0x55bd, 0x55bd, 0x55bd, 0x55bd, 0x55bd,
  0x55bd, 0x55bd, 0x55bd, 0x55bd, 0x55bd, 0x55bd, 0x55bd, 0x55bd, 0x55bd, 0x55bd, 0x55bd, 0x55bd,
  0x55bd, 0x55bd, 0x55bd, 0x55bd, 0x55bd, 0x55bd, 0x55bd, 0x55bd, 0x55bd, 0x55bd, 0x55bd, 0x55bd,
  0x55bd, 0x55bd, 0x55bd, 0x55bd, 0x55bd, 0x55bd, 0x55bd, 0x55bd, 0x55bd, 0x55bd, 0x55bd, 0x55bd,
  0x55bd, 0x55bd, 0x55bd, 0x55bd, 0x55bd, 0x55bd, 0x55bd, 0x55bd, 0x55bd, 0x55bd, 0x55bd, 0x55bd,
  0x55bd, 0x55bd, 0x55bd, 0x55bd, 0x55bd, 0x55bd, 0x55bd, 0x55bd, 0x55bd, 0x55bd, 0x55bd, 0x55bd,
  0x55bd, 0x55bd, 0x55bd, 0x55bd, 0x55bd, 0x55bd, 0x55bd, 0x55bd, 0x55bd, 0x55bd, 0x55bd, 0x55bd,
  0x55bd, 0x55bd, 0x55bd, 0x55bd, 0x55bd, 0x55bd, 0x55bd, 0x55bd, 0x55bd, 0x55bd, 0x55bd, 0x55bd,
  0x55bd, 0x55bd, 0x55bd, 0x55bd, 0x55bd, 0x55bd, 0x55bd, 0x55bd, 0x55bd, 0x55bd, 0x55bd, 0x55bd,
  0x55bd, 0x55bd, 0x55bd, 0x55bd, 0x7e1d, 0xdf5e, 0xffdf, 0xffff, 0xffff, 0xffff, 0xffff, 0xffff,
  0xf7df, 0xd73e, 0x761d, 0x55bd, 0x55bd, 0x55bd, 0x7e1d, 0x965d, 0x861d, 0x55bd, 0x55bd, 0x55bd,
  0x55bd, 0x55bd, 0x559d, 0x55bd, 0x55bd, 0x55bd, 0x55bd, 0x55bd, 0x55bd, 0x55bd, 0x55bd, 0x55bd,
  0x55bd, 0x55bd, 0x55bd, 0x55bd, 0x55bd, 0x55bd, 0x55bd, 0x55bd, 0x55bd, 0x55bd, 0x55bd, 0x55bd,
  0x55bd, 0x55bd, 0x55bd, 0x55bd, 0x55bd, 0x55bd, 0x55bd, 0x55bd, 0x55bd, 0x55bd, 0x55bd, 0x55bd,
  0x55bd, 0x55bd, 0x55bd, 0x55bd, 0x55bd, 0x55bd, 0x55bd, 0x55bd, 0x55bd, 0x55bd, 0x55bd, 0x55bd,
  0x55bd, 0x55bd, 0x55bd, 0x55bd, 0x55bd, 0x55bd, 0x55bd, 0x55bd, 0x55bd, 0x55bd, 0x55bd, 0x55bd,
  0x55bd, 0x55bd, 0x55bd, 0x55bd, 0x55bd, 0x55bd, 0x55bd, 0x55bd, 0x55bd, 0x55bd, 0x55bd, 0x55bd,
  0x55bd, 0x55bd, 0x55bd, 0x55bd, 0x55bd, 0x55bd, 0x55bd, 0x55bd, 0x55bd, 0x55bd, 0x55bd, 0x55bd,
  0x55bd, 0x55bd, 0x55bd, 0x55bd, 0x55bd, 0x55bd, 0x55bd, 0x55bd, 0x55bd, 0x55bd, 0x55bd, 0x55bd,
  0x55bd, 0x55bd, 0x55bd, 0x55bd, 0x55bd, 0x55bd, 0x55bd, 0x55bd, 0x55bd, 0x55bd, 0x55bd, 0x55bd,
  0x55bd, 0x55bd, 0x55bd, 0x55bd, 0x55bd, 0x55bd, 0x55bd, 0x55bd, 0x55bd, 0x55bd, 0x55bd, 0x55bd,
  0x55bd, 0x55bd, 0x55bd, 0x55bd, 0x55bd, 0x55bd, 0x55bd, 0x55bd, 0x55bd, 0x55bd, 0x55bd, 0x55bd,
  0x55bd, 0x55bd, 0x55bd, 0x55bd, 0x55bd, 0x55bd, 0x55bd, 0x55bd, 0x55bd, 0x55bd, 0x55bd, 0x55bd,
  0x55bd, 0x55bd, 0x55bd, 0x55bd, 0x55bd, 0x55bd, 0x55bd, 0x55bd, 0x55bd, 0x55bd, 0x55bd, 0x55bd,
  0x55bd, 0x55bd, 0x55bd, 0x55bd, 0x55bd, 0x55bd, 0x55bd, 0x55bd, 0x55bd, 0x55bd, 0x55bd, 0x55bd,
  0x55bd, 0x55bd, 0x55bd, 0x55bd, 0x55bd, 0x55bd, 0x55bd, 0x559d, 0x55bd, 0x55bd, 0x55bd, 0x55bd,
  0x55bd, 0x55bd, 0x55bd, 0x55bd, 0x55bd, 0x55bd, 0x55bd, 0x55bd, 0x55bd, 0x55bd, 0x55bd, 0x55bd,
  0x55bd, 0x55bd, 0x55bd, 0x55bd, 0x55bd, 0x55bd, 0x55bd, 0x55bd, 0x55bd, 0x55bd, 0x55bd, 0x55bd,
  0x55bd, 0x55bd, 0x55bd, 0x55bd, 0x55bd, 0x55bd, 0x55bd, 0x55bd, 0x55bd, 0x55bd, 0x55bd, 0x55bd,
  0x55bd, 0x55bd, 0x55bd, 0x55bd, 0x55bd, 0x55bd, 0x55bd, 0x55bd, 0x55bd, 0x55bd, 0x55bd, 0x55bd,
  0x55bd, 0x55bd, 0x55bd, 0x55bd, 0x55bd, 0x55bd, 0x55bd, 0x55bd, 0x55bd, 0x55bd, 0x55bd, 0x55bd,
  0x55bd, 0x55bd, 0x55bd, 0x55bd, 0x55bd, 0x55bd, 0x55bd, 0x55bd, 0x55bd, 0x55bd, 0x55bd, 0x55bd,
  0x55bd, 0x55bd, 0x55bd, 0x55bd, 0x55bd, 0x55bd, 0x55bd, 0x55bd, 0x55bd, 0x55bd, 0x55bd, 0x55bd,
  0x55bd, 0x55bd, 0x55bd, 0x55bd, 0x55bd, 0x55bd, 0x55bd, 0x55bd, 0x55bd, 0x55bd, 0x55bd, 0x55bd,
  0x55bd, 0x55bd, 0x55bd, 0x55bd, 0x55bd, 0x55bd, 0x55bd, 0x55bd, 0x55bd, 0x55bd, 0x55bd, 0x55bd,
  0x55bd, 0x55bd, 0x55bd, 0x55bd, 0x55bd, 0x55bd, 0x55bd, 0x55bd, 0x55bd, 0x55bd, 0x55bd, 0x55bd,
  0x559d, 0x559d, 0x7dfc, 0xb6be, 0xcf1e, 0xd73e, 0xcf1e, 0xaebe, 0x75fd, 0x4d9d, 0x55bd, 0x55bd,
  0x55bd, 0x55bd, 0x55bd, 0x55bd, 0x55bd, 0x55bd, 0x55bd, 0x55bd, 0x55bd, 0x55bd, 0x55bd, 0x55bd,
  0x55bd, 0x55bd, 0x55bd, 0x55bd, 0x55bd, 0x55bd, 0x55bd, 0x55bd, 0x55bd, 0x55bd, 0x55bd, 0x55bd,
  0x55bd, 0x55bd, 0x55bd, 0x55bd, 0x55bd, 0x55bd, 0x55bd, 0x55bd, 0x55bd, 0x55bd, 0x55bd, 0x55bd,
  0x55bd, 0x55bd, 0x55bd, 0x55bd, 0x55bd, 0x55bd, 0x55bd, 0x55bd, 0x55bd, 0x55bd, 0x55bd, 0x55bd,
  0x55bd, 0x55bd, 0x55bd, 0x55bd, 0x55bd, 0x55bd, 0x55bd, 0x55bd, 0x55bd, 0x55bd, 0x55bd, 0x55bd,
  0x55bd, 0x55bd, 0x55bd, 0x55bd, 0x55bd, 0x55bd, 0x55bd, 0x55bd, 0x55bd, 0x55bd, 0x55bd, 0x55bd,
  0x55bd, 0x55bd, 0x55bd, 0x55bd, 0x55bd, 0x55bd, 0x55bd, 0x55bd, 0x55bd, 0x55bd, 0x55bd, 0x55bd,
  0x55bd, 0x55bd, 0x55bd, 0x55bd, 0x55bd, 0x55bd, 0x55bd, 0x55bd, 0x55bd, 0x55bd, 0x55bd, 0x55bd,
  0x55bd, 0x55bd, 0x55bd, 0x55bd, 0x55bd, 0x55bd, 0x55bd, 0x55bd, 0x55bd, 0x55bd, 0x55bd, 0x55bd,
  0x55bd, 0x55bd, 0x55bd, 0x55bd, 0x55bd, 0x55bd, 0x55bd, 0x55bd, 0x55bd, 0x55bd, 0x55bd, 0x55bd,
  0x55bd, 0x55bd, 0x55bd, 0x55bd, 0x55bd, 0x55bd, 0x55bd, 0x55bd, 0x55bd, 0x55bd, 0x55bd, 0x55bd,
  0x55bd, 0x55bd, 0x55bd, 0x55bd, 0x55bd, 0x55bd, 0x55bd, 0x55bd, 0x55bd, 0x55bd, 0x55bd, 0x55bd,
  0x55bd, 0x55bd, 0x55bd, 0x55bd, 0x55bd, 0x55bd, 0x55bd, 0x55bd, 0x55bd, 0x55bd, 0x55bd, 0x55bd,
  0x55bd, 0x55bd, 0x55bd, 0x55bd, 0x55bd, 0x55bd, 0x55bd, 0x55bd, 0x55bd, 0x55bd, 0x55bd, 0x55bd,
  0x55bd, 0x55bd, 0x55bd, 0x55bd, 0x55bd, 0x55bd, 0x55bd, 0x55bd, 0x55bd, 0x55bd, 0x55bd, 0x55bd,
  0x55bd, 0x55bd, 0x55bd, 0x55bd, 0x55bd, 0x55bd, 0x55bd, 0x55bd, 0x55bd, 0x55bd, 0x55bd, 0x55bd,
  0x55bd, 0x55bd, 0x55bd, 0x55bd, 0x55bd, 0x55bd, 0x55bd, 0x55bd, 0x55bd, 0x55bd, 0x55bd, 0x55bd,
  0x55bd, 0x55bd, 0x55bd, 0x55bd, 0x55bd, 0x55bd, 0x55bd, 0x55bd, 0x55bd, 0x55bd, 0x55bd, 0x55bd,
  0x55bd, 0x55bd, 0x55bd, 0x55bd, 0x55bd, 0x55bd, 0x55bd, 0x55bd, 0x55bd, 0x55bd, 0x55bd, 0x55bd,
  0x55bd, 0x55bd, 0x55bd, 0x55bd, 0x55bd, 0x55bd, 0x55bd, 0x55bd, 0x55bd, 0x55bd, 0x55bd, 0x55bd,
  0x55bd, 0x55bd, 0x55bd, 0x55bd, 0x55bd, 0x55bd, 0x55bd, 0x55bd, 0x55bd, 0x55bd, 0x55bd, 0x55bd,
  0x55bd, 0x55bd, 0x55bd, 0x55bd, 0x55bd, 0x55bd, 0x55bd, 0x55bd, 0x55bd, 0x55bd, 0x55bd, 0x55bd,
  0x55bd, 0x55bd, 0x55bd, 0x55bd, 0x55bd, 0x55bd, 0x55bd, 0x55bd, 0x55bd, 0x55bd, 0x55bd, 0x55bd,
  0x55bd, 0x55bd, 0x55bd, 0x55bd, 0x55bd, 0x55bd, 0x55bd, 0x55bd, 0x55bd, 0x55bd, 0x55bd, 0x55bd,
  0x55bd, 0x55bd, 0x55bd, 0x55bd, 0x55bd, 0x55bd, 0x55bd, 0x55bd, 0x55bd, 0x55bd, 0x55bd, 0x55bd,
  0x55bd, 0x55bd, 0x55bd, 0x55bd, 0x55bd, 0x55bd, 0x55bd, 0x559d, 0x55bd, 0x559d, 0x55bd, 0x55bd,
  0x55bd, 0x55bd, 0x55bd, 0x55bd, 0x55bd, 0x55bd, 0x55bd, 0x55bd, 0x55bd, 0x55bd, 0x55bd, 0x55bd,
  0x55bd, 0x55bd, 0x55bd, 0x55bd, 0x55bd, 0x55bd, 0x55bd, 0x55bd, 0x55bd, 0x55bd, 0x55bd, 0x55bd,
  0x55bd, 0x55bd, 0x55bd, 0x55bd, 0x55bd, 0x55bd, 0x55bd, 0x55bd, 0x55bd, 0x55bd, 0x55bd, 0x55bd,
  0x55bd, 0x55bd, 0x55bd, 0x55bd, 0x55bd, 0x55bd, 0x55bd, 0x55bd, 0x55bd, 0x55bd, 0x55bd, 0x55bd,
  0x55bd, 0x55bd, 0x55bd, 0x55bd, 0x55bd, 0x55bd, 0x55bd, 0x55bd, 0x55bd, 0x55bd, 0x55bd, 0x55bd,
  0x55bd, 0x55bd, 0x55bd, 0x55bd, 0x55bd, 0x55bd, 0x55bd, 0x55bd, 0x55bd, 0x55bd, 0x55bd, 0x55bd,
  0x55bd, 0x55bd, 0x55bd, 0x55bd, 0x55bd, 0x55bd, 0x55bd, 0x55bd, 0x55bd, 0x55bd, 0x55bd, 0x55bd,
  0x55bd, 0x55bd, 0x55bd, 0x55bd, 0x55bd, 0x55bd, 0x55bd, 0x55bd, 0x55bd, 0x55bd, 0x55bd, 0x55bd,
  0x55bd, 0x55bd, 0x55bd, 0x55bd, 0x55bd, 0x55bd, 0x55bd, 0x55bd, 0x55bd, 0x55bd, 0x55bd, 0x55bd,
  0x55bd, 0x55bd, 0x55bd, 0x55bd, 0x55bd, 0x55bd, 0x55bd, 0x55bd, 0x55bd, 0x55bd, 0x55bd, 0x55bd,
  0x55bd, 0x55bd, 0x55bd, 0x55bd, 0x55bd, 0x55bd, 0x55bd, 0x55bd, 0x55bd, 0x55bd, 0x55bd, 0x55bd,
  0x55bd, 0x55bd, 0x55bd, 0x55bd, 0x55bd, 0x55bd, 0x55bd, 0x55bd, 0x55bd, 0x55bd, 0x55bd, 0x55bd,
  0x55bd, 0x55bd, 0x55bd, 0x55bd, 0x55bd, 0x55bd, 0x55bd, 0x55bd, 0x55bd, 0x55bd, 0x55bd, 0x55bd,
  0x55bd, 0x55bd, 0x55bd, 0x55bd, 0x55bd, 0x55bd, 0x55bd, 0x55bd, 0x55bd, 0x55bd, 0x55bd, 0x55bd,
  0x55bd, 0x55bd, 0x55bd, 0x55bd, 0x55bd, 0x55bd, 0x55bd, 0x55bd, 0x55bd, 0x55bd, 0x55bd, 0x55bd,
  0x55bd, 0x55bd, 0x55bd, 0x55bd, 0x55bd, 0x55bd, 0x55bd, 0x55bd, 0x55bd, 0x55bd, 0x55bd, 0x55bd,
  0x55bd, 0x55bd, 0x55bd, 0x55bd, 0x55bd, 0x55bd, 0x55bd, 0x55bd, 0x55bd, 0x55bd, 0x55bd, 0x55bd,
  0x55bd, 0x55bd, 0x55bd, 0x55bd, 0x55bd, 0x55bd, 0x55bd, 0x55bd, 0x55bd, 0x55bd, 0x55bd, 0x55bd,
  0x55bd, 0x55bd, 0x55bd, 0x55bd, 0x55bd, 0x55bd, 0x55bd, 0x55bd, 0x55bd, 0x55bd, 0x55bd, 0x55bd,
  0x55bd, 0x55bd, 0x55bd, 0x55bd, 0x55bd, 0x55bd, 0x55bd, 0x55bd, 0x55bd, 0x55bd, 0x55bd, 0x55bd,
  0x55bd, 0x55bd, 0x55bd, 0x55bd, 0x55bd, 0x55bd, 0x55bd, 0x55bd, 0x55bd, 0x55bd, 0x55bd, 0x55bd,
  0x55bd, 0x55bd, 0x55bd, 0x55bd, 0x55bd, 0x55bd, 0x55bd, 0x55bd, 0x55bd, 0x55bd, 0x55bd, 0x55bd,
  0x55bd, 0x55bd, 0x55bd, 0x55bd, 0x55bd, 0x55bd, 0x55bd, 0x55bd, 0x55bd, 0x55bd, 0x55bd, 0x55bd,
  0x55bd, 0x55bd, 0x55bd, 0x55bd, 0x55bd, 0x55bd, 0x55bd, 0x55bd, 0x55bd, 0x55bd, 0x55bd, 0x55bd,
  0x55bd, 0x55bd, 0x55bd, 0x55bd, 0x55bd, 0x55bd, 0x55bd, 0x55bd, 0x55bd, 0x55bd, 0x55bd, 0x55bd,
  0x55bd, 0x55bd, 0x55bd, 0x55bd, 0x55bd, 0x55bd, 0x55bd, 0x55bd, 0x55bd, 0x55bd, 0x55bd, 0x55bd,
  0x55bd, 0x55bd, 0x55bd, 0x55bd, 0x55bd, 0x55bd, 0x55bd, 0x55bd, 0x55bd, 0x55bd, 0x55bd, 0x55bd,
  0x55bd, 0x55bd, 0x55bd, 0x55bd, 0x55bd, 0x55bd, 0x55bd, 0x55bd, 0x55bd, 0x55bd, 0x55bd, 0x55bd,
  0x55bd, 0x55bd, 0x55bd, 0x55bd, 0x55bd, 0x55bd, 0x55bd, 0x55bd, 0x55bd, 0x55bd, 0x55bd, 0x55bd,
  0x55bd, 0x55bd, 0x55bd, 0x55bd, 0x55bd, 0x55bd, 0x55bd, 0x55bd, 0x55bd, 0x55bd, 0x55bd, 0x55bd,
  0x55bd, 0x55bd, 0x55bd, 0x55bd, 0x55bd, 0x55bd, 0x55bd, 0x55bd, 0x55bd, 0x55bd, 0x55bd, 0x55bd,
  0x55bd, 0x55bd, 0x55bd, 0x55bd, 0x55bd, 0x55bd, 0x55bd, 0x55bd, 0x55bd, 0x55bd, 0x55bd, 0x55bd,
  0x55bd, 0x55bd, 0x55bd, 0x55bd, 0x55bd, 0x55bd, 0x55bd, 0x55bd, 0x55bd, 0x55bd, 0x55bd, 0x55bd,
  0x55bd, 0x55bd, 0x55bd, 0x55bd, 0x55bd, 0x55bd, 0x55bd, 0x55bd, 0x55bd, 0x55bd, 0x55bd, 0x55bd,
  0x55bd, 0x55bd, 0x55bd, 0x55bd, 0x55bd, 0x55bd, 0x55bd, 0x55bd, 0x55bd, 0x55bd, 0x55bd, 0x55bd,
  0x55bd, 0x55bd, 0x55bd, 0x55bd, 0x55bd, 0x55bd, 0x55bd, 0x55bd, 0x55bd, 0x55bd, 0x55bd, 0x55bd,
  0x55bd, 0x55bd, 0x55bd, 0x55bd, 0x55bd, 0x55bd, 0x55bd, 0x55bd, 0x55bd, 0x55bd, 0x55bd, 0x55bd,
  0x55bd, 0x55bd, 0x55bd, 0x55bd, 0x55bd, 0x55bd, 0x55bd, 0x55bd, 0x55bd, 0x55bd, 0x55bd, 0x55bd,
  0x55bd, 0x55bd, 0x55bd, 0x55bd, 0x55bd, 0x55bd, 0x55bd, 0x55bd, 0x55bd, 0x55bd, 0x55bd, 0x55bd,
  0x55bd, 0x55bd, 0x55bd, 0x55bd, 0x55bd, 0x55bd, 0x55bd, 0x55bd, 0x55bd, 0x55bd, 0x55bd, 0x55bd,
  0x55bd, 0x55bd, 0x55bd, 0x55bd, 0x55bd, 0x55bd, 0x55bd, 0x55bd, 0x55bd, 0x55bd, 0x55bd, 0x55bd,
  0x55bd, 0x55bd, 0x55bd, 0x55bd, 0x55bd, 0x55bd, 0x55bd, 0x55bd, 0x55bd, 0x55bd, 0x55bd, 0x55bd,
  0x55bd, 0x55bd, 0x55bd, 0x55bd, 0x55bd, 0x55bd, 0x55bd, 0x55bd, 0x55bd, 0x55bd, 0x55bd, 0x55bd,
  0x55bd, 0x55bd, 0x55bd, 0x55bd, 0x55bd, 0x55bd, 0x55bd, 0x55bd, 0x55bd, 0x55bd, 0x55bd, 0x55bd,
  0x55bd, 0x55bd, 0x55bd, 0x55bd, 0x55bd, 0x55bd, 0x55bd, 0x55bd, 0x55bd, 0x55bd, 0x55bd, 0x55bd,
  0x55bd, 0x55bd, 0x55bd, 0x55bd, 0x55bd, 0x55bd, 0x55bd, 0x55bd, 0x55bd, 0x55bd, 0x55bd, 0x55bd,
  0x55bd, 0x55bd, 0x55bd, 0x55bd, 0x55bd, 0x55bd, 0x55bd, 0x55bd, 0x55bd, 0x55bd, 0x55bd, 0x55bd,
  0x55bd, 0x55bd, 0x55bd, 0x55bd, 0x55bd, 0x55bd, 0x55bd, 0x55bd, 0x55bd, 0x55bd, 0x55bd, 0x55bd,
  0x55bd, 0x55bd, 0x55bd, 0x55bd, 0x55bd, 0x55bd, 0x55bd, 0x55bd, 0x55bd, 0x55bd, 0x55bd, 0x55bd,
  0x55bd, 0x55bd, 0x55bd, 0x55bd, 0x55bd, 0x55bd, 0x55bd, 0x55bd, 0x55bd, 0x55bd, 0x55bd, 0x55bd,
  0x55bd, 0x55bd, 0x55bd, 0x55bd, 0x55bd, 0x55bd, 0x55bd, 0x55bd, 0x55bd, 0x55bd, 0x55bd, 0x55bd,
  0x55bd, 0x55bd, 0x55bd, 0x55bd, 0x55bd, 0x55bd, 0x55bd, 0x55bd, 0x55bd, 0x55bd, 0x55bd, 0x55bd,
  0x55bd, 0x55bd, 0x55bd, 0x55bd, 0x55bd, 0x55bd, 0x55bd, 0x55bd, 0x55bd, 0x55bd, 0x55bd, 0x55bd,
  0x55bd, 0x55bd, 0x55bd, 0x55bd, 0x55bd, 0x55bd, 0x55bd, 0x55bd, 0x55bd, 0x55bd, 0x55bd, 0x55bd,
  0x55bd, 0x55bd, 0x55bd, 0x55bd, 0x55bd, 0x55bd, 0x55bd, 0x55bd, 0x55bd, 0x55bd, 0x55bd, 0x55bd,
  0x55bd, 0x55bd, 0x55bd, 0x55bd, 0x55bd, 0x55bd, 0x55bd, 0x55bd, 0x55bd, 0x55bd, 0x55bd, 0x55bd,
  0x55bd, 0x55bd, 0x55bd, 0x55bd, 0x55bd, 0x55bd, 0x55bd, 0x55bd, 0x55bd, 0x55bd, 0x55bd, 0x55bd,
  0x55bd, 0x55bd, 0x55bd, 0x55bd, 0x55bd, 0x55bd, 0x55bd, 0x55bd, 0x55bd, 0x55bd, 0x55bd, 0x55bd,
  0x55bd, 0x55bd, 0x55bd, 0x55bd, 0x55bd, 0x55bd, 0x55bd, 0x55bd, 0x55bd, 0x55bd, 0x55bd, 0x55bd,
  0x55bd, 0x55bd, 0x55bd, 0x55bd, 0x55bd, 0x55bd, 0x55bd, 0x55bd, 0x55bd, 0x55bd, 0x55bd, 0x55bd,
  0x55bd, 0x55bd, 0x55bd, 0x55bd, 0x55bd, 0x55bd, 0x55bd, 0x55bd, 0x55bd, 0x55bd, 0x55bd, 0x55bd,
  0x55bd, 0x55bd, 0x55bd, 0x55bd, 0x55bd, 0x55bd, 0x55bd, 0x55bd, 0x55bd, 0x55bd, 0x55bd, 0x55bd,
  0x55bd, 0x55bd, 0x55bd, 0x55bd, 0x55bd, 0x55bd, 0x55bd, 0x55bd, 0x55bd, 0x55bd, 0x55bd, 0x55bd,
  0x55bd, 0x55bd, 0x55bd, 0x55bd, 0x55bd, 0x55bd, 0x55bd, 0x55bd, 0x55bd, 0x55bd, 0x55bd, 0x55bd,
  0x55bd, 0x55bd, 0x55bd, 0x55bd, 0x55bd, 0x55bd, 0x55bd, 0x55bd, 0x55bd, 0x55bd, 0x55bd, 0x55bd,
  0x55bd, 0x55bd, 0x55bd, 0x55bd, 0x55bd, 0x55bd, 0x55bd, 0x55bd, 0x55bd, 0x55bd, 0x55bd, 0x55bd,
  0x55bd, 0x55bd, 0x55bd, 0x55bd, 0x55bd, 0x55bd, 0x55bd, 0x55bd, 0x55bd, 0x55bd, 0x55bd, 0x55bd,
  0x55bd, 0x55bd, 0x55bd, 0x55bd, 0x55bd, 0x55bd, 0x55bd, 0x55bd, 0x55bd, 0x55bd, 0x55bd, 0x55bd,
  0x55bd, 0x55bd, 0x55bd, 0x55bd, 0x55bd, 0x55bd, 0x55bd, 0x55bd, 0x55bd, 0x55bd, 0x55bd, 0x55bd,
  0x55bd, 0x55bd, 0x55bd, 0x55bd, 0x55bd, 0x55bd, 0x55bd, 0x55bd, 0x55bd, 0x55bd, 0x55bd, 0x55bd,
  0x55bd, 0x55bd, 0x55bd, 0x55bd, 0x55bd, 0x55bd, 0x55bd, 0x55bd, 0x55bd, 0x55bd, 0x55bd, 0x55bd,
  0x55bd, 0x55bd, 0x55bd, 0x55bd, 0x55bd, 0x55bd, 0x55bd, 0x55bd, 0x55bd, 0x55bd, 0x55bd, 0x55bd,
  0x55bd, 0x55bd, 0x55bd, 0x55bd, 0x55bd, 0x55bd, 0x55bd, 0x55bd, 0x55bd, 0x55bd, 0x55bd, 0x55bd,
  0x55bd, 0x55bd, 0x55bd, 0x55bd, 0x55bd, 0x55bd, 0x55bd, 0x55bd, 0x55bd, 0x55bd, 0x55bd, 0x55bd,
  0x55bd, 0x55bd, 0x55bd, 0x55bd, 0x55bd, 0x55bd, 0x55bd, 0x55bd, 0x55bd, 0x55bd, 0x55bd, 0x55bd,
  0x55bd, 0x55bd, 0x55bd, 0x55bd, 0x55bd, 0x55bd, 0x55bd, 0x55bd, 0x55bd, 0x55bd, 0x55bd, 0x55bd,
  0x55bd, 0x55bd, 0x55bd, 0x55bd, 0x55bd, 0x55bd, 0x55bd, 0x55bd, 0x55bd, 0x55bd, 0x55bd, 0x55bd,
  0x55bd, 0x55bd, 0x55bd, 0x55bd, 0x55bd, 0x55bd, 0x55bd, 0x55bd, 0x55bd, 0x55bd, 0x55bd, 0x55bd,
  0x55bd, 0x55bd, 0x55bd, 0x55bd, 0x55bd, 0x55bd, 0x55bd, 0x55bd, 0x55bd, 0x55bd, 0x55bd, 0x55bd,
  0x55bd, 0x55bd, 0x55bd, 0x55bd, 0x55bd, 0x55bd, 0x55bd, 0x55bd, 0x55bd, 0x55bd, 0x55bd, 0x55bd,
  0x55bd, 0x55bd, 0x55bd, 0x55bd, 0x55bd, 0x55bd, 0x55bd, 0x55bd, 0x55bd, 0x55bd, 0x55bd, 0x55bd,
  0x55bd, 0x55bd, 0x55bd, 0x55bd, 0x55bd, 0x55bd, 0x55bd, 0x55bd, 0x55bd, 0x55bd, 0x55bd, 0x55bd,
  0x55bd, 0x55bd, 0x55bd, 0x55bd, 0x55bd, 0x55bd, 0x55bd, 0x55bd, 0x55bd, 0x55bd, 0x55bd, 0x55bd,
  0x55bd, 0x55bd, 0x55bd, 0x55bd, 0x55bd, 0x55bd, 0x55bd, 0x55bd, 0x55bd, 0x55bd, 0x55bd, 0x55bd,
  0x55bd, 0x55bd, 0x55bd, 0x55bd, 0x55bd, 0x55bd, 0x55bd, 0x55bd, 0x55bd, 0x55bd, 0x55bd, 0x55bd,
  0x55bd, 0x55bd, 0x55bd, 0x55bd, 0x55bd, 0x55bd, 0x55bd, 0x55bd, 0x55bd, 0x55bd, 0x55bd, 0x55bd,
  0x55bd, 0x55bd, 0x55bd, 0x55bd, 0x55bd, 0x55bd, 0x55bd, 0x55bd, 0x55bd, 0x55bd, 0x55bd, 0x55bd,
  0x55bd, 0x55bd, 0x55bd, 0x55bd, 0x55bd, 0x55bd, 0x55bd, 0x55bd, 0x55bd, 0x55bd, 0x55bd, 0x55bd,
  0x55bd, 0x55bd, 0x55bd, 0x55bd, 0x55bd, 0x55bd, 0x55bd, 0x55bd, 0x55bd, 0x55bd, 0x55bd, 0x55bd,
  0x55bd, 0x55bd, 0x55bd, 0x55bd, 0x55bd, 0x55bd, 0x55bd, 0x55bd, 0x55bd, 0x55bd, 0x55bd, 0x55bd,
  0x55bd, 0x55bd, 0x55bd, 0x55bd, 0x55bd, 0x55bd, 0x55bd, 0x55bd, 0x55bd, 0x55bd, 0x55bd, 0x55bd,
  0x55bd, 0x55bd, 0x55bd, 0x55bd, 0x55bd, 0x55bd, 0x55bd, 0x55bd, 0x55bd, 0x55bd, 0x55bd, 0x55bd,
  0x55bd, 0x55bd, 0x55bd, 0x55bd, 0x55bd, 0x55bd, 0x55bd, 0x55bd, 0x55bd, 0x55bd, 0x55bd, 0x55bd,
  0x55bd, 0x55bd, 0x55bd, 0x55bd, 0x55bd, 0x55bd, 0x55bd, 0x55bd, 0x55bd, 0x55bd, 0x55bd, 0x55bd,
  0x55bd, 0x55bd, 0x55bd, 0x55bd, 0x55bd, 0x55bd, 0x55bd, 0x55bd, 0x55bd, 0x55bd, 0x55bd, 0x55bd,
  0x55bd, 0x55bd, 0x55bd, 0x55bd, 0x55bd, 0x55bd, 0x55bd, 0x55bd, 0x55bd, 0x55bd, 0x55bd, 0x55bd,
  0x55bd, 0x55bd, 0x55bd, 0x55bd, 0x55bd, 0x55bd, 0x55bd, 0x55bd, 0x55bd, 0x55bd, 0x55bd, 0x55bd,
  0x55bd, 0x55bd, 0x55bd, 0x55bd, 0x55bd, 0x55bd, 0x55bd, 0x55bd, 0x55bd, 0x55bd, 0x55bd, 0x55bd,
  0x55bd, 0x55bd, 0x55bd, 0x55bd, 0x55bd, 0x55bd, 0x55bd, 0x55bd, 0x55bd, 0x55bd, 0x55bd, 0x55bd,
  0x55bd, 0x55bd, 0x55bd, 0x55bd, 0x55bd, 0x55bd, 0x55bd, 0x55bd, 0x55bd, 0x55bd, 0x55bd, 0x55bd,
  0x55bd, 0x55bd, 0x55bd, 0x55bd, 0x55bd, 0x55bd, 0x55bd, 0x55bd, 0x55bd, 0x55bd, 0x55bd, 0x55bd,
  0x55bd, 0x55bd, 0x55bd, 0x55bd, 0x55bd, 0x55bd, 0x55bd, 0x55bd, 0x55bd, 0x55bd, 0x55bd, 0x55bd,
  0x55bd, 0x55bd, 0x55bd, 0x55bd, 0x55bd, 0x55bd, 0x55bd, 0x55bd, 0x55bd, 0x55bd, 0x55bd, 0x55bd,
  0x55bd, 0x55bd, 0x55bd, 0x55bd, 0x55bd, 0x55bd, 0x55bd, 0x55bd, 0x55bd, 0x55bd, 0x55bd, 0x55bd,
  0x55bd, 0x55bd, 0x55bd, 0x55bd, 0x55bd, 0x55bd, 0x55bd, 0x55bd, 0x55bd, 0x55bd, 0x55bd, 0x55bd,
  0x55bd, 0x55bd, 0x55bd, 0x55bd, 0x55bd, 0x55bd, 0x55bd, 0x55bd, 0x55bd, 0x55bd, 0x55bd, 0x55bd,
  0x55bd, 0x55bd, 0x55bd, 0x55bd, 0x55bd, 0x55bd, 0x55bd, 0x55bd, 0x55bd, 0x55bd, 0x55bd, 0x55bd,
  0x55bd, 0x55bd, 0x55bd, 0x55bd, 0x55bd, 0x55bd, 0x55bd, 0x55bd, 0x55bd, 0x55bd, 0x55bd, 0x55bd,
  0x55bd, 0x55bd, 0x55bd, 0x55bd, 0x55bd, 0x55bd, 0x55bd, 0x55bd, 0x55bd, 0x55bd, 0x55bd, 0x55bd,
  0x55bd, 0x55bd, 0x55bd, 0x55bd, 0x55bd, 0x55bd, 0x55bd, 0x55bd, 0x55bd, 0x55bd, 0x55bd, 0x55bd,
  0x55bd, 0x55bd, 0x55bd, 0x55bd, 0x55bd, 0x55bd, 0x55bd, 0x55bd, 0x55bd, 0x55bd, 0x55bd, 0x55bd,
  0x55bd, 0x55bd, 0x55bd, 0x55bd, 0x55bd, 0x55bd, 0x55bd, 0x55bd, 0x55bd, 0x55bd, 0x55bd, 0x55bd,
  0x55bd, 0x55bd, 0x55bd, 0x55bd, 0x55bd, 0x55bd, 0x55bd, 0x55bd, 0x55bd, 0x55bd, 0x55bd, 0x55bd,
  0x55bd, 0x55bd, 0x55bd, 0x55bd, 0x55bd, 0x55bd, 0x55bd, 0x55bd, 0x55bd, 0x55bd, 0x55bd, 0x55bd,
  0x55bd, 0x55bd, 0x55bd, 0x55bd, 0x55bd, 0x55bd, 0x55bd, 0x55bd, 0x55bd, 0x55bd, 0x55bd, 0x55bd,
  0x55bd, 0x55bd, 0x55bd, 0x55bd, 0x55bd, 0x55bd, 0x55bd, 0x55bd, 0x55bd, 0x55bd, 0x55bd, 0x55bd,
  0x55bd, 0x55bd, 0x55bd, 0x55bd, 0x55bd, 0x55bd, 0x55bd, 0x55bd, 0x55bd, 0x55bd, 0x55bd, 0x55bd,
  0x55bd, 0x55bd, 0x55bd, 0x55bd, 0x55bd, 0x55bd, 0x55bd, 0x55bd, 0x55bd, 0x55bd, 0x55bd, 0x55bd,
  0x55bd, 0x55bd, 0x55bd, 0x55bd, 0x55bd, 0x55bd, 0x55bd, 0x55bd, 0x55bd, 0x55bd, 0x55bd, 0x55bd,
  0x55bd, 0x55bd, 0x55bd, 0x55bd, 0x55bd, 0x55bd, 0x55bd, 0x55bd, 0x55bd, 0x55bd, 0x55bd, 0x55bd,
  0x55bd, 0x55bd, 0x55bd, 0x55bd, 0x55bd, 0x55bd, 0x55bd, 0x55bd, 0x55bd, 0x55bd, 0x55bd, 0x55bd,
  0x55bd, 0x55bd, 0x55bd, 0x55bd, 0x55bd, 0x55bd, 0x55bd, 0x55bd, 0x55bd, 0x55bd, 0x55bd, 0x55bd,
  0x55bd, 0x55bd, 0x55bd, 0x55bd, 0x55bd, 0x55bd, 0x55bd, 0x55bd, 0x55bd, 0x55bd, 0x55bd, 0x55bd,
  0x55bd, 0x55bd, 0x55bd, 0x55bd, 0x55bd, 0x55bd, 0x55bd, 0x55bd, 0x55bd, 0x55bd, 0x55bd, 0x55bd,
  0x55bd, 0x55bd, 0x55bd, 0x55bd, 0x55bd, 0x55bd, 0x55bd, 0x55bd, 0x55bd, 0x55bd, 0x55bd, 0x55bd,
  0x55bd, 0x55bd, 0x55bd, 0x55bd, 0x55bd, 0x55bd, 0x55bd, 0x55bd, 0x55bd, 0x55bd, 0x55bd, 0x55bd,
  0x55bd, 0x55bd, 0x55bd, 0x55bd, 0x55bd, 0x55bd, 0x55bd, 0x55bd, 0x55bd, 0x55bd, 0x55bd, 0x55bd,
  0x55bd, 0x55bd, 0x55bd, 0x55bd, 0x55bd, 0x55bd, 0x55bd, 0x55bd, 0x55bd, 0x55bd, 0x55bd, 0x55bd,
  0x55bd, 0x55bd, 0x55bd, 0x55bd, 0x55bd, 0x55bd, 0x55bd, 0x55bd, 0x55bd, 0x55bd, 0x55bd, 0x55bd,
  0x55bd, 0x55bd, 0x55bd, 0x55bd, 0x55bd, 0x55bd, 0x55bd, 0x55bd, 0x55bd, 0x55bd, 0x55bd, 0x55bd,
  0x55bd, 0x55bd, 0x55bd, 0x55bd, 0x55bd, 0x55bd, 0x55bd, 0x55bd, 0x55bd, 0x55bd, 0x55bd, 0x55bd,
  0x55bd, 0x55bd, 0x55bd, 0x55bd, 0x55bd, 0x55bd, 0x55bd, 0x55bd, 0x55bd, 0x55bd, 0x55bd, 0x55bd,
  0x55bd, 0x55bd, 0x55bd, 0x55bd, 0x55bd, 0x55bd, 0x55bd, 0x55bd, 0x55bd, 0x55bd, 0x55bd, 0x55bd,
  0x55bd, 0x55bd, 0x55bd, 0x55bd, 0x55bd, 0x55bd, 0x55bd, 0x55bd, 0x55bd, 0x55bd, 0x55bd, 0x55bd,
  0x55bd, 0x55bd, 0x55bd, 0x55bd, 0x55bd, 0x55bd, 0x55bd, 0x55bd, 0x55bd, 0x55bd, 0x55bd, 0x55bd,
  0x55bd, 0x55bd, 0x55bd, 0x55bd, 0x55bd, 0x55bd, 0x55bd, 0x55bd, 0x55bd, 0x55bd, 0x55bd, 0x55bd,
  0x55bd, 0x55bd, 0x55bd, 0x55bd, 0x55bd, 0x55bd, 0x55bd, 0x55bd, 0x55bd, 0x55bd, 0x55bd, 0x55bd,
  0x55bd, 0x55bd, 0x55bd, 0x55bd, 0x55bd, 0x55bd, 0x55bd, 0x55bd, 0x55bd, 0x55bd, 0x55bd, 0x55bd,
  0x55bd, 0x55bd, 0x55bd, 0x55bd, 0x55bd, 0x55bd, 0x55bd, 0x55bd, 0x55bd, 0x55bd, 0x55bd, 0x55bd,
  0x55bd, 0x55bd, 0x55bd, 0x55bd, 0x55bd, 0x55bd, 0x55bd, 0x55bd, 0x55bd, 0x55bd, 0x55bd, 0x55bd,
  0x55bd, 0x55bd, 0x55bd, 0x55bd, 0x55bd, 0x55bd, 0x55bd, 0x55bd, 0x55bd, 0x55bd, 0x55bd, 0x55bd,
  0x55bd, 0x55bd, 0x55bd, 0x55bd, 0x55bd, 0x55bd, 0x55bd, 0x55bd, 0x55bd, 0x55bd, 0x55bd, 0x55bd,
  0x55bd, 0x55bd, 0x55bd, 0x55bd, 0x55bd, 0x55bd, 0x55bd, 0x55bd, 0x55bd, 0x55bd, 0x55bd, 0x55bd,
  0x55bd, 0x55bd, 0x55bd, 0x55bd, 0x55bd, 0x55bd, 0x55bd, 0x55bd, 0x55bd, 0x55bd, 0x55bd, 0x55bd,
  0x55bd, 0x55bd, 0x55bd, 0x55bd, 0x55bd, 0x55bd, 0x55bd, 0x55bd, 0x55bd, 0x55bd, 0x55bd, 0x55bd,
  0x55bd, 0x55bd, 0x55bd, 0x55bd, 0x55bd, 0x55bd, 0x55bd, 0x55bd, 0x55bd, 0x55bd, 0x55bd, 0x55bd,
  0x55bd, 0x55bd, 0x55bd, 0x55bd, 0x55bd, 0x55bd, 0x55bd, 0x55bd, 0x55bd, 0x55bd, 0x55bd, 0x55bd,
  0x55bd, 0x55bd, 0x55bd, 0x55bd, 0x55bd, 0x55bd, 0x55bd, 0x55bd, 0x55bd, 0x55bd, 0x55bd, 0x55bd,
  0x55bd, 0x55bd, 0x55bd, 0x55bd, 0x55bd, 0x55bd, 0x55bd, 0x55bd, 0x55bd, 0x55bd, 0x55bd, 0x55bd,
  0x55bd, 0x55bd, 0x55bd, 0x55bd, 0x55bd, 0x55bd, 0x55bd, 0x55bd, 0x55bd, 0x55bd, 0x55bd, 0x55bd,
  0x55bd, 0x55bd, 0x55bd, 0x55bd, 0x55bd, 0x55bd, 0x55bd, 0x55bd, 0x55bd, 0x55bd, 0x55bd, 0x55bd,
  0x55bd, 0x55bd, 0x55bd, 0x55bd, 0x55bd, 0x55bd, 0x55bd, 0x55bd, 0x55bd, 0x55bd, 0x55bd, 0x55bd,
  0x55bd, 0x55bd, 0x55bd, 0x55bd, 0x55bd, 0x55bd, 0x55bd, 0x55bd, 0x55bd, 0x55bd, 0x55bd, 0x55bd,
  0x55bd, 0x55bd, 0x55bd, 0x55bd, 0x55bd, 0x55bd, 0x55bd, 0x55bd, 0x55bd, 0x55bd, 0x55bd, 0x55bd,
  0x55bd, 0x55bd, 0x55bd, 0x55bd, 0x55bd, 0x55bd, 0x55bd, 0x55bd, 0x55bd, 0x55bd, 0x55bd, 0x55bd,
  0x55bd, 0x55bd, 0x55bd, 0x55bd, 0x55bd, 0x55bd, 0x55bd, 0x55bd, 0x55bd, 0x55bd, 0x55bd, 0x55bd,
  0x55bd, 0x55bd, 0x55bd, 0x55bd, 0x55bd, 0x55bd, 0x55bd, 0x55bd, 0x55bd, 0x55bd, 0x55bd, 0x55bd,
  0x55bd, 0x55bd, 0x55bd, 0x55bd, 0x55bd, 0x55bd, 0x55bd, 0x55bd, 0x55bd, 0x55bd, 0x55bd, 0x55bd,
  0x55bd, 0x55bd, 0x55bd, 0x55bd, 0x55bd, 0x55bd, 0x55bd, 0x55bd, 0x55bd, 0x55bd, 0x55bd, 0x55bd,
  0x55bd, 0x55bd, 0x55bd, 0x55bd, 0x55bd, 0x55bd, 0x55bd, 0x55bd, 0x55bd, 0x55bd, 0x55bd, 0x55bd,
  0x55bd, 0x55bd, 0x55bd, 0x55bd, 0x55bd, 0x55bd, 0x55bd, 0x55bd, 0x55bd, 0x55bd, 0x55bd, 0x55bd,
  0x55bd, 0x55bd, 0x55bd, 0x55bd, 0x55bd, 0x55bd, 0x55bd, 0x55bd, 0x55bd, 0x55bd, 0x55bd, 0x55bd,
  0x55bd, 0x55bd, 0x55bd, 0x55bd, 0x55bd, 0x55bd, 0x55bd, 0x55bd, 0x55bd, 0x55bd, 0x55bd, 0x55bd,
  0x55bd, 0x55bd, 0x55bd, 0x55bd, 0x55bd, 0x55bd, 0x55bd, 0x55bd, 0x55bd, 0x55bd, 0x55bd, 0x55bd,
  0x55bd, 0x55bd, 0x55bd, 0x55bd, 0x55bd, 0x55bd, 0x55bd, 0x55bd, 0x55bd, 0x55bd, 0x55bd, 0x55bd,
  0x55bd, 0x55bd, 0x55bd, 0x55bd, 0x55bd, 0x55bd, 0x55bd, 0x55bd, 0x55bd, 0x55bd, 0x55bd, 0x55bd,
  0x55bd, 0x55bd, 0x55bd, 0x55bd, 0x55bd, 0x55bd, 0x55bd, 0x55bd, 0x55bd, 0x55bd, 0x55bd, 0x55bd,
  0x55bd, 0x55bd, 0x55bd, 0x55bd, 0x55bd, 0x55bd, 0x55bd, 0x55bd, 0x55bd, 0x55bd, 0x55bd, 0x55bd,
  0x55bd, 0x55bd, 0x55bd, 0x55bd, 0x55bd, 0x55bd, 0x55bd, 0x55bd, 0x55bd, 0x55bd, 0x55bd, 0x55bd,
  0x55bd, 0x55bd, 0x55bd, 0x55bd, 0x55bd, 0x55bd, 0x55bd, 0x55bd, 0x55bd, 0x55bd, 0x55bd, 0x55bd,
  0x55bd, 0x55bd, 0x55bd, 0x55bd, 0x55bd, 0x55bd, 0x55bd, 0x55bd, 0x55bd, 0x55bd, 0x55bd, 0x55bd,
  0x55bd, 0x55bd, 0x55bd, 0x55bd, 0x55bd, 0x55bd, 0x55bd, 0x55bd, 0x55bd, 0x55bd, 0x55bd, 0x55bd,
  0x55bd, 0x55bd, 0x55bd, 0x55bd, 0x55bd, 0x55bd, 0x55bd, 0x55bd, 0x55bd, 0x55bd, 0x55bd, 0x55bd,
  0x55bd, 0x55bd, 0x55bd, 0x55bd, 0x55bd, 0x55bd, 0x55bd, 0x55bd, 0x55bd, 0x55bd, 0x55bd, 0x55bd,
  0x55bd, 0x55bd, 0x55bd, 0x55bd, 0x55bd, 0x55bd, 0x55bd, 0x55bd, 0x55bd, 0x55bd, 0x55bd, 0x55bd,
  0x55bd, 0x55bd, 0x55bd, 0x55bd, 0x55bd, 0x55bd, 0x55bd, 0x55bd, 0x55bd, 0x55bd, 0x55bd, 0x55bd,
  0x55bd, 0x55bd, 0x55bd, 0x55bd, 0x55bd, 0x55bd, 0x55bd, 0x55bd, 0x55bd, 0x55bd, 0x55bd, 0x55bd,
  0x55bd, 0x55bd, 0x55bd, 0x55bd, 0x55bd, 0x55bd, 0x55bd, 0x55bd, 0x55bd, 0x55bd, 0x55bd, 0x55bd,
  0x55bd, 0x55bd, 0x55bd, 0x55bd, 0x55bd, 0x55bd, 0x55bd, 0x55bd, 0x55bd, 0x55bd, 0x55bd, 0x55bd,
  0x55bd, 0x55bd, 0x55bd, 0x55bd, 0x55bd, 0x55bd, 0x55bd, 0x55bd, 0x55bd, 0x55bd, 0x55bd, 0x55bd,
  0x55bd, 0x55bd, 0x55bd, 0x55bd, 0x55bd, 0x55bd, 0x55bd, 0x55bd, 0x55bd, 0x55bd, 0x55bd, 0x55bd,
  0x55bd, 0x55bd, 0x55bd, 0x55bd, 0x55bd, 0x55bd, 0x55bd, 0x55bd, 0x55bd, 0x55bd, 0x55bd, 0x55bd,
  0x55bd, 0x55bd, 0x55bd, 0x55bd, 0x55bd, 0x55bd, 0x55bd, 0x55bd, 0x55bd, 0x55bd, 0x55bd, 0x55bd,
  0x55bd, 0x55bd, 0x55bd, 0x55bd, 0x55bd, 0x55bd, 0x55bd, 0x55bd, 0x55bd, 0x55bd, 0x55bd, 0x55bd,
  0x55bd, 0x55bd, 0x55bd, 0x55bd, 0x55bd, 0x55bd, 0x55bd, 0x55bd, 0x55bd, 0x55bd, 0x55bd, 0x55bd,
  0x55bd, 0x55bd, 0x55bd, 0x55bd, 0x55bd, 0x55bd, 0x55bd, 0x55bd, 0x55bd, 0x55bd, 0x55bd, 0x55bd,
  0x55bd, 0x55bd, 0x55bd, 0x55bd, 0x55bd, 0x55bd, 0x55bd, 0x55bd, 0x55bd, 0x55bd, 0x55bd, 0x55bd,
  0x55bd, 0x55bd, 0x55bd, 0x55bd, 0x55bd, 0x55bd, 0x55bd, 0x55bd, 0x55bd, 0x55bd, 0x55bd, 0x55bd,
  0x55bd, 0x55bd, 0x55bd, 0x55bd, 0x55bd, 0x55bd, 0x55bd, 0x55bd, 0x55bd, 0x55bd, 0x55bd, 0x55bd,
  0x55bd, 0x55bd, 0x55bd, 0x55bd, 0x55bd, 0x55bd, 0x55bd, 0x55bd, 0x55bd, 0x55bd, 0x55bd, 0x55bd,
  0x55bd, 0x55bd, 0x55bd, 0x55bd, 0x55bd, 0x55bd, 0x55bd, 0x55bd, 0x55bd, 0x55bd, 0x55bd, 0x55bd,
  0x55bd, 0x55bd, 0x55bd, 0x55bd, 0x55bd, 0x55bd, 0x55bd, 0x55bd, 0x55bd, 0x55bd, 0x55bd, 0x55bd,
  0x55bd, 0x55bd, 0x55bd, 0x55bd, 0x55bd, 0x55bd, 0x55bd, 0x55bd, 0x55bd, 0x55bd, 0x55bd, 0x55bd,
  0x55bd, 0x55bd, 0x55bd, 0x55bd, 0x55bd, 0x55bd, 0x55bd, 0x55bd, 0x55bd, 0x55bd, 0x55bd, 0x55bd,
  0x55bd, 0x55bd, 0x55bd, 0x55bd, 0x55bd, 0x55bd, 0x55bd, 0x55bd, 0x55bd, 0x55bd, 0x55bd, 0x55bd,
  0x55bd, 0x55bd, 0x55bd, 0x55bd, 0x55bd, 0x55bd, 0x55bd, 0x55bd, 0x55bd, 0x55bd, 0x55bd, 0x55bd,
  0x55bd, 0x55bd, 0x55bd, 0x55bd, 0x55bd, 0x55bd, 0x55bd, 0x55bd, 0x55bd, 0x55bd, 0x55bd, 0x55bd,
  0x55bd, 0x55bd, 0x55bd, 0x55bd, 0x55bd, 0x55bd, 0x55bd, 0x55bd, 0x55bd, 0x55bd, 0x55bd, 0x55bd,
  0x55bd, 0x55bd, 0x55bd, 0x55bd, 0x55bd, 0x55bd, 0x55bd, 0x55bd, 0x55bd, 0x55bd, 0x55bd, 0x55bd,
  0x55bd, 0x55bd, 0x55bd, 0x55bd, 0x55bd, 0x55bd, 0x55bd, 0x55bd, 0x55bd, 0x55bd, 0x55bd, 0x55bd,
  0x55bd, 0x55bd, 0x55bd, 0x55bd, 0x55bd, 0x55bd, 0x55bd, 0x55bd, 0x55bd, 0x55bd, 0x55bd, 0x55bd,
  0x55bd, 0x55bd, 0x55bd, 0x55bd, 0x55bd, 0x55bd, 0x55bd, 0x55bd, 0x55bd, 0x55bd, 0x55bd, 0x55bd,
  0x55bd, 0x55bd, 0x55bd, 0x55bd, 0x55bd, 0x55bd, 0x55bd, 0x55bd, 0x55bd, 0x55bd, 0x55bd, 0x55bd,
  0x55bd, 0x55bd, 0x55bd, 0x55bd, 0x55bd, 0x55bd, 0x55bd, 0x55bd, 0x55bd, 0x55bd, 0x55bd, 0x55bd,
  0x55bd, 0x55bd, 0x55bd, 0x55bd, 0x55bd, 0x55bd, 0x55bd, 0x55bd, 0x55bd, 0x55bd, 0x55bd, 0x55bd,
  0x55bd, 0x55bd, 0x55bd, 0x55bd, 0x55bd, 0x55bd, 0x55bd, 0x55bd, 0x55bd, 0x55bd, 0x55bd, 0x55bd,
  0x55bd, 0x55bd, 0x55bd, 0x55bd, 0x55bd, 0x55bd, 0x55bd, 0x55bd, 0x55bd, 0x55bd, 0x55bd, 0x55bd,
  0x55bd, 0x55bd, 0x55bd, 0x55bd, 0x55bd, 0x55bd, 0x55bd, 0x55bd, 0x55bd, 0x55bd, 0x55bd, 0x55bd,
  0x55bd, 0x55bd, 0x55bd, 0x55bd, 0x55bd, 0x55bd, 0x55bd, 0x55bd, 0x55bd, 0x55bd, 0x55bd, 0x55bd,
  0x55bd, 0x55bd, 0x55bd, 0x55bd, 0x55bd, 0x55bd, 0x55bd, 0x55bd, 0x55bd, 0x55bd, 0x55bd, 0x55bd,
  0x55bd, 0x55bd, 0x55bd, 0x55bd, 0x55bd, 0x55bd, 0x55bd, 0x55bd, 0x55bd, 0x55bd, 0x55bd, 0x55bd,
  0x55bd, 0x55bd, 0x55bd, 0x55bd, 0x55bd, 0x55bd, 0x55bd, 0x55bd, 0x55bd, 0x55bd, 0x55bd, 0x55bd,
  0x55bd, 0x55bd, 0x55bd, 0x55bd, 0x55bd, 0x55bd, 0x55bd, 0x55bd, 0x55bd, 0x55bd, 0x55bd, 0x55bd,
  0x55bd, 0x55bd, 0x55bd, 0x55bd, 0x55bd, 0x55bd, 0x55bd, 0x55bd, 0x55bd, 0x55bd, 0x55bd, 0x55bd,
  0x55bd, 0x55bd, 0x55bd, 0x55bd, 0x55bd, 0x55bd, 0x55bd, 0x55bd, 0x55bd, 0x55bd, 0x55bd, 0x55bd,
  0x55bd, 0x55bd, 0x55bd, 0x55bd, 0x55bd, 0x55bd, 0x55bd, 0x55bd, 0x55bd, 0x55bd, 0x55bd, 0x55bd,
  0x55bd, 0x55bd, 0x55bd, 0x55bd, 0x55bd, 0x55bd, 0x55bd, 0x55bd, 0x55bd, 0x55bd, 0x55bd, 0x55bd,
  0x55bd, 0x55bd, 0x55bd, 0x55bd, 0x55bd, 0x55bd, 0x55bd, 0x55bd, 0x55bd, 0x55bd, 0x55bd, 0x55bd,
  0x55bd, 0x55bd, 0x55bd, 0x55bd, 0x55bd, 0x55bd, 0x55bd, 0x55bd, 0x55bd, 0x55bd, 0x55bd, 0x55bd,
  0x55bd, 0x55bd, 0x55bd, 0x55bd, 0x55bd, 0x55bd, 0x55bd, 0x55bd, 0x55bd, 0x55bd, 0x55bd, 0x55bd,
  0x55bd, 0x55bd, 0x55bd, 0x55bd, 0x55bd, 0x55bd, 0x55bd, 0x55bd, 0x55bd, 0x55bd, 0x55bd, 0x55bd,
  0x55bd, 0x55bd, 0x55bd, 0x55bd, 0x55bd, 0x55bd, 0x55bd, 0x55bd, 0x55bd, 0x55bd, 0x55bd, 0x55bd,
  0x55bd, 0x55bd, 0x55bd, 0x55bd, 0x55bd, 0x55bd, 0x55bd, 0x55bd, 0x55bd, 0x55bd, 0x55bd, 0x55bd,
  0x55bd, 0x55bd, 0x55bd, 0x55bd, 0x55bd, 0x55bd, 0x55bd, 0x55bd, 0x55bd, 0x55bd, 0x55bd, 0x55bd,
  0x55bd, 0x55bd, 0x55bd, 0x55bd, 0x55bd, 0x55bd, 0x55bd, 0x55bd, 0x55bd, 0x55bd, 0x55bd, 0x55bd,
  0x55bd, 0x55bd, 0x55bd, 0x55bd, 0x55bd, 0x55bd, 0x55bd, 0x55bd, 0x55bd, 0x55bd, 0x55bd, 0x55bd,
  0x55bd, 0x55bd, 0x55bd, 0x55bd, 0x55bd, 0x55bd, 0x55bd, 0x55bd, 0x55bd, 0x55bd, 0x55bd, 0x55bd,
  0x55bd, 0x55bd, 0x55bd, 0x55bd, 0x55bd, 0x55bd, 0x55bd, 0x55bd, 0x55bd, 0x55bd, 0x55bd, 0x55bd,
  0x55bd, 0x55bd, 0x55bd, 0x55bd, 0x55bd, 0x55bd, 0x55bd, 0x55bd, 0x55bd, 0x55bd, 0x55bd, 0x55bd,
  0x55bd, 0x55bd, 0x55bd, 0x55bd, 0x55bd, 0x55bd, 0x55bd, 0x55bd, 0x55bd, 0x55bd, 0x55bd, 0x55bd,
  0x55bd, 0x55bd, 0x55bd, 0x55bd, 0x55bd, 0x55bd, 0x55bd, 0x55bd, 0x55bd, 0x55bd, 0x55bd, 0x55bd,
  0x55bd, 0x55bd, 0x55bd, 0x55bd, 0x55bd, 0x55bd, 0x55bd, 0x55bd, 0x55bd, 0x55bd, 0x55bd, 0x55bd,
  0x55bd, 0x55bd, 0x55bd, 0x55bd, 0x55bd, 0x55bd, 0x55bd, 0x55bd, 0x55bd, 0x55bd, 0x55bd, 0x55bd,
  0x55bd, 0x55bd, 0x55bd, 0x55bd, 0x55bd, 0x55bd, 0x55bd, 0x55bd, 0x55bd, 0x55bd, 0x55bd, 0x55bd,
  0x55bd, 0x55bd, 0x55bd, 0x55bd, 0x55bd, 0x55bd, 0x55bd, 0x55bd, 0x55bd, 0x55bd, 0x55bd, 0x55bd,
  0x55bd, 0x55bd, 0x55bd, 0x55bd, 0x55bd, 0x55bd, 0x55bd, 0x55bd, 0x55bd, 0x55bd, 0x55bd, 0x55bd,
  0x55bd, 0x55bd, 0x55bd, 0x55bd, 0x55bd, 0x55bd, 0x55bd, 0x55bd, 0x55bd, 0x55bd, 0x55bd, 0x55bd,
  0x55bd, 0x55bd, 0x55bd, 0x55bd, 0x55bd, 0x55bd, 0x55bd, 0x55bd, 0x55bd, 0x55bd, 0x55bd, 0x55bd,
  0x55bd, 0x55bd, 0x55bd, 0x55bd, 0x55bd, 0x55bd, 0x55bd, 0x55bd, 0x55bd, 0x55bd, 0x55bd, 0x55bd,
  0x55bd, 0x55bd, 0x55bd, 0x55bd, 0x55bd, 0x55bd, 0x55bd, 0x55bd, 0x55bd, 0x55bd, 0x55bd, 0x55bd,
  0x55bd, 0x55bd, 0x55bd, 0x55bd, 0x55bd, 0x55bd, 0x55bd, 0x55bd, 0x55bd, 0x55bd, 0x55bd, 0x55bd,
  0x55bd, 0x55bd, 0x55bd, 0x55bd, 0x55bd, 0x55bd, 0x55bd, 0x55bd, 0x55bd, 0x55bd, 0x55bd, 0x55bd,
  0x55bd, 0x55bd, 0x55bd, 0x55bd, 0x55bd, 0x55bd, 0x55bd, 0x55bd, 0x55bd, 0x55bd, 0x55bd, 0x55bd,
  0x55bd, 0x55bd, 0x55bd, 0x55bd, 0x55bd, 0x55bd, 0x55bd, 0x55bd, 0x55bd, 0x55bd, 0x55bd, 0x55bd,
  0x55bd, 0x55bd, 0x55bd, 0x55bd, 0x55bd, 0x55bd, 0x55bd, 0x55bd, 0x55bd, 0x55bd, 0x55bd, 0x55bd,
  0x55bd, 0x55bd, 0x55bd, 0x55bd, 0x55bd, 0x55bd, 0x55bd, 0x55bd, 0x55bd, 0x55bd, 0x55bd, 0x55bd,
  0x55bd, 0x55bd, 0x55bd, 0x55bd, 0x55bd, 0x55bd, 0x55bd, 0x55bd, 0x55bd, 0x55bd, 0x55bd, 0x55bd,
  0x55bd, 0x55bd, 0x55bd, 0x55bd, 0x55bd, 0x55bd, 0x55bd, 0x55bd, 0x55bd, 0x55bd, 0x55bd, 0x55bd,
  0x55bd, 0x55bd, 0x55bd, 0x55bd, 0x55bd, 0x55bd, 0x55bd, 0x55bd, 0x55bd, 0x55bd, 0x55bd, 0x55bd,
  0x55bd, 0x55bd, 0x55bd, 0x55bd, 0x55bd, 0x55bd, 0x55bd, 0x55bd, 0x55bd, 0x55bd, 0x55bd, 0x55bd,
  0x55bd, 0x55bd, 0x55bd, 0x55bd, 0x55bd, 0x55bd, 0x55bd, 0x55bd, 0x55bd, 0x55bd, 0x55bd, 0x55bd,
  0x55bd, 0x55bd, 0x55bd, 0x55bd, 0x55bd, 0x55bd, 0x55bd, 0x55bd, 0x55bd, 0x55bd, 0x55bd, 0x55bd,
  0x55bd, 0x55bd, 0x55bd, 0x55bd, 0x55bd, 0x55bd, 0x55bd, 0x55bd, 0x55bd, 0x55bd, 0x55bd, 0x55bd,
  0x55bd, 0x55bd, 0x55bd, 0x55bd, 0x55bd, 0x55bd, 0x55bd, 0x55bd, 0x55bd, 0x55bd, 0x55bd, 0x55bd,
  0x55bd, 0x55bd, 0x55bd, 0x55bd, 0x55bd, 0x55bd, 0x55bd, 0x55bd, 0x55bd, 0x55bd, 0x55bd, 0x55bd,
  0x55bd, 0x55bd, 0x55bd, 0x55bd, 0x55bd, 0x55bd, 0x55bd, 0x55bd, 0x55bd, 0x55bd, 0x55bd, 0x55bd,
  0x55bd, 0x55bd, 0x55bd, 0x55bd, 0x55bd, 0x55bd, 0x55bd, 0x55bd, 0x55bd, 0x55bd, 0x55bd, 0x55bd,
  0x55bd, 0x55bd, 0x55bd, 0x55bd, 0x55bd, 0x55bd, 0x55bd, 0x55bd, 0x55bd, 0x55bd, 0x55bd, 0x55bd,
  0x55bd, 0x55bd, 0x55bd, 0x55bd, 0x55bd, 0x55bd, 0x55bd, 0x55bd, 0x55bd, 0x55bd, 0x55bd, 0x55bd,
  0x55bd, 0x55bd, 0x55bd, 0x55bd, 0x55bd, 0x55bd, 0x55bd, 0x55bd, 0x55bd, 0x55bd, 0x55bd, 0x55bd,
  0x55bd, 0x55bd, 0x55bd, 0x55bd, 0x55bd, 0x55bd, 0x55bd, 0x55bd, 0x55bd, 0x55bd, 0x55bd, 0x55bd,
  0x55bd, 0x55bd, 0x55bd, 0x55bd, 0x55bd, 0x55bd, 0x55bd, 0x55bd, 0x55bd, 0x55bd, 0x55bd, 0x55bd,
  0x55bd, 0x55bd, 0x55bd, 0x55bd, 0x55bd, 0x55bd, 0x55bd, 0x55bd, 0x55bd, 0x55bd, 0x55bd, 0x55bd,
  0x55bd, 0x55bd, 0x55bd, 0x55bd, 0x55bd, 0x55bd, 0x55bd, 0x55bd, 0x55bd, 0x55bd, 0x55bd, 0x55bd,
  0x55bd, 0x55bd, 0x55bd, 0x55bd, 0x55bd, 0x55bd, 0x55bd, 0x55bd, 0x55bd, 0x55bd, 0x55bd, 0x55bd,
  0x55bd, 0x55bd, 0x55bd, 0x55bd, 0x55bd, 0x55bd, 0x55bd, 0x55bd, 0x55bd, 0x55bd, 0x55bd, 0x55bd,
  0x55bd, 0x55bd, 0x55bd, 0x55bd, 0x55bd, 0x55bd, 0x55bd, 0x55bd, 0x55bd, 0x55bd, 0x55bd, 0x55bd,
  0x55bd, 0x55bd, 0x55bd, 0x55bd, 0x55bd, 0x55bd, 0x55bd, 0x55bd, 0x55bd, 0x55bd, 0x55bd, 0x55bd,
  0x55bd, 0x55bd, 0x55bd, 0x55bd, 0x55bd, 0x55bd, 0x55bd, 0x55bd, 0x55bd, 0x55bd, 0x55bd, 0x55bd,
  0x55bd, 0x55bd, 0x55bd, 0x55bd, 0x55bd, 0x55bd, 0x55bd, 0x55bd, 0x55bd, 0x55bd, 0x55bd, 0x55bd,
  0x55bd, 0x55bd, 0x55bd, 0x55bd, 0x55bd, 0x55bd, 0x55bd, 0x55bd, 0x55bd, 0x55bd, 0x55bd, 0x55bd,
  0x55bd, 0x55bd, 0x55bd, 0x55bd, 0x55bd, 0x55bd, 0x55bd, 0x55bd, 0x55bd, 0x55bd, 0x55bd, 0x55bd,
  0x55bd, 0x55bd, 0x55bd, 0x55bd, 0x55bd, 0x55bd, 0x55bd, 0x55bd, 0x55bd, 0x55bd, 0x55bd, 0x55bd,
  0x55bd, 0x55bd, 0x55bd, 0x55bd, 0x55bd, 0x55bd, 0x55bd, 0x55bd, 0x55bd, 0x55bd, 0x55bd, 0x55bd,
  0x55bd, 0x55bd, 0x55bd, 0x55bd, 0x55bd, 0x55bd, 0x55bd, 0x55bd, 0x55bd, 0x55bd, 0x55bd, 0x55bd,
  0x55bd, 0x55bd, 0x55bd, 0x55bd, 0x55bd, 0x55bd, 0x55bd, 0x55bd, 0x55bd, 0x55bd, 0x55bd, 0x55bd,
  0x55bd, 0x55bd, 0x55bd, 0x55bd, 0x55bd, 0x55bd, 0x55bd, 0x55bd, 0x55bd, 0x55bd, 0x55bd, 0x55bd,
  0x55bd, 0x55bd, 0x55bd, 0x55bd, 0x55bd, 0x55bd, 0x55bd, 0x55bd, 0x55bd, 0x55bd, 0x55bd, 0x55bd,
  0x55bd, 0x55bd, 0x55bd, 0x55bd, 0x55bd, 0x55bd, 0x55bd, 0x55bd, 0x55bd, 0x55bd, 0x55bd, 0x55bd,
  0x55bd, 0x55bd, 0x55bd, 0x55bd, 0x55bd, 0x55bd, 0x55bd, 0x55bd, 0x55bd, 0x55bd, 0x55bd, 0x55bd,
  0x55bd, 0x55bd, 0x55bd, 0x55bd, 0x55bd, 0x55bd, 0x55bd, 0x55bd, 0x55bd, 0x55bd, 0x55bd, 0x55bd,
  0x55bd, 0x55bd, 0x55bd, 0x55bd, 0x55bd, 0x55bd, 0x55bd, 0x55bd, 0x55bd, 0x55bd, 0x55bd, 0x55bd,
  0x55bd, 0x55bd, 0x55bd, 0x55bd, 0x55bd, 0x55bd, 0x55bd, 0x55bd, 0x55bd, 0x55bd, 0x55bd, 0x55bd,
  0x55bd, 0x55bd, 0x55bd, 0x55bd, 0x55bd, 0x55bd, 0x55bd, 0x55bd, 0x55bd, 0x55bd, 0x55bd, 0x55bd,
  0x55bd, 0x55bd, 0x55bd, 0x55bd, 0x55bd, 0x55bd, 0x55bd, 0x55bd, 0x55bd, 0x55bd, 0x55bd, 0x55bd,
  0x55bd, 0x55bd, 0x55bd, 0x55bd, 0x55bd, 0x55bd, 0x55bd, 0x55bd, 0x55bd, 0x55bd, 0x55bd, 0x55bd,
  0x55bd, 0x55bd, 0x55bd, 0x55bd, 0x55bd, 0x55bd, 0x55bd, 0x55bd, 0x55bd, 0x55bd, 0x55bd, 0x55bd,
  0x55bd, 0x55bd, 0x55bd, 0x55bd, 0x55bd, 0x55bd, 0x55bd, 0x55bd, 0x55bd, 0x55bd, 0x55bd, 0x55bd,
  0x55bd, 0x55bd, 0x55bd, 0x55bd, 0x55bd, 0x55bd, 0x55bd, 0x55bd, 0x55bd, 0x55bd, 0x55bd, 0x55bd,
  0x55bd, 0x55bd, 0x55bd, 0x55bd, 0x55bd, 0x55bd, 0x55bd, 0x55bd, 0x55bd, 0x55bd, 0x55bd, 0x55bd,
  0x55bd, 0x55bd, 0x55bd, 0x55bd, 0x55bd, 0x55bd, 0x55bd, 0x55bd, 0x55bd, 0x55bd, 0x55bd, 0x55bd,
  0x55bd, 0x55bd, 0x55bd, 0x55bd, 0x55bd, 0x55bd, 0x55bd, 0x55bd, 0x55bd, 0x55bd, 0x55bd, 0x55bd,
  0x55bd, 0x55bd, 0x55bd, 0x55bd, 0x55bd, 0x55bd, 0x55bd, 0x55bd, 0x55bd, 0x55bd, 0x55bd, 0x55bd,
  0x55bd, 0x55bd, 0x55bd, 0x55bd, 0x55bd, 0x55bd, 0x55bd, 0x55bd, 0x55bd, 0x55bd, 0x55bd, 0x55bd,
  0x55bd, 0x55bd, 0x55bd, 0x55bd, 0x55bd, 0x55bd, 0x55bd, 0x55bd, 0x55bd, 0x55bd, 0x55bd, 0x55bd,
  0x55bd, 0x55bd, 0x55bd, 0x55bd, 0x55bd, 0x55bd, 0x55bd, 0x55bd, 0x55bd, 0x55bd, 0x55bd, 0x55bd,
  0x55bd, 0x55bd, 0x55bd, 0x55bd, 0x55bd, 0x55bd, 0x55bd, 0x55bd, 0x55bd, 0x55bd, 0x55bd, 0x55bd,
  0x55bd, 0x55bd, 0x55bd, 0x55bd, 0x55bd, 0x55bd, 0x55bd, 0x55bd, 0x55bd, 0x55bd, 0x55bd, 0x55bd,
  0x55bd, 0x55bd, 0x55bd, 0x55bd, 0x55bd, 0x55bd, 0x55bd, 0x55bd, 0x55bd, 0x55bd, 0x55bd, 0x55bd,
  0x55bd, 0x55bd, 0x55bd, 0x55bd, 0x55bd, 0x55bd, 0x55bd, 0x55bd, 0x55bd, 0x55bd, 0x55bd, 0x55bd,
  0x55bd, 0x55bd, 0x55bd, 0x55bd, 0x55bd, 0x55bd, 0x55bd, 0x55bd, 0x55bd, 0x55bd, 0x55bd, 0x55bd,
  0x55bd, 0x55bd, 0x55bd, 0x55bd, 0x55bd, 0x55bd, 0x55bd, 0x55bd, 0x55bd, 0x55bd, 0x55bd, 0x55bd,
  0x55bd, 0x55bd, 0x55bd, 0x55bd, 0x55bd, 0x55bd, 0x55bd, 0x55bd, 0x55bd, 0x55bd, 0x55bd, 0x55bd,
  0x55bd, 0x55bd, 0x55bd, 0x55bd, 0x55bd, 0x55bd, 0x55bd, 0x55bd, 0x55bd, 0x55bd, 0x55bd, 0x55bd,
  0x55bd, 0x55bd, 0x55bd, 0x55bd, 0x55bd, 0x55bd, 0x55bd, 0x55bd, 0x55bd, 0x55bd, 0x55bd, 0x55bd,
  0x55bd, 0x55bd, 0x55bd, 0x55bd, 0x55bd, 0x55bd, 0x55bd, 0x55bd, 0x55bd, 0x55bd, 0x55bd, 0x55bd,
  0x55bd, 0x55bd, 0x55bd, 0x55bd, 0x55bd, 0x55bd, 0x55bd, 0x55bd, 0x55bd, 0x55bd, 0x55bd, 0x55bd,
  0x55bd, 0x55bd, 0x55bd, 0x55bd, 0x55bd, 0x55bd, 0x55bd, 0x55bd, 0x55bd, 0x55bd, 0x55bd, 0x55bd,
  0x55bd, 0x55bd, 0x55bd, 0x55bd, 0x55bd, 0x55bd, 0x55bd, 0x55bd, 0x55bd, 0x55bd, 0x55bd, 0x55bd,
  0x55bd, 0x55bd, 0x55bd, 0x55bd, 0x55bd, 0x55bd, 0x55bd, 0x55bd, 0x55bd, 0x55bd, 0x55bd, 0x55bd,
  0x55bd, 0x55bd, 0x55bd, 0x55bd, 0x55bd, 0x55bd, 0x55bd, 0x55bd, 0x55bd, 0x55bd, 0x55bd, 0x55bd,
  0x55bd, 0x55bd, 0x55bd, 0x55bd, 0x55bd, 0x55bd, 0x55bd, 0x55bd, 0x55bd, 0x55bd, 0x55bd, 0x55bd,
  0x55bd, 0x55bd, 0x55bd, 0x55bd, 0x55bd, 0x55bd, 0x55bd, 0x55bd, 0x55bd, 0x55bd, 0x55bd, 0x55bd,
  0x55bd, 0x55bd, 0x55bd, 0x55bd, 0x55bd, 0x55bd, 0x55bd, 0x55bd, 0x55bd, 0x55bd, 0x55bd, 0x55bd,
  0x55bd, 0x55bd, 0x55bd, 0x55bd, 0x55bd, 0x55bd, 0x55bd, 0x55bd, 0x55bd, 0x55bd, 0x55bd, 0x55bd,
  0x55bd, 0x55bd, 0x55bd, 0x55bd, 0x55bd, 0x55bd, 0x55bd, 0x55bd, 0x55bd, 0x55bd, 0x55bd, 0x55bd,
  0x55bd, 0x55bd, 0x55bd, 0x55bd, 0x55bd, 0x55bd, 0x55bd, 0x55bd, 0x55bd, 0x55bd, 0x55bd, 0x55bd,
  0x55bd, 0x55bd, 0x55bd, 0x55bd, 0x55bd, 0x55bd, 0x55bd, 0x55bd, 0x55bd, 0x55bd, 0x55bd, 0x55bd,
  0x55bd, 0x55bd, 0x55bd, 0x55bd, 0x55bd, 0x55bd, 0x55bd, 0x55bd, 0x55bd, 0x55bd, 0x55bd, 0x55bd,
  0x55bd, 0x55bd, 0x55bd, 0x55bd, 0x55bd, 0x55bd, 0x55bd, 0x55bd, 0x55bd, 0x55bd, 0x55bd, 0x55bd,
  0x55bd, 0x55bd, 0x55bd, 0x55bd, 0x55bd, 0x55bd, 0x55bd, 0x55bd, 0x55bd, 0x55bd, 0x55bd, 0x55bd,
  0x55bd, 0x55bd, 0x55bd, 0x55bd, 0x55bd, 0x55bd, 0x55bd, 0x55bd, 0x55bd, 0x55bd, 0x55bd, 0x55bd,
  0x55bd, 0x55bd, 0x55bd, 0x55bd, 0x55bd, 0x55bd, 0x55bd, 0x55bd, 0x55bd, 0x55bd, 0x55bd, 0x55bd,
  0x55bd, 0x55bd, 0x55bd, 0x55bd, 0x55bd, 0x55bd, 0x55bd, 0x55bd, 0x55bd, 0x55bd, 0x55bd, 0x55bd,
  0x55bd, 0x55bd, 0x55bd, 0x55bd, 0x55bd, 0x55bd, 0x55bd, 0x55bd, 0x55bd, 0x55bd, 0x55bd, 0x55bd,
  0x55bd, 0x55bd, 0x55bd, 0x55bd, 0x55bd, 0x55bd, 0x55bd, 0x55bd, 0x55bd, 0x55bd, 0x55bd, 0x55bd,
  0x55bd, 0x55bd, 0x55bd, 0x55bd, 0x55bd, 0x55bd, 0x55bd, 0x55bd, 0x55bd, 0x55bd, 0x55bd, 0x55bd,
  0x55bd, 0x55bd, 0x55bd, 0x55bd, 0x55bd, 0x55bd, 0x55bd, 0x55bd, 0x55bd, 0x55bd, 0x55bd, 0x55bd,
  0x55bd, 0x55bd, 0x55bd, 0x55bd, 0x55bd, 0x55bd, 0x55bd, 0x55bd, 0x55bd, 0x55bd, 0x55bd, 0x55bd,
  0x55bd, 0x55bd, 0x55bd, 0x55bd, 0x55bd, 0x55bd, 0x55bd, 0x55bd, 0x55bd, 0x55bd, 0x55bd, 0x55bd,
  0x55bd, 0x55bd, 0x55bd, 0x55bd, 0x55bd, 0x55bd, 0x55bd, 0x55bd, 0x55bd, 0x55bd, 0x55bd, 0x55bd,
  0x55bd, 0x55bd, 0x55bd, 0x55bd, 0x55bd, 0x55bd, 0x55bd, 0x55bd, 0x55bd, 0x55bd, 0x55bd, 0x55bd,
  0x55bd, 0x55bd, 0x55bd, 0x55bd, 0x55bd, 0x55bd, 0x55bd, 0x55bd, 0x55bd, 0x55bd, 0x55bd, 0x55bd,
  0x55bd, 0x55bd, 0x55bd, 0x55bd, 0x55bd, 0x55bd, 0x55bd, 0x55bd, 0x55bd, 0x55bd, 0x55bd, 0x55bd,
  0x55bd, 0x55bd, 0x55bd, 0x55bd, 0x55bd, 0x55bd, 0x55bd, 0x55bd, 0x55bd, 0x55bd, 0x55bd, 0x55bd,
  0x55bd, 0x55bd, 0x55bd, 0x55bd, 0x55bd, 0x55bd, 0x55bd, 0x55bd, 0x55bd, 0x55bd, 0x55bd, 0x55bd,
  0x55bd, 0x55bd, 0x55bd, 0x55bd, 0x55bd, 0x55bd, 0x55bd, 0x55bd, 0x55bd, 0x55bd, 0x55bd, 0x55bd,
  0x55bd, 0x55bd, 0x55bd, 0x55bd, 0x55bd, 0x55bd, 0x55bd, 0x55bd, 0x55bd, 0x55bd, 0x55bd, 0x55bd,
  0x55bd, 0x55bd, 0x55bd, 0x55bd, 0x55bd, 0x55bd, 0x55bd, 0x55bd, 0x55bd, 0x55bd, 0x55bd, 0x55bd,
  0x55bd, 0x55bd, 0x55bd, 0x55bd, 0x55bd, 0x55bd, 0x55bd, 0x55bd, 0x55bd, 0x55bd, 0x55bd, 0x55bd,
  0x55bd, 0x55bd, 0x55bd, 0x55bd, 0x55bd, 0x55bd, 0x55bd, 0x55bd, 0x55bd, 0x55bd, 0x55bd, 0x55bd,
  0x55bd, 0x55bd, 0x55bd, 0x55bd, 0x55bd, 0x55bd, 0x55bd, 0x55bd, 0x55bd, 0x55bd, 0x55bd, 0x55bd,
  0x55bd, 0x55bd, 0x55bd, 0x55bd, 0x55bd, 0x55bd, 0x55bd, 0x55bd, 0x55bd, 0x55bd, 0x55bd, 0x55bd,
  0x55bd, 0x55bd, 0x55bd, 0x55bd, 0x55bd, 0x55bd, 0x55bd, 0x55bd, 0x55bd, 0x55bd, 0x55bd, 0x55bd,
  0x55bd, 0x55bd, 0x55bd, 0x55bd, 0x55bd, 0x55bd, 0x55bd, 0x55bd, 0x55bd, 0x55bd, 0x55bd, 0x55bd,
  0x55bd, 0x55bd, 0x55bd, 0x55bd, 0x55bd, 0x55bd, 0x55bd, 0x55bd, 0x55bd, 0x55bd, 0x55bd, 0x55bd,
  0x55bd, 0x55bd, 0x55bd, 0x55bd, 0x55bd, 0x55bd, 0x55bd, 0x55bd, 0x55bd, 0x55bd, 0x55bd, 0x55bd,
  0x55bd, 0x55bd, 0x55bd, 0x55bd, 0x55bd, 0x55bd, 0x55bd, 0x55bd, 0x55bd, 0x55bd, 0x55bd, 0x55bd,
  0x55bd, 0x55bd, 0x55bd, 0x55bd, 0x55bd, 0x55bd, 0x55bd, 0x55bd, 0x55bd, 0x55bd, 0x55bd, 0x55bd,
  0x55bd, 0x55bd, 0x55bd, 0x55bd, 0x55bd, 0x55bd, 0x55bd, 0x55bd, 0x55bd, 0x55bd, 0x55bd, 0x55bd,
  0x55bd, 0x55bd, 0x55bd, 0x55bd, 0x55bd, 0x55bd, 0x55bd, 0x55bd, 0x55bd, 0x55bd, 0x55bd, 0x55bd,
  0x55bd, 0x55bd, 0x55bd, 0x55bd, 0x55bd, 0x55bd, 0x55bd, 0x55bd, 0x55bd, 0x55bd, 0x55bd, 0x55bd,
  0x55bd, 0x55bd, 0x55bd, 0x55bd, 0x55bd, 0x55bd, 0x55bd, 0x55bd, 0x55bd, 0x55bd, 0x55bd, 0x55bd,
  0x55bd, 0x55bd, 0x55bd, 0x55bd, 0x55bd, 0x55bd, 0x55bd, 0x55bd, 0x55bd, 0x55bd, 0x55bd, 0x55bd,
  0x55bd, 0x55bd, 0x55bd, 0x55bd, 0x55bd, 0x55bd, 0x55bd, 0x55bd, 0x55bd, 0x55bd, 0x55bd, 0x55bd,
  0x55bd, 0x55bd, 0x55bd, 0x55bd, 0x55bd, 0x55bd, 0x55bd, 0x55bd, 0x55bd, 0x55bd, 0x55bd, 0x55bd,
  0x55bd, 0x55bd, 0x55bd, 0x55bd, 0x55bd, 0x55bd, 0x55bd, 0x55bd, 0x55bd, 0x55bd, 0x55bd, 0x55bd,
  0x55bd, 0x55bd, 0x55bd, 0x55bd, 0x55bd, 0x55bd, 0x55bd, 0x55bd, 0x55bd, 0x55bd, 0x55bd, 0x55bd,
  0x55bd, 0x55bd, 0x55bd, 0x55bd, 0x55bd, 0x55bd, 0x55bd, 0x55bd, 0x55bd, 0x55bd, 0x55bd, 0x55bd,
  0x55bd, 0x55bd, 0x55bd, 0x55bd, 0x55bd, 0x55bd, 0x55bd, 0x55bd, 0x55bd, 0x55bd, 0x55bd, 0x55bd,
  0x55bd, 0x55bd, 0x55bd, 0x55bd, 0x55bd, 0x55bd, 0x55bd, 0x55bd, 0x55bd, 0x55bd, 0x55bd, 0x55bd,
  0x55bd, 0x55bd, 0x55bd, 0x55bd, 0x55bd, 0x55bd, 0x55bd, 0x55bd, 0x55bd, 0x55bd, 0x55bd, 0x55bd,
  0x55bd, 0x55bd, 0x55bd, 0x55bd, 0x55bd, 0x55bd, 0x55bd, 0x55bd, 0x55bd, 0x55bd, 0x55bd, 0x55bd,
  0x55bd, 0x55bd, 0x55bd, 0x55bd, 0x55bd, 0x55bd, 0x55bd, 0x55bd, 0x55bd, 0x55bd, 0x55bd, 0x55bd,
  0x55bd, 0x55bd, 0x55bd, 0x55bd, 0x55bd, 0x55bd, 0x55bd, 0x55bd, 0x55bd, 0x55bd, 0x55bd, 0x55bd,
  0x55bd, 0x55bd, 0x55bd, 0x55bd, 0x55bd, 0x55bd, 0x55bd, 0x55bd, 0x55bd, 0x55bd, 0x55bd, 0x55bd,
  0x55bd, 0x55bd, 0x55bd, 0x55bd, 0x55bd, 0x55bd, 0x55bd, 0x55bd, 0x55bd, 0x55bd, 0x55bd, 0x55bd,
  0x55bd, 0x55bd, 0x55bd, 0x55bd, 0x55bd, 0x55bd, 0x55bd, 0x55bd, 0x55bd, 0x55bd, 0x55bd, 0x55bd,
  0x55bd, 0x55bd, 0x55bd, 0x55bd, 0x55bd, 0x55bd, 0x55bd, 0x55bd, 0x55bd, 0x55bd, 0x55bd, 0x55bd,
  0x55bd, 0x55bd, 0x55bd, 0x55bd, 0x55bd, 0x55bd, 0x55bd, 0x55bd, 0x55bd, 0x55bd, 0x55bd, 0x55bd,
  0x55bd, 0x55bd, 0x55bd, 0x55bd, 0x55bd, 0x55bd, 0x55bd, 0x55bd, 0x55bd, 0x55bd, 0x55bd, 0x55bd,
  0x55bd, 0x55bd, 0x55bd, 0x55bd, 0x55bd, 0x55bd, 0x55bd, 0x55bd, 0x55bd, 0x55bd, 0x55bd, 0x55bd,
  0x55bd, 0x55bd, 0x55bd, 0x55bd, 0x55bd, 0x55bd, 0x55bd, 0x55bd, 0x55bd, 0x55bd, 0x55bd, 0x55bd,
  0x55bd, 0x55bd, 0x55bd, 0x55bd, 0x55bd, 0x55bd, 0x55bd, 0x55bd, 0x55bd, 0x55bd, 0x55bd, 0x55bd,
  0x55bd, 0x55bd, 0x55bd, 0x55bd, 0x55bd, 0x55bd, 0x55bd, 0x55bd, 0x55bd, 0x55bd, 0x55bd, 0x55bd,
  0x55bd, 0x55bd, 0x55bd, 0x55bd, 0x55bd, 0x55bd, 0x55bd, 0x55bd, 0x55bd, 0x55bd, 0x55bd, 0x55bd,
  0x55bd, 0x55bd, 0x55bd, 0x55bd, 0x55bd, 0x55bd, 0x55bd, 0x55bd, 0x55bd, 0x55bd, 0x55bd, 0x55bd,
  0x55bd, 0x55bd, 0x55bd, 0x55bd, 0x55bd, 0x55bd, 0x55bd, 0x55bd, 0x55bd, 0x55bd, 0x55bd, 0x55bd,
  0x55bd, 0x55bd, 0x55bd, 0x55bd, 0x55bd, 0x55bd, 0x55bd, 0x55bd, 0x55bd, 0x55bd, 0x55bd, 0x55bd,
  0x55bd, 0x55bd, 0x55bd, 0x55bd, 0x55bd, 0x55bd, 0x55bd, 0x55bd, 0x55bd, 0x55bd, 0x55bd, 0x55bd,
  0x55bd, 0x55bd, 0x55bd, 0x55bd, 0x55bd, 0x55bd, 0x55bd, 0x55bd, 0x55bd, 0x55bd, 0x55bd, 0x55bd,
  0x55bd, 0x55bd, 0x55bd, 0x55bd, 0x55bd, 0x55bd, 0x55bd, 0x55bd, 0x55bd, 0x55bd, 0x55bd, 0x55bd,
  0x55bd, 0x55bd, 0x55bd, 0x55bd, 0x55bd, 0x55bd, 0x55bd, 0x55bd, 0x55bd, 0x55bd, 0x55bd, 0x55bd,
  0x55bd, 0x55bd, 0x55bd, 0x55bd, 0x55bd, 0x55bd, 0x55bd, 0x55bd, 0x55bd, 0x55bd, 0x55bd, 0x55bd,
  0x55bd, 0x55bd, 0x55bd, 0x55bd, 0x55bd, 0x55bd, 0x55bd, 0x55bd, 0x55bd, 0x55bd, 0x55bd, 0x55bd,
  0x55bd, 0x55bd, 0x55bd, 0x55bd, 0x55bd, 0x55bd, 0x55bd, 0x55bd, 0x55bd, 0x55bd, 0x55bd, 0x55bd,
  0x55bd, 0x55bd, 0x55bd, 0x55bd, 0x55bd, 0x55bd, 0x55bd, 0x55bd, 0x55bd, 0x55bd, 0x55bd, 0x55bd,
  0x55bd, 0x55bd, 0x55bd, 0x55bd, 0x55bd, 0x55bd, 0x55bd, 0x55bd, 0x55bd, 0x55bd, 0x55bd, 0x55bd,
  0x55bd, 0x55bd, 0x55bd, 0x55bd, 0x55bd, 0x55bd, 0x55bd, 0x55bd, 0x55bd, 0x55bd, 0x55bd, 0x55bd,
  0x55bd, 0x55bd, 0x55bd, 0x55bd, 0x55bd, 0x55bd, 0x55bd, 0x55bd, 0x55bd, 0x55bd, 0x55bd, 0x55bd,
  0x55bd, 0x55bd, 0x55bd, 0x55bd, 0x55bd, 0x55bd, 0x55bd, 0x55bd, 0x55bd, 0x55bd, 0x55bd, 0x55bd,
  0x55bd, 0x55bd, 0x55bd, 0x55bd, 0x55bd, 0x55bd, 0x55bd, 0x55bd, 0x55bd, 0x55bd, 0x55bd, 0x55bd,
  0x55bd, 0x55bd, 0x55bd, 0x55bd, 0x55bd, 0x55bd, 0x55bd, 0x55bd, 0x55bd, 0x55bd, 0x55bd, 0x55bd,
  0x55bd, 0x55bd, 0x55bd, 0x55bd, 0x55bd, 0x55bd, 0x55bd, 0x55bd, 0x55bd, 0x55bd, 0x55bd, 0x55bd,
  0x55bd, 0x55bd, 0x55bd, 0x55bd, 0x55bd, 0x55bd, 0x55bd, 0x55bd, 0x55bd, 0x55bd, 0x55bd, 0x55bd,
  0x55bd, 0x55bd, 0x55bd, 0x55bd, 0x55bd, 0x55bd, 0x55bd, 0x55bd, 0x55bd, 0x55bd, 0x55bd, 0x55bd,
  0x55bd, 0x55bd, 0x55bd, 0x55bd, 0x55bd, 0x55bd, 0x55bd, 0x55bd, 0x55bd, 0x55bd, 0x55bd, 0x55bd,
  0x55bd, 0x55bd, 0x55bd, 0x55bd, 0x55bd, 0x55bd, 0x55bd, 0x55bd, 0x55bd, 0x55bd, 0x55bd, 0x55bd,
  0x55bd, 0x55bd, 0x55bd, 0x55bd, 0x55bd, 0x55bd, 0x55bd, 0x55bd, 0x55bd, 0x55bd, 0x55bd, 0x55bd,
  0x55bd, 0x55bd, 0x55bd, 0x55bd, 0x55bd, 0x55bd, 0x55bd, 0x55bd, 0x55bd, 0x55bd, 0x55bd, 0x55bd,
  0x55bd, 0x55bd, 0x55bd, 0x55bd, 0x55bd, 0x55bd, 0x55bd, 0x55bd, 0x55bd, 0x55bd, 0x55bd, 0x55bd,
  0x55bd, 0x55bd, 0x55bd, 0x55bd, 0x55bd, 0x55bd, 0x55bd, 0x55bd, 0x55bd, 0x55bd, 0x55bd, 0x55bd,
  0x55bd, 0x55bd, 0x55bd, 0x55bd, 0x55bd, 0x55bd, 0x55bd, 0x55bd, 0x55bd, 0x55bd, 0x55bd, 0x55bd,
  0x55bd, 0x55bd, 0x55bd, 0x55bd, 0x55bd, 0x55bd, 0x55bd, 0x55bd, 0x55bd, 0x55bd, 0x55bd, 0x55bd,
  0x55bd, 0x55bd, 0x55bd, 0x55bd, 0x55bd, 0x55bd, 0x55bd, 0x55bd, 0x55bd, 0x55bd, 0x55bd, 0x55bd,
  0x55bd, 0x55bd, 0x55bd, 0x55bd, 0x55bd, 0x55bd, 0x55bd, 0x55bd, 0x55bd, 0x55bd, 0x55bd, 0x55bd,
  0x55bd, 0x55bd, 0x55bd, 0x55bd, 0x55bd, 0x55bd, 0x55bd, 0x55bd, 0x55bd, 0x55bd, 0x55bd, 0x55bd,
  0x55bd, 0x55bd, 0x55bd, 0x55bd, 0x55bd, 0x55bd, 0x55bd, 0x55bd, 0x55bd, 0x55bd, 0x55bd, 0x55bd,
  0x55bd, 0x55bd, 0x55bd, 0x55bd, 0x55bd, 0x55bd, 0x55bd, 0x55bd, 0x55bd, 0x55bd, 0x55bd, 0x55bd,
  0x55bd, 0x55bd, 0x55bd, 0x55bd, 0x55bd, 0x55bd, 0x55bd, 0x55bd, 0x55bd, 0x55bd, 0x55bd, 0x55bd,
  0x55bd, 0x55bd, 0x55bd, 0x55bd, 0x55bd, 0x55bd, 0x55bd, 0x55bd, 0x55bd, 0x55bd, 0x55bd, 0x55bd,
  0x55bd, 0x55bd, 0x55bd, 0x55bd, 0x55bd, 0x55bd, 0x55bd, 0x55bd, 0x55bd, 0x55bd, 0x55bd, 0x55bd,
  0x55bd, 0x55bd, 0x55bd, 0x55bd, 0x55bd, 0x55bd, 0x55bd, 0x55bd, 0x55bd, 0x55bd, 0x55bd, 0x55bd,
  0x55bd, 0x55bd, 0x55bd, 0x55bd, 0x55bd, 0x55bd, 0x55bd, 0x55bd, 0x55bd, 0x55bd, 0x55bd, 0x55bd,
  0x55bd, 0x55bd, 0x55bd, 0x55bd, 0x55bd, 0x55bd, 0x55bd, 0x55bd, 0x55bd, 0x55bd, 0x55bd, 0x55bd,
  0x55bd, 0x55bd, 0x55bd, 0x55bd, 0x55bd, 0x55bd, 0x55bd, 0x55bd, 0x55bd, 0x55bd, 0x55bd, 0x55bd,
  0x55bd, 0x55bd, 0x55bd, 0x55bd, 0x55bd, 0x55bd, 0x55bd, 0x55bd, 0x55bd, 0x55bd, 0x55bd, 0x55bd,
  0x55bd, 0x55bd, 0x55bd, 0x55bd, 0x55bd, 0x55bd, 0x55bd, 0x55bd, 0x55bd, 0x55bd, 0x55bd, 0x55bd,
  0x55bd, 0x55bd, 0x55bd, 0x55bd, 0x55bd, 0x55bd, 0x55bd, 0x55bd, 0x55bd, 0x55bd, 0x55bd, 0x55bd,
  0x55bd, 0x55bd, 0x55bd, 0x55bd, 0x55bd, 0x55bd, 0x55bd, 0x55bd, 0x55bd, 0x55bd, 0x55bd, 0x55bd,
  0x55bd, 0x55bd, 0x55bd, 0x55bd, 0x55bd, 0x55bd, 0x55bd, 0x55bd, 0x55bd, 0x55bd, 0x55bd, 0x55bd,
  0x55bd, 0x55bd, 0x55bd, 0x55bd, 0x55bd, 0x55bd, 0x55bd, 0x55bd, 0x55bd, 0x55bd, 0x55bd, 0x55bd,
  0x55bd, 0x55bd, 0x55bd, 0x55bd, 0x55bd, 0x55bd, 0x55bd, 0x55bd, 0x55bd, 0x55bd, 0x55bd, 0x55bd,
  0x55bd, 0x55bd, 0x55bd, 0x55bd, 0x55bd, 0x55bd, 0x55bd, 0x55bd, 0x55bd, 0x55bd, 0x55bd, 0x55bd,
  0x55bd, 0x55bd, 0x55bd, 0x55bd, 0x55bd, 0x55bd, 0x55bd, 0x55bd, 0x55bd, 0x55bd, 0x55bd, 0x55bd,
  0x55bd, 0x55bd, 0x55bd, 0x55bd, 0x55bd, 0x55bd, 0x55bd, 0x55bd, 0x55bd, 0x55bd, 0x55bd, 0x55bd,
  0x55bd, 0x55bd, 0x55bd, 0x55bd, 0x55bd, 0x55bd, 0x55bd, 0x55bd, 0x55bd, 0x55bd, 0x55bd, 0x55bd,
  0x55bd, 0x55bd, 0x55bd, 0x55bd, 0x55bd, 0x55bd, 0x55bd, 0x55bd, 0x55bd, 0x55bd, 0x55bd, 0x55bd,
  0x55bd, 0x55bd, 0x55bd, 0x55bd, 0x55bd, 0x55bd, 0x55bd, 0x55bd, 0x55bd, 0x55bd, 0x55bd, 0x55bd,
  0x55bd, 0x55bd, 0x55bd, 0x55bd, 0x55bd, 0x55bd, 0x55bd, 0x55bd, 0x55bd, 0x55bd, 0x55bd, 0x55bd,
  0x55bd, 0x55bd, 0x55bd, 0x55bd, 0x55bd, 0x55bd, 0x55bd, 0x55bd, 0x55bd, 0x55bd, 0x55bd, 0x55bd,
  0x55bd, 0x55bd, 0x55bd, 0x55bd, 0x55bd, 0x55bd, 0x55bd, 0x55bd, 0x55bd, 0x55bd, 0x55bd, 0x55bd,
  0x55bd, 0x55bd, 0x55bd, 0x55bd, 0x55bd, 0x55bd, 0x55bd, 0x55bd, 0x55bd, 0x55bd, 0x55bd, 0x55bd,
  0x55bd, 0x55bd, 0x55bd, 0x55bd, 0x55bd, 0x55bd, 0x55bd, 0x55bd, 0x55bd, 0x55bd, 0x55bd, 0x55bd,
  0x55bd, 0x55bd, 0x55bd, 0x55bd, 0x55bd, 0x55bd, 0x55bd, 0x55bd, 0x55bd, 0x55bd, 0x55bd, 0x55bd,
  0x55bd, 0x55bd, 0x55bd, 0x55bd, 0x55bd, 0x55bd, 0x55bd, 0x55bd, 0x55bd, 0x55bd, 0x55bd, 0x55bd,
  0x55bd, 0x55bd, 0x55bd, 0x55bd, 0x55bd, 0x55bd, 0x55bd, 0x55bd, 0x55bd, 0x55bd, 0x55bd, 0x55bd,
  0x55bd, 0x55bd, 0x55bd, 0x55bd, 0x55bd, 0x55bd, 0x55bd, 0x55bd, 0x55bd, 0x55bd, 0x55bd, 0x55bd,
  0x55bd, 0x55bd, 0x55bd, 0x55bd, 0x55bd, 0x55bd, 0x55bd, 0x55bd, 0x55bd, 0x55bd, 0x55bd, 0x55bd,
  0x55bd, 0x55bd, 0x55bd, 0x55bd, 0x55bd, 0x55bd, 0x55bd, 0x55bd, 0x55bd, 0x55bd, 0x55bd, 0x55bd,
  0x55bd, 0x55bd, 0x55bd, 0x55bd, 0x55bd, 0x55bd, 0x55bd, 0x55bd, 0x55bd, 0x55bd, 0x55bd, 0x55bd,
  0x55bd, 0x55bd, 0x55bd, 0x55bd, 0x55bd, 0x55bd, 0x55bd, 0x55bd, 0x55bd, 0x55bd, 0x55bd, 0x55bd,
  0x55bd, 0x55bd, 0x55bd, 0x55bd, 0x55bd, 0x55bd, 0x55bd, 0x55bd, 0x55bd, 0x55bd, 0x55bd, 0x55bd,
  0x55bd, 0x55bd, 0x55bd, 0x55bd, 0x55bd, 0x55bd, 0x55bd, 0x55bd, 0x55bd, 0x55bd, 0x55bd, 0x55bd,
  0x55bd, 0x55bd, 0x55bd, 0x55bd, 0x55bd, 0x55bd, 0x55bd, 0x55bd, 0x55bd, 0x55bd, 0x55bd, 0x55bd,
  0x55bd, 0x55bd, 0x55bd, 0x55bd, 0x55bd, 0x55bd, 0x55bd, 0x55bd, 0x55bd, 0x55bd, 0x55bd, 0x55bd,
  0x55bd, 0x55bd, 0x55bd, 0x55bd, 0x55bd, 0x55bd, 0x55bd, 0x55bd, 0x55bd, 0x55bd, 0x55bd, 0x55bd,
  0x55bd, 0x55bd, 0x55bd, 0x55bd, 0x55bd, 0x55bd, 0x55bd, 0x55bd, 0x55bd, 0x55bd, 0x55bd, 0x55bd,
  0x55bd, 0x55bd, 0x55bd, 0x55bd, 0x55bd, 0x55bd, 0x55bd, 0x55bd, 0x55bd, 0x55bd, 0x55bd, 0x55bd,
  0x55bd, 0x55bd, 0x55bd, 0x55bd, 0x55bd, 0x55bd, 0x55bd, 0x55bd, 0x55bd, 0x55bd, 0x55bd, 0x55bd,
  0x55bd, 0x55bd, 0x55bd, 0x55bd, 0x55bd, 0x55bd, 0x55bd, 0x55bd, 0x55bd, 0x55bd, 0x55bd, 0x55bd,
  0x55bd, 0x55bd, 0x55bd, 0x55bd, 0x55bd, 0x55bd, 0x55bd, 0x55bd, 0x55bd, 0x55bd, 0x55bd, 0x55bd,
  0x55bd, 0x55bd, 0x55bd, 0x55bd, 0x55bd, 0x55bd, 0x55bd, 0x55bd, 0x55bd, 0x55bd, 0x55bd, 0x55bd,
  0x55bd, 0x55bd, 0x55bd, 0x55bd, 0x55bd, 0x55bd, 0x55bd, 0x55bd, 0x55bd, 0x55bd, 0x55bd, 0x55bd,
  0x55bd, 0x55bd, 0x55bd, 0x55bd, 0x55bd, 0x55bd, 0x55bd, 0x55bd, 0x55bd, 0x55bd, 0x55bd, 0x55bd,
  0x55bd, 0x55bd, 0x55bd, 0x55bd, 0x55bd, 0x55bd, 0x55bd, 0x55bd, 0x55bd, 0x55bd, 0x55bd, 0x55bd,
  0x55bd, 0x55bd, 0x55bd, 0x55bd, 0x55bd, 0x55bd, 0x55bd, 0x55bd, 0x55bd, 0x55bd, 0x55bd, 0x55bd,
  0x55bd, 0x55bd, 0x55bd, 0x55bd, 0x55bd, 0x55bd, 0x55bd, 0x55bd, 0x55bd, 0x55bd, 0x55bd, 0x55bd,
  0x55bd, 0x55bd, 0x55bd, 0x55bd, 0x55bd, 0x55bd, 0x55bd, 0x55bd, 0x55bd, 0x55bd, 0x55bd, 0x55bd,
  0x55bd, 0x55bd, 0x55bd, 0x55bd, 0x55bd, 0x55bd, 0x55bd, 0x55bd, 0x55bd, 0x55bd, 0x55bd, 0x55bd,
  0x55bd, 0x55bd, 0x55bd, 0x55bd, 0x55bd, 0x55bd, 0x55bd, 0x55bd, 0x55bd, 0x55bd, 0x55bd, 0x55bd,
  0x55bd, 0x55bd, 0x55bd, 0x55bd, 0x55bd, 0x55bd, 0x55bd, 0x55bd, 0x55bd, 0x55bd, 0x55bd, 0x55bd,
  0x55bd, 0x55bd, 0x55bd, 0x55bd, 0x55bd, 0x55bd, 0x55bd, 0x55bd, 0x55bd, 0x55bd, 0x55bd, 0x55bd,
  0x55bd, 0x55bd, 0x55bd, 0x55bd, 0x55bd, 0x55bd, 0x55bd, 0x55bd, 0x55bd, 0x55bd, 0x55bd, 0x55bd,
  0x55bd, 0x55bd, 0x55bd, 0x55bd, 0x55bd, 0x55bd, 0x55bd, 0x55bd, 0x55bd, 0x55bd, 0x55bd, 0x55bd,
  0x55bd, 0x55bd, 0x55bd, 0x55bd, 0x55bd, 0x55bd, 0x55bd, 0x55bd, 0x55bd, 0x55bd, 0x55bd, 0x55bd,
  0x55bd, 0x55bd, 0x55bd, 0x55bd, 0x55bd, 0x55bd, 0x55bd, 0x55bd, 0x55bd, 0x55bd, 0x55bd, 0x55bd,
  0x55bd, 0x55bd, 0x55bd, 0x55bd, 0x55bd, 0x55bd, 0x55bd, 0x55bd, 0x55bd, 0x55bd, 0x55bd, 0x55bd,
  0x55bd, 0x55bd, 0x55bd, 0x55bd, 0x55bd, 0x55bd, 0x55bd, 0x55bd, 0x55bd, 0x55bd, 0x55bd, 0x55bd,
  0x55bd, 0x55bd, 0x55bd, 0x55bd, 0x55bd, 0x55bd, 0x55bd, 0x55bd, 0x55bd, 0x55bd, 0x55bd, 0x55bd,
  0x55bd, 0x55bd, 0x55bd, 0x55bd, 0x55bd, 0x55bd, 0x55bd, 0x55bd, 0x55bd, 0x55bd, 0x55bd, 0x55bd,
  0x55bd, 0x55bd, 0x55bd, 0x55bd, 0x55bd, 0x55bd, 0x55bd, 0x55bd, 0x55bd, 0x55bd, 0x55bd, 0x55bd,
  0x55bd, 0x55bd, 0x55bd, 0x55bd, 0x55bd, 0x55bd, 0x55bd, 0x55bd, 0x55bd, 0x55bd, 0x55bd, 0x55bd,
  0x55bd, 0x55bd, 0x55bd, 0x55bd, 0x55bd, 0x55bd, 0x55bd, 0x55bd, 0x55bd, 0x55bd, 0x55bd, 0x55bd,
  0x55bd, 0x55bd, 0x55bd, 0x55bd, 0x55bd, 0x55bd, 0x55bd, 0x55bd, 0x55bd, 0x55bd, 0x55bd, 0x55bd,
  0x55bd, 0x55bd, 0x55bd, 0x55bd, 0x55bd, 0x55bd, 0x55bd, 0x55bd, 0x55bd, 0x55bd, 0x55bd, 0x55bd,
  0x55bd, 0x55bd, 0x55bd, 0x55bd, 0x55bd, 0x55bd, 0x55bd, 0x55bd, 0x55bd, 0x55bd, 0x55bd, 0x55bd,
  0x55bd, 0x55bd, 0x55bd, 0x55bd, 0x55bd, 0x55bd, 0x55bd, 0x55bd, 0x55bd, 0x55bd, 0x55bd, 0x55bd,
  0x55bd, 0x55bd, 0x55bd, 0x55bd, 0x55bd, 0x55bd, 0x55bd, 0x55bd, 0x55bd, 0x55bd, 0x55bd, 0x55bd,
  0x55bd, 0x55bd, 0x55bd, 0x55bd, 0x55bd, 0x55bd, 0x55bd, 0x55bd, 0x55bd, 0x55bd, 0x55bd, 0x55bd,
  0x55bd, 0x55bd, 0x55bd, 0x55bd, 0x55bd, 0x55bd, 0x55bd, 0x55bd, 0x55bd, 0x55bd, 0x55bd, 0x55bd,
  0x55bd, 0x55bd, 0x55bd, 0x55bd, 0x55bd, 0x55bd, 0x55bd, 0x55bd, 0x55bd, 0x55bd, 0x55bd, 0x55bd,
  0x55bd, 0x55bd, 0x55bd, 0x55bd, 0x55bd, 0x55bd, 0x55bd, 0x55bd, 0x55bd, 0x55bd, 0x55bd, 0x55bd,
  0x55bd, 0x55bd, 0x55bd, 0x55bd, 0x55bd, 0x55bd, 0x55bd, 0x55bd, 0x55bd, 0x55bd, 0x55bd, 0x55bd,
  0x55bd, 0x55bd, 0x55bd, 0x55bd, 0x55bd, 0x55bd, 0x55bd, 0x55bd, 0x55bd, 0x55bd, 0x55bd, 0x55bd,
  0x55bd, 0x55bd, 0x55bd, 0x55bd, 0x55bd, 0x55bd, 0x55bd, 0x55bd, 0x55bd, 0x55bd, 0x55bd, 0x55bd,
  0x55bd, 0x55bd, 0x55bd, 0x55bd, 0x55bd, 0x55bd, 0x55bd, 0x55bd, 0x55bd, 0x55bd, 0x55bd, 0x55bd,
  0x55bd, 0x55bd, 0x55bd, 0x55bd, 0x55bd, 0x55bd, 0x55bd, 0x55bd, 0x55bd, 0x55bd, 0x55bd, 0x55bd,
  0x55bd, 0x55bd, 0x55bd, 0x55bd, 0x55bd, 0x55bd, 0x55bd, 0x55bd, 0x55bd, 0x55bd, 0x55bd, 0x55bd,
  0x55bd, 0x55bd, 0x55bd, 0x55bd, 0x55bd, 0x55bd, 0x55bd, 0x55bd, 0x55bd, 0x55bd, 0x55bd, 0x55bd,
  0x55bd, 0x55bd, 0x55bd, 0x55bd, 0x55bd, 0x55bd, 0x55bd, 0x55bd, 0x55bd, 0x55bd, 0x55bd, 0x55bd,
  0x55bd, 0x55bd, 0x55bd, 0x55bd, 0x55bd, 0x55bd, 0x55bd, 0x55bd, 0x55bd, 0x55bd, 0x55bd, 0x55bd,
  0x55bd, 0x55bd, 0x55bd, 0x55bd, 0x55bd, 0x55bd, 0x55bd, 0x55bd, 0x55bd, 0x55bd, 0x55bd, 0x55bd,
  0x55bd, 0x55bd, 0x55bd, 0x55bd, 0x55bd, 0x55bd, 0x55bd, 0x55bd, 0x55bd, 0x55bd, 0x55bd, 0x55bd,
  0x55bd, 0x55bd, 0x55bd, 0x55bd, 0x55bd, 0x55bd, 0x55bd, 0x55bd, 0x55bd, 0x55bd, 0x55bd, 0x55bd,
  0x55bd, 0x55bd, 0x55bd, 0x55bd, 0x55bd, 0x55bd, 0x55bd, 0x55bd, 0x55bd, 0x55bd, 0x55bd, 0x55bd,
  0x55bd, 0x55bd, 0x55bd, 0x55bd, 0x55bd, 0x55bd, 0x55bd, 0x55bd, 0x55bd, 0x55bd, 0x55bd, 0x55bd,
  0x55bd, 0x55bd, 0x55bd, 0x55bd, 0x55bd, 0x55bd, 0x55bd, 0x55bd, 0x55bd, 0x55bd, 0x55bd, 0x55bd,
  0x55bd, 0x55bd, 0x55bd, 0x55bd, 0x55bd, 0x55bd, 0x55bd, 0x55bd, 0x55bd, 0x55bd, 0x55bd, 0x55bd,
  0x55bd, 0x55bd, 0x55bd, 0x55bd, 0x55bd, 0x55bd, 0x55bd, 0x55bd, 0x55bd, 0x55bd, 0x55bd, 0x55bd,
  0x55bd, 0x55bd, 0x55bd, 0x55bd, 0x55bd, 0x55bd, 0x55bd, 0x55bd, 0x55bd, 0x55bd, 0x55bd, 0x55bd,
  0x55bd, 0x55bd, 0x55bd, 0x55bd, 0x55bd, 0x55bd, 0x55bd, 0x55bd, 0x55bd, 0x55bd, 0x55bd, 0x55bd,
  0x55bd, 0x55bd, 0x55bd, 0x55bd, 0x55bd, 0x55bd, 0x55bd, 0x55bd, 0x55bd, 0x55bd, 0x55bd, 0x55bd,
  0x55bd, 0x55bd, 0x55bd, 0x55bd, 0x55bd, 0x55bd, 0x55bd, 0x55bd, 0x55bd, 0x55bd, 0x55bd, 0x55bd,
  0x55bd, 0x55bd, 0x55bd, 0x55bd, 0x55bd, 0x55bd, 0x55bd, 0x55bd, 0x55bd, 0x55bd, 0x55bd, 0x55bd,
  0x55bd, 0x55bd, 0x55bd, 0x55bd, 0x55bd, 0x55bd, 0x55bd, 0x55bd, 0x55bd, 0x55bd, 0x55bd, 0x55bd,
  0x55bd, 0x55bd, 0x55bd, 0x55bd, 0x55bd, 0x55bd, 0x55bd, 0x55bd, 0x55bd, 0x55bd, 0x55bd, 0x55bd,
  0x55bd, 0x55bd, 0x55bd, 0x55bd, 0x55bd, 0x55bd, 0x55bd, 0x55bd, 0x55bd, 0x55bd, 0x55bd, 0x55bd,
  0x55bd, 0x55bd, 0x55bd, 0x55bd, 0x55bd, 0x55bd, 0x55bd, 0x55bd, 0x55bd, 0x55bd, 0x55bd, 0x55bd,
  0x55bd, 0x55bd, 0x55bd, 0x55bd, 0x55bd, 0x55bd, 0x55bd, 0x55bd, 0x55bd, 0x55bd, 0x55bd, 0x55bd,
  0x55bd, 0x55bd, 0x55bd, 0x55bd, 0x55bd, 0x55bd, 0x55bd, 0x55bd, 0x55bd, 0x55bd, 0x55bd, 0x55bd,
  0x55bd, 0x55bd, 0x55bd, 0x55bd, 0x55bd, 0x55bd, 0x55bd, 0x55bd, 0x55bd, 0x55bd, 0x55bd, 0x55bd,
  0x55bd, 0x55bd, 0x55bd, 0x55bd, 0x55bd, 0x55bd, 0x55bd, 0x55bd, 0x55bd, 0x55bd, 0x55bd, 0x55bd,
  0x55bd, 0x55bd, 0x55bd, 0x55bd, 0x55bd, 0x55bd, 0x55bd, 0x55bd, 0x55bd, 0x55bd, 0x55bd, 0x55bd,
  0x55bd, 0x55bd, 0x55bd, 0x55bd, 0x55bd, 0x55bd, 0x55bd, 0x55bd, 0x55bd, 0x55bd, 0x55bd, 0x55bd,
  0x55bd, 0x55bd, 0x55bd, 0x55bd, 0x55bd, 0x55bd, 0x55bd, 0x55bd, 0x55bd, 0x55bd, 0x55bd, 0x55bd,
  0x55bd, 0x55bd, 0x55bd, 0x55bd, 0x55bd, 0x55bd, 0x55bd, 0x55bd, 0x55bd, 0x55bd, 0x55bd, 0x55bd,
  0x55bd, 0x55bd, 0x55bd, 0x55bd, 0x55bd, 0x55bd, 0x55bd, 0x55bd, 0x55bd, 0x55bd, 0x55bd, 0x55bd,
  0x55bd, 0x55bd, 0x55bd, 0x55bd, 0x55bd, 0x55bd, 0x55bd, 0x55bd, 0x55bd, 0x55bd, 0x55bd, 0x55bd,
  0x55bd, 0x55bd, 0x55bd, 0x55bd, 0x55bd, 0x55bd, 0x55bd, 0x55bd, 0x55bd, 0x55bd, 0x55bd, 0x55bd,
  0x55bd, 0x55bd, 0x55bd, 0x55bd, 0x55bd, 0x55bd, 0x55bd, 0x55bd, 0x55bd, 0x55bd, 0x55bd, 0x55bd,
  0x55bd, 0x55bd, 0x55bd, 0x55bd, 0x55bd, 0x55bd, 0x55bd, 0x55bd, 0x55bd, 0x55bd, 0x55bd, 0x55bd,
  0x55bd, 0x55bd, 0x55bd, 0x55bd, 0x55bd, 0x55bd, 0x55bd, 0x55bd, 0x55bd, 0x55bd, 0x55bd, 0x55bd,
  0x55bd, 0x55bd, 0x55bd, 0x55bd, 0x55bd, 0x55bd, 0x55bd, 0x55bd, 0x55bd, 0x55bd, 0x55bd, 0x55bd,
  0x55bd, 0x55bd, 0x55bd, 0x55bd, 0x55bd, 0x55bd, 0x55bd, 0x55bd, 0x55bd, 0x55bd, 0x55bd, 0x55bd,
  0x55bd, 0x55bd, 0x55bd, 0x55bd, 0x55bd, 0x55bd, 0x55bd, 0x55bd, 0x55bd, 0x55bd, 0x55bd, 0x55bd,
  0x55bd, 0x55bd, 0x55bd, 0x55bd, 0x55bd, 0x55bd, 0x55bd, 0x55bd, 0x55bd, 0x55bd, 0x55bd, 0x55bd,
  0x55bd, 0x55bd, 0x55bd, 0x55bd, 0x55bd, 0x55bd, 0x55bd, 0x55bd, 0x55bd, 0x55bd, 0x55bd, 0x55bd,
  0x55bd, 0x55bd, 0x55bd, 0x55bd, 0x55bd, 0x55bd, 0x55bd, 0x55bd, 0x55bd, 0x55bd, 0x55bd, 0x55bd,
  0x55bd, 0x55bd, 0x55bd, 0x55bd, 0x55bd, 0x55bd, 0x55bd, 0x55bd, 0x55bd, 0x55bd, 0x55bd, 0x55bd,
  0x55bd, 0x55bd, 0x55bd, 0x55bd, 0x55bd, 0x55bd, 0x55bd, 0x55bd, 0x55bd, 0x55bd, 0x55bd, 0x55bd,
  0x55bd, 0x55bd, 0x55bd, 0x55bd, 0x55bd, 0x55bd, 0x55bd, 0x55bd, 0x55bd, 0x55bd, 0x55bd, 0x55bd,
  0x55bd, 0x55bd, 0x55bd, 0x55bd, 0x55bd, 0x55bd, 0x55bd, 0x55bd, 0x55bd, 0x55bd, 0x55bd, 0x55bd,
  0x55bd, 0x55bd, 0x55bd, 0x55bd, 0x55bd, 0x55bd, 0x55bd, 0x55bd, 0x55bd, 0x55bd, 0x55bd, 0x55bd,
  0x55bd, 0x55bd, 0x55bd, 0x55bd, 0x55bd, 0x55bd, 0x55bd, 0x55bd, 0x55bd, 0x55bd, 0x55bd, 0x55bd,
  0x55bd, 0x55bd, 0x55bd, 0x55bd, 0x55bd, 0x55bd, 0x55bd, 0x55bd, 0x55bd, 0x55bd, 0x55bd, 0x55bd,
  0x55bd, 0x55bd, 0x55bd, 0x55bd, 0x55bd, 0x55bd, 0x55bd, 0x55bd, 0x55bd, 0x55bd, 0x55bd, 0x55bd,
  0x55bd, 0x55bd, 0x55bd, 0x55bd, 0x55bd, 0x55bd, 0x55bd, 0x55bd, 0x55bd, 0x55bd, 0x55bd, 0x55bd,
  0x55bd, 0x55bd, 0x55bd, 0x55bd, 0x55bd, 0x55bd, 0x55bd, 0x55bd, 0x55bd, 0x55bd, 0x55bd, 0x55bd,
  0x55bd, 0x55bd, 0x55bd, 0x55bd, 0x55bd, 0x55bd, 0x55bd, 0x55bd, 0x55bd, 0x55bd, 0x55bd, 0x55bd,
  0x55bd, 0x55bd, 0x55bd, 0x55bd, 0x55bd, 0x55bd, 0x55bd, 0x55bd, 0x55bd, 0x55bd, 0x55bd, 0x55bd,
  0x55bd, 0x55bd, 0x55bd, 0x55bd, 0x55bd, 0x55bd, 0x55bd, 0x55bd, 0x55bd, 0x55bd, 0x55bd, 0x55bd,
  0x55bd, 0x55bd, 0x55bd, 0x55bd, 0x55bd, 0x55bd, 0x55bd, 0x55bd, 0x55bd, 0x55bd, 0x55bd, 0x55bd,
  0x55bd, 0x55bd, 0x55bd, 0x55bd, 0x55bd, 0x55bd, 0x55bd, 0x55bd, 0x55bd, 0x55bd, 0x55bd, 0x55bd,
  0x55bd, 0x55bd, 0x55bd, 0x55bd, 0x55bd, 0x55bd, 0x55bd, 0x55bd, 0x55bd, 0x55bd, 0x55bd, 0x55bd,
  0x55bd, 0x55bd, 0x55bd, 0x55bd, 0x55bd, 0x55bd, 0x55bd, 0x55bd, 0x55bd, 0x55bd, 0x55bd, 0x55bd,
  0x55bd, 0x55bd, 0x55bd, 0x55bd, 0x55bd, 0x55bd, 0x55bd, 0x55bd, 0x55bd, 0x55bd, 0x55bd, 0x55bd,
  0x55bd, 0x55bd, 0x55bd, 0x55bd, 0x55bd, 0x55bd, 0x55bd, 0x55bd, 0x55bd, 0x55bd, 0x55bd, 0x55bd,
  0x55bd, 0x55bd, 0x55bd, 0x55bd, 0x55bd, 0x55bd, 0x55bd, 0x55bd, 0x55bd, 0x55bd, 0x55bd, 0x55bd,
  0x55bd, 0x55bd, 0x55bd, 0x55bd, 0x55bd, 0x55bd, 0x55bd, 0x55bd, 0x55bd, 0x55bd, 0x55bd, 0x55bd,
  0x55bd, 0x55bd, 0x55bd, 0x55bd, 0x55bd, 0x55bd, 0x55bd, 0x55bd, 0x55bd, 0x55bd, 0x559d, 0x55bd,
  0x55bd, 0x55bd, 0x55bd, 0x55bd, 0x55bd, 0x55bd, 0x55bd, 0x55bd, 0x55bd, 0x55bd, 0x55bd, 0x55bd,
  0x55bd, 0x55bd, 0x55bd, 0x55bd, 0x55bd, 0x55bd, 0x55bd, 0x55bd, 0x55bd, 0x55bd, 0x55bd, 0x55bd,
  0x55bd, 0x55bd, 0x55bd, 0x55bd, 0x55bd, 0x55bd, 0x55bd, 0x55bd, 0x55bd, 0x55bd, 0x55bd, 0x55bd,
  0x55bd, 0x55bd, 0x55bd, 0x55bd, 0x55bd, 0x55bd, 0x55bd, 0x55bd, 0x55bd, 0x55bd, 0x55bd, 0x55bd,
  0x55bd, 0x55bd, 0x55bd, 0x55bd, 0x55bd, 0x55bd, 0x55bd, 0x55bd, 0x55bd, 0x55bd, 0x55bd, 0x55bd,
  0x55bd, 0x55bd, 0x55bd, 0x55bd, 0x55bd, 0x55bd, 0x55bd, 0x55bd, 0x55bd, 0x55bd, 0x55bd, 0x55bd,
  0x55bd, 0x55bd, 0x55bd, 0x55bd, 0x55bd, 0x55bd, 0x55bd, 0x55bd, 0x55bd, 0x55bd, 0x55bd, 0x55bd,
  0x55bd, 0x55bd, 0x55bd, 0x55bd, 0x55bd, 0x55bd, 0x55bd, 0x55bd, 0x55bd, 0x55bd, 0x55bd, 0x55bd,
  0x55bd, 0x55bd, 0x55bd, 0x55bd, 0x55bd, 0x55bd, 0x55bd, 0x55bd, 0x55bd, 0x55bd, 0x55bd, 0x55bd,
  0x55bd, 0x55bd, 0x55bd, 0x55bd, 0x55bd, 0x55bd, 0x55bd, 0x55bd, 0x55bd, 0x55bd, 0x55bd, 0x55bd,
  0x55bd, 0x55bd, 0x55bd, 0x55bd, 0x55bd, 0x55bd, 0x55bd, 0x55bd, 0x55bd, 0x55bd, 0x55bd, 0x55bd,
  0x55bd, 0x55bd, 0x55bd, 0x55bd, 0x55bd, 0x55bd, 0x55bd, 0x55bd, 0x55bd, 0x55bd, 0x55bd, 0x55bd,
  0x55bd, 0x55bd, 0x55bd, 0x55bd, 0x55bd, 0x55bd, 0x55bd, 0x55bd, 0x55bd, 0x55bd, 0x55bd, 0x55bd,
  0x55bd, 0x55bd, 0x55bd, 0x55bd, 0x55bd, 0x55bd, 0x55bd, 0x55bd, 0x55bd, 0x55bd, 0x55bd, 0x55bd,
  0x55bd, 0x55bd, 0x55bd, 0x55bd, 0x55bd, 0x55bd, 0x55bd, 0x55bd, 0x55bd, 0x55bd, 0x55bd, 0x55bd,
  0x55bd, 0x55bd, 0x55bd, 0x55bd, 0x55bd, 0x55bd, 0x55bd, 0x55bd, 0x55bd, 0x55bd, 0x55bd, 0x55bd,
  0x55bd, 0x55bd, 0x55bd, 0x55bd, 0x55bd, 0x55bd, 0x55bd, 0x55bd, 0x55bd, 0x55bd, 0x55bd, 0x55bd,
  0x55bd, 0x55bd, 0x55bd, 0x55bd, 0x55bd, 0x55bd, 0x55bd, 0x55bd, 0x55bd, 0x55bd, 0x55bd, 0x55bd,
  0x55bd, 0x55bd, 0x55bd, 0x55bd, 0x55bd, 0x55bd, 0x55bd, 0x55bd, 0x55bd, 0x55bd, 0x55bd, 0x55bd,
  0x55bd, 0x55bd, 0x55bd, 0x55bd, 0x55bd, 0x55bd, 0x55bd, 0x55bd, 0x55bd, 0x55bd, 0x55bd, 0x55bd,
  0x55bd, 0x55bd, 0x55bd, 0x55bd, 0x55bd, 0x55bd, 0x55bd, 0x55bd, 0x55bd, 0x55bd, 0x55bd, 0x55bd,
  0x55bd, 0x55bd, 0x55bd, 0x55bd, 0x55bd, 0x55bd, 0x55bd, 0x55bd, 0x55bd, 0x55bd, 0x55bd, 0x55bd,
  0x55bd, 0x55bd, 0x55bd, 0x55bd, 0x55bd, 0x55bd, 0x55bd, 0x55bd, 0x55bd, 0x55bd, 0x55bd, 0x55bd,
  0x55bd, 0x55bd, 0x55bd, 0x55bd, 0x55bd, 0x55bd, 0x55bd, 0x55bd, 0x55bd, 0x55bd, 0x55bd, 0x55bd,
  0x55bd, 0x55bd, 0x55bd, 0x55bd, 0x55bd, 0x55bd, 0x55bd, 0x55bd, 0x55bd, 0x55bd, 0x55bd, 0x55bd,
  0x55bd, 0x55bd, 0x55bd, 0x55bd, 0x55bd, 0x65dc, 0x7e1d, 0x863d, 0x863d, 0x7e1d, 0x65dd, 0x5dbd,
  0x55bd, 0x4d9d, 0x75fd, 0x8e5d, 0x967d, 0x75fd, 0x559c, 0x55bd, 0x55bd, 0x55bd, 0x55bd, 0x55bd,
  0x55bd, 0x55bd, 0x55bd, 0x55bd, 0x55bd, 0x55bd, 0x55bd, 0x55bd, 0x55bd, 0x55bd, 0x55bd, 0x55bd,
  0x55bd, 0x55bd, 0x55bd, 0x55bd, 0x55bd, 0x55bd, 0x55bd, 0x55bd, 0x55bd, 0x55bd, 0x55bd, 0x55bd,
  0x55bd, 0x55bd, 0x55bd, 0x55bd, 0x55bd, 0x55bd, 0x55bd, 0x55bd, 0x55bd, 0x55bd, 0x55bd, 0x55bd,
  0x55bd, 0x55bd, 0x55bd, 0x55bd, 0x55bd, 0x55bd, 0x55bd, 0x55bd, 0x55bd, 0x55bd, 0x55bd, 0x55bd,
  0x55bd, 0x55bd, 0x55bd, 0x55bd, 0x55bd, 0x55bd, 0x55bd, 0x55bd, 0x55bd, 0x55bd, 0x55bd, 0x55bd,
  0x55bd, 0x55bd, 0x55bd, 0x55bd, 0x55bd, 0x55bd, 0x55bd, 0x55bd, 0x55bd, 0x55bd, 0x55bd, 0x55bd,
  0x55bd, 0x55bd, 0x55bd, 0x55bd, 0x55bd, 0x55bd, 0x55bd, 0x55bd, 0x55bd, 0x55bd, 0x55bd, 0x55bd,
  0x55bd, 0x55bd, 0x55bd, 0x55bd, 0x55bd, 0x55bd, 0x55bd, 0x55bd, 0x55bd, 0x55bd, 0x55bd, 0x55bd,
  0x55bd, 0x55bd, 0x55bd, 0x55bd, 0x55bd, 0x55bd, 0x55bd, 0x55bd, 0x55bd, 0x55bd, 0x55bd, 0x55bd,
  0x55bd, 0x55bd, 0x55bd, 0x55bd, 0x55bd, 0x55bd, 0x55bd, 0x55bd, 0x55bd, 0x55bd, 0x55bd, 0x55bd,
  0x55bd, 0x55bd, 0x55bd, 0x55bd, 0x55bd, 0x55bd, 0x55bd, 0x55bd, 0x55bd, 0x55bd, 0x55bd, 0x55bd,
  0x55bd, 0x55bd, 0x55bd, 0x55bd, 0x55bd, 0x55bd, 0x55bd, 0x55bd, 0x55bd, 0x55bd, 0x55bd, 0x55bd,
  0x55bd, 0x55bd, 0x55bd, 0x55bd, 0x55bd, 0x55bd, 0x55bd, 0x55bd, 0x55bd, 0x55bd, 0x55bd, 0x55bd,
  0x55bd, 0x55bd, 0x55bd, 0x55bd, 0x55bd, 0x55bd, 0x55bd, 0x55bd, 0x55bd, 0x55bd, 0x55bd, 0x55bd,
  0x55bd, 0x55bd, 0x55bd, 0x55bd, 0x55bd, 0x55bd, 0x55bd, 0x55bd, 0x55bd, 0x55bd, 0x55bd, 0x55bd,
  0x55bd, 0x55bd, 0x55bd, 0x55bd, 0x55bd, 0x55bd, 0x55bd, 0x55bd, 0x55bd, 0x55bd, 0x55bd, 0x55bd,
  0x55bd, 0x55bd, 0x55bd, 0x55bd, 0x55bd, 0x55bd, 0x55bd, 0x55bd, 0x55bd, 0x55bd, 0x55bd, 0x55bd,
  0x55bd, 0x55bd, 0x55bd, 0x55bd, 0x55bd, 0x55bd, 0x55bd, 0x55bd, 0x55bd, 0x55bd, 0x55bd, 0x55bd,
  0x55bd, 0x55bd, 0x55bd, 0x55bd, 0x55bd, 0x55bd, 0x55bd, 0x55bd, 0x55bd, 0x55bd, 0x55bd, 0x55bd,
  0x55bd, 0x55bd, 0x55bd, 0x55bd, 0x55bd, 0x55bd, 0x55bd, 0x55bd, 0x55bd, 0x55bd, 0x55bd, 0x55bd,
  0x55bd, 0x55bd, 0x55bd, 0x55bd, 0x55bd, 0x55bd, 0x55bd, 0x55bd, 0x55bd, 0x55bd, 0x55bd, 0x55bd,
  0x55bd, 0x55bd, 0x55bd, 0x55bd, 0x55bd, 0x55bd, 0x55bd, 0x55bd, 0x55bd, 0x55bd, 0x55bd, 0x55bd,
  0x55bd, 0x55bd, 0x55bd, 0x55bd, 0x55bd, 0x55bd, 0x55bd, 0x55bd, 0x55bd, 0x55bd, 0x55bd, 0x55bd,
  0x55bd, 0x55bd, 0x55bd, 0x55bd, 0x55bd, 0x55bd, 0x55bd, 0x55bd, 0x55bd, 0x55bd, 0x55bd, 0x55bd,
  0x55bd, 0x55bd, 0x55bd, 0x55bd, 0x55bd, 0x55bd, 0x55bd, 0x55bd, 0x55bd, 0x5dbd, 0x8e3d, 0xc6fe,
  0xe79e, 0xf7df, 0xffdf, 0xffff, 0xffff, 0xffff, 0xf7df, 0xdf5e, 0xa69d, 0xdf7f, 0xffff, 0xffff,
  0xffff, 0xffdf, 0xe79e, 0xa69d, 0x55bd, 0x559d, 0x55bd, 0x559d, 0x55bd, 0x55bd, 0x55bd, 0x55bd,
  0x55bd, 0x55bd, 0x55bd, 0x55bd, 0x55bd, 0x55bd, 0x55bd, 0x55bd, 0x55bd, 0x55bd, 0x55bd, 0x55bd,
  0x55bd, 0x55bd, 0x55bd, 0x55bd, 0x55bd, 0x55bd, 0x55bd, 0x55bd, 0x55bd, 0x55bd, 0x55bd, 0x55bd,
  0x55bd, 0x55bd, 0x55bd, 0x55bd, 0x55bd, 0x55bd, 0x55bd, 0x55bd, 0x55bd, 0x55bd, 0x55bd, 0x55bd,
  0x55bd, 0x55bd, 0x55bd, 0x55bd, 0x55bd, 0x55bd, 0x55bd, 0x55bd, 0x55bd, 0x55bd, 0x55bd, 0x55bd,
  0x55bd, 0x55bd, 0x55bd, 0x55bd, 0x55bd, 0x55bd, 0x55bd, 0x55bd, 0x55bd, 0x55bd, 0x55bd, 0x55bd,
  0x55bd, 0x55bd, 0x55bd, 0x55bd, 0x55bd, 0x55bd, 0x55bd, 0x55bd, 0x55bd, 0x55bd, 0x55bd, 0x55bd,
  0x55bd, 0x55bd, 0x55bd, 0x55bd, 0x55bd, 0x55bd, 0x55bd, 0x55bd, 0x55bd, 0x55bd, 0x55bd, 0x55bd,
  0x55bd, 0x55bd, 0x55bd, 0x55bd, 0x55bd, 0x55bd, 0x55bd, 0x55bd, 0x55bd, 0x55bd, 0x55bd, 0x55bd,
  0x55bd, 0x55bd, 0x55bd, 0x55bd, 0x55bd, 0x55bd, 0x55bd, 0x55bd, 0x55bd, 0x55bd, 0x55bd, 0x55bd,
  0x55bd, 0x55bd, 0x55bd, 0x55bd, 0x55bd, 0x55bd, 0x55bd, 0x55bd, 0x55bd, 0x55bd, 0x55bd, 0x55bd,
  0x55bd, 0x55bd, 0x55bd, 0x55bd, 0x55bd, 0x55bd, 0x55bd, 0x55bd, 0x55bd, 0x55bd, 0x55bd, 0x55bd,
  0x55bd, 0x55bd, 0x55bd, 0x55bd, 0x55bd, 0x55bd, 0x55bd, 0x55bd, 0x55bd, 0x55bd, 0x55bd, 0x55bd,
  0x55bd, 0x55bd, 0x55bd, 0x55bd, 0x55bd, 0x55bd, 0x55bd, 0x55bd, 0x55bd, 0x55bd, 0x55bd, 0x55bd,
  0x55bd, 0x55bd, 0x55bd, 0x55bd, 0x55bd, 0x55bd, 0x55bd, 0x55bd, 0x55bd, 0x55bd, 0x55bd, 0x55bd,
  0x55bd, 0x55bd, 0x55bd, 0x55bd, 0x55bd, 0x55bd, 0x55bd, 0x55bd, 0x55bd, 0x55bd, 0x55bd, 0x55bd,
  0x55bd, 0x55bd, 0x55bd, 0x55bd, 0x55bd, 0x55bd, 0x55bd, 0x55bd, 0x55bd, 0x55bd, 0x55bd, 0x55bd,
  0x55bd, 0x55bd, 0x55bd, 0x55bd, 0x55bd, 0x55bd, 0x55bd, 0x55bd, 0x55bd, 0x55bd, 0x55bd, 0x55bd,
  0x55bd, 0x55bd, 0x55bd, 0x55bd, 0x55bd, 0x55bd, 0x55bd, 0x55bd, 0x55bd, 0x55bd, 0x55bd, 0x55bd,
  0x55bd, 0x55bd, 0x55bd, 0x55bd, 0x55bd, 0x55bd, 0x55bd, 0x55bd, 0x55bd, 0x55bd, 0x55bd, 0x55bd,
  0x55bd, 0x55bd, 0x55bd, 0x55bd, 0x55bd, 0x55bd, 0x55bd, 0x55bd, 0x55bd, 0x55bd, 0x55bd, 0x55bd,
  0x55bd, 0x55bd, 0x55bd, 0x55bd, 0x55bd, 0x55bd, 0x55bd, 0x55bd, 0x55bd, 0x55bd, 0x55bd, 0x55bd,
  0x55bd, 0x55bd, 0x55bd, 0x55bd, 0x55bd, 0x55bd, 0x55bd, 0x55bd, 0x55bd, 0x55bd, 0x55bd, 0x55bd,
  0x55bd, 0x55bd, 0x55bd, 0x55bd, 0x55bd, 0x55bd, 0x55bd, 0x55bd, 0x55bd, 0x55bd, 0x55bd, 0x55bd,
  0x55bd, 0x55bd, 0x55bd, 0x55bd, 0x55bd, 0x55bd, 0x55bd, 0x55bd, 0x55bd, 0x55bd, 0x55bd, 0x55bd,
  0x55bd, 0x55bd, 0x55bd, 0x4d9d, 0x9e7d, 0xe79f, 0xffff, 0xffff, 0xffff, 0xffff, 0xffff, 0xffff,
  0xffff, 0xffff, 0xffff, 0xffff, 0xffff, 0xffff, 0xffff, 0xffff, 0xffff, 0xffff, 0xffff, 0xffff,
  0xc71e, 0x55bd, 0x559d, 0x55bd, 0x55bd, 0x55bd, 0x55bd, 0x55bd, 0x55bd, 0x55bd, 0x55bd, 0x55bd,
  0x55bd, 0x55bd, 0x55bd, 0x55bd, 0x55bd, 0x55bd, 0x55bd, 0x55bd, 0x55bd, 0x55bd, 0x55bd, 0x55bd,
  0x55bd, 0x55bd, 0x55bd, 0x55bd, 0x55bd, 0x55bd, 0x55bd, 0x55bd, 0x55bd, 0x55bd, 0x55bd, 0x55bd,
  0x55bd, 0x55bd, 0x55bd, 0x55bd, 0x55bd, 0x55bd, 0x55bd, 0x55bd, 0x55bd, 0x55bd, 0x55bd, 0x55bd,
  0x55bd, 0x55bd, 0x55bd, 0x55bd, 0x55bd, 0x55bd, 0x55bd, 0x55bd, 0x55bd, 0x55bd, 0x55bd, 0x55bd,
  0x55bd, 0x55bd, 0x55bd, 0x55bd, 0x55bd, 0x55bd, 0x55bd, 0x55bd, 0x55bd, 0x55bd, 0x55bd, 0x55bd,
  0x55bd, 0x55bd, 0x55bd, 0x55bd, 0x55bd, 0x55bd, 0x55bd, 0x55bd, 0x55bd, 0x55bd, 0x55bd, 0x55bd,
  0x55bd, 0x55bd, 0x55bd, 0x55bd, 0x55bd, 0x55bd, 0x55bd, 0x55bd, 0x55bd, 0x55bd, 0x55bd, 0x55bd,
  0x55bd, 0x55bd, 0x55bd, 0x55bd, 0x55bd, 0x55bd, 0x55bd, 0x55bd, 0x55bd, 0x55bd, 0x55bd, 0x55bd,
  0x55bd, 0x55bd, 0x55bd, 0x55bd, 0x55bd, 0x55bd, 0x55bd, 0x55bd, 0x55bd, 0x55bd, 0x55bd, 0x55bd,
  0x55bd, 0x55bd, 0x55bd, 0x55bd, 0x55bd, 0x55bd, 0x55bd, 0x55bd, 0x55bd, 0x55bd, 0x55bd, 0x55bd,
  0x55bd, 0x55bd, 0x55bd, 0x55bd, 0x55bd, 0x55bd, 0x55bd, 0x55bd, 0x55bd, 0x55bd, 0x55bd, 0x55bd,
  0x55bd, 0x55bd, 0x55bd, 0x55bd, 0x55bd, 0x55bd, 0x55bd, 0x55bd, 0x55bd, 0x55bd, 0x55bd, 0x55bd,
  0x55bd, 0x55bd, 0x55bd, 0x55bd, 0x55bd, 0x55bd, 0x55bd, 0x55bd, 0x55bd, 0x55bd, 0x55bd, 0x55bd,
  0x55bd, 0x55bd, 0x55bd, 0x55bd, 0x55bd, 0x55bd, 0x55bd, 0x55bd, 0x55bd, 0x55bd, 0x55bd, 0x55bd,
  0x55bd, 0x55bd, 0x55bd, 0x55bd, 0x55bd, 0x55bd, 0x55bd, 0x55bd, 0x55bd, 0x55bd, 0x55bd, 0x55bd,
  0x55bd, 0x55bd, 0x55bd, 0x55bd, 0x55bd, 0x55bd, 0x55bd, 0x55bd, 0x55bd, 0x55bd, 0x55bd, 0x55bd,
  0x55bd, 0x55bd, 0x55bd, 0x55bd, 0x55bd, 0x55bd, 0x55bd, 0x55bd, 0x55bd, 0x55bd, 0x55bd, 0x55bd,
  0x55bd, 0x55bd, 0x55bd, 0x55bd, 0x55bd, 0x55bd, 0x55bd, 0x55bd, 0x55bd, 0x55bd, 0x55bd, 0x55bd,
  0x55bd, 0x55bd, 0x55bd, 0x55bd, 0x55bd, 0x55bd, 0x55bd, 0x55bd, 0x55bd, 0x55bd, 0x55bd, 0x55bd,
  0x55bd, 0x55bd, 0x55bd, 0x55bd, 0x55bd, 0x55bd, 0x55bd, 0x55bd, 0x55bd, 0x55bd, 0x55bd, 0x55bd,
  0x55bd, 0x55bd, 0x55bd, 0x55bd, 0x55bd, 0x55bd, 0x55bd, 0x55bd, 0x55bd, 0x55bd, 0x55bd, 0x55bd,
  0x55bd, 0x55bd, 0x55bd, 0x55bd, 0x55bd, 0x55bd, 0x55bd, 0x55bd, 0x55bd, 0x55bd, 0x55bd, 0x55bd,
  0x55bd, 0x55bd, 0x55bd, 0x55bd, 0x55bd, 0x55bd, 0x55bd, 0x55bd, 0x55bd, 0x55bd, 0x55bd, 0x55bd,
  0x55bd, 0x55bd, 0x55bd, 0x55bd, 0x55bd, 0x55bd, 0x55bd, 0x559d, 0x55bd, 0x55bd, 0x65dd, 0xd73e,
  0xffdf, 0xffff, 0xffff, 0xffff, 0xffff, 0xffff, 0xffff, 0xffff, 0xffff, 0xffff, 0xffff, 0xffff,
  0xffff, 0xffff, 0xffff, 0xffff, 0xffff, 0xffff, 0xffff, 0xffff, 0xffff, 0xbefe, 0x559d, 0x559d,
  0x55bd, 0x55bd, 0x55bd, 0x55bd, 0x55bd, 0x55bd, 0x55bd, 0x55bd, 0x55bd, 0x55bd, 0x55bd, 0x55bd,
  0x55bd, 0x55bd, 0x55bd, 0x55bd, 0x55bd, 0x55bd, 0x55bd, 0x55bd, 0x55bd, 0x55bd, 0x55bd, 0x55bd,
  0x55bd, 0x55bd, 0x55bd, 0x55bd, 0x55bd, 0x55bd, 0x55bd, 0x55bd, 0x55bd, 0x55bd, 0x55bd, 0x55bd,
  0x55bd, 0x55bd, 0x55bd, 0x55bd, 0x55bd, 0x55bd, 0x55bd, 0x55bd, 0x55bd, 0x55bd, 0x55bd, 0x55bd,
  0x55bd, 0x55bd, 0x55bd, 0x55bd, 0x55bd, 0x55bd, 0x55bd, 0x55bd, 0x55bd, 0x55bd, 0x55bd, 0x55bd,
  0x55bd, 0x55bd, 0x55bd, 0x55bd, 0x55bd, 0x55bd, 0x55bd, 0x55bd, 0x55bd, 0x55bd, 0x55bd, 0x55bd,
  0x55bd, 0x55bd, 0x55bd, 0x55bd, 0x55bd, 0x55bd, 0x55bd, 0x55bd, 0x55bd, 0x55bd, 0x55bd, 0x55bd,
  0x55bd, 0x55bd, 0x55bd, 0x55bd, 0x55bd, 0x55bd, 0x55bd, 0x55bd, 0x55bd, 0x55bd, 0x55bd, 0x55bd,
  0x55bd, 0x55bd, 0x55bd, 0x55bd, 0x55bd, 0x55bd, 0x55bd, 0x55bd, 0x55bd, 0x55bd, 0x55bd, 0x55bd,
  0x55bd, 0x55bd, 0x55bd, 0x55bd, 0x55bd, 0x55bd, 0x55bd, 0x55bd, 0x55bd, 0x55bd, 0x55bd, 0x55bd,
  0x55bd, 0x55bd, 0x55bd, 0x55bd, 0x55bd, 0x55bd, 0x55bd, 0x55bd, 0x55bd, 0x55bd, 0x55bd, 0x55bd,
  0x55bd, 0x55bd, 0x55bd, 0x55bd, 0x55bd, 0x55bd, 0x55bd, 0x55bd, 0x55bd, 0x55bd, 0x55bd, 0x55bd,
  0x55bd, 0x55bd, 0x55bd, 0x55bd, 0x55bd, 0x55bd, 0x55bd, 0x55bd, 0x55bd, 0x55bd, 0x55bd, 0x55bd,
  0x55bd, 0x55bd, 0x55bd, 0x55bd, 0x55bd, 0x55bd, 0x55bd, 0x55bd, 0x55bd, 0x55bd, 0x55bd, 0x55bd,
  0x55bd, 0x55bd, 0x55bd, 0x55bd, 0x55bd, 0x55bd, 0x55bd, 0x55bd, 0x55bd, 0x55bd, 0x55bd, 0x55bd,
  0x55bd, 0x55bd, 0x55bd, 0x55bd, 0x55bd, 0x55bd, 0x55bd, 0x55bd, 0x55bd, 0x55bd, 0x55bd, 0x55bd,
  0x55bd, 0x55bd, 0x55bd, 0x55bd, 0x55bd, 0x55bd, 0x55bd, 0x55bd, 0x55bd, 0x55bd, 0x55bd, 0x55bd,
  0x55bd, 0x55bd, 0x55bd, 0x55bd, 0x55bd, 0x55bd, 0x55bd, 0x55bd, 0x55bd, 0x55bd, 0x55bd, 0x55bd,
  0x55bd, 0x55bd, 0x55bd, 0x55bd, 0x55bd, 0x55bd, 0x55bd, 0x55bd, 0x55bd, 0x55bd, 0x55bd, 0x55bd,
  0x55bd, 0x55bd, 0x55bd, 0x55bd, 0x55bd, 0x55bd, 0x55bd, 0x55bd, 0x55bd, 0x55bd, 0x55bd, 0x55bd,
  0x55bd, 0x55bd, 0x55bd, 0x55bd, 0x55bd, 0x55bd, 0x55bd, 0x55bd, 0x55bd, 0x55bd, 0x55bd, 0x55bd,
  0x55bd, 0x55bd, 0x55bd, 0x55bd, 0x55bd, 0x55bd, 0x55bd, 0x55bd, 0x55bd, 0x55bd, 0x55bd, 0x55bd,
  0x55bd, 0x55bd, 0x55bd, 0x55bd, 0x55bd, 0x55bd, 0x55bd, 0x55bd, 0x55bd, 0x55bd, 0x55bd, 0x55bd,
  0x55bd, 0x55bd, 0x55bd, 0x55bd, 0x55bd, 0x55bd, 0x55bd, 0x55bd, 0x55bd, 0x55bd, 0x55bd, 0x55bd,
  0x6dfd, 0x861d, 0x7e1d, 0x65dc, 0x559d, 0x5ddd, 0xdf7f, 0xffff, 0xffff, 0xffff, 0xffff, 0xffff,
  0xffff, 0xffff, 0xffff, 0xffff, 0xffff, 0xffff, 0xffff, 0xffff, 0xffff, 0xffff, 0xffff, 0xffff,
  0xffff, 0xffff, 0xffff, 0xffff, 0xffff, 0xf7df, 0x863d, 0x559d, 0x55bd, 0x55bd, 0x55bd, 0x55bd,
  0x55bd, 0x55bd, 0x55bd, 0x55bd, 0x55bd, 0x55bd, 0x55bd, 0x55bd, 0x55bd, 0x55bd, 0x55bd, 0x55bd,
  0x55bd, 0x55bd, 0x55bd, 0x55bd, 0x55bd, 0x55bd, 0x55bd, 0x55bd, 0x55bd, 0x55bd, 0x55bd, 0x55bd,
  0x55bd, 0x55bd, 0x55bd, 0x55bd, 0x55bd, 0x55bd, 0x55bd, 0x55bd, 0x55bd, 0x55bd, 0x55bd, 0x55bd,
  0x55bd, 0x55bd, 0x55bd, 0x55bd, 0x55bd, 0x55bd, 0x55bd, 0x55bd, 0x55bd, 0x55bd, 0x55bd, 0x55bd,
  0x55bd, 0x55bd, 0x55bd, 0x55bd, 0x55bd, 0x55bd, 0x55bd, 0x55bd, 0x55bd, 0x55bd, 0x55bd, 0x55bd,
  0x55bd, 0x55bd, 0x55bd, 0x55bd, 0x55bd, 0x55bd, 0x55bd, 0x55bd, 0x55bd, 0x55bd, 0x55bd, 0x55bd,
  0x55bd, 0x55bd, 0x55bd, 0x55bd, 0x55bd, 0x55bd, 0x55bd, 0x55bd, 0x55bd, 0x55bd, 0x55bd, 0x55bd,
  0x55bd, 0x55bd, 0x55bd, 0x55bd, 0x55bd, 0x55bd, 0x55bd, 0x55bd, 0x55bd, 0x55bd, 0x55bd, 0x55bd,
  0x55bd, 0x55bd, 0x55bd, 0x55bd, 0x55bd, 0x55bd, 0x55bd, 0x55bd, 0x55bd, 0x55bd, 0x55bd, 0x55bd,
  0x55bd, 0x55bd, 0x55bd, 0x55bd, 0x55bd, 0x55bd, 0x55bd, 0x55bd, 0x55bd, 0x55bd, 0x55bd, 0x55bd,
  0x55bd, 0x55bd, 0x55bd, 0x55bd, 0x55bd, 0x55bd, 0x55bd, 0x55bd, 0x55bd, 0x55bd, 0x55bd, 0x55bd,
  0x55bd, 0x55bd, 0x55bd, 0x55bd, 0x55bd, 0x55bd, 0x55bd, 0x55bd, 0x55bd, 0x55bd, 0x55bd, 0x55bd,
  0x55bd, 0x55bd, 0x55bd, 0x55bd, 0x55bd, 0x55bd, 0x55bd, 0x55bd, 0x55bd, 0x55bd, 0x55bd, 0x55bd,
  0x55bd, 0x55bd, 0x55bd, 0x55bd, 0x55bd, 0x55bd, 0x55bd, 0x55bd, 0x55bd, 0x55bd, 0x55bd, 0x55bd,
  0x55bd, 0x55bd, 0x55bd, 0x55bd, 0x55bd, 0x55bd, 0x55bd, 0x55bd, 0x55bd, 0x55bd, 0x55bd, 0x55bd,
  0x55bd, 0x55bd, 0x55bd, 0x55bd, 0x55bd, 0x55bd, 0x55bd, 0x55bd, 0x55bd, 0x55bd, 0x55bd, 0x55bd,
  0x55bd, 0x55bd, 0x55bd, 0x55bd, 0x55bd, 0x55bd, 0x55bd, 0x55bd, 0x55bd, 0x55bd, 0x55bd, 0x55bd,
  0x55bd, 0x55bd, 0x55bd, 0x55bd, 0x55bd, 0x55bd, 0x55bd, 0x55bd, 0x55bd, 0x55bd, 0x55bd, 0x55bd,
  0x55bd, 0x55bd, 0x55bd, 0x55bd, 0x55bd, 0x55bd, 0x55bd, 0x55bd, 0x55bd, 0x55bd, 0x55bd, 0x55bd,
  0x55bd, 0x55bd, 0x55bd, 0x55bd, 0x55bd, 0x55bd, 0x55bd, 0x55bd, 0x55bd, 0x55bd, 0x55bd, 0x55bd,
  0x55bd, 0x55bd, 0x55bd, 0x55bd, 0x55bd, 0x55bd, 0x55bd, 0x55bd, 0x55bd, 0x55bd, 0x55bd, 0x55bd,
  0x55bd, 0x55bd, 0x55bd, 0x55bd, 0x55bd, 0x55bd, 0x55bd, 0x55bd, 0x55bd, 0x55bd, 0x55bd, 0x55bd,
  0x55bd, 0x55bd, 0x55bd, 0x55bd, 0x55bd, 0x55bd, 0x55bd, 0x55bd, 0x55bd, 0x55bd, 0x55bd, 0x55bd,
  0x55bd, 0x55bd, 0x55bd, 0x55bd, 0x55bd, 0x75fd, 0xc6fe, 0xefbf, 0xffdf, 0xffff, 0xffff, 0xffdf,
  0xef9f, 0xd75e, 0xffff, 0xffff, 0xffff, 0xffff, 0xffff, 0xffff, 0xffff, 0xffff, 0xffff, 0xffff,
  0xffff, 0xffff, 0xffff, 0xffff, 0xffff, 0xffff, 0xffff, 0xffff, 0xffff, 0xffff, 0xffff, 0xffff,
  0xffff, 0xffff, 0xcf3e, 0x55bd, 0x559d, 0x55bd, 0x559d, 0x559d, 0x55bd, 0x55bd, 0x55bd, 0x55bd,
  0x55bd, 0x55bd, 0x55bd, 0x55bd, 0x55bd, 0x55bd, 0x55bd, 0x55bd, 0x55bd, 0x55bd, 0x55bd, 0x55bd,
  0x559d, 0x55bd, 0x55bd, 0x55bd, 0x55bd, 0x55bd, 0x55bd, 0x55bd, 0x55bd, 0x55bd, 0x55bd, 0x55bd,
  0x55bd, 0x55bd, 0x55bd, 0x55bd, 0x55bd, 0x55bd, 0x55bd, 0x55bd, 0x55bd, 0x55bd, 0x55bd, 0x55bd,
  0x55bd, 0x55bd, 0x55bd, 0x55bd, 0x55bd, 0x55bd, 0x55bd, 0x55bd, 0x55bd, 0x55bd, 0x55bd, 0x55bd,
  0x55bd, 0x55bd, 0x55bd, 0x55bd, 0x55bd, 0x55bd, 0x55bd, 0x55bd, 0x55bd, 0x55bd, 0x55bd, 0x55bd,
  0x55bd, 0x55bd, 0x55bd, 0x55bd, 0x55bd, 0x55bd, 0x55bd, 0x55bd, 0x55bd, 0x55bd, 0x55bd, 0x55bd,
  0x55bd, 0x55bd, 0x55bd, 0x55bd, 0x55bd, 0x55bd, 0x55bd, 0x55bd, 0x55bd, 0x55bd, 0x55bd, 0x55bd,
  0x55bd, 0x55bd, 0x55bd, 0x55bd, 0x55bd, 0x55bd, 0x55bd, 0x55bd, 0x55bd, 0x55bd, 0x55bd, 0x55bd,
  0x55bd, 0x55bd, 0x55bd, 0x55bd, 0x55bd, 0x55bd, 0x55bd, 0x55bd, 0x55bd, 0x55bd, 0x55bd, 0x55bd,
  0x55bd, 0x55bd, 0x55bd, 0x55bd, 0x55bd, 0x55bd, 0x55bd, 0x55bd, 0x55bd, 0x55bd, 0x55bd, 0x55bd,
  0x55bd, 0x55bd, 0x55bd, 0x55bd, 0x55bd, 0x55bd, 0x55bd, 0x55bd, 0x55bd, 0x55bd, 0x55bd, 0x55bd,
  0x55bd, 0x55bd, 0x55bd, 0x55bd, 0x55bd, 0x55bd, 0x55bd, 0x55bd, 0x55bd, 0x55bd, 0x55bd, 0x55bd,
  0x55bd, 0x55bd, 0x55bd, 0x55bd, 0x55bd, 0x55bd, 0x55bd, 0x55bd, 0x55bd, 0x55bd, 0x55bd, 0x55bd,
  0x55bd, 0x55bd, 0x55bd, 0x55bd, 0x55bd, 0x55bd, 0x55bd, 0x55bd, 0x55bd, 0x55bd, 0x55bd, 0x55bd,
  0x55bd, 0x55bd, 0x55bd, 0x55bd, 0x55bd, 0x55bd, 0x55bd, 0x55bd, 0x55bd, 0x55bd, 0x55bd, 0x55bd,
  0x55bd, 0x55bd, 0x55bd, 0x55bd, 0x55bd, 0x55bd, 0x55bd, 0x55bd, 0x55bd, 0x55bd, 0x55bd, 0x55bd,
  0x55bd, 0x55bd, 0x55bd, 0x55bd, 0x55bd, 0x55bd, 0x55bd, 0x55bd, 0x55bd, 0x55bd, 0x55bd, 0x55bd,
  0x55bd, 0x55bd, 0x55bd, 0x55bd, 0x55bd, 0x55bd, 0x55bd, 0x55bd, 0x55bd, 0x55bd, 0x55bd, 0x55bd,
  0x55bd, 0x55bd, 0x55bd, 0x55bd, 0x55bd, 0x55bd, 0x55bd, 0x55bd, 0x55bd, 0x55bd, 0x55bd, 0x55bd,
  0x55bd, 0x55bd, 0x55bd, 0x55bd, 0x55bd, 0x55bd, 0x55bd, 0x55bd, 0x55bd, 0x55bd, 0x55bd, 0x55bd,
  0x55bd, 0x55bd, 0x55bd, 0x55bd, 0x55bd, 0x55bd, 0x55bd, 0x55bd, 0x55bd, 0x55bd, 0x55bd, 0x55bd,
  0x55bd, 0x55bd, 0x55bd, 0x55bd, 0x55bd, 0x55bd, 0x55bd, 0x55bd, 0x55bd, 0x55bd, 0x55bd, 0x55bd,
  0x55bd, 0x55bd, 0x55bd, 0x55bd, 0x55bd, 0x55bd, 0x55bd, 0x55bd, 0x55bd, 0x55bd, 0x55bd, 0x55bd,
  0xaebd, 0xf7df, 0xffff, 0xffff, 0xffff, 0xffff, 0xffff, 0xffff, 0xffff, 0xffff, 0xffff, 0xffff,
  0xffff, 0xffff, 0xffff, 0xffff, 0xffff, 0xffff, 0xffff, 0xffff, 0xffff, 0xffff, 0xffff, 0xffff,
  0xffff, 0xffff, 0xffff, 0xffff, 0xffff, 0xffff, 0xffff, 0xffff, 0xffff, 0xffff, 0xefbf, 0x5dbd,
  0x559d, 0x559d, 0x559d, 0x55bd, 0x55bd, 0x55bd, 0x55bd, 0x55bd, 0x55bd, 0x55bd, 0x55bd, 0x55bd,
  0x55bd, 0x55bd, 0x55bd, 0x55bd, 0x55bd, 0x55bd, 0x55bd, 0x55bd, 0x559d, 0x55bd, 0x55bd, 0x55bd,
  0x55bd, 0x55bd, 0x55bd, 0x55bd, 0x55bd, 0x55bd, 0x55bd, 0x55bd, 0x55bd, 0x55bd, 0x55bd, 0x55bd,
  0x55bd, 0x55bd, 0x55bd, 0x55bd, 0x55bd, 0x55bd, 0x55bd, 0x55bd, 0x55bd, 0x55bd, 0x55bd, 0x55bd,
  0x55bd, 0x55bd, 0x55bd, 0x55bd, 0x55bd, 0x55bd, 0x55bd, 0x55bd, 0x55bd, 0x55bd, 0x55bd, 0x55bd,
  0x55bd, 0x55bd, 0x55bd, 0x55bd, 0x55bd, 0x55bd, 0x55bd, 0x55bd, 0x55bd, 0x55bd, 0x55bd, 0x55bd,
  0x55bd, 0x55bd, 0x55bd, 0x55bd, 0x55bd, 0x55bd, 0x55bd, 0x55bd, 0x55bd, 0x55bd, 0x55bd, 0x55bd,
  0x55bd, 0x55bd, 0x55bd, 0x55bd, 0x55bd, 0x55bd, 0x55bd, 0x55bd, 0x55bd, 0x55bd, 0x55bd, 0x55bd,
  0x55bd, 0x55bd, 0x55bd, 0x55bd, 0x55bd, 0x55bd, 0x55bd, 0x55bd, 0x55bd, 0x55bd, 0x55bd, 0x55bd,
  0x55bd, 0x55bd, 0x55bd, 0x55bd, 0x55bd, 0x55bd, 0x55bd, 0x55bd, 0x55bd, 0x55bd, 0x55bd, 0x55bd,
  0x55bd, 0x55bd, 0x55bd, 0x55bd, 0x55bd, 0x55bd, 0x55bd, 0x55bd, 0x55bd, 0x55bd, 0x55bd, 0x55bd,
  0x55bd, 0x55bd, 0x55bd, 0x55bd, 0x55bd, 0x55bd, 0x55bd, 0x55bd, 0x55bd, 0x55bd, 0x55bd, 0x55bd,
  0x55bd, 0x55bd, 0x55bd, 0x55bd, 0x55bd, 0x55bd, 0x55bd, 0x55bd, 0x55bd, 0x55bd, 0x55bd, 0x55bd,
  0x55bd, 0x55bd, 0x55bd, 0x55bd, 0x55bd, 0x55bd, 0x55bd, 0x55bd, 0x55bd, 0x55bd, 0x55bd, 0x55bd,
  0x55bd, 0x55bd, 0x55bd, 0x55bd, 0x55bd, 0x55bd, 0x55bd, 0x55bd, 0x55bd, 0x55bd, 0x55bd, 0x55bd,
  0x55bd, 0x55bd, 0x55bd, 0x55bd, 0x55bd, 0x55bd, 0x55bd, 0x55bd, 0x55bd, 0x55bd, 0x55bd, 0x55bd,
  0x55bd, 0x55bd, 0x55bd, 0x55bd, 0x55bd, 0x55bd, 0x55bd, 0x55bd, 0x55bd, 0x55bd, 0x55bd, 0x55bd,
  0x55bd, 0x55bd, 0x55bd, 0x55bd, 0x55bd, 0x55bd, 0x55bd, 0x55bd, 0x55bd, 0x55bd, 0x55bd, 0x55bd,
  0x55bd, 0x55bd, 0x55bd, 0x55bd, 0x55bd, 0x55bd, 0x55bd, 0x55bd, 0x55bd, 0x55bd, 0x55bd, 0x55bd,
  0x55bd, 0x55bd, 0x55bd, 0x55bd, 0x55bd, 0x55bd, 0x55bd, 0x55bd, 0x55bd, 0x55bd, 0x55bd, 0x55bd,
  0x55bd, 0x55bd, 0x55bd, 0x55bd, 0x55bd, 0x55bd, 0x55bd, 0x55bd, 0x55bd, 0x55bd, 0x55bd, 0x55bd,
  0x55bd, 0x55bd, 0x55bd, 0x55bd, 0x55bd, 0x55bd, 0x55bd, 0x55bd, 0x55bd, 0x55bd, 0x55bd, 0x55bd,
  0x55bd, 0x55bd, 0x55bd, 0x55bd, 0x55bd, 0x55bd, 0x55bd, 0x55bd, 0x55bd, 0x55bd, 0x55bd, 0x55bd,
  0x55bd, 0x55bd, 0x55bd, 0x55bd, 0x55bd, 0x55bd, 0x55bd, 0xaebd, 0xffff, 0xffff, 0xffff, 0xffff,
  0xffff, 0xffff, 0xffff, 0xffff, 0xffff, 0xffff, 0xffff, 0xffff, 0xffff, 0xffff, 0xffff, 0xffff,
  0xffff, 0xffff, 0xffff, 0xffff, 0xffff, 0xffff, 0xffff, 0xffff, 0xffff, 0xffff, 0xffff, 0xffff,
  0xffff, 0xffff, 0xffff, 0xffff, 0xffff, 0xffff, 0xffdf, 0x65dd, 0x559c, 0x559c, 0x559d, 0x55bd,
  0x55bd, 0x55bd, 0x55bd, 0x55bd, 0x55bd, 0x55bd, 0x55bd, 0x55bd, 0x55bd, 0x55bd, 0x55bd, 0x55bd,
  0x55bd, 0x55bd, 0x55bd, 0x55bd, 0x55bd, 0x55bd, 0x55bd, 0x55bd, 0x55bd, 0x55bd, 0x55bd, 0x55bd,
  0x55bd, 0x55bd, 0x55bd, 0x55bd, 0x55bd, 0x55bd, 0x55bd, 0x55bd, 0x55bd, 0x55bd, 0x55bd, 0x55bd,
  0x55bd, 0x55bd, 0x55bd, 0x55bd, 0x55bd, 0x55bd, 0x55bd, 0x55bd, 0x55bd, 0x55bd, 0x55bd, 0x55bd,
  0x55bd, 0x55bd, 0x55bd, 0x55bd, 0x55bd, 0x55bd, 0x55bd, 0x55bd, 0x55bd, 0x55bd, 0x55bd, 0x55bd,
  0x55bd, 0x55bd, 0x55bd, 0x55bd, 0x55bd, 0x55bd, 0x55bd, 0x55bd, 0x55bd, 0x55bd, 0x55bd, 0x55bd,
  0x55bd, 0x55bd, 0x55bd, 0x55bd, 0x55bd, 0x55bd, 0x55bd, 0x55bd, 0x55bd, 0x55bd, 0x55bd, 0x55bd,
  0x55bd, 0x55bd, 0x55bd, 0x55bd, 0x55bd, 0x55bd, 0x55bd, 0x55bd, 0x55bd, 0x55bd, 0x55bd, 0x55bd,
  0x55bd, 0x55bd, 0x55bd, 0x55bd, 0x55bd, 0x55bd, 0x55bd, 0x55bd, 0x55bd, 0x55bd, 0x55bd, 0x55bd,
  0x55bd, 0x55bd, 0x55bd, 0x55bd, 0x55bd, 0x55bd, 0x55bd, 0x55bd, 0x55bd, 0x55bd, 0x55bd, 0x55bd,
  0x55bd, 0x55bd, 0x55bd, 0x55bd, 0x55bd, 0x55bd, 0x55bd, 0x55bd, 0x55bd, 0x55bd, 0x55bd, 0x55bd,
  0x55bd, 0x55bd, 0x55bd, 0x55bd, 0x55bd, 0x55bd, 0x55bd, 0x55bd, 0x55bd, 0x55bd, 0x55bd, 0x55bd,
  0x55bd, 0x55bd, 0x55bd, 0x55bd, 0x55bd, 0x55bd, 0x55bd, 0x55bd, 0x55bd, 0x55bd, 0x55bd, 0x55bd,
  0x55bd, 0x55bd, 0x55bd, 0x55bd, 0x55bd, 0x55bd, 0x55bd, 0x55bd, 0x55bd, 0x55bd, 0x55bd, 0x55bd,
  0x55bd, 0x55bd, 0x55bd, 0x55bd, 0x55bd, 0x55bd, 0x55bd, 0x55bd, 0x55bd, 0x55bd, 0x55bd, 0x55bd,
  0x55bd, 0x55bd, 0x55bd, 0x55bd, 0x55bd, 0x55bd, 0x55bd, 0x55bd, 0x55bd, 0x55bd, 0x55bd, 0x55bd,
  0x55bd, 0x55bd, 0x55bd, 0x55bd, 0x55bd, 0x55bd, 0x55bd, 0x55bd, 0x55bd, 0x55bd, 0x55bd, 0x55bd,
  0x55bd, 0x55bd, 0x55bd, 0x55bd, 0x55bd, 0x55bd, 0x55bd, 0x55bd, 0x55bd, 0x55bd, 0x55bd, 0x55bd,
  0x55bd, 0x55bd, 0x55bd, 0x55bd, 0x55bd, 0x55bd, 0x55bd, 0x55bd, 0x55bd, 0x55bd, 0x55bd, 0x55bd,
  0x55bd, 0x55bd, 0x55bd, 0x55bd, 0x55bd, 0x55bd, 0x55bd, 0x55bd, 0x55bd, 0x55bd, 0x55bd, 0x55bd,
  0x55bd, 0x55bd, 0x55bd, 0x55bd, 0x55bd, 0x55bd, 0x55bd, 0x55bd, 0x55bd, 0x55bd, 0x55bd, 0x55bd,
  0x55bd, 0x55bd, 0x55bd, 0x55bd, 0x55bd, 0x55bd, 0x55bd, 0x55bd, 0x55bd, 0x55bd, 0x55bd, 0x55bd,
  0x55bd, 0x55bd, 0x55bd, 0x55bd, 0x55bd, 0x55bd, 0x55bd, 0x55bd, 0x55bd, 0x55bd, 0x55bd, 0x55bd,
  0x55bd, 0x55bd, 0x5ddd, 0xefbf, 0xffff, 0xffff, 0xffff, 0xffff, 0xffff, 0xffff, 0xffff, 0xffff,
  0xffff, 0xffff, 0xffff, 0xffff, 0xffff, 0xffff, 0xffff, 0xffff, 0xffff, 0xffff, 0xffff, 0xffff,
  0xffff, 0xffff, 0xffff, 0xffff, 0xffff, 0xffff, 0xffff, 0xffff, 0xffff, 0xffff, 0xffff, 0xffff,
  0xffff, 0xffff, 0xffdf, 0xd75e, 0xdf7e, 0xd75e, 0xb6de, 0x75dd, 0x55bd, 0x55bd, 0x55bd, 0x55bd,
  0x55bd, 0x55bd, 0x55bd, 0x55bd, 0x55bd, 0x55bd, 0x55bd, 0x55bd, 0x55bd, 0x55bd, 0x55bd, 0x55bd,
  0x55bd, 0x55bd, 0x55bd, 0x55bd, 0x55bd, 0x55bd, 0x55bd, 0x55bd, 0x55bd, 0x55bd, 0x55bd, 0x55bd,
  0x55bd, 0x55bd, 0x55bd, 0x55bd, 0x55bd, 0x55bd, 0x55bd, 0x55bd, 0x55bd, 0x55bd, 0x55bd, 0x55bd,
  0x55bd, 0x55bd, 0x55bd, 0x55bd, 0x55bd, 0x55bd, 0x55bd, 0x55bd, 0x55bd, 0x55bd, 0x55bd, 0x55bd,
  0x55bd, 0x55bd, 0x55bd, 0x55bd, 0x55bd, 0x55bd, 0x55bd, 0x55bd, 0x55bd, 0x55bd, 0x55bd, 0x55bd,
  0x55bd, 0x55bd, 0x55bd, 0x55bd, 0x55bd, 0x55bd, 0x55bd, 0x55bd, 0x55bd, 0x55bd, 0x55bd, 0x55bd,
  0x55bd, 0x55bd, 0x55bd, 0x55bd, 0x55bd, 0x55bd, 0x55bd, 0x55bd, 0x55bd, 0x55bd, 0x55bd, 0x55bd,
  0x55bd, 0x55bd, 0x55bd, 0x55bd, 0x55bd, 0x55bd, 0x55bd, 0x55bd, 0x55bd, 0x55bd, 0x55bd, 0x55bd,
  0x55bd, 0x55bd, 0x55bd, 0x55bd, 0x55bd, 0x55bd, 0x55bd, 0x55bd, 0x55bd, 0x55bd, 0x55bd, 0x55bd,
  0x55bd, 0x55bd, 0x55bd, 0x55bd, 0x55bd, 0x55bd, 0x55bd, 0x55bd, 0x55bd, 0x55bd, 0x55bd, 0x55bd,
  0x55bd, 0x55bd, 0x55bd, 0x55bd, 0x55bd, 0x55bd, 0x55bd, 0x55bd, 0x55bd, 0x55bd, 0x55bd, 0x55bd,
  0x55bd, 0x55bd, 0x55bd, 0x55bd, 0x55bd, 0x55bd, 0x55bd, 0x55bd, 0x55bd, 0x55bd, 0x55bd, 0x55bd,
  0x55bd, 0x55bd, 0x55bd, 0x55bd, 0x55bd, 0x55bd, 0x55bd, 0x55bd, 0x55bd, 0x55bd, 0x55bd, 0x55bd,
  0x55bd, 0x55bd, 0x55bd, 0x55bd, 0x55bd, 0x55bd, 0x55bd, 0x55bd, 0x55bd, 0x55bd, 0x55bd, 0x55bd,
  0x55bd, 0x55bd, 0x55bd, 0x55bd, 0x55bd, 0x55bd, 0x55bd, 0x55bd, 0x55bd, 0x55bd, 0x55bd, 0x55bd,
  0x55bd, 0x55bd, 0x55bd, 0x55bd, 0x55bd, 0x55bd, 0x55bd, 0x55bd, 0x55bd, 0x55bd, 0x55bd, 0x55bd,
  0x55bd, 0x55bd, 0x55bd, 0x55bd, 0x55bd, 0x55bd, 0x55bd, 0x55bd, 0x55bd, 0x55bd, 0x55bd, 0x55bd,
  0x55bd, 0x55bd, 0x55bd, 0x55bd, 0x55bd, 0x55bd, 0x55bd, 0x55bd, 0x55bd, 0x55bd, 0x55bd, 0x55bd,
  0x55bd, 0x55bd, 0x55bd, 0x55bd, 0x55bd, 0x55bd, 0x55bd, 0x55bd, 0x55bd, 0x55bd, 0x55bd, 0x55bd,
  0x55bd, 0x55bd, 0x55bd, 0x55bd, 0x55bd, 0x55bd, 0x55bd, 0x55bd, 0x55bd, 0x55bd, 0x55bd, 0x55bd,
  0x55bd, 0x55bd, 0x55bd, 0x55bd, 0x55bd, 0x55bd, 0x55bd, 0x55bd, 0x55bd, 0x55bd, 0x55bd, 0x55bd,
  0x55bd, 0x55bd, 0x55bd, 0x55bd, 0x55bd, 0x55bd, 0x55bd, 0x55bd, 0x55bd, 0x55bd, 0x55bd, 0x55bd,
  0x55bd, 0x55bd, 0x55bd, 0x55bd, 0x55bd, 0x55bd, 0x55bd, 0x55bd, 0x55bd, 0x55bd, 0x967d, 0xffff,
  0xffff, 0xffff, 0xffff, 0xffff, 0xffff, 0xffff, 0xffff, 0xffff, 0xffff, 0xffff, 0xffff, 0xffff,
  0xffff, 0xffff, 0xffff, 0xffff, 0xffff, 0xffff, 0xffff, 0xffff, 0xffff, 0xffff, 0xffff, 0xffff,
  0xffff, 0xffff, 0xffff, 0xffff, 0xffff, 0xffff, 0xffff, 0xffff, 0xffff, 0xffff, 0xffff, 0xffff,
  0xffff, 0xffff, 0xffff, 0xf7bf, 0x9e7d, 0x55bd, 0x55bd, 0x55bd, 0x55bd, 0x55bd, 0x55bd, 0x55bd,
  0x55bd, 0x55bd, 0x55bd, 0x55bd, 0x55bd, 0x55bd, 0x55bd, 0x55bd, 0x55bd, 0x55bd, 0x55bd, 0x55bd,
  0x55bd, 0x55bd, 0x55bd, 0x55bd, 0x55bd, 0x55bd, 0x55bd, 0x55bd, 0x55bd, 0x55bd, 0x55bd, 0x55bd,
  0x55bd, 0x55bd, 0x55bd, 0x55bd, 0x55bd, 0x55bd, 0x55bd, 0x55bd, 0x55bd, 0x55bd, 0x55bd, 0x55bd,
  0x55bd, 0x55bd, 0x55bd, 0x55bd, 0x55bd, 0x55bd, 0x55bd, 0x55bd, 0x55bd, 0x55bd, 0x55bd, 0x55bd,
  0x55bd, 0x55bd, 0x55bd, 0x55bd, 0x55bd, 0x55bd, 0x55bd, 0x55bd, 0x55bd, 0x55bd, 0x55bd, 0x55bd,
  0x55bd, 0x55bd, 0x55bd, 0x55bd, 0x55bd, 0x55bd, 0x55bd, 0x55bd, 0x55bd, 0x55bd, 0x55bd, 0x55bd,
  0x55bd, 0x55bd, 0x55bd, 0x55bd, 0x55bd, 0x55bd, 0x55bd, 0x55bd, 0x55bd, 0x55bd, 0x55bd, 0x55bd,
  0x55bd, 0x55bd, 0x55bd, 0x55bd, 0x55bd, 0x55bd, 0x55bd, 0x55bd, 0x55bd, 0x55bd, 0x55bd, 0x55bd,
  0x55bd, 0x55bd, 0x55bd, 0x55bd, 0x55bd, 0x55bd, 0x55bd, 0x55bd, 0x55bd, 0x55bd, 0x55bd, 0x55bd,
  0x55bd, 0x55bd, 0x55bd, 0x55bd, 0x55bd, 0x55bd, 0x55bd, 0x55bd, 0x55bd, 0x55bd, 0x55bd, 0x55bd,
  0x55bd, 0x55bd, 0x55bd, 0x55bd, 0x55bd, 0x55bd, 0x55bd, 0x55bd, 0x55bd, 0x55bd, 0x55bd, 0x55bd,
  0x55bd, 0x55bd, 0x55bd, 0x55bd, 0x55bd, 0x55bd, 0x55bd, 0x55bd, 0x55bd, 0x55bd, 0x55bd, 0x55bd,
  0x55bd, 0x55bd, 0x55bd, 0x55bd, 0x55bd, 0x55bd, 0x55bd, 0x55bd, 0x55bd, 0x55bd, 0x55bd, 0x55bd,
  0x55bd, 0x55bd, 0x55bd, 0x55bd, 0x55bd, 0x55bd, 0x55bd, 0x55bd, 0x55bd, 0x55bd, 0x55bd, 0x55bd,
  0x55bd, 0x55bd, 0x55bd, 0x55bd, 0x55bd, 0x55bd, 0x55bd, 0x55bd, 0x55bd, 0x55bd, 0x55bd, 0x55bd,
  0x55bd, 0x55bd, 0x55bd, 0x55bd, 0x55bd, 0x55bd, 0x55bd, 0x55bd, 0x55bd, 0x55bd, 0x55bd, 0x55bd,
  0x55bd, 0x55bd, 0x55bd, 0x55bd, 0x55bd, 0x55bd, 0x55bd, 0x55bd, 0x55bd, 0x55bd, 0x55bd, 0x55bd,
  0x55bd, 0x55bd, 0x55bd, 0x55bd, 0x55bd, 0x55bd, 0x55bd, 0x55bd, 0x55bd, 0x55bd, 0x55bd, 0x55bd,
  0x55bd, 0x55bd, 0x55bd, 0x55bd, 0x55bd, 0x55bd, 0x55bd, 0x55bd, 0x55bd, 0x55bd, 0x55bd, 0x55bd,
  0x55bd, 0x55bd, 0x55bd, 0x55bd, 0x55bd, 0x55bd, 0x55bd, 0x55bd, 0x55bd, 0x55bd, 0x55bd, 0x55bd,
  0x55bd, 0x55bd, 0x55bd, 0x55bd, 0x55bd, 0x55bd, 0x55bd, 0x55bd, 0x55bd, 0x55bd, 0x55bd, 0x55bd,
  0x55bd, 0x55bd, 0x55bd, 0x55bd, 0x55bd, 0x55bd, 0x55bd, 0x55bd, 0x55bd, 0x55bd, 0x55bd, 0x55bd,
  0x55bd, 0x55bd, 0x55bd, 0x55bd, 0x55bd, 0x55bd, 0x8e5d, 0xffff, 0xffff, 0xffff, 0xffff, 0xffff,
  0xffff, 0xffff, 0xffff, 0xffff, 0xffff, 0xffff, 0xffff, 0xffff, 0xffff, 0xffff, 0xffff, 0xffff,
  0xffff, 0xffff, 0xffff, 0xffff, 0xffff, 0xffff, 0xffff, 0xffff, 0xffff, 0xffff, 0xffff, 0xffff,
  0xffff, 0xffff, 0xffff, 0xffff, 0xffff, 0xffff, 0xffff, 0xffff, 0xffff, 0xffff, 0xffff, 0xffff,
  0xf7df, 0x861d, 0x55bd, 0x55bd, 0x55bd, 0x55bd, 0x55bd, 0x55bd, 0x55bd, 0x55bd, 0x55bd, 0x55bd,
  0x55bd, 0x55bd, 0x55bd, 0x55bd, 0x55bd, 0x55bd, 0x55bd, 0x55bd, 0x55bd, 0x55bd, 0x55bd, 0x55bd,
  0x55bd, 0x55bd, 0x55bd, 0x55bd, 0x55bd, 0x55bd, 0x55bd, 0x55bd, 0x55bd, 0x55bd, 0x55bd, 0x55bd,
  0x55bd, 0x55bd, 0x55bd, 0x55bd, 0x55bd, 0x55bd, 0x55bd, 0x55bd, 0x55bd, 0x55bd, 0x55bd, 0x55bd,
  0x55bd, 0x55bd, 0x55bd, 0x55bd, 0x55bd, 0x55bd, 0x55bd, 0x55bd, 0x55bd, 0x55bd, 0x55bd, 0x55bd,
  0x55bd, 0x55bd, 0x55bd, 0x55bd, 0x55bd, 0x55bd, 0x55bd, 0x55bd, 0x55bd, 0x55bd, 0x55bd, 0x55bd,
  0x55bd, 0x55bd, 0x55bd, 0x55bd, 0x55bd, 0x55bd, 0x55bd, 0x55bd, 0x55bd, 0x55bd, 0x55bd, 0x55bd,
  0x55bd, 0x55bd, 0x55bd, 0x55bd, 0x55bd, 0x55bd, 0x55bd, 0x55bd, 0x55bd, 0x55bd, 0x55bd, 0x55bd,
  0x55bd, 0x55bd, 0x55bd, 0x55bd, 0x55bd, 0x55bd, 0x55bd, 0x55bd, 0x55bd, 0x55bd, 0x55bd, 0x55bd,
  0x55bd, 0x55bd, 0x55bd, 0x55bd, 0x55bd, 0x55bd, 0x55bd, 0x55bd, 0x55bd, 0x55bd, 0x55bd, 0x55bd,
  0x55bd, 0x55bd, 0x55bd, 0x55bd, 0x55bd, 0x55bd, 0x55bd, 0x55bd, 0x55bd, 0x55bd, 0x55bd, 0x55bd,
  0x55bd, 0x55bd, 0x55bd, 0x55bd, 0x55bd, 0x55bd, 0x55bd, 0x55bd, 0x55bd, 0x55bd, 0x55bd, 0x55bd,
  0x55bd, 0x55bd, 0x55bd, 0x55bd, 0x55bd, 0x55bd, 0x55bd, 0x55bd, 0x55bd, 0x55bd, 0x55bd, 0x55bd,
  0x55bd, 0x55bd, 0x55bd, 0x55bd, 0x55bd, 0x55bd, 0x55bd, 0x55bd, 0x55bd, 0x55bd, 0x55bd, 0x55bd,
  0x55bd, 0x55bd, 0x55bd, 0x55bd, 0x55bd, 0x55bd, 0x55bd, 0x55bd, 0x55bd, 0x55bd, 0x55bd, 0x55bd,
  0x55bd, 0x55bd, 0x55bd, 0x55bd, 0x55bd, 0x55bd, 0x55bd, 0x55bd, 0x55bd, 0x55bd, 0x55bd, 0x55bd,
  0x55bd, 0x55bd, 0x55bd, 0x55bd, 0x55bd, 0x55bd, 0x55bd, 0x55bd, 0x55bd, 0x55bd, 0x55bd, 0x55bd,
  0x55bd, 0x55bd, 0x55bd, 0x55bd, 0x55bd, 0x55bd, 0x55bd, 0x55bd, 0x55bd, 0x55bd, 0x55bd, 0x55bd,
  0x55bd, 0x55bd, 0x55bd, 0x55bd, 0x55bd, 0x55bd, 0x55bd, 0x55bd, 0x55bd, 0x55bd, 0x55bd, 0x55bd,
  0x55bd, 0x55bd, 0x55bd, 0x55bd, 0x55bd, 0x55bd, 0x55bd, 0x55bd, 0x55bd, 0x55bd, 0x55bd, 0x55bd,
  0x55bd, 0x55bd, 0x55bd, 0x55bd, 0x55bd, 0x55bd, 0x55bd, 0x55bd, 0x55bd, 0x55bd, 0x55bd, 0x55bd,
  0x55bd, 0x55bd, 0x55bd, 0x55bd, 0x55bd, 0x55bd, 0x55bd, 0x55bd, 0x55bd, 0x55bd, 0x55bd, 0x55bd,
  0x55bd, 0x55bd, 0x55bd, 0x55bd, 0x55bd, 0x55bd, 0x55bd, 0x55bd, 0x55bd, 0x55bd, 0x55bd, 0x55bd,
  0x55bd, 0x55bd, 0x55bd, 0xe77e, 0xffff, 0xffff, 0xffff, 0xffff, 0xffff, 0xffff, 0xffff, 0xffff,
  0xffff, 0xffff, 0xffff, 0xffff, 0xffff, 0xffff, 0xffff, 0xffff, 0xffff, 0xffff, 0xffff, 0xffff,
  0xffff, 0xffff, 0xffff, 0xffff, 0xffff, 0xffff, 0xffff, 0xffff, 0xffff, 0xffff, 0xffff, 0xffff,
  0xffff, 0xffff, 0xffff, 0xffff, 0xffff, 0xffff, 0xffff, 0xffff, 0xffff, 0xcf3e, 0x55bd, 0x55bd,
  0x55bd, 0x55bd, 0x55bd, 0x55bd, 0x55bd, 0x55bd, 0x55bd, 0x55bd, 0x55bd, 0x55bd, 0x55bd, 0x55bd,
  0x55bd, 0x55bd, 0x55bd, 0x55bd, 0x55bd, 0x55bd, 0x55bd, 0x55bd, 0x55bd, 0x55bd, 0x55bd, 0x55bd,
  0x55bd, 0x55bd, 0x55bd, 0x55bd, 0x55bd, 0x55bd, 0x55bd, 0x55bd, 0x55bd, 0x55bd, 0x55bd, 0x55bd,
  0x55bd, 0x55bd, 0x55bd, 0x55bd, 0x55bd, 0x55bd, 0x55bd, 0x55bd, 0x55bd, 0x55bd, 0x55bd, 0x55bd,
  0x55bd, 0x55bd, 0x55bd, 0x55bd, 0x55bd, 0x55bd, 0x55bd, 0x55bd, 0x55bd, 0x55bd, 0x55bd, 0x55bd,
  0x55bd, 0x55bd, 0x55bd, 0x55bd, 0x55bd, 0x55bd, 0x55bd, 0x55bd, 0x55bd, 0x55bd, 0x55bd, 0x55bd,
  0x55bd, 0x55bd, 0x55bd, 0x55bd, 0x55bd, 0x55bd, 0x55bd, 0x55bd, 0x55bd, 0x55bd, 0x55bd, 0x55bd,
  0x55bd, 0x55bd, 0x55bd, 0x55bd, 0x55bd, 0x55bd, 0x55bd, 0x55bd, 0x55bd, 0x55bd, 0x55bd, 0x55bd,
  0x55bd, 0x55bd, 0x55bd, 0x55bd, 0x55bd, 0x55bd, 0x55bd, 0x55bd, 0x55bd, 0x55bd, 0x55bd, 0x55bd,
  0x55bd, 0x55bd, 0x55bd, 0x55bd, 0x55bd, 0x55bd, 0x55bd, 0x55bd, 0x55bd, 0x55bd, 0x55bd, 0x55bd,
  0x55bd, 0x55bd, 0x55bd, 0x55bd, 0x55bd, 0x55bd, 0x55bd, 0x55bd, 0x55bd, 0x55bd, 0x55bd, 0x55bd,
  0x55bd, 0x55bd, 0x55bd, 0x55bd, 0x55bd, 0x55bd, 0x55bd, 0x55bd, 0x55bd, 0x55bd, 0x55bd, 0x55bd,
  0x55bd, 0x55bd, 0x55bd, 0x55bd, 0x55bd, 0x55bd, 0x55bd, 0x55bd, 0x55bd, 0x55bd, 0x55bd, 0x55bd,
  0x55bd, 0x55bd, 0x55bd, 0x55bd, 0x55bd, 0x55bd, 0x55bd, 0x55bd, 0x55bd, 0x55bd, 0x55bd, 0x55bd,
  0x55bd, 0x55bd, 0x55bd, 0x55bd, 0x55bd, 0x55bd, 0x55bd, 0x55bd, 0x55bd, 0x55bd, 0x55bd, 0x55bd,
  0x55bd, 0x55bd, 0x55bd, 0x55bd, 0x55bd, 0x55bd, 0x55bd, 0x55bd, 0x55bd, 0x55bd, 0x55bd, 0x55bd,
  0x55bd, 0x55bd, 0x55bd, 0x55bd, 0x55bd, 0x55bd, 0x55bd, 0x55bd, 0x55bd, 0x55bd, 0x55bd, 0x55bd,
  0x55bd, 0x55bd, 0x55bd, 0x55bd, 0x55bd, 0x55bd, 0x55bd, 0x55bd, 0x55bd, 0x55bd, 0x55bd, 0x55bd,
  0x55bd, 0x55bd, 0x55bd, 0x55bd, 0x55bd, 0x55bd, 0x55bd, 0x55bd, 0x55bd, 0x55bd, 0x55bd, 0x55bd,
  0x55bd, 0x55bd, 0x55bd, 0x55bd, 0x55bd, 0x55bd, 0x55bd, 0x55bd, 0x55bd, 0x55bd, 0x55bd, 0x55bd,
  0x55bd, 0x55bd, 0x55bd, 0x55bd, 0x55bd, 0x55bd, 0x55bd, 0x55bd, 0x55bd, 0x55bd, 0x55bd, 0x55bd,
  0x55bd, 0x55bd, 0x55bd, 0x55bd, 0x55bd, 0x55bd, 0x55bd, 0x55bd, 0x55bd, 0x55bd, 0x55bd, 0x55bd,
  0x55bd, 0x55bd, 0x55bd, 0x55bd, 0x55bd, 0x55bd, 0x55bd, 0x55bd, 0x55bd, 0x55bd, 0x559d, 0x7e1d,
  0xefbf, 0xffff, 0xffff, 0xffff, 0xffff, 0xffff, 0xffff, 0xffff, 0xffff, 0xffff, 0xffff, 0xffff,
  0xffff, 0xffff, 0xffff, 0xffff, 0xffff, 0xffff, 0xffff, 0xffff, 0xffff, 0xffff, 0xffff, 0xffff,
  0xffff, 0xffff, 0xffff, 0xffff, 0xffff, 0xffff, 0xffff, 0xffff, 0xffff, 0xffff, 0xffff, 0xffff,
  0xffff, 0xffff, 0xffff, 0xffff, 0xffff, 0xe77e, 0x55bd, 0x55bd, 0x55bd, 0x55bd, 0x55bd, 0x55bd,
  0x55bd, 0x55bd, 0x55bd, 0x55bd, 0x55bd, 0x55bd, 0x55bd, 0x55bd, 0x55bd, 0x55bd, 0x55bd, 0x55bd,
  0x55bd, 0x55bd, 0x55bd, 0x55bd, 0x55bd, 0x55bd, 0x55bd, 0x55bd, 0x55bd, 0x55bd, 0x55bd, 0x55bd,
  0x55bd, 0x55bd, 0x55bd, 0x55bd, 0x55bd, 0x55bd, 0x55bd, 0x55bd, 0x55bd, 0x55bd, 0x55bd, 0x55bd,
  0x55bd, 0x55bd, 0x55bd, 0x55bd, 0x55bd, 0x55bd, 0x55bd, 0x55bd, 0x55bd, 0x55bd, 0x55bd, 0x55bd,
  0x55bd, 0x55bd, 0x55bd, 0x55bd, 0x55bd, 0x55bd, 0x55bd, 0x55bd, 0x55bd, 0x55bd, 0x55bd, 0x55bd,
  0x55bd, 0x55bd, 0x55bd, 0x55bd, 0x55bd, 0x55bd, 0x55bd, 0x55bd, 0x55bd, 0x55bd, 0x55bd, 0x55bd,
  0x55bd, 0x55bd, 0x55bd, 0x55bd, 0x55bd, 0x55bd, 0x55bd, 0x55bd, 0x55bd, 0x55bd, 0x55bd, 0x55bd,
  0x55bd, 0x55bd, 0x55bd, 0x55bd, 0x55bd, 0x55bd, 0x55bd, 0x55bd, 0x55bd, 0x55bd, 0x55bd, 0x55bd,
  0x55bd, 0x55bd, 0x55bd, 0x55bd, 0x55bd, 0x55bd, 0x55bd, 0x55bd, 0x55bd, 0x55bd, 0x55bd, 0x55bd,
  0x55bd, 0x55bd, 0x55bd, 0x55bd, 0x55bd, 0x55bd, 0x55bd, 0x55bd, 0x55bd, 0x55bd, 0x55bd, 0x55bd,
  0x55bd, 0x55bd, 0x55bd, 0x55bd, 0x55bd, 0x55bd, 0x55bd, 0x55bd, 0x55bd, 0x55bd, 0x55bd, 0x55bd,
  0x55bd, 0x55bd, 0x55bd, 0x55bd, 0x55bd, 0x55bd, 0x55bd, 0x55bd, 0x55bd, 0x55bd, 0x55bd, 0x55bd,
  0x55bd, 0x55bd, 0x55bd, 0x55bd, 0x55bd, 0x55bd, 0x55bd, 0x55bd, 0x55bd, 0x55bd, 0x55bd, 0x55bd,
  0x55bd, 0x55bd, 0x55bd, 0x55bd, 0x55bd, 0x55bd, 0x55bd, 0x55bd, 0x55bd, 0x55bd, 0x55bd, 0x55bd,
  0x55bd, 0x55bd, 0x55bd, 0x55bd, 0x55bd, 0x55bd, 0x55bd, 0x55bd, 0x55bd, 0x55bd, 0x55bd, 0x55bd,
  0x55bd, 0x55bd, 0x55bd, 0x55bd, 0x55bd, 0x55bd, 0x55bd, 0x55bd, 0x55bd, 0x55bd, 0x55bd, 0x55bd,
  0x55bd, 0x55bd, 0x55bd, 0x55bd, 0x55bd, 0x55bd, 0x55bd, 0x55bd, 0x55bd, 0x55bd, 0x55bd, 0x55bd,
  0x55bd, 0x55bd, 0x55bd, 0x55bd, 0x55bd, 0x55bd, 0x55bd, 0x55bd, 0x55bd, 0x55bd, 0x55bd, 0x55bd,
  0x55bd, 0x55bd, 0x55bd, 0x55bd, 0x55bd, 0x55bd, 0x55bd, 0x55bd, 0x55bd, 0x55bd, 0x55bd, 0x55bd,
  0x55bd, 0x55bd, 0x55bd, 0x55bd, 0x55bd, 0x55bd, 0x55bd, 0x55bd, 0x55bd, 0x55bd, 0x55bd, 0x55bd,
  0x55bd, 0x55bd, 0x55bd, 0x55bd, 0x55bd, 0x55bd, 0x55bd, 0x55bd, 0x55bd, 0x55bd, 0x55bd, 0x55bd,
  0x55bd, 0x55bd, 0x55bd, 0x55bd, 0x55bd, 0x55bd, 0x55bd, 0x55bd, 0x55bd, 0x55bd, 0x55bd, 0x55bd,
  0x55bd, 0x55bd, 0x55bd, 0x55bd, 0x55bd, 0x55bd, 0x55bd, 0x55bd, 0x65dd, 0xaebe, 0xdf5e, 0xefbf,
  0xefbf, 0xefbf, 0xffff, 0xffff, 0xffff, 0xffff, 0xffff, 0xffff, 0xffff, 0xffff, 0xffff, 0xffff,
  0xffff, 0xffff, 0xffff, 0xffff, 0xffff, 0xffff, 0xffff, 0xffff, 0xffff, 0xffff, 0xffff, 0xffff,
  0xffff, 0xffff, 0xffff, 0xffff, 0xffff, 0xffff, 0xffff, 0xffff, 0xffff, 0xffff, 0xffff, 0xffff,
  0xffff, 0xd73e, 0x55bd, 0x55bd, 0x55bd, 0x55bd, 0x55bd, 0x55bd, 0x55bd, 0x55bd, 0x55bd, 0x55bd,
  0x55bd, 0x55bd, 0x55bd, 0x55bd, 0x55bd, 0x55bd, 0x55bd, 0x55bd, 0x55bd, 0x55bd, 0x55bd, 0x55bd,
  0x55bd, 0x55bd, 0x55bd, 0x55bd, 0x55bd, 0x55bd, 0x55bd, 0x55bd, 0x55bd, 0x55bd, 0x55bd, 0x55bd,
  0x55bd, 0x55bd, 0x55bd, 0x55bd, 0x55bd, 0x55bd, 0x55bd, 0x55bd, 0x55bd, 0x55bd, 0x55bd, 0x55bd,
  0x55bd, 0x55bd, 0x55bd, 0x55bd, 0x55bd, 0x55bd, 0x55bd, 0x55bd, 0x55bd, 0x55bd, 0x55bd, 0x55bd,
  0x55bd, 0x55bd, 0x55bd, 0x55bd, 0x55bd, 0x55bd, 0x55bd, 0x55bd, 0x55bd, 0x55bd, 0x55bd, 0x55bd,
  0x55bd, 0x55bd, 0x55bd, 0x55bd, 0x55bd, 0x55bd, 0x55bd, 0x55bd, 0x55bd, 0x55bd, 0x55bd, 0x55bd,
  0x55bd, 0x55bd, 0x55bd, 0x55bd, 0x55bd, 0x55bd, 0x55bd, 0x55bd, 0x55bd, 0x55bd, 0x55bd, 0x55bd,
  0x55bd, 0x55bd, 0x55bd, 0x55bd, 0x55bd, 0x55bd, 0x55bd, 0x55bd, 0x55bd, 0x55bd, 0x55bd, 0x55bd,
  0x55bd, 0x55bd, 0x55bd, 0x55bd, 0x55bd, 0x55bd, 0x55bd, 0x55bd, 0x55bd, 0x55bd, 0x55bd, 0x55bd,
  0x55bd, 0x55bd, 0x55bd, 0x55bd, 0x55bd, 0x55bd, 0x55bd, 0x55bd, 0x55bd, 0x55bd, 0x55bd, 0x55bd,
  0x55bd, 0x55bd, 0x55bd, 0x55bd, 0x55bd, 0x55bd, 0x55bd, 0x55bd, 0x55bd, 0x55bd, 0x55bd, 0x55bd,
  0x55bd, 0x55bd, 0x55bd, 0x55bd, 0x55bd, 0x55bd, 0x55bd, 0x55bd, 0x55bd, 0x55bd, 0x55bd, 0x55bd,
  0x55bd, 0x55bd, 0x55bd, 0x55bd, 0x55bd, 0x55bd, 0x55bd, 0x55bd, 0x55bd, 0x55bd, 0x55bd, 0x55bd,
  0x55bd, 0x55bd, 0x55bd, 0x55bd, 0x55bd, 0x55bd, 0x55bd, 0x55bd, 0x55bd, 0x55bd, 0x55bd, 0x55bd,
  0x55bd, 0x55bd, 0x55bd, 0x55bd, 0x55bd, 0x55bd, 0x55bd, 0x55bd, 0x55bd, 0x55bd, 0x55bd, 0x55bd,
  0x55bd, 0x55bd, 0x55bd, 0x55bd, 0x55bd, 0x55bd, 0x55bd, 0x55bd, 0x55bd, 0x55bd, 0x55bd, 0x55bd,
  0x55bd, 0x55bd, 0x55bd, 0x55bd, 0x55bd, 0x55bd, 0x55bd, 0x55bd, 0x55bd, 0x55bd, 0x55bd, 0x55bd,
  0x55bd, 0x55bd, 0x55bd, 0x55bd, 0x55bd, 0x55bd, 0x55bd, 0x55bd, 0x55bd, 0x55bd, 0x55bd, 0x55bd,
  0x55bd, 0x55bd, 0x55bd, 0x55bd, 0x55bd, 0x55bd, 0x55bd, 0x55bd, 0x55bd, 0x55bd, 0x55bd, 0x55bd,
  0x55bd, 0x55bd, 0x55bd, 0x55bd, 0x55bd, 0x55bd, 0x55bd, 0x55bd, 0x55bd, 0x55bd, 0x55bd, 0x55bd,
  0x55bd, 0x55bd, 0x55bd, 0x55bd, 0x55bd, 0x55bd, 0x55bd, 0x55bd, 0x55bd, 0x55bd, 0x55bd, 0x55bd,
  0x55bd, 0x55bd, 0x55bd, 0x55bd, 0x55bd, 0x55bd, 0x55bd, 0x55bd, 0x55bd, 0x55bd, 0x55bd, 0x55bd,
  0x55bd, 0x55bd, 0x55bd, 0x55bd, 0x55bd, 0x55bd, 0x559d, 0x4d9d, 0x559d, 0xb6bd, 0xffff, 0xffff,
  0xffff, 0xffff, 0xffff, 0xffff, 0xffff, 0xffff, 0xffff, 0xffff, 0xffff, 0xffff, 0xffff, 0xffff,
  0xffff, 0xffff, 0xffff, 0xffff, 0xffff, 0xffff, 0xffff, 0xffff, 0xffff, 0xffff, 0xffff, 0xffff,
  0xffff, 0xffff, 0xffff, 0xffff, 0xffff, 0xffff, 0xffff, 0xffff, 0xffff, 0x965d, 0x559d, 0x55bd,
  0x55bd, 0x55bd, 0x55bd, 0x55bd, 0x55bd, 0x55bd, 0x55bd, 0x55bd, 0x55bd, 0x55bd, 0x55bd, 0x55bd,
  0x55bd, 0x55bd, 0x55bd, 0x55bd, 0x55bd, 0x55bd, 0x55bd, 0x55bd, 0x55bd, 0x55bd, 0x55bd, 0x55bd,
  0x55bd, 0x55bd, 0x55bd, 0x55bd, 0x55bd, 0x55bd, 0x55bd, 0x55bd, 0x55bd, 0x55bd, 0x55bd, 0x55bd,
  0x55bd, 0x55bd, 0x55bd, 0x55bd, 0x55bd, 0x55bd, 0x55bd, 0x55bd, 0x55bd, 0x55bd, 0x55bd, 0x55bd,
  0x55bd, 0x55bd, 0x55bd, 0x55bd, 0x55bd, 0x55bd, 0x55bd, 0x55bd, 0x55bd, 0x55bd, 0x55bd, 0x55bd,
  0x55bd, 0x55bd, 0x55bd, 0x55bd, 0x55bd, 0x55bd, 0x55bd, 0x55bd, 0x55bd, 0x55bd, 0x55bd, 0x55bd,
  0x55bd, 0x55bd, 0x55bd, 0x55bd, 0x55bd, 0x55bd, 0x55bd, 0x55bd, 0x55bd, 0x55bd, 0x55bd, 0x55bd,
  0x55bd, 0x55bd, 0x55bd, 0x55bd, 0x55bd, 0x55bd, 0x55bd, 0x55bd, 0x55bd, 0x55bd, 0x55bd, 0x55bd,
  0x55bd, 0x55bd, 0x55bd, 0x55bd, 0x55bd, 0x55bd, 0x55bd, 0x55bd, 0x55bd, 0x55bd, 0x55bd, 0x55bd,
  0x55bd, 0x55bd, 0x55bd, 0x55bd, 0x55bd, 0x55bd, 0x55bd, 0x55bd, 0x55bd, 0x55bd, 0x55bd, 0x55bd,
  0x55bd, 0x55bd, 0x55bd, 0x55bd, 0x55bd, 0x55bd, 0x55bd, 0x55bd, 0x55bd, 0x55bd, 0x55bd, 0x55bd,
  0x55bd, 0x55bd, 0x55bd, 0x55bd, 0x55bd, 0x55bd, 0x55bd, 0x55bd, 0x55bd, 0x55bd, 0x55bd, 0x55bd,
  0x55bd, 0x55bd, 0x55bd, 0x55bd, 0x55bd, 0x55bd, 0x55bd, 0x55bd, 0x55bd, 0x55bd, 0x55bd, 0x55bd,
  0x55bd, 0x55bd, 0x55bd, 0x55bd, 0x55bd, 0x55bd, 0x55bd, 0x55bd, 0x55bd, 0x55bd, 0x55bd, 0x55bd,
  0x55bd, 0x55bd, 0x55bd, 0x55bd, 0x55bd, 0x55bd, 0x55bd, 0x55bd, 0x55bd, 0x55bd, 0x55bd, 0x55bd,
  0x55bd, 0x55bd, 0x55bd, 0x55bd, 0x55bd, 0x55bd, 0x55bd, 0x55bd, 0x55bd, 0x55bd, 0x55bd, 0x55bd,
  0x55bd, 0x55bd, 0x55bd, 0x55bd, 0x55bd, 0x55bd, 0x55bd, 0x55bd, 0x55bd, 0x55bd, 0x55bd, 0x55bd,
  0x55bd, 0x55bd, 0x55bd, 0x55bd, 0x55bd, 0x55bd, 0x55bd, 0x55bd, 0x55bd, 0x55bd, 0x55bd, 0x55bd,
  0x55bd, 0x55bd, 0x55bd, 0x55bd, 0x55bd, 0x55bd, 0x55bd, 0x55bd, 0x55bd, 0x55bd, 0x55bd, 0x55bd,
  0x55bd, 0x55bd, 0x55bd, 0x55bd, 0x55bd, 0x55bd, 0x55bd, 0x55bd, 0x55bd, 0x55bd, 0x55bd, 0x55bd,
  0x55bd, 0x55bd, 0x55bd, 0x55bd, 0x55bd, 0x55bd, 0x55bd, 0x55bd, 0x55bd, 0x55bd, 0x55bd, 0x55bd,
  0x55bd, 0x55bd, 0x55bd, 0x55bd, 0x55bd, 0x55bd, 0x55bd, 0x55bd, 0x55bd, 0x55bd, 0x55bd, 0x55bd,
  0x55bd, 0x55bd, 0x55bd, 0x55bd, 0x55bd, 0x55bd, 0x55bd, 0x55bd, 0x55bd, 0x55bd, 0x55bd, 0x55bd,
  0x55bd, 0x55bd, 0x559d, 0x4d9d, 0x4d9d, 0xa67d, 0xffff, 0xffff, 0xffff, 0xffff, 0xffff, 0xffff,
  0xffff, 0xffff, 0xffff, 0xffff, 0xffff, 0xffff, 0xffff, 0xffff, 0xffff, 0xffff, 0xffff, 0xffff,
  0xffff, 0xffff, 0xffff, 0xffff, 0xffff, 0xffff, 0xffff, 0xffff, 0xffff, 0xffff, 0xffff, 0xffff,
  0xffff, 0xffff, 0xffff, 0xffff, 0xc6fe, 0x55bd, 0x559d, 0x559d, 0x55bd, 0x55bd, 0x55bd, 0x55bd,
  0x55bd, 0x55bd, 0x55bd, 0x55bd, 0x55bd, 0x55bd, 0x55bd, 0x55bd, 0x55bd, 0x55bd, 0x55bd, 0x55bd,
  0x55bd, 0x55bd, 0x55bd, 0x55bd, 0x55bd, 0x55bd, 0x55bd, 0x55bd, 0x55bd, 0x55bd, 0x55bd, 0x55bd,
  0x55bd, 0x55bd, 0x55bd, 0x55bd, 0x55bd, 0x55bd, 0x55bd, 0x55bd, 0x55bd, 0x55bd, 0x55bd, 0x55bd,
  0x55bd, 0x55bd, 0x55bd, 0x55bd, 0x55bd, 0x55bd, 0x55bd, 0x55bd, 0x55bd, 0x55bd, 0x55bd, 0x55bd,
  0x55bd, 0x55bd, 0x55bd, 0x55bd, 0x55bd, 0x55bd, 0x55bd, 0x55bd, 0x55bd, 0x55bd, 0x55bd, 0x55bd,
  0x55bd, 0x55bd, 0x55bd, 0x55bd, 0x55bd, 0x55bd, 0x55bd, 0x55bd, 0x55bd, 0x55bd, 0x55bd, 0x55bd,
  0x55bd, 0x55bd, 0x55bd, 0x55bd, 0x55bd, 0x55bd, 0x55bd, 0x55bd, 0x55bd, 0x55bd, 0x55bd, 0x55bd,
  0x55bd, 0x55bd, 0x55bd, 0x55bd, 0x55bd, 0x55bd, 0x55bd, 0x55bd, 0x55bd, 0x55bd, 0x55bd, 0x55bd,
  0x55bd, 0x55bd, 0x55bd, 0x55bd, 0x55bd, 0x55bd, 0x55bd, 0x55bd, 0x55bd, 0x55bd, 0x55bd, 0x55bd,
  0x55bd, 0x55bd, 0x55bd, 0x55bd, 0x55bd, 0x55bd, 0x55bd, 0x55bd, 0x55bd, 0x55bd, 0x55bd, 0x55bd,
  0x55bd, 0x55bd, 0x55bd, 0x55bd, 0x55bd, 0x55bd, 0x55bd, 0x55bd, 0x55bd, 0x55bd, 0x55bd, 0x55bd,
  0x55bd, 0x55bd, 0x55bd, 0x55bd, 0x55bd, 0x55bd, 0x55bd, 0x55bd, 0x55bd, 0x55bd, 0x55bd, 0x55bd,
  0x55bd, 0x55bd, 0x55bd, 0x55bd, 0x55bd, 0x55bd, 0x55bd, 0x55bd, 0x55bd, 0x55bd, 0x55bd, 0x55bd,
  0x55bd, 0x55bd, 0x55bd, 0x55bd, 0x55bd, 0x55bd, 0x55bd, 0x55bd, 0x55bd, 0x55bd, 0x55bd, 0x55bd,
  0x55bd, 0x55bd, 0x55bd, 0x55bd, 0x55bd, 0x55bd, 0x55bd, 0x55bd, 0x55bd, 0x55bd, 0x55bd, 0x55bd,
  0x55bd, 0x55bd, 0x55bd, 0x55bd, 0x55bd, 0x55bd, 0x55bd, 0x55bd, 0x55bd, 0x55bd, 0x55bd, 0x55bd,
  0x55bd, 0x55bd, 0x55bd, 0x55bd, 0x55bd, 0x55bd, 0x55bd, 0x55bd, 0x55bd, 0x55bd, 0x55bd, 0x55bd,
  0x55bd, 0x55bd, 0x55bd, 0x55bd, 0x55bd, 0x55bd, 0x55bd, 0x55bd, 0x55bd, 0x55bd, 0x55bd, 0x55bd,
  0x55bd, 0x55bd, 0x55bd, 0x55bd, 0x55bd, 0x55bd, 0x55bd, 0x55bd, 0x55bd, 0x55bd, 0x55bd, 0x55bd,
  0x55bd, 0x55bd, 0x55bd, 0x55bd, 0x55bd, 0x55bd, 0x55bd, 0x55bd, 0x55bd, 0x55bd, 0x55bd, 0x55bd,
  0x55bd, 0x55bd, 0x55bd, 0x55bd, 0x55bd, 0x55bd, 0x55bd, 0x55bd, 0x55bd, 0x55bd, 0x55bd, 0x55bd,
  0x55bd, 0x55bd, 0x55bd, 0x55bd, 0x55bd, 0x55bd, 0x55bd, 0x55bd, 0x55bd, 0x55bd, 0x55bd, 0x55bd,
  0x55bd, 0x55bd, 0x55bd, 0x55bd, 0x55bd, 0x55bd, 0x55bd, 0x55bd, 0x55bd, 0x559d, 0x55bd, 0x559d,
  0x559d, 0x6dfd, 0xf7df, 0xffff, 0xffff, 0xffff, 0xffff, 0xffff, 0xffff, 0xffff, 0xffff, 0xffff,
  0xffff, 0xffff, 0xffff, 0xffff, 0xffff, 0xffff, 0xffff, 0xffff, 0xffff, 0xffff, 0xffff, 0xffff,
  0xffff, 0xffff, 0xffff, 0xffff, 0xffff, 0xffff, 0xffff, 0xffff, 0xffff, 0xffff, 0xefbf, 0xae9d,
  0x55bd, 0x55bd, 0x55bd, 0x55bd, 0x55bd, 0x55bd, 0x55bd, 0x55bd, 0x55bd, 0x55bd, 0x55bd, 0x55bd,
  0x55bd, 0x55bd, 0x55bd, 0x55bd, 0x55bd, 0x55bd, 0x55bd, 0x55bd, 0x55bd, 0x55bd, 0x55bd, 0x55bd,
  0x55bd, 0x55bd, 0x55bd, 0x55bd, 0x55bd, 0x55bd, 0x55bd, 0x55bd, 0x55bd, 0x55bd, 0x55bd, 0x55bd,
  0x55bd, 0x55bd, 0x55bd, 0x55bd, 0x55bd, 0x55bd, 0x55bd, 0x55bd, 0x55bd, 0x55bd, 0x55bd, 0x55bd,
  0x55bd, 0x55bd, 0x55bd, 0x55bd, 0x55bd, 0x55bd, 0x55bd, 0x55bd, 0x55bd, 0x55bd, 0x55bd, 0x55bd,
  0x55bd, 0x55bd, 0x55bd, 0x55bd, 0x55bd, 0x55bd, 0x55bd, 0x55bd, 0x55bd, 0x55bd, 0x55bd, 0x55bd,
  0x55bd, 0x55bd, 0x55bd, 0x55bd, 0x55bd, 0x55bd, 0x55bd, 0x55bd, 0x55bd, 0x55bd, 0x55bd, 0x55bd,
  0x55bd, 0x55bd, 0x55bd, 0x55bd, 0x55bd, 0x55bd, 0x55bd, 0x55bd, 0x55bd, 0x55bd, 0x55bd, 0x55bd,
  0x55bd, 0x55bd, 0x55bd, 0x55bd, 0x55bd, 0x55bd, 0x55bd, 0x55bd, 0x55bd, 0x55bd, 0x55bd, 0x55bd,
  0x55bd, 0x55bd, 0x55bd, 0x55bd, 0x55bd, 0x55bd, 0x55bd, 0x55bd, 0x55bd, 0x55bd, 0x55bd, 0x55bd,
  0x55bd, 0x55bd, 0x55bd, 0x55bd, 0x55bd, 0x55bd, 0x55bd, 0x55bd, 0x55bd, 0x55bd, 0x55bd, 0x55bd,
  0x55bd, 0x55bd, 0x55bd, 0x55bd, 0x55bd, 0x55bd, 0x55bd, 0x55bd, 0x55bd, 0x55bd, 0x55bd, 0x55bd,
  0x55bd, 0x55bd, 0x55bd, 0x55bd, 0x55bd, 0x55bd, 0x55bd, 0x55bd, 0x55bd, 0x55bd, 0x55bd, 0x55bd,
  0x55bd, 0x55bd, 0x55bd, 0x55bd, 0x55bd, 0x55bd, 0x55bd, 0x55bd, 0x55bd, 0x55bd, 0x55bd, 0x55bd,
  0x55bd, 0x55bd, 0x55bd, 0x55bd, 0x55bd, 0x55bd, 0x55bd, 0x55bd, 0x55bd, 0x55bd, 0x55bd, 0x55bd,
  0x55bd, 0x55bd, 0x55bd, 0x55bd, 0x55bd, 0x55bd, 0x55bd, 0x55bd, 0x55bd, 0x55bd, 0x55bd, 0x55bd,
  0x55bd, 0x55bd, 0x55bd, 0x55bd, 0x55bd, 0x55bd, 0x55bd, 0x55bd, 0x55bd, 0x55bd, 0x55bd, 0x55bd,
  0x55bd, 0x55bd, 0x55bd, 0x55bd, 0x55bd, 0x55bd, 0x55bd, 0x55bd, 0x55bd, 0x55bd, 0x55bd, 0x55bd,
  0x55bd, 0x55bd, 0x55bd, 0x55bd, 0x55bd, 0x55bd, 0x55bd, 0x55bd, 0x55bd, 0x55bd, 0x55bd, 0x55bd,
  0x55bd, 0x55bd, 0x55bd, 0x55bd, 0x55bd, 0x55bd, 0x55bd, 0x55bd, 0x55bd, 0x55bd, 0x55bd, 0x55bd,
  0x55bd, 0x55bd, 0x55bd, 0x55bd, 0x55bd, 0x55bd, 0x55bd, 0x55bd, 0x55bd, 0x55bd, 0x55bd, 0x55bd,
  0x55bd, 0x55bd, 0x55bd, 0x55bd, 0x55bd, 0x55bd, 0x55bd, 0x55bd, 0x55bd, 0x55bd, 0x55bd, 0x55bd,
  0x55bd, 0x55bd, 0x55bd, 0x55bd, 0x55bd, 0x55bd, 0x55bd, 0x55bd, 0x55bd, 0x55bd, 0x55bd, 0x55bd,
  0x55bd, 0x55bd, 0x55bd, 0x55bd, 0x55bd, 0x559d, 0x559d, 0x559d, 0x559d, 0x55bd, 0xd73e, 0xffff,
  0xffff, 0xffff, 0xffff, 0xffff, 0xffff, 0xffff, 0xffff, 0xffff, 0xffff, 0xffff, 0xffff, 0xffff,
  0xffff, 0xffff, 0xffff, 0xffff, 0xffff, 0xffff, 0xffff, 0xffff, 0xffff, 0xffff, 0xffff, 0xffff,
  0xffff, 0xffff, 0xa69d, 0x9e7d, 0xa67d, 0x8e3d, 0x5dbd, 0x55bd, 0x55bd, 0x55bd, 0x55bd, 0x55bd,
  0x55bd, 0x55bd, 0x55bd, 0x55bd, 0x55bd, 0x55bd, 0x55bd, 0x55bd, 0x55bd, 0x55bd, 0x55bd, 0x55bd,
  0x55bd, 0x55bd, 0x55bd, 0x55bd, 0x55bd, 0x55bd, 0x55bd, 0x55bd, 0x55bd, 0x55bd, 0x55bd, 0x55bd,
  0x55bd, 0x55bd, 0x55bd, 0x55bd, 0x55bd, 0x55bd, 0x55bd, 0x55bd, 0x55bd, 0x55bd, 0x55bd, 0x55bd,
  0x55bd, 0x55bd, 0x55bd, 0x55bd, 0x55bd, 0x55bd, 0x55bd, 0x55bd, 0x55bd, 0x55bd, 0x55bd, 0x55bd,
  0x55bd, 0x55bd, 0x55bd, 0x55bd, 0x55bd, 0x55bd, 0x55bd, 0x55bd, 0x55bd, 0x55bd, 0x55bd, 0x55bd,
  0x55bd, 0x55bd, 0x55bd, 0x55bd, 0x55bd, 0x55bd, 0x55bd, 0x55bd, 0x55bd, 0x55bd, 0x55bd, 0x55bd,
  0x55bd, 0x55bd, 0x55bd, 0x55bd, 0x55bd, 0x55bd, 0x55bd, 0x55bd, 0x55bd, 0x55bd, 0x55bd, 0x55bd,
  0x55bd, 0x55bd, 0x55bd, 0x55bd, 0x55bd, 0x55bd, 0x55bd, 0x55bd, 0x55bd, 0x55bd, 0x55bd, 0x55bd,
  0x55bd, 0x55bd, 0x55bd, 0x55bd, 0x55bd, 0x55bd, 0x55bd, 0x55bd, 0x55bd, 0x55bd, 0x55bd, 0x55bd,
  0x55bd, 0x55bd, 0x55bd, 0x55bd, 0x55bd, 0x55bd, 0x55bd, 0x55bd, 0x55bd, 0x55bd, 0x55bd, 0x55bd,
  0x55bd, 0x55bd, 0x55bd, 0x55bd, 0x55bd, 0x55bd, 0x55bd, 0x55bd, 0x55bd, 0x55bd, 0x55bd, 0x55bd,
  0x55bd, 0x55bd, 0x55bd, 0x55bd, 0x55bd, 0x55bd, 0x55bd, 0x55bd, 0x55bd, 0x55bd, 0x55bd, 0x55bd,
  0x55bd, 0x55bd, 0x55bd, 0x55bd, 0x55bd, 0x55bd, 0x55bd, 0x55bd, 0x55bd, 0x55bd, 0x55bd, 0x55bd,
  0x55bd, 0x55bd, 0x55bd, 0x55bd, 0x55bd, 0x55bd, 0x55bd, 0x55bd, 0x55bd, 0x55bd, 0x55bd, 0x55bd,
  0x55bd, 0x55bd, 0x55bd, 0x55bd, 0x55bd, 0x55bd, 0x55bd, 0x55bd, 0x55bd, 0x55bd, 0x55bd, 0x55bd,
  0x55bd, 0x55bd, 0x55bd, 0x55bd, 0x55bd, 0x55bd, 0x55bd, 0x55bd, 0x55bd, 0x55bd, 0x55bd, 0x55bd,
  0x55bd, 0x55bd, 0x55bd, 0x55bd, 0x55bd, 0x55bd, 0x55bd, 0x55bd, 0x55bd, 0x55bd, 0x55bd, 0x55bd,
  0x55bd, 0x55bd, 0x55bd, 0x55bd, 0x55bd, 0x55bd, 0x55bd, 0x55bd, 0x55bd, 0x55bd, 0x55bd, 0x55bd,
  0x55bd, 0x55bd, 0x55bd, 0x55bd, 0x55bd, 0x55bd, 0x55bd, 0x55bd, 0x55bd, 0x55bd, 0x55bd, 0x55bd,
  0x55bd, 0x55bd, 0x55bd, 0x55bd, 0x55bd, 0x55bd, 0x55bd, 0x55bd, 0x55bd, 0x55bd, 0x55bd, 0x55bd,
  0x55bd, 0x55bd, 0x55bd, 0x55bd, 0x55bd, 0x55bd, 0x55bd, 0x55bd, 0x55bd, 0x55bd, 0x55bd, 0x55bd,
  0x55bd, 0x55bd, 0x55bd, 0x55bd, 0x55bd, 0x55bd, 0x55bd, 0x55bd, 0x55bd, 0x55bd, 0x55bd, 0x55bd,
  0x55bd, 0x55bd, 0x55bd, 0x55bd, 0x55bd, 0x55bd, 0x55bd, 0x55bd, 0x55bd, 0x55bd, 0x55bd, 0x55bd,
  0x55bd, 0x55bd, 0x55bd, 0x559d, 0x559d, 0x55bd, 0x6dfd, 0xef9f, 0xffff, 0xffff, 0xffff, 0xffff,
  0xffff, 0xffff, 0xffff, 0xffff, 0xffff, 0xffff, 0xffff, 0xffff, 0xffff, 0xffff, 0xffff, 0xffff,
  0xffff, 0xffff, 0xffff, 0xffff, 0xffff, 0xffff, 0xffff, 0xffff, 0xffff, 0xc71e, 0x55bd, 0x55bd,
  0x559d, 0x559d, 0x559d, 0x55bd, 0x55bd, 0x55bd, 0x55bd, 0x55bd, 0x55bd, 0x55bd, 0x55bd, 0x55bd,
  0x55bd, 0x55bd, 0x55bd, 0x55bd, 0x55bd, 0x55bd, 0x55bd, 0x55bd, 0x55bd, 0x55bd, 0x55bd, 0x55bd,
  0x55bd, 0x55bd, 0x55bd, 0x55bd, 0x55bd, 0x55bd, 0x55bd, 0x55bd, 0x55bd, 0x55bd, 0x55bd, 0x55bd,
  0x55bd, 0x55bd, 0x55bd, 0x55bd, 0x55bd, 0x55bd, 0x55bd, 0x55bd, 0x55bd, 0x55bd, 0x55bd, 0x55bd,
  0x55bd, 0x55bd, 0x55bd, 0x55bd, 0x55bd, 0x55bd, 0x55bd, 0x55bd, 0x55bd, 0x55bd, 0x55bd, 0x55bd,
  0x55bd, 0x55bd, 0x55bd, 0x55bd, 0x55bd, 0x55bd, 0x55bd, 0x55bd, 0x55bd, 0x55bd, 0x55bd, 0x55bd,
  0x55bd, 0x55bd, 0x55bd, 0x55bd, 0x55bd, 0x55bd, 0x55bd, 0x55bd, 0x55bd, 0x55bd, 0x55bd, 0x55bd,
  0x55bd, 0x55bd, 0x55bd, 0x55bd, 0x55bd, 0x55bd, 0x55bd, 0x55bd, 0x55bd, 0x55bd, 0x55bd, 0x55bd,
  0x55bd, 0x55bd, 0x55bd, 0x55bd, 0x55bd, 0x55bd, 0x55bd, 0x55bd, 0x55bd, 0x55bd, 0x55bd, 0x55bd,
  0x55bd, 0x55bd, 0x55bd, 0x55bd, 0x55bd, 0x55bd, 0x55bd, 0x55bd, 0x55bd, 0x55bd, 0x55bd, 0x55bd,
  0x55bd, 0x55bd, 0x55bd, 0x55bd, 0x55bd, 0x55bd, 0x55bd, 0x55bd, 0x55bd, 0x55bd, 0x55bd, 0x55bd,
  0x55bd, 0x55bd, 0x55bd, 0x55bd, 0x55bd, 0x55bd, 0x55bd, 0x55bd, 0x55bd, 0x55bd, 0x55bd, 0x55bd,
  0x55bd, 0x55bd, 0x55bd, 0x55bd, 0x55bd, 0x55bd, 0x55bd, 0x55bd, 0x55bd, 0x55bd, 0x55bd, 0x55bd,
  0x55bd, 0x55bd, 0x55bd, 0x55bd, 0x55bd, 0x55bd, 0x55bd, 0x55bd, 0x55bd, 0x55bd, 0x55bd, 0x55bd,
  0x55bd, 0x55bd, 0x55bd, 0x55bd, 0x55bd, 0x55bd, 0x55bd, 0x55bd, 0x55bd, 0x55bd, 0x55bd, 0x55bd,
  0x55bd, 0x55bd, 0x55bd, 0x55bd, 0x55bd, 0x55bd, 0x55bd, 0x55bd, 0x55bd, 0x55bd, 0x55bd, 0x55bd,
  0x55bd, 0x55bd, 0x55bd, 0x55bd, 0x55bd, 0x55bd, 0x55bd, 0x55bd, 0x55bd, 0x55bd, 0x55bd, 0x55bd,
  0x55bd, 0x55bd, 0x55bd, 0x55bd, 0x55bd, 0x55bd, 0x55bd, 0x55bd, 0x55bd, 0x55bd, 0x55bd, 0x55bd,
  0x55bd, 0x55bd, 0x55bd, 0x55bd, 0x55bd, 0x55bd, 0x55bd, 0x55bd, 0x55bd, 0x55bd, 0x55bd, 0x55bd,
  0x55bd, 0x55bd, 0x55bd, 0x55bd, 0x55bd, 0x55bd, 0x55bd, 0x55bd, 0x55bd, 0x55bd, 0x55bd, 0x55bd,
  0x55bd, 0x55bd, 0x55bd, 0x55bd, 0x55bd, 0x55bd, 0x55bd, 0x55bd, 0x55bd, 0x55bd, 0x55bd, 0x55bd,
  0x55bd, 0x55bd, 0x55bd, 0x55bd, 0x55bd, 0x55bd, 0x55bd, 0x55bd, 0x55bd, 0x55bd, 0x55bd, 0x55bd,
  0x55bd, 0x55bd, 0x55bd, 0x55bd, 0x55bd, 0x55bd, 0x55bd, 0x55bd, 0x55bd, 0x55bd, 0x55bd, 0x55bd,
  0x55bd, 0x55bd, 0x55bd, 0x55bd, 0x55bd, 0x55bd, 0x55bd, 0x55bd, 0x55bd, 0x55bd, 0x55bd, 0x559d,
  0x55bd, 0x559d, 0x559d, 0x6ddd, 0xdf5e, 0xffff, 0xffff, 0xffff, 0xffff, 0xffff, 0xffff, 0xffff,
  0xffff, 0xffff, 0xf7bf, 0xb6be, 0xf7df, 0xffff, 0xffff, 0xffff, 0xffff, 0xffff, 0xffff, 0xffff,
  0xffff, 0xffff, 0xffff, 0xffff, 0xbede, 0x55bd, 0x559d, 0x559d, 0x559d, 0x559d, 0x559d, 0x55bd,
  0x55bd, 0x55bd, 0x55bd, 0x55bd, 0x55bd, 0x55bd, 0x55bd, 0x55bd, 0x55bd, 0x55bd, 0x55bd, 0x55bd,
  0x55bd, 0x55bd, 0x55bd, 0x55bd, 0x55bd, 0x55bd, 0x55bd, 0x55bd, 0x55bd, 0x55bd, 0x55bd, 0x55bd,
  0x55bd, 0x55bd, 0x55bd, 0x55bd, 0x55bd, 0x55bd, 0x55bd, 0x55bd, 0x55bd, 0x55bd, 0x55bd, 0x55bd,
  0x55bd, 0x55bd, 0x55bd, 0x55bd, 0x55bd, 0x55bd, 0x55bd, 0x55bd, 0x55bd, 0x55bd, 0x55bd, 0x55bd,
  0x55bd, 0x55bd, 0x55bd, 0x55bd, 0x55bd, 0x55bd, 0x55bd, 0x55bd, 0x55bd, 0x55bd, 0x55bd, 0x55bd,
  0x55bd, 0x55bd, 0x55bd, 0x55bd, 0x55bd, 0x55bd, 0x55bd, 0x55bd, 0x55bd, 0x55bd, 0x55bd, 0x55bd,
  0x55bd, 0x55bd, 0x55bd, 0x55bd, 0x55bd, 0x55bd, 0x55bd, 0x55bd, 0x55bd, 0x55bd, 0x55bd, 0x55bd,
  0x55bd, 0x55bd, 0x55bd, 0x55bd, 0x55bd, 0x55bd, 0x55bd, 0x55bd, 0x55bd, 0x55bd, 0x55bd, 0x55bd,
  0x55bd, 0x55bd, 0x55bd, 0x55bd, 0x55bd, 0x55bd, 0x55bd, 0x55bd, 0x55bd, 0x55bd, 0x55bd, 0x55bd,
  0x55bd, 0x55bd, 0x55bd, 0x55bd, 0x55bd, 0x55bd, 0x55bd, 0x55bd, 0x55bd, 0x55bd, 0x55bd, 0x55bd,
  0x55bd, 0x55bd, 0x55bd, 0x55bd, 0x55bd, 0x55bd, 0x55bd, 0x55bd, 0x55bd, 0x55bd, 0x55bd, 0x55bd,
  0x55bd, 0x55bd, 0x55bd, 0x55bd, 0x55bd, 0x55bd, 0x55bd, 0x55bd, 0x55bd, 0x55bd, 0x55bd, 0x55bd,
  0x55bd, 0x55bd, 0x55bd, 0x55bd, 0x55bd, 0x55bd, 0x55bd, 0x55bd, 0x55bd, 0x55bd, 0x55bd, 0x55bd,
  0x55bd, 0x55bd, 0x55bd, 0x55bd, 0x55bd, 0x55bd, 0x55bd, 0x55bd, 0x55bd, 0x55bd, 0x55bd, 0x55bd,
  0x55bd, 0x55bd, 0x55bd, 0x55bd, 0x55bd, 0x55bd, 0x55bd, 0x55bd, 0x55bd, 0x55bd, 0x55bd, 0x55bd,
  0x55bd, 0x55bd, 0x55bd, 0x55bd, 0x55bd, 0x55bd, 0x55bd, 0x55bd, 0x55bd, 0x55bd, 0x55bd, 0x55bd,
  0x55bd, 0x55bd, 0x55bd, 0x55bd, 0x55bd, 0x55bd, 0x55bd, 0x55bd, 0x55bd, 0x55bd, 0x55bd, 0x55bd,
  0x55bd, 0x55bd, 0x55bd, 0x55bd, 0x55bd, 0x55bd, 0x55bd, 0x55bd, 0x55bd, 0x55bd, 0x55bd, 0x55bd,
  0x55bd, 0x55bd, 0x55bd, 0x55bd, 0x55bd, 0x55bd, 0x55bd, 0x55bd, 0x55bd, 0x55bd, 0x55bd, 0x55bd,
  0x55bd, 0x55bd, 0x55bd, 0x55bd, 0x55bd, 0x55bd, 0x55bd, 0x55bd, 0x55bd, 0x55bd, 0x55bd, 0x55bd,
  0x55bd, 0x55bd, 0x55bd, 0x55bd, 0x55bd, 0x55bd, 0x55bd, 0x55bd, 0x55bd, 0x55bd, 0x55bd, 0x55bd,
  0x55bd, 0x55bd, 0x55bd, 0x55bd, 0x55bd, 0x55bd, 0x55bd, 0x55bd, 0x55bd, 0x55bd, 0x55bd, 0x55bd,
  0x55bd, 0x55bd, 0x55bd, 0x55bd, 0x55bd, 0x55bd, 0x55bd, 0x55bd, 0x55bd, 0x55bd, 0x55bd, 0x55bd,
  0x55bd, 0x55bd, 0x55bd, 0x55bd, 0x55bd, 0x55bd, 0x55bd, 0x55bd, 0x559d, 0x559d, 0x55bd, 0x55bd,
  0x5dbd, 0x9e5d, 0xd75e, 0xf7df, 0xffff, 0xffff, 0xffff, 0xf7df, 0xe77e, 0xb6bd, 0x65dd, 0x4d9d,
  0x7dfd, 0xdf5e, 0xffff, 0xffff, 0xffff, 0xffff, 0xffff, 0xffff, 0xffff, 0xffff, 0xdf7e, 0x963d,
  0x55bd, 0x55bd, 0x55bd, 0x559d, 0x55bd, 0x55bd, 0x55bd, 0x55bd, 0x55bd, 0x55bd, 0x55bd, 0x55bd,
  0x55bd, 0x55bd, 0x55bd, 0x55bd, 0x55bd, 0x55bd, 0x55bd, 0x55bd, 0x55bd, 0x55bd, 0x55bd, 0x55bd,
  0x55bd, 0x55bd, 0x55bd, 0x55bd, 0x55bd, 0x55bd, 0x55bd, 0x55bd, 0x55bd, 0x55bd, 0x55bd, 0x55bd,
  0x55bd, 0x55bd, 0x55bd, 0x55bd, 0x55bd, 0x55bd, 0x55bd, 0x55bd, 0x55bd, 0x55bd, 0x55bd, 0x55bd,
  0x55bd, 0x55bd, 0x55bd, 0x55bd, 0x55bd, 0x55bd, 0x55bd, 0x55bd, 0x55bd, 0x55bd, 0x55bd, 0x55bd,
  0x55bd, 0x55bd, 0x55bd, 0x55bd, 0x55bd, 0x55bd, 0x55bd, 0x55bd, 0x55bd, 0x55bd, 0x55bd, 0x55bd,
  0x55bd, 0x55bd, 0x55bd, 0x55bd, 0x55bd, 0x55bd, 0x55bd, 0x55bd, 0x55bd, 0x55bd, 0x55bd, 0x55bd,
  0x55bd, 0x55bd, 0x55bd, 0x55bd, 0x55bd, 0x55bd, 0x55bd, 0x55bd, 0x55bd, 0x55bd, 0x55bd, 0x55bd,
  0x55bd, 0x55bd, 0x55bd, 0x55bd, 0x55bd, 0x55bd, 0x55bd, 0x55bd, 0x55bd, 0x55bd, 0x55bd, 0x55bd,
  0x55bd, 0x55bd, 0x55bd, 0x55bd, 0x55bd, 0x55bd, 0x55bd, 0x55bd, 0x55bd, 0x55bd, 0x55bd, 0x55bd,
  0x55bd, 0x55bd, 0x55bd, 0x55bd, 0x55bd, 0x55bd, 0x55bd, 0x55bd, 0x55bd, 0x55bd, 0x55bd, 0x55bd,
  0x55bd, 0x55bd, 0x55bd, 0x55bd, 0x55bd, 0x55bd, 0x55bd, 0x55bd, 0x55bd, 0x55bd, 0x55bd, 0x55bd,
  0x55bd, 0x55bd, 0x55bd, 0x55bd, 0x55bd, 0x55bd, 0x55bd, 0x55bd, 0x55bd, 0x55bd, 0x55bd, 0x55bd,
  0x55bd, 0x55bd, 0x55bd, 0x55bd, 0x55bd, 0x55bd, 0x55bd, 0x55bd, 0x55bd, 0x55bd, 0x55bd, 0x55bd,
  0x55bd, 0x55bd, 0x55bd, 0x55bd, 0x55bd, 0x55bd, 0x55bd, 0x55bd, 0x55bd, 0x55bd, 0x55bd, 0x55bd,
  0x55bd, 0x55bd, 0x55bd, 0x55bd, 0x55bd, 0x55bd, 0x55bd, 0x55bd, 0x55bd, 0x55bd, 0x55bd, 0x55bd,
  0x55bd, 0x55bd, 0x55bd, 0x55bd, 0x55bd, 0x55bd, 0x55bd, 0x55bd, 0x55bd, 0x55bd, 0x55bd, 0x55bd,
  0x55bd, 0x55bd, 0x55bd, 0x55bd, 0x55bd, 0x55bd, 0x55bd, 0x55bd, 0x55bd, 0x55bd, 0x55bd, 0x55bd,
  0x55bd, 0x55bd, 0x55bd, 0x55bd, 0x55bd, 0x55bd, 0x55bd, 0x55bd, 0x55bd, 0x55bd, 0x55bd, 0x55bd,
  0x55bd, 0x55bd, 0x55bd, 0x55bd, 0x55bd, 0x55bd, 0x55bd, 0x55bd, 0x55bd, 0x55bd, 0x55bd, 0x55bd,
  0x55bd, 0x55bd, 0x55bd, 0x55bd, 0x55bd, 0x55bd, 0x55bd, 0x55bd, 0x55bd, 0x55bd, 0x55bd, 0x55bd,
  0x55bd, 0x55bd, 0x55bd, 0x55bd, 0x55bd, 0x55bd, 0x55bd, 0x55bd, 0x55bd, 0x55bd, 0x55bd, 0x55bd,
  0x55bd, 0x55bd, 0x55bd, 0x55bd, 0x55bd, 0x55bd, 0x55bd, 0x55bd, 0x55bd, 0x55bd, 0x55bd, 0x55bd,
  0x55bd, 0x55bd, 0x55bd, 0x55bd, 0x55bd, 0x55bd, 0x55bd, 0x55bd, 0x55bd, 0x55bd, 0x55bd, 0x55bd,
  0x55bd, 0x55bd, 0x55bd, 0x55bd, 0x559d, 0x55bd, 0x55bd, 0x55bd, 0x55bd, 0x55bd, 0x55bd, 0x5dbd,
  0x7e1d, 0x861d, 0x7e1d, 0x65dd, 0x4d9d, 0x4d9d, 0x559d, 0x55bd, 0x55bd, 0x55bd, 0x7e1d, 0xaebd,
  0xc71e, 0xd75e, 0xd75e, 0xc71e, 0xae9d, 0x7dfd, 0x55bd, 0x55bd, 0x55bd, 0x55bd, 0x55bd, 0x55bd,
  0x55bd, 0x55bd, 0x55bd, 0x55bd, 0x55bd, 0x55bd, 0x55bd, 0x55bd, 0x55bd, 0x55bd, 0x55bd, 0x55bd,
  0x55bd, 0x55bd, 0x55bd, 0x55bd, 0x55bd, 0x55bd, 0x55bd, 0x55bd, 0x55bd, 0x55bd, 0x55bd, 0x55bd,
  0x55bd, 0x55bd, 0x55bd, 0x55bd, 0x55bd, 0x55bd, 0x55bd, 0x55bd, 0x55bd, 0x55bd, 0x55bd, 0x55bd,
  0x55bd, 0x55bd, 0x55bd, 0x55bd, 0x55bd, 0x55bd, 0x55bd, 0x55bd, 0x55bd, 0x55bd, 0x55bd, 0x55bd,
  0x55bd, 0x55bd, 0x55bd, 0x55bd, 0x55bd, 0x55bd, 0x55bd, 0x55bd, 0x55bd, 0x55bd, 0x55bd, 0x55bd,
  0x55bd, 0x55bd, 0x55bd, 0x55bd, 0x55bd, 0x55bd, 0x55bd, 0x55bd, 0x55bd, 0x55bd, 0x55bd, 0x55bd,
  0x55bd, 0x55bd, 0x55bd, 0x55bd, 0x55bd, 0x55bd, 0x55bd, 0x55bd, 0x55bd, 0x55bd, 0x55bd, 0x55bd,
  0x55bd, 0x55bd, 0x55bd, 0x55bd, 0x55bd, 0x55bd, 0x55bd, 0x55bd, 0x55bd, 0x55bd, 0x55bd, 0x55bd,
  0x55bd, 0x55bd, 0x55bd, 0x55bd, 0x55bd, 0x55bd, 0x55bd, 0x55bd, 0x55bd, 0x55bd, 0x55bd, 0x55bd,
  0x55bd, 0x55bd, 0x55bd, 0x55bd, 0x55bd, 0x55bd, 0x55bd, 0x55bd, 0x55bd, 0x55bd, 0x55bd, 0x55bd,
  0x55bd, 0x55bd, 0x55bd, 0x55bd, 0x55bd, 0x55bd, 0x55bd, 0x55bd, 0x55bd, 0x55bd, 0x55bd, 0x55bd,
  0x55bd, 0x55bd, 0x55bd, 0x55bd, 0x55bd, 0x55bd, 0x55bd, 0x55bd, 0x55bd, 0x55bd, 0x55bd, 0x55bd,
  0x55bd, 0x55bd, 0x55bd, 0x55bd, 0x55bd, 0x55bd, 0x55bd, 0x55bd, 0x55bd, 0x55bd, 0x55bd, 0x55bd,
  0x55bd, 0x55bd, 0x55bd, 0x55bd, 0x55bd, 0x55bd, 0x55bd, 0x55bd, 0x55bd, 0x55bd, 0x55bd, 0x55bd,
  0x55bd, 0x55bd, 0x55bd, 0x55bd, 0x55bd, 0x55bd, 0x55bd, 0x55bd, 0x55bd, 0x55bd, 0x55bd, 0x55bd,
  0x55bd, 0x55bd, 0x55bd, 0x55bd, 0x55bd, 0x55bd, 0x55bd, 0x55bd, 0x55bd, 0x55bd, 0x55bd, 0x55bd,
  0x55bd, 0x55bd, 0x55bd, 0x55bd, 0x55bd, 0x55bd, 0x55bd, 0x55bd, 0x55bd, 0x55bd, 0x55bd, 0x55bd,
  0x55bd, 0x55bd, 0x55bd, 0x55bd, 0x55bd, 0x55bd, 0x55bd, 0x55bd, 0x55bd, 0x55bd, 0x55bd, 0x55bd,
  0x55bd, 0x55bd, 0x55bd, 0x55bd, 0x55bd, 0x55bd, 0x55bd, 0x55bd, 0x55bd, 0x55bd, 0x55bd, 0x55bd,
  0x55bd, 0x55bd, 0x55bd, 0x55bd, 0x55bd, 0x55bd, 0x55bd, 0x55bd, 0x55bd, 0x55bd, 0x55bd, 0x55bd,
  0x55bd, 0x55bd, 0x55bd, 0x55bd, 0x55bd, 0x55bd, 0x55bd, 0x55bd, 0x55bd, 0x55bd, 0x55bd, 0x55bd,
  0x55bd, 0x55bd, 0x55bd, 0x55bd, 0x55bd, 0x55bd, 0x55bd, 0x55bd, 0x55bd, 0x55bd, 0x55bd, 0x55bd,
  0x55bd, 0x55bd, 0x55bd, 0x55bd, 0x55bd, 0x55bd, 0x55bd, 0x55bd, 0x55bd, 0x55bd, 0x55bd, 0x55bd,
  0x55bd, 0x55bd, 0x55bd, 0x55bd, 0x55bd, 0x55bd, 0x55bd, 0x55bd, 0x55bd, 0x55bd, 0x55bd, 0x55bd,
  0x55bd, 0x55bd, 0x55bd, 0x55bd, 0x55bd, 0x55bd, 0x55bd, 0x55bd, 0x559d, 0x559d, 0x559d, 0x55bd,
  0x559d, 0x559d, 0x559d, 0x559d, 0x55bd, 0x55bd, 0x559d, 0x55bd, 0x55bd, 0x55bd, 0x55bd, 0x55bd,
  0x55bd, 0x559d, 0x55bd, 0x55bd, 0x55bd, 0x55bd, 0x55bd, 0x55bd, 0x55bd, 0x55bd, 0x55bd, 0x55bd,
  0x55bd, 0x55bd, 0x55bd, 0x55bd, 0x55bd, 0x55bd, 0x55bd, 0x55bd, 0x55bd, 0x55bd, 0x55bd, 0x55bd,
  0x55bd, 0x55bd, 0x55bd, 0x55bd, 0x55bd, 0x55bd, 0x55bd, 0x55bd, 0x55bd, 0x55bd, 0x55bd, 0x55bd,
  0x55bd, 0x55bd, 0x55bd, 0x55bd, 0x55bd, 0x55bd, 0x55bd, 0x55bd, 0x55bd, 0x55bd, 0x55bd, 0x55bd,
  0x55bd, 0x55bd, 0x55bd, 0x55bd, 0x55bd, 0x55bd, 0x55bd, 0x55bd, 0x55bd, 0x55bd, 0x55bd, 0x55bd,
  0x559d, 0x55bd, 0x6ddd, 0x8e5d, 0x965d, 0x7e1d, 0x5dbd, 0x55bd, 0x55bd, 0x55bd, 0x55bd, 0x55bd,
  0x559d, 0x55bd, 0x55bd, 0x55bd, 0x55bd, 0x55bd, 0x55bd, 0x55bd, 0x55bd, 0x55bd, 0x55bd, 0x55bd,
  0x55bd, 0x55bd, 0x55bd, 0x55bd, 0x55bd, 0x55bd, 0x55bd, 0x55bd, 0x55bd, 0x55bd, 0x55bd, 0x55bd,
  0x55bd, 0x55bd, 0x55bd, 0x55bd, 0x55bd, 0x55bd, 0x55bd, 0x55bd, 0x55bd, 0x55bd, 0x55bd, 0x55bd,
  0x55bd, 0x55bd, 0x55bd, 0x55bd, 0x55bd, 0x55bd, 0x55bd, 0x55bd, 0x55bd, 0x55bd, 0x55bd, 0x55bd,
  0x55bd, 0x55bd, 0x55bd, 0x55bd, 0x55bd, 0x55bd, 0x55bd, 0x55bd, 0x55bd, 0x55bd, 0x55bd, 0x55bd,
  0x55bd, 0x55bd, 0x55bd, 0x55bd, 0x55bd, 0x55bd, 0x55bd, 0x55bd, 0x55bd, 0x55bd, 0x55bd, 0x55bd,
  0x55bd, 0x55bd, 0x55bd, 0x55bd, 0x55bd, 0x55bd, 0x55bd, 0x55bd, 0x55bd, 0x55bd, 0x55bd, 0x55bd,
  0x55bd, 0x55bd, 0x55bd, 0x55bd, 0x55bd, 0x55bd, 0x55bd, 0x55bd, 0x55bd, 0x55bd, 0x55bd, 0x55bd,
  0x55bd, 0x55bd, 0x55bd, 0x55bd, 0x55bd, 0x55bd, 0x55bd, 0x55bd, 0x55bd, 0x55bd, 0x55bd, 0x55bd,
  0x55bd, 0x55bd, 0x55bd, 0x55bd, 0x55bd, 0x55bd, 0x55bd, 0x55bd, 0x55bd, 0x55bd, 0x55bd, 0x55bd,
  0x55bd, 0x55bd, 0x55bd, 0x55bd, 0x55bd, 0x55bd, 0x55bd, 0x55bd, 0x55bd, 0x55bd, 0x55bd, 0x55bd,
  0x55bd, 0x55bd, 0x55bd, 0x55bd, 0x55bd, 0x55bd, 0x55bd, 0x55bd, 0x55bd, 0x55bd, 0x55bd, 0x55bd,
  0x55bd, 0x55bd, 0x55bd, 0x55bd, 0x55bd, 0x55bd, 0x55bd, 0x55bd, 0x55bd, 0x55bd, 0x55bd, 0x55bd,
  0x55bd, 0x55bd, 0x55bd, 0x55bd, 0x55bd, 0x55bd, 0x55bd, 0x55bd, 0x55bd, 0x55bd, 0x55bd, 0x55bd,
  0x55bd, 0x55bd, 0x55bd, 0x55bd, 0x55bd, 0x55bd, 0x55bd, 0x55bd, 0x55bd, 0x55bd, 0x55bd, 0x55bd,
  0x55bd, 0x55bd, 0x55bd, 0x55bd, 0x55bd, 0x55bd, 0x55bd, 0x55bd, 0x55bd, 0x55bd, 0x55bd, 0x55bd,
  0x55bd, 0x55bd, 0x55bd, 0x55bd, 0x55bd, 0x55bd, 0x55bd, 0x55bd, 0x55bd, 0x55bd, 0x55bd, 0x55bd,
  0x55bd, 0x55bd, 0x55bd, 0x55bd, 0x55bd, 0x55bd, 0x55bd, 0x55bd, 0x55bd, 0x55bd, 0x55bd, 0x55bd,
  0x55bd, 0x55bd, 0x55bd, 0x55bd, 0x55bd, 0x55bd, 0x55bd, 0x55bd, 0x55bd, 0x55bd, 0x55bd, 0x55bd,
  0x55bd, 0x55bd, 0x55bd, 0x55bd, 0x55bd, 0x55bd, 0x559d, 0x559d, 0x559d, 0x55bd, 0x55bd, 0x559d,
  0x55bd, 0x559d, 0x55bd, 0x55bd, 0x55bd, 0x55bd, 0x55bd, 0x55bd, 0x55bd, 0x55bd, 0x55bd, 0x55bd,
  0x55bd, 0x55bd, 0x55bd, 0x55bd, 0x55bd, 0x55bd, 0x55bd, 0x55bd, 0x55bd, 0x55bd, 0x55bd, 0x55bd,
  0x55bd, 0x55bd, 0x55bd, 0x55bd, 0x55bd, 0x55bd, 0x55bd, 0x55bd, 0x55bd, 0x55bd, 0x55bd, 0x55bd,
  0x55bd, 0x55bd, 0x55bd, 0x55bd, 0x55bd, 0x55bd, 0x55bd, 0x55bd, 0x55bd, 0x55bd, 0x55bd, 0x55bd,
  0x55bd, 0x55bd, 0x55bd, 0x55bd, 0x55bd, 0x55bd, 0x55bd, 0x55bd, 0x55bd, 0x55bd, 0x55bd, 0x55bd,
  0x55bd, 0x55bd, 0x55bd, 0x55bd, 0x55bd, 0x55bd, 0x55bd, 0x559d, 0x75fd, 0xd73e, 0xf7df, 0xffff,
  0xffff, 0xffff, 0xe79f, 0x965d, 0x6ddd, 0xc6fe, 0xe79f, 0xefbf, 0xe79f, 0xb6be, 0x65bd, 0x55bd,
  0x559d, 0x559d, 0x55bd, 0x55bd, 0x55bd, 0x55bd, 0x55bd, 0x55bd, 0x55bd, 0x55bd, 0x55bd, 0x55bd,
  0x55bd, 0x55bd, 0x55bd, 0x55bd, 0x55bd, 0x55bd, 0x55bd, 0x55bd, 0x55bd, 0x55bd, 0x55bd, 0x55bd,
  0x55bd, 0x55bd, 0x55bd, 0x55bd, 0x55bd, 0x55bd, 0x55bd, 0x55bd, 0x55bd, 0x55bd, 0x55bd, 0x55bd,
  0x55bd, 0x55bd, 0x55bd, 0x55bd, 0x55bd, 0x55bd, 0x55bd, 0x55bd, 0x55bd, 0x55bd, 0x55bd, 0x55bd,
  0x55bd, 0x55bd, 0x55bd, 0x55bd, 0x55bd, 0x55bd, 0x55bd, 0x55bd, 0x55bd, 0x55bd, 0x55bd, 0x55bd,
  0x55bd, 0x55bd, 0x55bd, 0x55bd, 0x55bd, 0x55bd, 0x55bd, 0x55bd, 0x55bd, 0x55bd, 0x55bd, 0x55bd,
  0x55bd, 0x55bd, 0x55bd, 0x55bd, 0x55bd, 0x55bd, 0x55bd, 0x55bd, 0x55bd, 0x55bd, 0x55bd, 0x55bd,
  0x55bd, 0x55bd, 0x55bd, 0x55bd, 0x55bd, 0x55bd, 0x55bd, 0x55bd, 0x55bd, 0x55bd, 0x55bd, 0x55bd,
  0x55bd, 0x55bd, 0x55bd, 0x55bd, 0x55bd, 0x55bd, 0x55bd, 0x55bd, 0x55bd, 0x55bd, 0x55bd, 0x55bd,
  0x55bd, 0x55bd, 0x55bd, 0x55bd, 0x55bd, 0x55bd, 0x55bd, 0x55bd, 0x55bd, 0x55bd, 0x55bd, 0x55bd,
  0x55bd, 0x55bd, 0x55bd, 0x55bd, 0x55bd, 0x55bd, 0x55bd, 0x55bd, 0x55bd, 0x55bd, 0x55bd, 0x55bd,
  0x55bd, 0x55bd, 0x55bd, 0x55bd, 0x55bd, 0x55bd, 0x55bd, 0x55bd, 0x55bd, 0x55bd, 0x55bd, 0x55bd,
  0x55bd, 0x55bd, 0x55bd, 0x55bd, 0x55bd, 0x55bd, 0x55bd, 0x55bd, 0x55bd, 0x55bd, 0x55bd, 0x55bd,
  0x55bd, 0x55bd, 0x55bd, 0x55bd, 0x55bd, 0x55bd, 0x55bd, 0x55bd, 0x55bd, 0x55bd, 0x55bd, 0x55bd,
  0x55bd, 0x55bd, 0x55bd, 0x55bd, 0x55bd, 0x55bd, 0x55bd, 0x55bd, 0x55bd, 0x55bd, 0x55bd, 0x55bd,
  0x55bd, 0x55bd, 0x55bd, 0x55bd, 0x55bd, 0x55bd, 0x55bd, 0x55bd, 0x55bd, 0x55bd, 0x55bd, 0x55bd,
  0x55bd, 0x55bd, 0x55bd, 0x55bd, 0x55bd, 0x55bd, 0x55bd, 0x55bd, 0x55bd, 0x55bd, 0x55bd, 0x55bd,
  0x55bd, 0x55bd, 0x55bd, 0x55bd, 0x55bd, 0x55bd, 0x55bd, 0x55bd, 0x55bd, 0x55bd, 0x55bd, 0x55bd,
  0x55bd, 0x55bd, 0x55bd, 0x55bd, 0x55bd, 0x55bd, 0x55bd, 0x55bd, 0x55bd, 0x55bd, 0x55bd, 0x55bd,
  0x55bd, 0x55bd, 0x55bd, 0x55bd, 0x55bd, 0x55bd, 0x55bd, 0x55bd, 0x55bd, 0x55bd, 0x55bd, 0x55bd,
  0x55bd, 0x55bd, 0x55bd, 0x55bd, 0x55bd, 0x55bd, 0x55bd, 0x55bd, 0x55bd, 0x55bd, 0x55bd, 0x55bd,
  0x55bd, 0x55bd, 0x55bd, 0x55bd, 0x55bd, 0x55bd, 0x55bd, 0x55bd, 0x55bd, 0x55bd, 0x55bd, 0x55bd,
  0x55bd, 0x55bd, 0x55bd, 0x55bd, 0x55bd, 0x55bd, 0x55bd, 0x55bd, 0x55bd, 0x55bd, 0x55bd, 0x55bd,
  0x55bd, 0x55bd, 0x55bd, 0x55bd, 0x55bd, 0x55bd, 0x55bd, 0x55bd, 0x55bd, 0x55bd, 0x55bd, 0x55bd,
  0x55bd, 0x55bd, 0x55bd, 0x55bd, 0x55bd, 0x55bd, 0x55bd, 0x55bd, 0x55bd, 0x55bd, 0x55bd, 0x55bd,
  0x55bd, 0x55bd, 0x55bd, 0x7dfd, 0xefbf, 0xffff, 0xffff, 0xffff, 0xffff, 0xffff, 0xffff, 0xffdf,
  0xf7bf, 0xffff, 0xffff, 0xffff, 0xffff, 0xffff, 0xe77f, 0x5dbd, 0x559d, 0x559d, 0x55bd, 0x559d,
  0x55bd, 0x55bd, 0x55bd, 0x55bd, 0x55bd, 0x55bd, 0x55bd, 0x55bd, 0x55bd, 0x55bd, 0x55bd, 0x55bd,
  0x55bd, 0x55bd, 0x55bd, 0x55bd, 0x55bd, 0x55bd, 0x55bd, 0x55bd, 0x55bd, 0x55bd, 0x55bd, 0x55bd,
  0x55bd, 0x55bd, 0x55bd, 0x55bd, 0x55bd, 0x55bd, 0x55bd, 0x55bd, 0x55bd, 0x55bd, 0x55bd, 0x55bd,
  0x55bd, 0x55bd, 0x55bd, 0x55bd, 0x55bd, 0x55bd, 0x55bd, 0x55bd, 0x55bd, 0x55bd, 0x55bd, 0x55bd,
  0x55bd, 0x55bd, 0x55bd, 0x55bd, 0x55bd, 0x55bd, 0x55bd, 0x55bd, 0x55bd, 0x55bd, 0x55bd, 0x55bd,
  0x55bd, 0x55bd, 0x55bd, 0x55bd, 0x55bd, 0x55bd, 0x55bd, 0x55bd, 0x55bd, 0x55bd, 0x55bd, 0x55bd,
  0x55bd, 0x55bd, 0x55bd, 0x55bd, 0x55bd, 0x55bd, 0x55bd, 0x55bd, 0x55bd, 0x55bd, 0x55bd, 0x55bd,
  0x55bd, 0x55bd, 0x55bd, 0x55bd, 0x55bd, 0x55bd, 0x55bd, 0x55bd, 0x55bd, 0x55bd, 0x55bd, 0x55bd,
  0x55bd, 0x55bd, 0x55bd, 0x55bd, 0x55bd, 0x55bd, 0x55bd, 0x55bd, 0x55bd, 0x55bd, 0x55bd, 0x55bd,
  0x55bd, 0x55bd, 0x55bd, 0x55bd, 0x55bd, 0x55bd, 0x55bd, 0x55bd, 0x55bd, 0x55bd, 0x55bd, 0x55bd,
  0x55bd, 0x55bd, 0x55bd, 0x55bd, 0x55bd, 0x55bd, 0x55bd, 0x55bd, 0x55bd, 0x55bd, 0x55bd, 0x55bd,
  0x55bd, 0x55bd, 0x55bd, 0x55bd, 0x55bd, 0x55bd, 0x55bd, 0x55bd, 0x55bd, 0x55bd, 0x55bd, 0x55bd,
  0x55bd, 0x55bd, 0x55bd, 0x55bd, 0x55bd, 0x55bd, 0x55bd, 0x55bd, 0x55bd, 0x55bd, 0x55bd, 0x55bd,
  0x55bd, 0x55bd, 0x55bd, 0x55bd, 0x55bd, 0x55bd, 0x55bd, 0x55bd, 0x55bd, 0x55bd, 0x55bd, 0x55bd,
  0x55bd, 0x55bd, 0x55bd, 0x55bd, 0x55bd, 0x55bd, 0x55bd, 0x55bd, 0x55bd, 0x55bd, 0x55bd, 0x55bd,
  0x55bd, 0x55bd, 0x55bd, 0x55bd, 0x55bd, 0x55bd, 0x55bd, 0x55bd, 0x55bd, 0x55bd, 0x55bd, 0x55bd,
  0x55bd, 0x55bd, 0x55bd, 0x55bd, 0x55bd, 0x55bd, 0x55bd, 0x55bd, 0x55bd, 0x55bd, 0x55bd, 0x55bd,
  0x55bd, 0x55bd, 0x55bd, 0x55bd, 0x55bd, 0x55bd, 0x55bd, 0x55bd, 0x55bd, 0x55bd, 0x55bd, 0x55bd,
  0x55bd, 0x55bd, 0x55bd, 0x55bd, 0x55bd, 0x55bd, 0x55bd, 0x55bd, 0x55bd, 0x55bd, 0x55bd, 0x55bd,
  0x55bd, 0x55bd, 0x55bd, 0x55bd, 0x55bd, 0x55bd, 0x55bd, 0x55bd, 0x55bd, 0x55bd, 0x55bd, 0x55bd,
  0x55bd, 0x55bd, 0x55bd, 0x55bd, 0x55bd, 0x55bd, 0x55bd, 0x55bd, 0x55bd, 0x55bd, 0x55bd, 0x55bd,
  0x55bd, 0x55bd, 0x55bd, 0x55bd, 0x55bd, 0x55bd, 0x55bd, 0x55bd, 0x55bd, 0x55bd, 0x55bd, 0x55bd,
  0x55bd, 0x55bd, 0x55bd, 0x55bd, 0x55bd, 0x55bd, 0x55bd, 0x55bd, 0x55bd, 0x55bd, 0x55bd, 0x55bd,
  0x55bd, 0x55bd, 0x55bd, 0x55bd, 0x55bd, 0x55bd, 0x55bd, 0x55bd, 0x55bd, 0x55bd, 0x55bd, 0x55bd,
  0x55bd, 0x55bd, 0x55bd, 0x55bd, 0x55bd, 0x55bd, 0x55bd, 0x55bd, 0x5dbd, 0x5dbd, 0x55bd, 0xd75e,
  0xffff, 0xffff, 0xffff, 0xffff, 0xffff, 0xffff, 0xffff, 0xffff, 0xffff, 0xffff, 0xffff, 0xffff,
  0xffff, 0xffff, 0xffdf, 0xb6bd, 0x55bd, 0x559d, 0x559d, 0x559d, 0x55bd, 0x55bd, 0x55bd, 0x55bd,
  0x55bd, 0x55bd, 0x55bd, 0x55bd, 0x55bd, 0x55bd, 0x55bd, 0x55bd, 0x55bd, 0x55bd, 0x55bd, 0x55bd,
  0x55bd, 0x55bd, 0x55bd, 0x55bd, 0x55bd, 0x55bd, 0x55bd, 0x55bd, 0x55bd, 0x55bd, 0x55bd, 0x55bd,
  0x55bd, 0x55bd, 0x55bd, 0x55bd, 0x55bd, 0x55bd, 0x55bd, 0x55bd, 0x55bd, 0x55bd, 0x55bd, 0x55bd,
  0x55bd, 0x55bd, 0x55bd, 0x55bd, 0x55bd, 0x55bd, 0x55bd, 0x55bd, 0x55bd, 0x55bd, 0x55bd, 0x55bd,
  0x55bd, 0x55bd, 0x55bd, 0x55bd, 0x55bd, 0x55bd, 0x55bd, 0x55bd, 0x55bd, 0x55bd, 0x55bd, 0x55bd,
  0x55bd, 0x55bd, 0x55bd, 0x55bd, 0x55bd, 0x55bd, 0x55bd, 0x55bd, 0x55bd, 0x55bd, 0x55bd, 0x55bd,
  0x55bd, 0x55bd, 0x55bd, 0x55bd, 0x55bd, 0x55bd, 0x55bd, 0x55bd, 0x55bd, 0x55bd, 0x55bd, 0x55bd,
  0x55bd, 0x55bd, 0x55bd, 0x55bd, 0x55bd, 0x55bd, 0x55bd, 0x55bd, 0x55bd, 0x55bd, 0x55bd, 0x55bd,
  0x55bd, 0x55bd, 0x55bd, 0x55bd, 0x55bd, 0x55bd, 0x55bd, 0x55bd, 0x55bd, 0x55bd, 0x55bd, 0x55bd,
  0x55bd, 0x55bd, 0x55bd, 0x55bd, 0x55bd, 0x55bd, 0x55bd, 0x55bd, 0x55bd, 0x55bd, 0x55bd, 0x55bd,
  0x55bd, 0x55bd, 0x55bd, 0x55bd, 0x55bd, 0x55bd, 0x55bd, 0x55bd, 0x55bd, 0x55bd, 0x55bd, 0x55bd,
  0x55bd, 0x55bd, 0x55bd, 0x55bd, 0x55bd, 0x55bd, 0x55bd, 0x55bd, 0x55bd, 0x55bd, 0x55bd, 0x55bd,
  0x55bd, 0x55bd, 0x55bd, 0x55bd, 0x55bd, 0x55bd, 0x55bd, 0x55bd, 0x55bd, 0x55bd, 0x55bd, 0x55bd,
  0x55bd, 0x55bd, 0x55bd, 0x55bd, 0x55bd, 0x55bd, 0x55bd, 0x55bd, 0x55bd, 0x55bd, 0x55bd, 0x55bd,
  0x55bd, 0x55bd, 0x55bd, 0x55bd, 0x55bd, 0x55bd, 0x55bd, 0x55bd, 0x55bd, 0x55bd, 0x55bd, 0x55bd,
  0x55bd, 0x55bd, 0x55bd, 0x55bd, 0x55bd, 0x55bd, 0x55bd, 0x55bd, 0x55bd, 0x55bd, 0x55bd, 0x55bd,
  0x55bd, 0x55bd, 0x55bd, 0x55bd, 0x55bd, 0x55bd, 0x55bd, 0x55bd, 0x55bd, 0x55bd, 0x55bd, 0x55bd,
  0x55bd, 0x55bd, 0x55bd, 0x55bd, 0x55bd, 0x55bd, 0x55bd, 0x55bd, 0x55bd, 0x55bd, 0x55bd, 0x55bd,
  0x55bd, 0x55bd, 0x55bd, 0x55bd, 0x55bd, 0x55bd, 0x55bd, 0x55bd, 0x55bd, 0x55bd, 0x55bd, 0x55bd,
  0x55bd, 0x55bd, 0x55bd, 0x55bd, 0x55bd, 0x55bd, 0x55bd, 0x55bd, 0x55bd, 0x55bd, 0x55bd, 0x55bd,
  0x55bd, 0x55bd, 0x55bd, 0x55bd, 0x55bd, 0x55bd, 0x55bd, 0x55bd, 0x55bd, 0x55bd, 0x55bd, 0x55bd,
  0x55bd, 0x55bd, 0x55bd, 0x55bd, 0x55bd, 0x55bd, 0x55bd, 0x55bd, 0x55bd, 0x55bd, 0x55bd, 0x55bd,
  0x55bd, 0x55bd, 0x55bd, 0x55bd, 0x55bd, 0x55bd, 0x55bd, 0x55bd, 0x55bd, 0x55bd, 0x55bd, 0x55bd,
  0x55bd, 0x55bd, 0x55bd, 0x55bd, 0x55bd, 0x55bd, 0x55bd, 0x55bd, 0x55bd, 0x55bd, 0x55bd, 0x55bd,
  0x55bd, 0x55bd, 0x965d, 0xd73e, 0xefbf, 0xf7df, 0xefbf, 0xffdf, 0xffff, 0xffff, 0xffff, 0xffff,
  0xffff, 0xffff, 0xffff, 0xffff, 0xffff, 0xffff, 0xffff, 0xffff, 0xffff, 0xffff, 0xffdf, 0xdf5e,
  0x559c, 0x559d, 0x559d, 0x55bd, 0x55bd, 0x55bd, 0x55bd, 0x55bd, 0x55bd, 0x55bd, 0x55bd, 0x55bd,
  0x55bd, 0x55bd, 0x55bd, 0x55bd, 0x55bd, 0x55bd, 0x55bd, 0x55bd, 0x55bd, 0x55bd, 0x55bd, 0x55bd,
  0x55bd, 0x55bd, 0x55bd, 0x55bd, 0x55bd, 0x55bd, 0x55bd, 0x55bd, 0x55bd, 0x55bd, 0x55bd, 0x55bd,
  0x55bd, 0x55bd, 0x55bd, 0x55bd, 0x55bd, 0x55bd, 0x55bd, 0x55bd, 0x55bd, 0x55bd, 0x55bd, 0x55bd,
  0x55bd, 0x55bd, 0x55bd, 0x55bd, 0x55bd, 0x55bd, 0x55bd, 0x55bd, 0x55bd, 0x55bd, 0x55bd, 0x55bd,
  0x55bd, 0x55bd, 0x55bd, 0x55bd, 0x55bd, 0x55bd, 0x55bd, 0x55bd, 0x55bd, 0x55bd, 0x55bd, 0x55bd,
  0x55bd, 0x55bd, 0x55bd, 0x55bd, 0x55bd, 0x55bd, 0x55bd, 0x55bd, 0x55bd, 0x55bd, 0x55bd, 0x55bd,
  0x55bd, 0x55bd, 0x55bd, 0x55bd, 0x55bd, 0x55bd, 0x55bd, 0x55bd, 0x55bd, 0x55bd, 0x55bd, 0x55bd,
  0x55bd, 0x55bd, 0x55bd, 0x55bd, 0x55bd, 0x55bd, 0x55bd, 0x55bd, 0x55bd, 0x55bd, 0x55bd, 0x55bd,
  0x55bd, 0x55bd, 0x55bd, 0x55bd, 0x55bd, 0x55bd, 0x55bd, 0x55bd, 0x55bd, 0x55bd, 0x55bd, 0x55bd,
  0x55bd, 0x55bd, 0x55bd, 0x55bd, 0x55bd, 0x55bd, 0x55bd, 0x55bd, 0x55bd, 0x55bd, 0x55bd, 0x55bd,
  0x55bd, 0x55bd, 0x55bd, 0x55bd, 0x55bd, 0x55bd, 0x55bd, 0x55bd, 0x55bd, 0x55bd, 0x55bd, 0x55bd,
  0x55bd, 0x55bd, 0x55bd, 0x55bd, 0x55bd, 0x55bd, 0x55bd, 0x55bd, 0x55bd, 0x55bd, 0x55bd, 0x55bd,
  0x55bd, 0x55bd, 0x55bd, 0x55bd, 0x55bd, 0x55bd, 0x55bd, 0x55bd, 0x55bd, 0x55bd, 0x55bd, 0x55bd,
  0x55bd, 0x55bd, 0x55bd, 0x55bd, 0x55bd, 0x55bd, 0x55bd, 0x55bd, 0x55bd, 0x55bd, 0x55bd, 0x55bd,
  0x55bd, 0x55bd, 0x55bd, 0x55bd, 0x55bd, 0x55bd, 0x55bd, 0x55bd, 0x55bd, 0x55bd, 0x55bd, 0x55bd,
  0x55bd, 0x55bd, 0x55bd, 0x55bd, 0x55bd, 0x55bd, 0x55bd, 0x55bd, 0x55bd, 0x55bd, 0x55bd, 0x55bd,
  0x55bd, 0x55bd, 0x55bd, 0x55bd, 0x55bd, 0x55bd, 0x55bd, 0x55bd, 0x55bd, 0x55bd, 0x55bd, 0x55bd,
  0x55bd, 0x55bd, 0x55bd, 0x55bd, 0x55bd, 0x55bd, 0x55bd, 0x55bd, 0x55bd, 0x55bd, 0x55bd, 0x55bd,
  0x55bd, 0x55bd, 0x55bd, 0x55bd, 0x55bd, 0x55bd, 0x55bd, 0x55bd, 0x55bd, 0x55bd, 0x55bd, 0x55bd,
  0x55bd, 0x55bd, 0x55bd, 0x55bd, 0x55bd, 0x55bd, 0x55bd, 0x55bd, 0x55bd, 0x55bd, 0x55bd, 0x55bd,
  0x55bd, 0x55bd, 0x55bd, 0x55bd, 0x55bd, 0x55bd, 0x55bd, 0x55bd, 0x55bd, 0x55bd, 0x55bd, 0x55bd,
  0x55bd, 0x55bd, 0x55bd, 0x55bd, 0x55bd, 0x55bd, 0x55bd, 0x55bd, 0x55bd, 0x55bd, 0x55bd, 0x55bd,
  0x55bd, 0x55bd, 0x55bd, 0x55bd, 0x55bd, 0x55bd, 0x55bd, 0x55bd, 0x55bd, 0x55bd, 0x55bd, 0x55bd,
  0x55bd, 0x55bd, 0x55bd, 0x55bd, 0x55bd, 0x55bd, 0x55bd, 0x55bd, 0x55bd, 0xb6de, 0xffff, 0xffff,
  0xffff, 0xffff, 0xffff, 0xffff, 0xffff, 0xffff, 0xffff, 0xffff, 0xffff, 0xffff, 0xffff, 0xffff,
  0xffff, 0xffff, 0xffff, 0xffff, 0xffff, 0xffff, 0xffff, 0xdf5e, 0x4d7c, 0x559d, 0x55bd, 0x55bd,
  0x55bd, 0x55bd, 0x55bd, 0x55bd, 0x55bd, 0x55bd, 0x55bd, 0x55bd, 0x55bd, 0x55bd, 0x55bd, 0x55bd,
  0x55bd, 0x55bd, 0x55bd, 0x55bd, 0x55bd, 0x55bd, 0x55bd, 0x55bd, 0x55bd, 0x55bd, 0x55bd, 0x55bd,
  0x55bd, 0x55bd, 0x55bd, 0x55bd, 0x55bd, 0x55bd, 0x55bd, 0x55bd, 0x55bd, 0x55bd, 0x55bd, 0x55bd,
  0x55bd, 0x55bd, 0x55bd, 0x55bd, 0x55bd, 0x55bd, 0x55bd, 0x55bd, 0x55bd, 0x55bd, 0x55bd, 0x55bd,
  0x55bd, 0x55bd, 0x55bd, 0x55bd, 0x55bd, 0x55bd, 0x55bd, 0x55bd, 0x55bd, 0x55bd, 0x55bd, 0x55bd,
  0x55bd, 0x55bd, 0x55bd, 0x55bd, 0x55bd, 0x55bd, 0x55bd, 0x55bd, 0x55bd, 0x55bd, 0x55bd, 0x55bd,
  0x55bd, 0x55bd, 0x55bd, 0x55bd, 0x55bd, 0x55bd, 0x55bd, 0x55bd, 0x55bd, 0x55bd, 0x55bd, 0x55bd,
  0x55bd, 0x55bd, 0x55bd, 0x55bd, 0x55bd, 0x55bd, 0x55bd, 0x55bd, 0x55bd, 0x55bd, 0x55bd, 0x55bd,
  0x55bd, 0x55bd, 0x55bd, 0x55bd, 0x55bd, 0x55bd, 0x55bd, 0x55bd, 0x55bd, 0x55bd, 0x55bd, 0x55bd,
  0x55bd, 0x55bd, 0x55bd, 0x55bd, 0x55bd, 0x55bd, 0x55bd, 0x55bd, 0x55bd, 0x55bd, 0x55bd, 0x55bd,
  0x55bd, 0x55bd, 0x55bd, 0x55bd, 0x55bd, 0x55bd, 0x55bd, 0x55bd, 0x55bd, 0x55bd, 0x55bd, 0x55bd,
  0x55bd, 0x55bd, 0x55bd, 0x55bd, 0x55bd, 0x55bd, 0x55bd, 0x55bd, 0x55bd, 0x55bd, 0x55bd, 0x55bd,
  0x55bd, 0x55bd, 0x55bd, 0x55bd, 0x55bd, 0x55bd, 0x55bd, 0x55bd, 0x55bd, 0x55bd, 0x55bd, 0x55bd,
  0x55bd, 0x55bd, 0x55bd, 0x55bd, 0x55bd, 0x55bd, 0x55bd, 0x55bd, 0x55bd, 0x55bd, 0x55bd, 0x55bd,
  0x55bd, 0x55bd, 0x55bd, 0x55bd, 0x55bd, 0x55bd, 0x55bd, 0x55bd, 0x55bd, 0x55bd, 0x55bd, 0x55bd,
  0x55bd, 0x55bd, 0x55bd, 0x55bd, 0x55bd, 0x55bd, 0x55bd, 0x55bd, 0x55bd, 0x55bd, 0x55bd, 0x55bd,
  0x55bd, 0x55bd, 0x55bd, 0x55bd, 0x55bd, 0x55bd, 0x55bd, 0x55bd, 0x55bd, 0x55bd, 0x55bd, 0x55bd,
  0x55bd, 0x55bd, 0x55bd, 0x55bd, 0x55bd, 0x55bd, 0x55bd, 0x55bd, 0x55bd, 0x55bd, 0x55bd, 0x55bd,
  0x55bd, 0x55bd, 0x55bd, 0x55bd, 0x55bd, 0x55bd, 0x55bd, 0x55bd, 0x55bd, 0x55bd, 0x55bd, 0x55bd,
  0x55bd, 0x55bd, 0x55bd, 0x55bd, 0x55bd, 0x55bd, 0x55bd, 0x55bd, 0x55bd, 0x55bd, 0x55bd, 0x55bd,
  0x55bd, 0x55bd, 0x55bd, 0x55bd, 0x55bd, 0x55bd, 0x55bd, 0x55bd, 0x55bd, 0x55bd, 0x55bd, 0x55bd,
  0x55bd, 0x55bd, 0x55bd, 0x55bd, 0x55bd, 0x55bd, 0x55bd, 0x55bd, 0x55bd, 0x55bd, 0x55bd, 0x55bd,
  0x55bd, 0x55bd, 0x55bd, 0x55bd, 0x55bd, 0x55bd, 0x55bd, 0x55bd, 0x55bd, 0x55bd, 0x55bd, 0x55bd,
  0x55bd, 0x55bd, 0x55bd, 0x55bd, 0x55bd, 0x55bd, 0x55bd, 0x55bd, 0x55bd, 0x55bd, 0x55bd, 0x55bd,
  0x55bd, 0x55bd, 0x55bd, 0x55bd, 0x75fd, 0xffdf, 0xffff, 0xffff, 0xffff, 0xffff, 0xffff, 0xffff,
  0xffff, 0xffff, 0xffff, 0xffff, 0xffff, 0xffff, 0xffff, 0xffff, 0xffff, 0xffff, 0xffff, 0xffff,
  0xffff, 0xffff, 0xffff, 0xe77e, 0xbede, 0x9e7d, 0x5dbd, 0x559d, 0x55bd, 0x55bd, 0x55bd, 0x55bd,
  0x55bd, 0x55bd, 0x55bd, 0x55bd, 0x55bd, 0x55bd, 0x55bd, 0x55bd, 0x55bd, 0x55bd, 0x55bd, 0x55bd,
  0x55bd, 0x55bd, 0x55bd, 0x55bd, 0x55bd, 0x55bd, 0x55bd, 0x55bd, 0x55bd, 0x55bd, 0x55bd, 0x55bd,
  0x55bd, 0x55bd, 0x55bd, 0x55bd, 0x55bd, 0x55bd, 0x55bd, 0x55bd, 0x55bd, 0x55bd, 0x55bd, 0x55bd,
  0x55bd, 0x55bd, 0x55bd, 0x55bd, 0x55bd, 0x55bd, 0x55bd, 0x55bd, 0x55bd, 0x55bd, 0x55bd, 0x55bd,
  0x55bd, 0x55bd, 0x55bd, 0x55bd, 0x55bd, 0x55bd, 0x55bd, 0x55bd, 0x55bd, 0x55bd, 0x55bd, 0x55bd,
  0x55bd, 0x55bd, 0x55bd, 0x55bd, 0x55bd, 0x55bd, 0x55bd, 0x55bd, 0x55bd, 0x55bd, 0x55bd, 0x55bd,
  0x55bd, 0x55bd, 0x55bd, 0x55bd, 0x55bd, 0x55bd, 0x55bd, 0x55bd, 0x55bd, 0x55bd, 0x55bd, 0x55bd,
  0x55bd, 0x55bd, 0x55bd, 0x55bd, 0x55bd, 0x55bd, 0x55bd, 0x55bd, 0x55bd, 0x55bd, 0x55bd, 0x55bd,
  0x55bd, 0x55bd, 0x55bd, 0x55bd, 0x55bd, 0x55bd, 0x55bd, 0x55bd, 0x55bd, 0x55bd, 0x55bd, 0x55bd,
  0x55bd, 0x55bd, 0x55bd, 0x55bd, 0x55bd, 0x55bd, 0x55bd, 0x55bd, 0x55bd, 0x55bd, 0x55bd, 0x55bd,
  0x55bd, 0x55bd, 0x55bd, 0x55bd, 0x55bd, 0x55bd, 0x55bd, 0x55bd, 0x55bd, 0x55bd, 0x55bd, 0x55bd,
  0x55bd, 0x55bd, 0x55bd, 0x55bd, 0x55bd, 0x55bd, 0x55bd, 0x55bd, 0x55bd, 0x55bd, 0x55bd, 0x55bd,
  0x55bd, 0x55bd, 0x55bd, 0x55bd, 0x55bd, 0x55bd, 0x55bd, 0x55bd, 0x55bd, 0x55bd, 0x55bd, 0x55bd,
  0x55bd, 0x55bd, 0x55bd, 0x55bd, 0x55bd, 0x55bd, 0x55bd, 0x55bd, 0x55bd, 0x55bd, 0x55bd, 0x55bd,
  0x55bd, 0x55bd, 0x55bd, 0x55bd, 0x55bd, 0x55bd, 0x55bd, 0x55bd, 0x55bd, 0x55bd, 0x55bd, 0x55bd,
  0x55bd, 0x55bd, 0x55bd, 0x55bd, 0x55bd, 0x55bd, 0x55bd, 0x55bd, 0x55bd, 0x55bd, 0x55bd, 0x55bd,
  0x55bd, 0x55bd, 0x55bd, 0x55bd, 0x55bd, 0x55bd, 0x55bd, 0x55bd, 0x55bd, 0x55bd, 0x55bd, 0x55bd,
  0x55bd, 0x55bd, 0x55bd, 0x55bd, 0x55bd, 0x55bd, 0x55bd, 0x55bd, 0x55bd, 0x55bd, 0x55bd, 0x55bd,
  0x55bd, 0x55bd, 0x55bd, 0x55bd, 0x55bd, 0x55bd, 0x55bd, 0x55bd, 0x55bd, 0x55bd, 0x55bd, 0x55bd,
  0x55bd, 0x55bd, 0x55bd, 0x55bd, 0x55bd, 0x55bd, 0x55bd, 0x55bd, 0x55bd, 0x55bd, 0x55bd, 0x55bd,
  0x55bd, 0x55bd, 0x55bd, 0x55bd, 0x55bd, 0x55bd, 0x55bd, 0x55bd, 0x55bd, 0x55bd, 0x55bd, 0x55bd,
  0x55bd, 0x55bd, 0x55bd, 0x55bd, 0x55bd, 0x55bd, 0x55bd, 0x55bd, 0x55bd, 0x55bd, 0x55bd, 0x55bd,
  0x55bd, 0x55bd, 0x55bd, 0x55bd, 0x55bd, 0x55bd, 0x55bd, 0x55bd, 0x55bd, 0x55bd, 0x55bd, 0x55bd,
  0x55bd, 0x55bd, 0x55bd, 0x55bd, 0x55bd, 0x55bd, 0x55bd, 0x55bd, 0x55bd, 0x55bd, 0x55bd, 0x55bd,
  0x9e7d, 0xffff, 0xffff, 0xffff, 0xffff, 0xffff, 0xffff, 0xffff, 0xffff, 0xffff, 0xffff, 0xffff,
  0xffff, 0xffff, 0xffff, 0xffff, 0xffff, 0xffff, 0xffff, 0xffff, 0xffff, 0xffff, 0xffff, 0xffff,
  0xffff, 0xffff, 0xef9e, 0x8e3d, 0x55bd, 0x55bd, 0x55bd, 0x55bd, 0x55bd, 0x55bd, 0x55bd, 0x55bd,
  0x55bd, 0x55bd, 0x55bd, 0x55bd, 0x55bd, 0x55bd, 0x55bd, 0x55bd, 0x55bd, 0x55bd, 0x55bd, 0x55bd,
  0x55bd, 0x55bd, 0x55bd, 0x55bd, 0x55bd, 0x55bd, 0x55bd, 0x55bd, 0x55bd, 0x55bd, 0x55bd, 0x55bd,
  0x55bd, 0x55bd, 0x55bd, 0x55bd, 0x55bd, 0x55bd, 0x55bd, 0x55bd, 0x55bd, 0x55bd, 0x55bd, 0x55bd,
  0x55bd, 0x55bd, 0x55bd, 0x55bd, 0x55bd, 0x55bd, 0x55bd, 0x55bd, 0x55bd, 0x55bd, 0x55bd, 0x55bd,
  0x55bd, 0x55bd, 0x55bd, 0x55bd, 0x55bd, 0x55bd, 0x55bd, 0x55bd, 0x55bd, 0x55bd, 0x55bd, 0x55bd,
  0x55bd, 0x55bd, 0x55bd, 0x55bd, 0x55bd, 0x55bd, 0x55bd, 0x55bd, 0x55bd, 0x55bd, 0x55bd, 0x55bd,
  0x55bd, 0x55bd, 0x55bd, 0x55bd, 0x55bd, 0x55bd, 0x55bd, 0x55bd, 0x55bd, 0x55bd, 0x55bd, 0x55bd,
  0x55bd, 0x55bd, 0x55bd, 0x55bd, 0x55bd, 0x55bd, 0x55bd, 0x55bd, 0x55bd, 0x55bd, 0x55bd, 0x55bd,
  0x55bd, 0x55bd, 0x55bd, 0x55bd, 0x55bd, 0x55bd, 0x55bd, 0x55bd, 0x55bd, 0x55bd, 0x55bd, 0x55bd,
  0x55bd, 0x55bd, 0x55bd, 0x55bd, 0x55bd, 0x55bd, 0x55bd, 0x55bd, 0x55bd, 0x55bd, 0x55bd, 0x55bd,
  0x55bd, 0x55bd, 0x55bd, 0x55bd, 0x55bd, 0x55bd, 0x55bd, 0x55bd, 0x55bd, 0x55bd, 0x55bd, 0x55bd,
  0x55bd, 0x55bd, 0x55bd, 0x55bd, 0x55bd, 0x55bd, 0x55bd, 0x55bd, 0x55bd, 0x55bd, 0x55bd, 0x55bd,
  0x55bd, 0x55bd, 0x55bd, 0x55bd, 0x55bd, 0x55bd, 0x55bd, 0x55bd, 0x55bd, 0x55bd, 0x55bd, 0x55bd,
  0x55bd, 0x55bd, 0x55bd, 0x55bd, 0x55bd, 0x55bd, 0x55bd, 0x55bd, 0x55bd, 0x55bd, 0x55bd, 0x55bd,
  0x55bd, 0x55bd, 0x55bd, 0x55bd, 0x55bd, 0x55bd, 0x55bd, 0x55bd, 0x55bd, 0x55bd, 0x55bd, 0x55bd,
  0x55bd, 0x55bd, 0x55bd, 0x55bd, 0x55bd, 0x55bd, 0x55bd, 0x55bd, 0x55bd, 0x55bd, 0x55bd, 0x55bd,
  0x55bd, 0x55bd, 0x55bd, 0x55bd, 0x55bd, 0x55bd, 0x55bd, 0x55bd, 0x55bd, 0x55bd, 0x55bd, 0x55bd,
  0x55bd, 0x55bd, 0x55bd, 0x55bd, 0x55bd, 0x55bd, 0x55bd, 0x55bd, 0x55bd, 0x55bd, 0x55bd, 0x55bd,
  0x55bd, 0x55bd, 0x55bd, 0x55bd, 0x55bd, 0x55bd, 0x55bd, 0x55bd, 0x55bd, 0x55bd, 0x55bd, 0x55bd,
  0x55bd, 0x55bd, 0x55bd, 0x55bd, 0x55bd, 0x55bd, 0x55bd, 0x55bd, 0x55bd, 0x55bd, 0x55bd, 0x55bd,
  0x55bd, 0x55bd, 0x55bd, 0x55bd, 0x55bd, 0x55bd, 0x55bd, 0x55bd, 0x55bd, 0x55bd, 0x55bd, 0x55bd,
  0x55bd, 0x55bd, 0x55bd, 0x55bd, 0x55bd, 0x55bd, 0x55bd, 0x55bd, 0x55bd, 0x55bd, 0x55bd, 0x55bd,
  0x55bd, 0x55bd, 0x55bd, 0x55bd, 0x55bd, 0x55bd, 0x55bd, 0x55bd, 0x55bd, 0x55bd, 0x55bd, 0x55bd,
  0x55bd, 0x55bd, 0x55bd, 0x55bd, 0x55bd, 0x55bd, 0x55bd, 0x55bd, 0x75fd, 0xffdf, 0xffff, 0xffff,
  0xffff, 0xffff, 0xffff, 0xffff, 0xffff, 0xffff, 0xffff, 0xffff, 0xffff, 0xffff, 0xffff, 0xffff,
  0xffff, 0xffff, 0xffff, 0xffff, 0xffff, 0xffff, 0xffff, 0xffff, 0xffff, 0xffff, 0xffff, 0xf7df,
  0x7e1d, 0x55bd, 0x55bd, 0x55bd, 0x55bd, 0x55bd, 0x55bd, 0x55bd, 0x55bd, 0x55bd, 0x55bd, 0x55bd,
  0x55bd, 0x55bd, 0x55bd, 0x55bd, 0x55bd, 0x55bd, 0x55bd, 0x55bd, 0x55bd, 0x55bd, 0x55bd, 0x55bd,
  0x55bd, 0x55bd, 0x55bd, 0x55bd, 0x55bd, 0x55bd, 0x55bd, 0x55bd, 0x55bd, 0x55bd, 0x55bd, 0x55bd,
  0x55bd, 0x55bd, 0x55bd, 0x55bd, 0x55bd, 0x55bd, 0x55bd, 0x55bd, 0x55bd, 0x55bd, 0x55bd, 0x55bd,
  0x55bd, 0x55bd, 0x55bd, 0x55bd, 0x55bd, 0x55bd, 0x55bd, 0x55bd, 0x55bd, 0x55bd, 0x55bd, 0x55bd,
  0x55bd, 0x55bd, 0x55bd, 0x55bd, 0x55bd, 0x55bd, 0x55bd, 0x55bd, 0x55bd, 0x55bd, 0x55bd, 0x55bd,
  0x55bd, 0x55bd, 0x55bd, 0x55bd, 0x55bd, 0x55bd, 0x55bd, 0x55bd, 0x55bd, 0x55bd, 0x55bd, 0x55bd,
  0x55bd, 0x55bd, 0x55bd, 0x55bd, 0x55bd, 0x55bd, 0x55bd, 0x55bd, 0x55bd, 0x55bd, 0x55bd, 0x55bd,
  0x55bd, 0x55bd, 0x55bd, 0x55bd, 0x55bd, 0x55bd, 0x55bd, 0x55bd, 0x55bd, 0x55bd, 0x55bd, 0x55bd,
  0x55bd, 0x55bd, 0x55bd, 0x55bd, 0x55bd, 0x55bd, 0x55bd, 0x55bd, 0x55bd, 0x55bd, 0x55bd, 0x55bd,
  0x55bd, 0x55bd, 0x55bd, 0x55bd, 0x55bd, 0x55bd, 0x55bd, 0x55bd, 0x55bd, 0x55bd, 0x55bd, 0x55bd,
  0x55bd, 0x55bd, 0x55bd, 0x55bd, 0x55bd, 0x55bd, 0x55bd, 0x55bd, 0x55bd, 0x55bd, 0x55bd, 0x55bd,
  0x55bd, 0x55bd, 0x55bd, 0x55bd, 0x55bd, 0x55bd, 0x55bd, 0x55bd, 0x55bd, 0x55bd, 0x55bd, 0x55bd,
  0x55bd, 0x55bd, 0x55bd, 0x55bd, 0x55bd, 0x55bd, 0x55bd, 0x55bd, 0x55bd, 0x55bd, 0x55bd, 0x55bd,
  0x55bd, 0x55bd, 0x55bd, 0x55bd, 0x55bd, 0x55bd, 0x55bd, 0x55bd, 0x55bd, 0x55bd, 0x55bd, 0x55bd,
  0x55bd, 0x55bd, 0x55bd, 0x55bd, 0x55bd, 0x55bd, 0x55bd, 0x55bd, 0x55bd, 0x55bd, 0x55bd, 0x55bd,
  0x55bd, 0x55bd, 0x55bd, 0x55bd, 0x55bd, 0x55bd, 0x55bd, 0x55bd, 0x55bd, 0x55bd, 0x55bd, 0x55bd,
  0x55bd, 0x55bd, 0x55bd, 0x55bd, 0x55bd, 0x55bd, 0x55bd, 0x55bd, 0x55bd, 0x55bd, 0x55bd, 0x55bd,
  0x55bd, 0x55bd, 0x55bd, 0x55bd, 0x55bd, 0x55bd, 0x55bd, 0x55bd, 0x55bd, 0x55bd, 0x55bd, 0x55bd,
  0x55bd, 0x55bd, 0x55bd, 0x55bd, 0x55bd, 0x55bd, 0x55bd, 0x55bd, 0x55bd, 0x55bd, 0x55bd, 0x55bd,
  0x55bd, 0x55bd, 0x55bd, 0x55bd, 0x55bd, 0x55bd, 0x55bd, 0x55bd, 0x55bd, 0x55bd, 0x55bd, 0x55bd,
  0x55bd, 0x55bd, 0x55bd, 0x55bd, 0x55bd, 0x55bd, 0x55bd, 0x55bd, 0x55bd, 0x55bd, 0x55bd, 0x55bd,
  0x55bd, 0x55bd, 0x55bd, 0x55bd, 0x55bd, 0x55bd, 0x55bd, 0x55bd, 0x55bd, 0x55bd, 0x55bd, 0x55bd,
  0x55bd, 0x55bd, 0x55bd, 0x55bd, 0x55bd, 0x55bd, 0x55bd, 0x55bd, 0x55bd, 0x55bd, 0x55bd, 0x55bd,
  0x55bd, 0x55bd, 0x55bd, 0x55bd, 0x55bd, 0xae9d, 0xf7df, 0xffff, 0xffff, 0xffff, 0xffff, 0xffff,
  0xffff, 0xffff, 0xffff, 0xffff, 0xffff, 0xffff, 0xffff, 0xffff, 0xffff, 0xffff, 0xffff, 0xffff,
  0xffff, 0xffff, 0xffff, 0xffff, 0xffff, 0xffff, 0xffff, 0xffff, 0xbefe, 0x55bd, 0x55bd, 0x55bd,
  0x55bd, 0x55bd, 0x55bd, 0x55bd, 0x55bd, 0x55bd, 0x55bd, 0x55bd, 0x55bd, 0x55bd, 0x55bd, 0x55bd,
  0x55bd, 0x55bd, 0x55bd, 0x55bd, 0x55bd, 0x55bd, 0x55bd, 0x55bd, 0x55bd, 0x55bd, 0x55bd, 0x55bd,
  0x55bd, 0x55bd, 0x55bd, 0x55bd, 0x55bd, 0x55bd, 0x55bd, 0x55bd, 0x55bd, 0x55bd, 0x55bd, 0x55bd,
  0x55bd, 0x55bd, 0x55bd, 0x55bd, 0x55bd, 0x55bd, 0x55bd, 0x55bd, 0x55bd, 0x55bd, 0x55bd, 0x55bd,
  0x55bd, 0x55bd, 0x55bd, 0x55bd, 0x55bd, 0x55bd, 0x55bd, 0x55bd, 0x55bd, 0x55bd, 0x55bd, 0x55bd,
  0x55bd, 0x55bd, 0x55bd, 0x55bd, 0x55bd, 0x55bd, 0x55bd, 0x55bd, 0x55bd, 0x55bd, 0x55bd, 0x55bd,
  0x55bd, 0x55bd, 0x55bd, 0x55bd, 0x55bd, 0x55bd, 0x55bd, 0x55bd, 0x55bd, 0x55bd, 0x55bd, 0x55bd,
  0x55bd, 0x55bd, 0x55bd, 0x55bd, 0x55bd, 0x55bd, 0x55bd, 0x55bd, 0x55bd, 0x55bd, 0x55bd, 0x55bd,
  0x55bd, 0x55bd, 0x55bd, 0x55bd, 0x55bd, 0x55bd, 0x55bd, 0x55bd, 0x55bd, 0x55bd, 0x55bd, 0x55bd,
  0x55bd, 0x55bd, 0x55bd, 0x55bd, 0x55bd, 0x55bd, 0x55bd, 0x55bd, 0x55bd, 0x55bd, 0x55bd, 0x55bd,
  0x55bd, 0x55bd, 0x55bd, 0x55bd, 0x55bd, 0x55bd, 0x55bd, 0x55bd, 0x55bd, 0x55bd, 0x55bd, 0x55bd,
  0x55bd, 0x55bd, 0x55bd, 0x55bd, 0x55bd, 0x55bd, 0x55bd, 0x55bd, 0x55bd, 0x55bd, 0x55bd, 0x55bd,
  0x55bd, 0x55bd, 0x55bd, 0x55bd, 0x55bd, 0x55bd, 0x55bd, 0x55bd, 0x55bd, 0x55bd, 0x55bd, 0x55bd,
  0x55bd, 0x55bd, 0x55bd, 0x55bd, 0x55bd, 0x55bd, 0x55bd, 0x55bd, 0x55bd, 0x55bd, 0x55bd, 0x55bd,
  0x55bd, 0x55bd, 0x55bd, 0x55bd, 0x55bd, 0x55bd, 0x55bd, 0x55bd, 0x55bd, 0x55bd, 0x55bd, 0x55bd,
  0x55bd, 0x55bd, 0x55bd, 0x55bd, 0x55bd, 0x55bd, 0x55bd, 0x55bd, 0x55bd, 0x55bd, 0x55bd, 0x55bd,
  0x55bd, 0x55bd, 0x55bd, 0x55bd, 0x55bd, 0x55bd, 0x55bd, 0x55bd, 0x55bd, 0x55bd, 0x55bd, 0x55bd,
  0x55bd, 0x55bd, 0x55bd, 0x55bd, 0x55bd, 0x55bd, 0x55bd, 0x55bd, 0x55bd, 0x55bd, 0x55bd, 0x55bd,
  0x55bd, 0x55bd, 0x55bd, 0x55bd, 0x55bd, 0x55bd, 0x55bd, 0x55bd, 0x55bd, 0x55bd, 0x55bd, 0x55bd,
  0x55bd, 0x55bd, 0x55bd, 0x55bd, 0x55bd, 0x55bd, 0x55bd, 0x55bd, 0x55bd, 0x55bd, 0x55bd, 0x55bd,
  0x55bd, 0x55bd, 0x55bd, 0x55bd, 0x55bd, 0x55bd, 0x55bd, 0x55bd, 0x55bd, 0x55bd, 0x55bd, 0x55bd,
  0x55bd, 0x55bd, 0x55bd, 0x55bd, 0x55bd, 0x55bd, 0x55bd, 0x55bd, 0x55bd, 0x55bd, 0x55bd, 0x55bd,
  0x55bd, 0x55bd, 0x55bd, 0x55bd, 0x55bd, 0x55bd, 0x55bd, 0x55bd, 0x55bd, 0x55bd, 0x55bd, 0x55bd,
  0x55bd, 0x55bd, 0x55bd, 0x55bd, 0x55bd, 0x55bd, 0x55bd, 0x55bd, 0x55bd, 0x55bd, 0x55bd, 0x55bd,
  0x55bd, 0x55bd, 0x6ddd, 0xa69d, 0xc71e, 0xffff, 0xffff, 0xffff, 0xffff, 0xffff, 0xffff, 0xffff,
  0xffff, 0xffff, 0xffff, 0xffff, 0xffff, 0xffff, 0xffff, 0xffff, 0xffff, 0xffff, 0xffff, 0xffff,
  0xffff, 0xffff, 0xffff, 0xffff, 0xcf3e, 0x55bd, 0x55bd, 0x55bd, 0x55bd, 0x55bd, 0x55bd, 0x55bd,
  0x55bd, 0x55bd, 0x55bd, 0x55bd, 0x55bd, 0x55bd, 0x55bd, 0x55bd, 0x55bd, 0x55bd, 0x55bd, 0x55bd,
  0x55bd, 0x55bd, 0x55bd, 0x55bd, 0x55bd, 0x55bd, 0x55bd, 0x55bd, 0x55bd, 0x55bd, 0x55bd, 0x55bd,
  0x55bd, 0x55bd, 0x55bd, 0x55bd, 0x55bd, 0x55bd, 0x55bd, 0x55bd, 0x55bd, 0x55bd, 0x55bd, 0x55bd,
  0x55bd, 0x55bd, 0x55bd, 0x55bd, 0x55bd, 0x55bd, 0x55bd, 0x55bd, 0x55bd, 0x55bd, 0x55bd, 0x55bd,
  0x55bd, 0x55bd, 0x55bd, 0x55bd, 0x55bd, 0x55bd, 0x55bd, 0x55bd, 0x55bd, 0x55bd, 0x55bd, 0x55bd,
  0x55bd, 0x55bd, 0x55bd, 0x55bd, 0x55bd, 0x55bd, 0x55bd, 0x55bd, 0x55bd, 0x55bd, 0x55bd, 0x55bd,
  0x55bd, 0x55bd, 0x55bd, 0x55bd, 0x55bd, 0x55bd, 0x55bd, 0x55bd, 0x55bd, 0x55bd, 0x55bd, 0x55bd,
  0x55bd, 0x55bd, 0x55bd, 0x55bd, 0x55bd, 0x55bd, 0x55bd, 0x55bd, 0x55bd, 0x55bd, 0x55bd, 0x55bd,
  0x55bd, 0x55bd, 0x55bd, 0x55bd, 0x55bd, 0x55bd, 0x55bd, 0x55bd, 0x55bd, 0x55bd, 0x55bd, 0x55bd,
  0x55bd, 0x55bd, 0x55bd, 0x55bd, 0x55bd, 0x55bd, 0x55bd, 0x55bd, 0x55bd, 0x55bd, 0x55bd, 0x55bd,
  0x55bd, 0x55bd, 0x55bd, 0x55bd, 0x55bd, 0x55bd, 0x55bd, 0x55bd, 0x55bd, 0x55bd, 0x55bd, 0x55bd,
  0x55bd, 0x55bd, 0x55bd, 0x55bd, 0x55bd, 0x55bd, 0x55bd, 0x55bd, 0x55bd, 0x55bd, 0x55bd, 0x55bd,
  0x55bd, 0x55bd, 0x55bd, 0x55bd, 0x55bd, 0x55bd, 0x55bd, 0x55bd, 0x55bd, 0x55bd, 0x55bd, 0x55bd,
  0x55bd, 0x55bd, 0x55bd, 0x55bd, 0x55bd, 0x55bd, 0x55bd, 0x55bd, 0x55bd, 0x55bd, 0x55bd, 0x55bd,
  0x55bd, 0x55bd, 0x55bd, 0x55bd, 0x55bd, 0x55bd, 0x55bd, 0x55bd, 0x55bd, 0x55bd, 0x55bd, 0x55bd,
  0x55bd, 0x55bd, 0x55bd, 0x55bd, 0x55bd, 0x55bd, 0x55bd, 0x55bd, 0x55bd, 0x55bd, 0x55bd, 0x55bd,
  0x55bd, 0x55bd, 0x55bd, 0x55bd, 0x55bd, 0x55bd, 0x55bd, 0x55bd, 0x55bd, 0x55bd, 0x55bd, 0x55bd,
  0x55bd, 0x55bd, 0x55bd, 0x55bd, 0x55bd, 0x55bd, 0x55bd, 0x55bd, 0x55bd, 0x55bd, 0x55bd, 0x55bd,
  0x55bd, 0x55bd, 0x55bd, 0x55bd, 0x55bd, 0x55bd, 0x55bd, 0x55bd, 0x55bd, 0x55bd, 0x55bd, 0x55bd,
  0x55bd, 0x55bd, 0x55bd, 0x55bd, 0x55bd, 0x55bd, 0x55bd, 0x55bd, 0x55bd, 0x55bd, 0x55bd, 0x55bd,
  0x55bd, 0x55bd, 0x55bd, 0x55bd, 0x55bd, 0x55bd, 0x55bd, 0x55bd, 0x55bd, 0x55bd, 0x55bd, 0x55bd,
  0x55bd, 0x55bd, 0x55bd, 0x55bd, 0x55bd, 0x55bd, 0x55bd, 0x55bd, 0x55bd, 0x55bd, 0x55bd, 0x55bd,
  0x55bd, 0x55bd, 0x55bd, 0x55bd, 0x55bd, 0x55bd, 0x55bd, 0x55bd, 0x55bd, 0x55bd, 0x55bd, 0x55bd,
  0x55bd, 0x55bd, 0x55bd, 0x55bd, 0x55bd, 0x55bd, 0x55bd, 0x55bd, 0x55bd, 0x55bd, 0x55bd, 0x55bd,
  0x65fd, 0xf7df, 0xffff, 0xffff, 0xffff, 0xffff, 0xffff, 0xffff, 0xffff, 0xffff, 0xffff, 0xffff,
  0xffff, 0xffff, 0xffff, 0xffff, 0xffff, 0xffff, 0xffff, 0xffff, 0xffff, 0xffff, 0xffff, 0xffff,
  0xa67d, 0x559d, 0x55bd, 0x55bd, 0x55bd, 0x55bd, 0x55bd, 0x55bd, 0x55bd, 0x55bd, 0x55bd, 0x55bd,
  0x55bd, 0x55bd, 0x55bd, 0x55bd, 0x55bd, 0x55bd, 0x55bd, 0x55bd, 0x55bd, 0x55bd, 0x55bd, 0x55bd,
  0x55bd, 0x55bd, 0x55bd, 0x55bd, 0x55bd, 0x55bd, 0x55bd, 0x55bd, 0x55bd, 0x55bd, 0x55bd, 0x55bd,
  0x55bd, 0x55bd, 0x55bd, 0x55bd, 0x55bd, 0x55bd, 0x55bd, 0x55bd, 0x55bd, 0x55bd, 0x55bd, 0x55bd,
  0x55bd, 0x55bd, 0x55bd, 0x55bd, 0x55bd, 0x55bd, 0x55bd, 0x55bd, 0x55bd, 0x55bd, 0x55bd, 0x55bd,
  0x55bd, 0x55bd, 0x55bd, 0x55bd, 0x55bd, 0x55bd, 0x55bd, 0x55bd, 0x55bd, 0x55bd, 0x55bd, 0x55bd,
  0x55bd, 0x55bd, 0x55bd, 0x55bd, 0x55bd, 0x55bd, 0x55bd, 0x55bd, 0x55bd, 0x55bd, 0x55bd, 0x55bd,
  0x55bd, 0x55bd, 0x55bd, 0x55bd, 0x55bd, 0x55bd, 0x55bd, 0x55bd, 0x55bd, 0x55bd, 0x55bd, 0x55bd,
  0x55bd, 0x55bd, 0x55bd, 0x55bd, 0x55bd, 0x55bd, 0x55bd, 0x55bd, 0x55bd, 0x55bd, 0x55bd, 0x55bd,
  0x55bd, 0x55bd, 0x55bd, 0x55bd, 0x55bd, 0x55bd, 0x55bd, 0x55bd, 0x55bd, 0x55bd, 0x55bd, 0x55bd,
  0x55bd, 0x55bd, 0x55bd, 0x55bd, 0x55bd, 0x55bd, 0x55bd, 0x55bd, 0x55bd, 0x55bd, 0x55bd, 0x55bd,
  0x55bd, 0x55bd, 0x55bd, 0x55bd, 0x55bd, 0x55bd, 0x55bd, 0x55bd, 0x55bd, 0x55bd, 0x55bd, 0x55bd,
  0x55bd, 0x55bd, 0x55bd, 0x55bd, 0x55bd, 0x55bd, 0x55bd, 0x55bd, 0x55bd, 0x55bd, 0x55bd, 0x55bd,
  0x55bd, 0x55bd, 0x55bd, 0x55bd, 0x55bd, 0x55bd, 0x55bd, 0x55bd, 0x55bd, 0x55bd, 0x55bd, 0x55bd,
  0x55bd, 0x55bd, 0x55bd, 0x55bd, 0x55bd, 0x55bd, 0x55bd, 0x55bd, 0x55bd, 0x55bd, 0x55bd, 0x55bd,
  0x55bd, 0x55bd, 0x55bd, 0x55bd, 0x55bd, 0x55bd, 0x55bd, 0x55bd, 0x55bd, 0x55bd, 0x55bd, 0x55bd,
  0x55bd, 0x55bd, 0x55bd, 0x55bd, 0x55bd, 0x55bd, 0x55bd, 0x55bd, 0x55bd, 0x55bd, 0x55bd, 0x55bd,
  0x55bd, 0x55bd, 0x55bd, 0x55bd, 0x55bd, 0x55bd, 0x55bd, 0x55bd, 0x55bd, 0x55bd, 0x55bd, 0x55bd,
  0x55bd, 0x55bd, 0x55bd, 0x55bd, 0x55bd, 0x55bd, 0x55bd, 0x55bd, 0x55bd, 0x55bd, 0x55bd, 0x55bd,
  0x55bd, 0x55bd, 0x55bd, 0x55bd, 0x55bd, 0x55bd, 0x55bd, 0x55bd, 0x55bd, 0x55bd, 0x55bd, 0x55bd,
  0x55bd, 0x55bd, 0x55bd, 0x55bd, 0x55bd, 0x55bd, 0x55bd, 0x55bd, 0x55bd, 0x55bd, 0x55bd, 0x55bd,
  0x55bd, 0x55bd, 0x55bd, 0x55bd, 0x55bd, 0x55bd, 0x55bd, 0x55bd, 0x55bd, 0x55bd, 0x55bd, 0x55bd,
  0x55bd, 0x55bd, 0x55bd, 0x55bd, 0x55bd, 0x55bd, 0x55bd, 0x55bd, 0x55bd, 0x55bd, 0x55bd, 0x55bd,
  0x55bd, 0x55bd, 0x55bd, 0x55bd, 0x55bd, 0x55bd, 0x55bd, 0x55bd, 0x55bd, 0x55bd, 0x55bd, 0x55bd,
  0x55bd, 0x55bd, 0x55bd, 0x55bd, 0x55bd, 0x55bd, 0x55bd, 0x55bd, 0x55bd, 0xd73e, 0xffff, 0xffff,
  0xffff, 0xffff, 0xffff, 0xffff, 0xffff, 0xffff, 0xffff, 0xffff, 0xffff, 0xffff, 0xffff, 0xffff,
  0xffff, 0xffff, 0xffff, 0xffff, 0xffff, 0xffff, 0xffff, 0xe77e, 0x5dbd, 0x559d, 0x55bd, 0x55bd,
  0x55bd, 0x55bd, 0x55bd, 0x55bd, 0x55bd, 0x55bd, 0x55bd, 0x55bd, 0x55bd, 0x55bd, 0x55bd, 0x55bd,
  0x55bd, 0x55bd, 0x55bd, 0x55bd, 0x55bd, 0x55bd, 0x55bd, 0x55bd, 0x55bd, 0x55bd, 0x55bd, 0x55bd,
  0x55bd, 0x55bd, 0x55bd, 0x55bd, 0x55bd, 0x55bd, 0x55bd, 0x55bd, 0x55bd, 0x55bd, 0x55bd, 0x55bd,
  0x55bd, 0x55bd, 0x55bd, 0x55bd, 0x55bd, 0x55bd, 0x55bd, 0x55bd, 0x55bd, 0x55bd, 0x55bd, 0x55bd,
  0x55bd, 0x55bd, 0x55bd, 0x55bd, 0x55bd, 0x55bd, 0x55bd, 0x55bd, 0x55bd, 0x55bd, 0x55bd, 0x55bd,
  0x55bd, 0x55bd, 0x55bd, 0x55bd, 0x55bd, 0x55bd, 0x55bd, 0x55bd, 0x55bd, 0x55bd, 0x55bd, 0x55bd,
  0x55bd, 0x55bd, 0x55bd, 0x55bd, 0x55bd, 0x55bd, 0x55bd, 0x55bd, 0x55bd, 0x55bd, 0x55bd, 0x55bd,
  0x55bd, 0x55bd, 0x55bd, 0x55bd, 0x55bd, 0x55bd, 0x55bd, 0x55bd, 0x55bd, 0x55bd, 0x55bd, 0x55bd,
  0x55bd, 0x55bd, 0x55bd, 0x55bd, 0x55bd, 0x55bd, 0x55bd, 0x55bd, 0x55bd, 0x55bd, 0x55bd, 0x55bd,
  0x55bd, 0x55bd, 0x55bd, 0x55bd, 0x55bd, 0x55bd, 0x55bd, 0x55bd, 0x55bd, 0x55bd, 0x55bd, 0x55bd,
  0x55bd, 0x55bd, 0x55bd, 0x55bd, 0x55bd, 0x55bd, 0x55bd, 0x55bd, 0x55bd, 0x55bd, 0x55bd, 0x55bd,
  0x55bd, 0x55bd, 0x55bd, 0x55bd, 0x55bd, 0x55bd, 0x55bd, 0x55bd, 0x55bd, 0x55bd, 0x55bd, 0x55bd,
  0x55bd, 0x55bd, 0x55bd, 0x55bd, 0x55bd, 0x55bd, 0x55bd, 0x55bd, 0x55bd, 0x55bd, 0x55bd, 0x55bd,
  0x55bd, 0x55bd, 0x55bd, 0x55bd, 0x55bd, 0x55bd, 0x55bd, 0x55bd, 0x55bd, 0x55bd, 0x55bd, 0x55bd,
  0x55bd, 0x55bd, 0x55bd, 0x55bd, 0x55bd, 0x55bd, 0x55bd, 0x55bd, 0x55bd, 0x55bd, 0x55bd, 0x55bd,
  0x55bd, 0x55bd, 0x55bd, 0x55bd, 0x55bd, 0x55bd, 0x55bd, 0x55bd, 0x55bd, 0x55bd, 0x55bd, 0x55bd,
  0x55bd, 0x55bd, 0x55bd, 0x55bd, 0x55bd, 0x55bd, 0x55bd, 0x55bd, 0x55bd, 0x55bd, 0x55bd, 0x55bd,
  0x55bd, 0x55bd, 0x55bd, 0x55bd, 0x55bd, 0x55bd, 0x55bd, 0x55bd, 0x55bd, 0x55bd, 0x55bd, 0x55bd,
  0x55bd, 0x55bd, 0x55bd, 0x55bd, 0x55bd, 0x55bd, 0x55bd, 0x55bd, 0x55bd, 0x55bd, 0x55bd, 0x55bd,
  0x55bd, 0x55bd, 0x55bd, 0x55bd, 0x55bd, 0x55bd, 0x55bd, 0x55bd, 0x55bd, 0x55bd, 0x55bd, 0x55bd,
  0x55bd, 0x55bd, 0x55bd, 0x55bd, 0x55bd, 0x55bd, 0x55bd, 0x55bd, 0x55bd, 0x55bd, 0x55bd, 0x55bd,
  0x55bd, 0x55bd, 0x55bd, 0x55bd, 0x55bd, 0x55bd, 0x55bd, 0x55bd, 0x55bd, 0x55bd, 0x55bd, 0x55bd,
  0x55bd, 0x55bd, 0x55bd, 0x55bd, 0x55bd, 0x55bd, 0x55bd, 0x55bd, 0x55bd, 0x55bd, 0x55bd, 0x55bd,
  0x55bd, 0x55bd, 0x55bd, 0x55bd, 0x55bd, 0x55bd, 0x55bd, 0x55bd, 0x55bd, 0x55bd, 0x55bd, 0x55bd,
  0x55bd, 0x55bd, 0x55bd, 0x55bd, 0x55bd, 0x6dfd, 0xe77f, 0xffff, 0xffff, 0xffff, 0xffff, 0xffff,
  0xffff, 0xffff, 0xffff, 0xffff, 0xffff, 0xffff, 0xffff, 0xffff, 0xffff, 0xffff, 0xffff, 0xffff,
  0xffff, 0xffff, 0xdf5e, 0x6ddd, 0x559d, 0x559d, 0x55bd, 0x55bd, 0x55bd, 0x55bd, 0x55bd, 0x55bd,
  0x55bd, 0x55bd, 0x55bd, 0x55bd, 0x55bd, 0x55bd, 0x55bd, 0x55bd, 0x55bd, 0x55bd, 0x55bd, 0x55bd,
  0x55bd, 0x55bd, 0x55bd, 0x55bd, 0x55bd, 0x55bd, 0x55bd, 0x55bd, 0x55bd, 0x55bd, 0x55bd, 0x55bd,
  0x55bd, 0x55bd, 0x55bd, 0x55bd, 0x55bd, 0x55bd, 0x55bd, 0x55bd, 0x55bd, 0x55bd, 0x55bd, 0x55bd,
  0x55bd, 0x55bd, 0x55bd, 0x55bd, 0x55bd, 0x55bd, 0x55bd, 0x55bd, 0x55bd, 0x55bd, 0x55bd, 0x55bd,
  0x55bd, 0x55bd, 0x55bd, 0x55bd, 0x55bd, 0x55bd, 0x55bd, 0x55bd, 0x55bd, 0x55bd, 0x55bd, 0x55bd,
  0x55bd, 0x55bd, 0x55bd, 0x55bd, 0x55bd, 0x55bd, 0x55bd, 0x55bd, 0x55bd, 0x55bd, 0x55bd, 0x55bd,
  0x55bd, 0x55bd, 0x55bd, 0x55bd, 0x55bd, 0x55bd, 0x55bd, 0x55bd, 0x55bd, 0x55bd, 0x55bd, 0x55bd,
  0x55bd, 0x55bd, 0x55bd, 0x55bd, 0x55bd, 0x55bd, 0x55bd, 0x55bd, 0x55bd, 0x55bd, 0x55bd, 0x55bd,
  0x55bd, 0x55bd, 0x55bd, 0x55bd, 0x55bd, 0x55bd, 0x55bd, 0x55bd, 0x55bd, 0x55bd, 0x55bd, 0x55bd,
  0x55bd, 0x55bd, 0x55bd, 0x55bd, 0x55bd, 0x55bd, 0x55bd, 0x55bd, 0x55bd, 0x55bd, 0x55bd, 0x55bd,
  0x55bd, 0x55bd, 0x55bd, 0x55bd, 0x55bd, 0x55bd, 0x55bd, 0x55bd, 0x55bd, 0x55bd, 0x55bd, 0x55bd,
  0x55bd, 0x55bd, 0x55bd, 0x55bd, 0x55bd, 0x55bd, 0x55bd, 0x55bd, 0x55bd, 0x55bd, 0x55bd, 0x55bd,
  0x55bd, 0x55bd, 0x55bd, 0x55bd, 0x55bd, 0x55bd, 0x55bd, 0x55bd, 0x55bd, 0x55bd, 0x55bd, 0x55bd,
  0x55bd, 0x55bd, 0x55bd, 0x55bd, 0x55bd, 0x55bd, 0x55bd, 0x55bd, 0x55bd, 0x55bd, 0x55bd, 0x55bd,
  0x55bd, 0x55bd, 0x55bd, 0x55bd, 0x55bd, 0x55bd, 0x55bd, 0x55bd, 0x55bd, 0x55bd, 0x55bd, 0x55bd,
  0x55bd, 0x55bd, 0x55bd, 0x55bd, 0x55bd, 0x55bd, 0x55bd, 0x55bd, 0x55bd, 0x55bd, 0x55bd, 0x55bd,
  0x55bd, 0x55bd, 0x55bd, 0x55bd, 0x55bd, 0x55bd, 0x55bd, 0x55bd, 0x55bd, 0x55bd, 0x55bd, 0x55bd,
  0x55bd, 0x55bd, 0x55bd, 0x55bd, 0x55bd, 0x55bd, 0x55bd, 0x55bd, 0x55bd, 0x55bd, 0x55bd, 0x55bd,
  0x55bd, 0x55bd, 0x55bd, 0x55bd, 0x55bd, 0x55bd, 0x55bd, 0x55bd, 0x55bd, 0x55bd, 0x55bd, 0x55bd,
  0x55bd, 0x55bd, 0x55bd, 0x55bd, 0x55bd, 0x55bd, 0x55bd, 0x55bd, 0x55bd, 0x55bd, 0x55bd, 0x55bd,
  0x55bd, 0x55bd, 0x55bd, 0x55bd, 0x55bd, 0x55bd, 0x55bd, 0x55bd, 0x55bd, 0x55bd, 0x55bd, 0x55bd,
  0x55bd, 0x55bd, 0x55bd, 0x55bd, 0x55bd, 0x55bd, 0x55bd, 0x55bd, 0x55bd, 0x55bd, 0x55bd, 0x55bd,
  0x55bd, 0x55bd, 0x55bd, 0x55bd, 0x55bd, 0x55bd, 0x55bd, 0x55bd, 0x55bd, 0x55bd, 0x55bd, 0x55bd,
  0x55bd, 0x55bd, 0x55bd, 0x55bd, 0x55bd, 0x55bd, 0x55bd, 0x55bd, 0x55bd, 0x55bd, 0x55bd, 0x55bd,
  0x55bd, 0x55bd, 0x65dd, 0xbefe, 0xf7bf, 0xffff, 0xffff, 0xffff, 0xf7df, 0xffff, 0xffff, 0xffff,
  0xffff, 0xffff, 0xffff, 0xffff, 0xdf5e, 0xc6fe, 0xdf5e, 0xdf5e, 0xc6fe, 0x8e3d, 0x559d, 0x559d,
  0x55bd, 0x55bd, 0x55bd, 0x55bd, 0x55bd, 0x55bd, 0x55bd, 0x55bd, 0x55bd, 0x55bd, 0x55bd, 0x55bd,
  0x55bd, 0x55bd, 0x55bd, 0x55bd, 0x55bd, 0x55bd, 0x55bd, 0x55bd, 0x55bd, 0x55bd, 0x55bd, 0x55bd,
  0x55bd, 0x55bd, 0x55bd, 0x55bd, 0x55bd, 0x55bd, 0x55bd, 0x55bd, 0x55bd, 0x55bd, 0x55bd, 0x55bd,
  0x55bd, 0x55bd, 0x55bd, 0x55bd, 0x55bd, 0x55bd, 0x55bd, 0x55bd, 0x55bd, 0x55bd, 0x55bd, 0x55bd,
  0x55bd, 0x55bd, 0x55bd, 0x55bd, 0x55bd, 0x55bd, 0x55bd, 0x55bd, 0x55bd, 0x55bd, 0x55bd, 0x55bd,
  0x55bd, 0x55bd, 0x55bd, 0x55bd, 0x55bd, 0x55bd, 0x55bd, 0x55bd, 0x55bd, 0x55bd, 0x55bd, 0x55bd,
  0x55bd, 0x55bd, 0x55bd, 0x55bd, 0x55bd, 0x55bd, 0x55bd, 0x55bd, 0x55bd, 0x55bd, 0x55bd, 0x55bd,
  0x55bd, 0x55bd, 0x55bd, 0x55bd, 0x55bd, 0x55bd, 0x55bd, 0x55bd, 0x55bd, 0x55bd, 0x55bd, 0x55bd,
  0x55bd, 0x55bd, 0x55bd, 0x55bd, 0x55bd, 0x55bd, 0x55bd, 0x55bd, 0x55bd, 0x55bd, 0x55bd, 0x55bd,
  0x55bd, 0x55bd, 0x55bd, 0x55bd, 0x55bd, 0x55bd, 0x55bd, 0x55bd, 0x55bd, 0x55bd, 0x55bd, 0x55bd,
  0x55bd, 0x55bd, 0x55bd, 0x55bd, 0x55bd, 0x55bd, 0x55bd, 0x55bd, 0x55bd, 0x55bd, 0x55bd, 0x55bd,
  0x55bd, 0x55bd, 0x55bd, 0x55bd, 0x55bd, 0x55bd, 0x55bd, 0x55bd, 0x55bd, 0x55bd, 0x55bd, 0x55bd,
  0x55bd, 0x55bd, 0x55bd, 0x55bd, 0x55bd, 0x55bd, 0x55bd, 0x55bd, 0x55bd, 0x55bd, 0x55bd, 0x55bd,
  0x55bd, 0x55bd, 0x55bd, 0x55bd, 0x55bd, 0x55bd, 0x55bd, 0x55bd, 0x55bd, 0x55bd, 0x55bd, 0x55bd,
  0x55bd, 0x55bd, 0x55bd, 0x55bd, 0x55bd, 0x55bd, 0x55bd, 0x55bd, 0x55bd, 0x55bd, 0x55bd, 0x55bd,
  0x55bd, 0x55bd, 0x55bd, 0x55bd, 0x55bd, 0x55bd, 0x55bd, 0x55bd, 0x55bd, 0x55bd, 0x55bd, 0x55bd,
  0x55bd, 0x55bd, 0x55bd, 0x55bd, 0x55bd, 0x55bd, 0x55bd, 0x55bd, 0x55bd, 0x55bd, 0x55bd, 0x55bd,
  0x55bd, 0x55bd, 0x55bd, 0x55bd, 0x55bd, 0x55bd, 0x55bd, 0x55bd, 0x55bd, 0x55bd, 0x55bd, 0x55bd,
  0x55bd, 0x55bd, 0x55bd, 0x55bd, 0x55bd, 0x55bd, 0x55bd, 0x55bd, 0x55bd, 0x55bd, 0x55bd, 0x55bd,
  0x55bd, 0x55bd, 0x55bd, 0x55bd, 0x55bd, 0x55bd, 0x55bd, 0x55bd, 0x55bd, 0x55bd, 0x55bd, 0x55bd,
  0x55bd, 0x55bd, 0x55bd, 0x55bd, 0x55bd, 0x55bd, 0x55bd, 0x55bd, 0x55bd, 0x55bd, 0x55bd, 0x55bd,
  0x55bd, 0x55bd, 0x55bd, 0x55bd, 0x55bd, 0x55bd, 0x55bd, 0x55bd, 0x55bd, 0x55bd, 0x55bd, 0x55bd,
  0x55bd, 0x55bd, 0x55bd, 0x55bd, 0x55bd, 0x55bd, 0x55bd, 0x55bd, 0x55bd, 0x55bd, 0x55bd, 0x55bd,
  0x55bd, 0x55bd, 0x55bd, 0x55bd, 0x55bd, 0x55bd, 0x55bd, 0x55bd, 0x55bd, 0x55bd, 0x55bd, 0x55bd,
  0x55bd, 0x55bd, 0x55bd, 0x55bd, 0x55bd, 0x55bd, 0x55bd, 0x55bd, 0x55bd, 0x55bd, 0x55bd, 0x55bd,
  0x65dd, 0x8e3d, 0x9e7d, 0x8e3d, 0x75fd, 0xe79f, 0xffff, 0xffff, 0xffff, 0xffff, 0xffff, 0xe79f,
  0x75fd, 0x55bd, 0x55bd, 0x55bd, 0x55bd, 0x55bd, 0x559d, 0x559d, 0x55bd, 0x55bd, 0x55bd, 0x55bd,
  0x55bd, 0x55bd, 0x55bd, 0x55bd, 0x55bd, 0x55bd, 0x55bd, 0x55bd, 0x55bd, 0x55bd, 0x55bd, 0x55bd,
  0x55bd, 0x55bd, 0x55bd, 0x55bd, 0x55bd, 0x55bd, 0x55bd, 0x55bd, 0x55bd, 0x55bd, 0x55bd, 0x55bd,
  0x55bd, 0x55bd, 0x55bd, 0x55bd, 0x55bd, 0x55bd, 0x55bd, 0x55bd, 0x55bd, 0x55bd, 0x55bd, 0x55bd,
  0x55bd, 0x55bd, 0x55bd, 0x55bd, 0x55bd, 0x55bd, 0x55bd, 0x55bd, 0x55bd, 0x55bd, 0x55bd, 0x55bd,
  0x55bd, 0x55bd, 0x55bd, 0x55bd, 0x55bd, 0x55bd, 0x55bd, 0x55bd, 0x55bd, 0x55bd, 0x55bd, 0x55bd,
  0x55bd, 0x55bd, 0x55bd, 0x55bd, 0x55bd, 0x55bd, 0x55bd, 0x55bd, 0x55bd, 0x55bd, 0x55bd, 0x55bd,
  0x55bd, 0x55bd, 0x55bd, 0x55bd, 0x55bd, 0x55bd, 0x55bd, 0x55bd, 0x55bd, 0x55bd, 0x55bd, 0x55bd,
  0x55bd, 0x55bd, 0x55bd, 0x55bd, 0x55bd, 0x55bd, 0x55bd, 0x55bd, 0x55bd, 0x55bd, 0x55bd, 0x55bd,
  0x55bd, 0x55bd, 0x55bd, 0x55bd, 0x55bd, 0x55bd, 0x55bd, 0x55bd, 0x55bd, 0x55bd, 0x55bd, 0x55bd,
  0x55bd, 0x55bd, 0x55bd, 0x55bd, 0x55bd, 0x55bd, 0x55bd, 0x55bd, 0x55bd, 0x55bd, 0x55bd, 0x55bd,
  0x55bd, 0x55bd, 0x55bd, 0x55bd, 0x55bd, 0x55bd, 0x55bd, 0x55bd, 0x55bd, 0x55bd, 0x55bd, 0x55bd,
  0x55bd, 0x55bd, 0x55bd, 0x55bd, 0x55bd, 0x55bd, 0x55bd, 0x55bd, 0x55bd, 0x55bd, 0x55bd, 0x55bd,
  0x55bd, 0x55bd, 0x55bd, 0x55bd, 0x55bd, 0x55bd, 0x55bd, 0x55bd, 0x55bd, 0x55bd, 0x55bd, 0x55bd,
  0x55bd, 0x55bd, 0x55bd, 0x55bd, 0x55bd, 0x55bd, 0x55bd, 0x55bd, 0x55bd, 0x55bd, 0x55bd, 0x55bd,
  0x55bd, 0x55bd, 0x55bd, 0x55bd, 0x55bd, 0x55bd, 0x55bd, 0x55bd, 0x55bd, 0x55bd, 0x55bd, 0x55bd,
  0x55bd, 0x55bd, 0x55bd, 0x55bd, 0x55bd, 0x55bd, 0x55bd, 0x55bd, 0x55bd, 0x55bd, 0x55bd, 0x55bd,
  0x55bd, 0x55bd, 0x55bd, 0x55bd, 0x55bd, 0x55bd, 0x55bd, 0x55bd, 0x55bd, 0x55bd, 0x55bd, 0x55bd,
  0x55bd, 0x55bd, 0x55bd, 0x55bd, 0x55bd, 0x55bd, 0x55bd, 0x55bd, 0x55bd, 0x55bd, 0x55bd, 0x55bd,
  0x55bd, 0x55bd, 0x55bd, 0x55bd, 0x55bd, 0x55bd, 0x55bd, 0x55bd, 0x55bd, 0x55bd, 0x55bd, 0x55bd,
  0x55bd, 0x55bd, 0x55bd, 0x55bd, 0x55bd, 0x55bd, 0x55bd, 0x55bd, 0x55bd, 0x55bd, 0x55bd, 0x55bd,
  0x55bd, 0x55bd, 0x55bd, 0x55bd, 0x55bd, 0x55bd, 0x55bd, 0x55bd, 0x55bd, 0x55bd, 0x55bd, 0x55bd,
  0x55bd, 0x55bd, 0x55bd, 0x55bd, 0x55bd, 0x55bd, 0x55bd, 0x55bd, 0x55bd, 0x55bd, 0x55bd, 0x55bd,
  0x55bd, 0x55bd, 0x55bd, 0x55bd, 0x55bd, 0x55bd, 0x55bd, 0x55bd, 0x55bd, 0x55bd, 0x55bd, 0x55bd,
  0x55bd, 0x55bd, 0x55bd, 0x55bd, 0x55bd, 0x55bd, 0x55bd, 0x55bd, 0x55bd, 0x55bd, 0x55bd, 0x55bd,
  0x55bd, 0x55bd, 0x55bd, 0x55bd, 0x55bd, 0x55bd, 0x55bd, 0x55bd, 0x55bd, 0x55bd, 0x55bd, 0x55bd,
  0x559d, 0x65bc, 0xbedd, 0xe77e, 0xefbf, 0xdf7e, 0xbedd, 0x6ddd, 0x55bd, 0x55bd, 0x559d, 0x55bd,
  0x55bd, 0x55bd, 0x55bd, 0x55bd, 0x55bd, 0x55bd, 0x55bd, 0x55bd, 0x55bd, 0x55bd, 0x55bd, 0x55bd,
  0x55bd, 0x55bd, 0x55bd, 0x55bd, 0x55bd, 0x55bd, 0x55bd, 0x55bd, 0x55bd, 0x55bd, 0x55bd, 0x55bd,
  0x55bd, 0x55bd, 0x55bd, 0x55bd, 0x55bd, 0x55bd, 0x55bd, 0x55bd, 0x55bd, 0x55bd, 0x55bd, 0x55bd,
  0x55bd, 0x55bd, 0x55bd, 0x55bd, 0x55bd, 0x55bd, 0x55bd, 0x55bd, 0x55bd, 0x55bd, 0x55bd, 0x55bd,
  0x55bd, 0x55bd, 0x55bd, 0x55bd, 0x55bd, 0x55bd, 0x55bd, 0x55bd, 0x55bd, 0x55bd, 0x55bd, 0x55bd,
  0x55bd, 0x55bd, 0x55bd, 0x55bd, 0x55bd, 0x55bd, 0x55bd, 0x55bd, 0x55bd, 0x55bd, 0x55bd, 0x55bd,
  0x55bd, 0x55bd, 0x55bd, 0x55bd, 0x55bd, 0x55bd, 0x55bd, 0x55bd, 0x55bd, 0x55bd, 0x55bd, 0x55bd,
  0x55bd, 0x55bd, 0x55bd, 0x55bd, 0x55bd, 0x55bd, 0x55bd, 0x55bd, 0x55bd, 0x55bd, 0x55bd, 0x55bd,
  0x55bd, 0x55bd, 0x55bd, 0x55bd, 0x55bd, 0x55bd, 0x55bd, 0x55bd, 0x55bd, 0x55bd, 0x55bd, 0x55bd,
  0x55bd, 0x55bd, 0x55bd, 0x55bd, 0x55bd, 0x55bd, 0x55bd, 0x55bd, 0x55bd, 0x55bd, 0x55bd, 0x55bd,
  0x55bd, 0x55bd, 0x55bd, 0x55bd, 0x55bd, 0x55bd, 0x55bd, 0x55bd, 0x55bd, 0x55bd, 0x55bd, 0x55bd,
  0x55bd, 0x55bd, 0x55bd, 0x55bd, 0x55bd, 0x55bd, 0x55bd, 0x55bd, 0x55bd, 0x55bd, 0x55bd, 0x55bd,
  0x55bd, 0x55bd, 0x55bd, 0x55bd, 0x55bd, 0x55bd, 0x55bd, 0x55bd, 0x55bd, 0x55bd, 0x55bd, 0x55bd,
  0x55bd, 0x55bd, 0x55bd, 0x55bd, 0x55bd, 0x55bd, 0x55bd, 0x55bd, 0x55bd, 0x55bd, 0x55bd, 0x55bd,
  0x55bd, 0x55bd, 0x55bd, 0x55bd, 0x55bd, 0x55bd, 0x55bd, 0x55bd, 0x55bd, 0x55bd, 0x55bd, 0x55bd,
  0x55bd, 0x55bd, 0x55bd, 0x55bd, 0x55bd, 0x55bd, 0x55bd, 0x55bd, 0x55bd, 0x55bd, 0x55bd, 0x55bd,
  0x55bd, 0x55bd, 0x55bd, 0x55bd, 0x55bd, 0x55bd, 0x55bd, 0x55bd, 0x55bd, 0x55bd, 0x55bd, 0x55bd,
  0x55bd, 0x55bd, 0x55bd, 0x55bd, 0x55bd, 0x55bd, 0x55bd, 0x55bd, 0x55bd, 0x55bd, 0x55bd, 0x55bd,
  0x55bd, 0x55bd, 0x55bd, 0x55bd, 0x55bd, 0x55bd, 0x55bd, 0x55bd, 0x55bd, 0x55bd, 0x55bd, 0x55bd,
  0x55bd, 0x55bd, 0x55bd, 0x55bd, 0x55bd, 0x55bd, 0x55bd, 0x55bd, 0x55bd, 0x55bd, 0x55bd, 0x55bd,
  0x55bd, 0x55bd, 0x55bd, 0x55bd, 0x55bd, 0x55bd, 0x55bd, 0x55bd, 0x55bd, 0x55bd, 0x55bd, 0x55bd,
  0x55bd, 0x55bd, 0x55bd, 0x55bd, 0x55bd, 0x55bd, 0x55bd, 0x55bd, 0x55bd, 0x55bd, 0x55bd, 0x55bd,
  0x55bd, 0x55bd, 0x55bd, 0x55bd, 0x55bd, 0x55bd, 0x55bd, 0x55bd, 0x55bd, 0x55bd, 0x55bd, 0x55bd,
  0x55bd, 0x55bd, 0x55bd, 0x55bd, 0x55bd, 0x55bd, 0x55bd, 0x55bd, 0x55bd, 0x55bd, 0x55bd, 0x55bd,
  0x55bd, 0x55bd, 0x55bd, 0x55bd, 0x55bd, 0x55bd, 0x55bd, 0x55bd, 0x55bd, 0x55bd, 0x55bd, 0x55bd,
  0x55bd, 0x55bd, 0x55bd, 0x55bd, 0x55bd, 0x55bd, 0x559d, 0x559d, 0x559d, 0x559d, 0x559d, 0x559d,
  0x4d9d, 0x559d, 0x55bd, 0x55bd, 0x559d, 0x55bd, 0x55bd, 0x55bd, 0x55bd, 0x55bd, 0x55bd, 0x55bd,
  0x55bd, 0x55bd, 0x55bd, 0x55bd, 0x55bd, 0x55bd, 0x55bd, 0x55bd, 0x55bd, 0x55bd, 0x55bd, 0x55bd,
  0x55bd, 0x55bd, 0x55bd, 0x55bd, 0x55bd, 0x55bd, 0x55bd, 0x55bd, 0x55bd, 0x55bd, 0x55bd, 0x55bd,
  0x55bd, 0x55bd, 0x55bd, 0x55bd, 0x55bd, 0x55bd, 0x55bd, 0x55bd, 0x55bd, 0x55bd, 0x55bd, 0x55bd,
  0x55bd, 0x55bd, 0x55bd, 0x55bd, 0x55bd, 0x55bd, 0x55bd, 0x55bd, 0x55bd, 0x55bd, 0x55bd, 0x55bd,
  0x55bd, 0x55bd, 0x55bd, 0x55bd, 0x55bd, 0x55bd, 0x55bd, 0x55bd, 0x55bd, 0x55bd, 0x55bd, 0x55bd,
  0x55bd, 0x55bd, 0x55bd, 0x55bd, 0x55bd, 0x55bd, 0x55bd, 0x55bd, 0x55bd, 0x55bd, 0x55bd, 0x55bd,
  0x55bd, 0x55bd, 0x55bd, 0x55bd, 0x55bd, 0x55bd, 0x55bd, 0x55bd, 0x55bd, 0x55bd, 0x55bd, 0x55bd,
  0x55bd, 0x55bd, 0x55bd, 0x55bd, 0x55bd, 0x55bd, 0x55bd, 0x55bd, 0x55bd, 0x55bd, 0x55bd, 0x55bd,
  0x55bd, 0x55bd, 0x55bd, 0x55bd, 0x55bd, 0x55bd, 0x55bd, 0x55bd, 0x55bd, 0x55bd, 0x55bd, 0x55bd,
  0x55bd, 0x55bd, 0x55bd, 0x55bd, 0x55bd, 0x55bd, 0x55bd, 0x55bd, 0x55bd, 0x55bd, 0x55bd, 0x55bd,
  0x55bd, 0x55bd, 0x55bd, 0x55bd, 0x55bd, 0x55bd, 0x55bd, 0x55bd, 0x55bd, 0x55bd, 0x55bd, 0x55bd,
  0x55bd, 0x55bd, 0x55bd, 0x55bd, 0x55bd, 0x55bd, 0x55bd, 0x55bd, 0x55bd, 0x55bd, 0x55bd, 0x55bd,
  0x55bd, 0x55bd, 0x55bd, 0x55bd, 0x55bd, 0x55bd, 0x55bd, 0x55bd, 0x55bd, 0x55bd, 0x55bd, 0x55bd,
  0x55bd, 0x55bd, 0x55bd, 0x55bd, 0x55bd, 0x55bd, 0x55bd, 0x55bd, 0x55bd, 0x55bd, 0x55bd, 0x55bd,
  0x55bd, 0x55bd, 0x55bd, 0x55bd, 0x55bd, 0x55bd, 0x55bd, 0x55bd, 0x55bd, 0x55bd, 0x55bd, 0x55bd,
  0x55bd, 0x55bd, 0x55bd, 0x55bd, 0x55bd, 0x55bd, 0x55bd, 0x55bd, 0x55bd, 0x55bd, 0x55bd, 0x55bd,
  0x55bd, 0x55bd, 0x55bd, 0x55bd, 0x55bd, 0x55bd, 0x55bd, 0x55bd, 0x55bd, 0x55bd, 0x55bd, 0x55bd,
  0x55bd, 0x55bd, 0x55bd, 0x55bd, 0x55bd, 0x55bd, 0x55bd, 0x55bd, 0x55bd, 0x55bd, 0x55bd, 0x55bd,
  0x55bd, 0x55bd, 0x55bd, 0x55bd, 0x55bd, 0x55bd, 0x55bd, 0x55bd, 0x55bd, 0x55bd, 0x55bd, 0x55bd,
  0x55bd, 0x55bd, 0x55bd, 0x55bd, 0x55bd, 0x55bd, 0x55bd, 0x55bd, 0x55bd, 0x55bd, 0x55bd, 0x55bd,
  0x55bd, 0x55bd, 0x55bd, 0x55bd, 0x55bd, 0x55bd, 0x55bd, 0x55bd, 0x55bd, 0x55bd, 0x55bd, 0x55bd,
  0x55bd, 0x55bd, 0x55bd, 0x55bd, 0x55bd, 0x55bd, 0x55bd, 0x55bd, 0x55bd, 0x55bd, 0x55bd, 0x55bd,
  0x55bd, 0x55bd, 0x55bd, 0x55bd, 0x55bd, 0x55bd, 0x55bd, 0x55bd, 0x55bd, 0x55bd, 0x55bd, 0x55bd,
  0x55bd, 0x55bd, 0x55bd, 0x55bd, 0x55bd, 0x55bd, 0x55bd, 0x55bd, 0x55bd, 0x55bd, 0x55bd, 0x55bd,
  0x55bd, 0x55bd, 0x55bd, 0x55bd, 0x55bd, 0x55bd, 0x55bd, 0x55bd, 0x55bd, 0x55bd, 0x55bd, 0x55bd,
  0x55bd, 0x55bd, 0x559d, 0x559d, 0x559d, 0x559d, 0x559d, 0x559d, 0x55bd, 0x55bd, 0x559d, 0x559d,
  0x55bd, 0x55bd, 0x55bd, 0x55bd, 0x55bd, 0x55bd, 0x55bd, 0x55bd, 0x55bd, 0x55bd, 0x55bd, 0x55bd,
  0x55bd, 0x55bd, 0x55bd, 0x55bd, 0x55bd, 0x55bd, 0x55bd, 0x55bd, 0x55bd, 0x55bd, 0x55bd, 0x55bd,
  0x55bd, 0x55bd, 0x55bd, 0x55bd, 0x55bd, 0x55bd, 0x55bd, 0x55bd, 0x55bd, 0x55bd, 0x55bd, 0x55bd,
  0x55bd, 0x55bd, 0x55bd, 0x55bd, 0x55bd, 0x55bd, 0x55bd, 0x55bd, 0x55bd, 0x55bd, 0x55bd, 0x55bd,
  0x55bd, 0x55bd, 0x55bd, 0x55bd, 0x55bd, 0x55bd, 0x55bd, 0x55bd, 0x55bd, 0x55bd, 0x55bd, 0x55bd,
  0x55bd, 0x55bd, 0x55bd, 0x55bd, 0x55bd, 0x55bd, 0x55bd, 0x55bd, 0x55bd, 0x55bd, 0x55bd, 0x55bd,
  0x55bd, 0x55bd, 0x55bd, 0x55bd, 0x55bd, 0x55bd, 0x55bd, 0x55bd, 0x55bd, 0x55bd, 0x55bd, 0x55bd,
  0x55bd, 0x55bd, 0x55bd, 0x55bd, 0x55bd, 0x55bd, 0x55bd, 0x55bd, 0x55bd, 0x55bd, 0x55bd, 0x55bd,
  0x55bd, 0x55bd, 0x55bd, 0x55bd, 0x55bd, 0x55bd, 0x55bd, 0x55bd, 0x55bd, 0x55bd, 0x55bd, 0x55bd,
  0x55bd, 0x55bd, 0x55bd, 0x55bd, 0x55bd, 0x55bd, 0x55bd, 0x55bd, 0x55bd, 0x559d, 0x55bd, 0x55bd,
  0x55bd, 0x55bd, 0x55bd, 0x55bd, 0x55bd, 0x55bd, 0x55bd, 0x55bd, 0x55bd, 0x55bd, 0x55bd, 0x55bd,
  0x55bd, 0x55bd, 0x55bd, 0x55bd, 0x55bd, 0x55bd, 0x55bd, 0x55bd, 0x55bd, 0x55bd, 0x55bd, 0x55bd,
  0x55bd, 0x55bd, 0x55bd, 0x55bd, 0x55bd, 0x55bd, 0x55bd, 0x55bd, 0x55bd, 0x55bd, 0x55bd, 0x55bd,
  0x55bd, 0x55bd, 0x55bd, 0x55bd, 0x55bd, 0x55bd, 0x55bd, 0x55bd, 0x55bd, 0x55bd, 0x55bd, 0x55bd,
  0x55bd, 0x55bd, 0x55bd, 0x55bd, 0x55bd, 0x55bd, 0x55bd, 0x55bd, 0x55bd, 0x55bd, 0x55bd, 0x55bd,
  0x55bd, 0x55bd, 0x55bd, 0x55bd, 0x55bd, 0x55bd, 0x55bd, 0x55bd, 0x55bd, 0x55bd, 0x55bd, 0x55bd,
  0x55bd, 0x55bd, 0x55bd, 0x55bd, 0x55bd, 0x55bd, 0x55bd, 0x55bd, 0x55bd, 0x55bd, 0x55bd, 0x55bd,
  0x55bd, 0x55bd, 0x55bd, 0x55bd, 0x55bd, 0x55bd, 0x55bd, 0x55bd, 0x55bd, 0x55bd, 0x55bd, 0x55bd,
  0x55bd, 0x55bd, 0x55bd, 0x55bd, 0x55bd, 0x55bd, 0x55bd, 0x55bd, 0x55bd, 0x55bd, 0x55bd, 0x55bd,
  0x55bd, 0x55bd, 0x55bd, 0x55bd, 0x55bd, 0x55bd, 0x55bd, 0x55bd, 0x55bd, 0x55bd, 0x55bd, 0x55bd,
  0x55bd, 0x55bd, 0x55bd, 0x55bd, 0x55bd, 0x55bd, 0x55bd, 0x55bd, 0x55bd, 0x55bd, 0x55bd, 0x55bd,
  0x55bd, 0x55bd, 0x55bd, 0x55bd, 0x55bd, 0x55bd, 0x55bd, 0x55bd, 0x55bd, 0x55bd, 0x55bd, 0x55bd,
  0x55bd, 0x55bd, 0x55bd, 0x55bd, 0x55bd, 0x55bd, 0x55bd, 0x55bd, 0x55bd, 0x55bd, 0x55bd, 0x55bd,
  0x55bd, 0x55bd, 0x55bd, 0x55bd, 0x55bd, 0x55bd, 0x55bd, 0x55bd, 0x55bd, 0x55bd, 0x55bd, 0x55bd,
  0x55bd, 0x55bd, 0x55bd, 0x55bd, 0x55bd, 0x55bd, 0x55bd, 0x55bd, 0x55bd, 0x55bd, 0x55bd, 0x55bd,
  0x55bd, 0x55bd, 0x55bd, 0x55bd, 0x55bd, 0x55bd, 0x55bd, 0x55bd, 0x55bd, 0x55bd, 0x55bd, 0x55bd,
  0x559d, 0x55bd, 0x55bd, 0x55bd, 0x55bd, 0x55bd, 0x55bd, 0x55bd, 0x55bd, 0x55bd, 0x55bd, 0x55bd,
  0x55bd, 0x55bd, 0x55bd, 0x55bd, 0x55bd, 0x55bd, 0x55bd, 0x55bd, 0x55bd, 0x55bd, 0x55bd, 0x55bd,
  0x55bd, 0x55bd, 0x55bd, 0x55bd, 0x55bd, 0x55bd, 0x55bd, 0x55bd, 0x55bd, 0x55bd, 0x55bd, 0x55bd,
  0x55bd, 0x55bd, 0x55bd, 0x55bd, 0x55bd, 0x55bd, 0x55bd, 0x55bd, 0x55bd, 0x55bd, 0x55bd, 0x55bd,
  0x55bd, 0x55bd, 0x55bd, 0x55bd, 0x55bd, 0x55bd, 0x55bd, 0x55bd, 0x55bd, 0x55bd, 0x55bd, 0x55bd,
  0x55bd, 0x55bd, 0x55bd, 0x55bd, 0x55bd, 0x55bd, 0x55bd, 0x55bd, 0x55bd, 0x55bd, 0x55bd, 0x55bd,
  0x55bd, 0x55bd, 0x55bd, 0x55bd, 0x55bd, 0x55bd, 0x55bd, 0x55bd, 0x55bd, 0x55bd, 0x55bd, 0x55bd,
  0x55bd, 0x55bd, 0x55bd, 0x55bd, 0x55bd, 0x55bd, 0x55bd, 0x55bd, 0x55bd, 0x55bd, 0x55bd, 0x55bd,
  0x55bd, 0x55bd, 0x55bd, 0x55bd, 0x55bd, 0x55bd, 0x55bd, 0x55bd, 0x55bd, 0x55bd, 0x55bd, 0x55bd,
  0x55bd, 0x55bd, 0x55bd, 0x55bd, 0x55bd, 0x55bd, 0x55bd, 0x55bd, 0x55bd, 0x55bd, 0x55bd, 0x55bd,
  0x55bd, 0x55bd, 0x55bd, 0x55bd, 0x55bd, 0x55bd, 0x55bd, 0x55bd, 0x55bd, 0x55bd, 0x559d, 0x55bd,
  0x55bd, 0x55bd, 0x55bd, 0x55bd, 0x55bd, 0x55bd, 0x55bd, 0x55bd, 0x55bd, 0x55bd, 0x55bd, 0x55bd,
  0x55bd, 0x55bd, 0x55bd, 0x55bd, 0x55bd, 0x55bd, 0x55bd, 0x55bd, 0x55bd, 0x55bd, 0x55bd, 0x55bd,
  0x55bd, 0x55bd, 0x55bd, 0x55bd, 0x55bd, 0x55bd, 0x55bd, 0x55bd, 0x55bd, 0x55bd, 0x55bd, 0x55bd,
  0x55bd, 0x55bd, 0x55bd, 0x55bd, 0x55bd, 0x55bd, 0x55bd, 0x55bd, 0x55bd, 0x55bd, 0x55bd, 0x55bd,
  0x55bd, 0x55bd, 0x55bd, 0x55bd, 0x55bd, 0x55bd, 0x55bd, 0x55bd, 0x55bd, 0x55bd, 0x55bd, 0x55bd,
  0x55bd, 0x55bd, 0x55bd, 0x55bd, 0x55bd, 0x55bd, 0x55bd, 0x55bd, 0x55bd, 0x55bd, 0x55bd, 0x55bd,
  0x55bd, 0x55bd, 0x55bd, 0x55bd, 0x55bd, 0x55bd, 0x55bd, 0x55bd, 0x55bd, 0x55bd, 0x55bd, 0x55bd,
  0x55bd, 0x55bd, 0x55bd, 0x55bd, 0x55bd, 0x55bd, 0x55bd, 0x55bd, 0x55bd, 0x55bd, 0x55bd, 0x55bd,
  0x55bd, 0x55bd, 0x55bd, 0x55bd, 0x55bd, 0x55bd, 0x55bd, 0x55bd, 0x55bd, 0x55bd, 0x55bd, 0x55bd,
  0x55bd, 0x55bd, 0x55bd, 0x55bd, 0x55bd, 0x55bd, 0x55bd, 0x55bd, 0x55bd, 0x55bd, 0x55bd, 0x55bd,
  0x55bd, 0x55bd, 0x55bd, 0x55bd, 0x55bd, 0x55bd, 0x55bd, 0x55bd, 0x55bd, 0x55bd, 0x55bd, 0x55bd,
  0x55bd, 0x55bd, 0x55bd, 0x55bd, 0x55bd, 0x55bd, 0x55bd, 0x55bd, 0x55bd, 0x55bd, 0x55bd, 0x55bd,
  0x55bd, 0x55bd, 0x55bd, 0x55bd, 0x55bd, 0x55bd, 0x55bd, 0x55bd, 0x55bd, 0x55bd, 0x55bd, 0x55bd,
  0x55bd, 0x55bd, 0x55bd, 0x55bd, 0x55bd, 0x55bd, 0x55bd, 0x55bd, 0x55bd, 0x55bd, 0x55bd, 0x55bd,
  0x55bd, 0x55bd, 0x55bd, 0x55bd, 0x55bd, 0x55bd, 0x55bd, 0x55bd, 0x55bd, 0x55bd, 0x55bd, 0x55bd,
  0x55bd, 0x55bd, 0x55bd, 0x55bd, 0x55bd, 0x55bd, 0x55bd, 0x55bd, 0x55bd, 0x55bd, 0x55bd, 0x55bd,
  0x55bd, 0x55bd, 0x55bd, 0x55bd, 0x55bd, 0x55bd, 0x55bd, 0x55bd, 0x55bd, 0x55bd, 0x55bd, 0x55bd,
  0x55bd, 0x55bd, 0x55bd, 0x55bd, 0x55bd, 0x55bd, 0x55bd, 0x55bd, 0x55bd, 0x55bd, 0x55bd, 0x55bd,
  0x55bd, 0x55bd, 0x55bd, 0x55bd, 0x55bd, 0x55bd, 0x55bd, 0x55bd, 0x55bd, 0x55bd, 0x55bd, 0x55bd,
  0x55bd, 0x55bd, 0x55bd, 0x55bd, 0x55bd, 0x55bd, 0x55bd, 0x55bd, 0x55bd, 0x55bd, 0x55bd, 0x55bd,
  0x55bd, 0x55bd, 0x55bd, 0x55bd, 0x55bd, 0x55bd, 0x55bd, 0x55bd, 0x55bd, 0x55bd, 0x55bd, 0x55bd,
  0x55bd, 0x55bd, 0x55bd, 0x55bd, 0x55bd, 0x55bd, 0x55bd, 0x55bd, 0x55bd, 0x55bd, 0x55bd, 0x55bd,
  0x55bd, 0x55bd, 0x55bd, 0x55bd, 0x55bd, 0x55bd, 0x55bd, 0x55bd, 0x55bd, 0x55bd, 0x55bd, 0x55bd,
  0x55bd, 0x55bd, 0x55bd, 0x55bd, 0x55bd, 0x55bd, 0x55bd, 0x55bd, 0x55bd, 0x55bd, 0x55bd, 0x55bd,
  0x55bd, 0x55bd, 0x55bd, 0x55bd, 0x55bd, 0x55bd, 0x55bd, 0x55bd, 0x55bd, 0x55bd, 0x55bd, 0x55bd,
  0x55bd, 0x55bd, 0x55bd, 0x55bd, 0x55bd, 0x55bd, 0x55bd, 0x55bd, 0x55bd, 0x55bd, 0x55bd, 0x55bd,
  0x55bd, 0x55bd, 0x55bd, 0x55bd, 0x55bd, 0x55bd, 0x55bd, 0x55bd, 0x55bd, 0x55bd, 0x55bd, 0x55bd,
  0x55bd, 0x55bd, 0x55bd, 0x55bd, 0x55bd, 0x55bd, 0x55bd, 0x55bd, 0x55bd, 0x55bd, 0x55bd, 0x55bd,
  0x55bd, 0x55bd, 0x55bd, 0x55bd, 0x55bd, 0x55bd, 0x55bd, 0x55bd, 0x55bd, 0x55bd, 0x55bd, 0x55bd,
  0x55bd, 0x55bd, 0x55bd, 0x55bd, 0x55bd, 0x55bd, 0x55bd, 0x55bd, 0x55bd, 0x55bd, 0x55bd, 0x55bd,
  0x55bd, 0x55bd, 0x55bd, 0x55bd, 0x55bd, 0x55bd, 0x55bd, 0x55bd, 0x55bd, 0x55bd, 0x55bd, 0x55bd,
  0x55bd, 0x55bd, 0x55bd, 0x55bd, 0x55bd, 0x55bd, 0x55bd, 0x55bd, 0x55bd, 0x55bd, 0x55bd, 0x55bd,
  0x55bd, 0x55bd, 0x55bd, 0x55bd, 0x55bd, 0x55bd, 0x55bd, 0x55bd, 0x55bd, 0x55bd, 0x55bd, 0x55bd,
  0x55bd, 0x55bd, 0x55bd, 0x55bd, 0x55bd, 0x55bd, 0x55bd, 0x55bd, 0x55bd, 0x55bd, 0x55bd, 0x55bd,
  0x55bd, 0x55bd, 0x55bd, 0x55bd, 0x55bd, 0x55bd, 0x55bd, 0x55bd, 0x55bd, 0x55bd, 0x55bd, 0x55bd,
  0x55bd, 0x55bd, 0x55bd, 0x55bd, 0x55bd, 0x55bd, 0x55bd, 0x55bd, 0x55bd, 0x55bd, 0x55bd, 0x55bd,
  0x55bd, 0x55bd, 0x55bd, 0x55bd, 0x55bd, 0x55bd, 0x55bd, 0x55bd, 0x55bd, 0x55bd, 0x55bd, 0x55bd,
  0x55bd, 0x55bd, 0x55bd, 0x55bd, 0x55bd, 0x55bd, 0x55bd, 0x55bd, 0x55bd, 0x55bd, 0x55bd, 0x55bd,
  0x55bd, 0x55bd, 0x55bd, 0x55bd, 0x55bd, 0x55bd, 0x55bd, 0x55bd, 0x55bd, 0x55bd, 0x55bd, 0x55bd,
  0x55bd, 0x55bd, 0x55bd, 0x55bd, 0x55bd, 0x55bd, 0x55bd, 0x55bd, 0x55bd, 0x55bd, 0x55bd, 0x55bd,
  0x55bd, 0x55bd, 0x55bd, 0x55bd, 0x55bd, 0x55bd, 0x55bd, 0x55bd, 0x55bd, 0x55bd, 0x55bd, 0x55bd,
  0x55bd, 0x55bd, 0x55bd, 0x55bd, 0x55bd, 0x55bd, 0x55bd, 0x55bd, 0x55bd, 0x55bd, 0x55bd, 0x55bd,
  0x55bd, 0x55bd, 0x55bd, 0x55bd, 0x55bd, 0x55bd, 0x55bd, 0x55bd, 0x55bd, 0x55bd, 0x55bd, 0x55bd,
  0x55bd, 0x55bd, 0x55bd, 0x55bd, 0x55bd, 0x55bd, 0x55bd, 0x55bd, 0x55bd, 0x55bd, 0x55bd, 0x55bd,
  0x55bd, 0x55bd, 0x55bd, 0x55bd, 0x55bd, 0x55bd, 0x55bd, 0x55bd, 0x55bd, 0x55bd, 0x55bd, 0x55bd,
  0x55bd, 0x55bd, 0x55bd, 0x55bd, 0x55bd, 0x55bd, 0x55bd, 0x55bd, 0x55bd, 0x55bd, 0x55bd, 0x55bd,
  0x55bd, 0x55bd, 0x55bd, 0x55bd, 0x55bd, 0x55bd, 0x55bd, 0x55bd, 0x55bd, 0x55bd, 0x55bd, 0x55bd,
  0x55bd, 0x55bd, 0x55bd, 0x55bd, 0x55bd, 0x55bd, 0x55bd, 0x55bd, 0x55bd, 0x55bd, 0x55bd, 0x55bd,
  0x55bd, 0x55bd, 0x55bd, 0x55bd, 0x55bd, 0x55bd, 0x55bd, 0x55bd, 0x55bd, 0x55bd, 0x55bd, 0x55bd,
  0x55bd, 0x55bd, 0x55bd, 0x55bd, 0x55bd, 0x55bd, 0x55bd, 0x55bd, 0x55bd, 0x55bd, 0x55bd, 0x55bd,
  0x55bd, 0x55bd, 0x55bd, 0x55bd, 0x55bd, 0x55bd, 0x55bd, 0x55bd, 0x55bd, 0x55bd, 0x55bd, 0x55bd,
  0x55bd, 0x55bd, 0x55bd, 0x55bd, 0x55bd, 0x55bd, 0x55bd, 0x55bd, 0x55bd, 0x55bd, 0x55bd, 0x55bd,
  0x55bd, 0x55bd, 0x55bd, 0x55bd, 0x55bd, 0x55bd, 0x55bd, 0x55bd, 0x55bd, 0x55bd, 0x55bd, 0x55bd,
  0x55bd, 0x55bd, 0x55bd, 0x55bd, 0x55bd, 0x55bd, 0x55bd, 0x55bd, 0x55bd, 0x55bd, 0x55bd, 0x55bd,
  0x55bd, 0x55bd, 0x55bd, 0x55bd, 0x55bd, 0x55bd, 0x55bd, 0x55bd, 0x55bd, 0x55bd, 0x55bd, 0x55bd,
  0x55bd, 0x55bd, 0x55bd, 0x55bd, 0x55bd, 0x55bd, 0x55bd, 0x55bd, 0x55bd, 0x55bd, 0x55bd, 0x55bd,
  0x55bd, 0x55bd, 0x55bd, 0x55bd, 0x55bd, 0x55bd, 0x55bd, 0x55bd, 0x55bd, 0x55bd, 0x55bd, 0x55bd,
  0x55bd, 0x55bd, 0x55bd, 0x55bd, 0x55bd, 0x55bd, 0x55bd, 0x55bd, 0x55bd, 0x55bd, 0x55bd, 0x55bd,
  0x55bd, 0x55bd, 0x55bd, 0x55bd, 0x55bd, 0x55bd, 0x55bd, 0x55bd, 0x55bd, 0x55bd, 0x55bd, 0x55bd,
  0x55bd, 0x55bd, 0x55bd, 0x55bd, 0x55bd, 0x55bd, 0x55bd, 0x55bd, 0x55bd, 0x55bd, 0x55bd, 0x55bd,
  0x55bd, 0x55bd, 0x55bd, 0x55bd, 0x55bd, 0x55bd, 0x55bd, 0x55bd, 0x55bd, 0x55bd, 0x55bd, 0x55bd,
  0x55bd, 0x55bd, 0x55bd, 0x55bd, 0x55bd, 0x55bd, 0x55bd, 0x55bd, 0x55bd, 0x55bd, 0x55bd, 0x55bd,
  0x55bd, 0x55bd, 0x55bd, 0x55bd, 0x55bd, 0x55bd, 0x55bd, 0x55bd, 0x55bd, 0x55bd, 0x55bd, 0x55bd,
  0x55bd, 0x55bd, 0x55bd, 0x55bd, 0x55bd, 0x55bd, 0x55bd, 0x55bd, 0x55bd, 0x55bd, 0x55bd, 0x55bd,
  0x55bd, 0x55bd, 0x55bd, 0x55bd, 0x55bd, 0x55bd, 0x55bd, 0x55bd, 0x55bd, 0x55bd, 0x55bd, 0x55bd,
  0x55bd, 0x55bd, 0x55bd, 0x55bd, 0x55bd, 0x55bd, 0x55bd, 0x55bd, 0x55bd, 0x55bd, 0x55bd, 0x55bd,
  0x55bd, 0x55bd, 0x55bd, 0x55bd, 0x55bd, 0x55bd, 0x55bd, 0x55bd, 0x55bd, 0x55bd, 0x55bd, 0x55bd,
  0x55bd, 0x55bd, 0x55bd, 0x55bd, 0x55bd, 0x55bd, 0x55bd, 0x55bd, 0x55bd, 0x55bd, 0x55bd, 0x55bd,
  0x55bd, 0x55bd, 0x55bd, 0x55bd, 0x55bd, 0x55bd, 0x55bd, 0x55bd, 0x55bd, 0x55bd, 0x55bd, 0x55bd,
  0x55bd, 0x55bd, 0x55bd, 0x55bd, 0x55bd, 0x55bd, 0x55bd, 0x55bd, 0x55bd, 0x55bd, 0x55bd, 0x55bd,
  0x55bd, 0x55bd, 0x55bd, 0x55bd, 0x55bd, 0x55bd, 0x55bd, 0x55bd, 0x55bd, 0x55bd, 0x55bd, 0x55bd,
  0x55bd, 0x55bd, 0x55bd, 0x55bd, 0x55bd, 0x55bd, 0x55bd, 0x55bd, 0x55bd, 0x55bd, 0x55bd, 0x55bd,
  0x55bd, 0x55bd, 0x55bd, 0x55bd, 0x55bd, 0x55bd, 0x55bd, 0x55bd, 0x55bd, 0x55bd, 0x55bd, 0x55bd,
  0x55bd, 0x55bd, 0x55bd, 0x55bd, 0x55bd, 0x55bd, 0x55bd, 0x55bd, 0x55bd, 0x55bd, 0x55bd, 0x55bd,
  0x55bd, 0x55bd, 0x55bd, 0x55bd, 0x55bd, 0x55bd, 0x55bd, 0x55bd, 0x55bd, 0x55bd, 0x55bd, 0x55bd,
  0x55bd, 0x55bd, 0x55bd, 0x55bd, 0x55bd, 0x55bd, 0x55bd, 0x55bd, 0x55bd, 0x55bd, 0x55bd, 0x55bd,
  0x55bd, 0x55bd, 0x55bd, 0x55bd, 0x55bd, 0x55bd, 0x55bd, 0x55bd, 0x55bd, 0x55bd, 0x55bd, 0x55bd,
  0x55bd, 0x55bd, 0x55bd, 0x55bd, 0x55bd, 0x55bd, 0x55bd, 0x55bd, 0x55bd, 0x55bd, 0x55bd, 0x55bd,
  0x55bd, 0x55bd, 0x55bd, 0x55bd, 0x55bd, 0x55bd, 0x55bd, 0x55bd, 0x55bd, 0x55bd, 0x55bd, 0x55bd,
  0x55bd, 0x55bd, 0x55bd, 0x55bd, 0x55bd, 0x55bd, 0x55bd, 0x55bd, 0x55bd, 0x55bd, 0x55bd, 0x55bd,
  0x55bd, 0x55bd, 0x55bd, 0x55bd, 0x55bd, 0x55bd, 0x55bd, 0x55bd, 0x55bd, 0x55bd, 0x55bd, 0x55bd,
  0x55bd, 0x55bd, 0x55bd, 0x55bd, 0x55bd, 0x55bd, 0x55bd, 0x55bd, 0x55bd, 0x55bd, 0x55bd, 0x55bd,
  0x55bd, 0x55bd, 0x55bd, 0x55bd, 0x55bd, 0x55bd, 0x55bd, 0x55bd, 0x55bd, 0x55bd, 0x55bd, 0x55bd,
  0x55bd, 0x55bd, 0x55bd, 0x55bd, 0x55bd, 0x55bd, 0x55bd, 0x55bd, 0x55bd, 0x55bd, 0x55bd, 0x55bd,
  0x55bd, 0x55bd, 0x55bd, 0x55bd, 0x55bd, 0x55bd, 0x55bd, 0x55bd, 0x55bd, 0x55bd, 0x55bd, 0x55bd,
  0x55bd, 0x55bd, 0x55bd, 0x55bd, 0x55bd, 0x55bd, 0x55bd, 0x55bd, 0x55bd, 0x55bd, 0x55bd, 0x55bd,
  0x55bd, 0x55bd, 0x55bd, 0x55bd, 0x55bd, 0x55bd, 0x55bd, 0x55bd, 0x55bd, 0x55bd, 0x55bd, 0x55bd,
  0x55bd, 0x55bd, 0x55bd, 0x55bd, 0x55bd, 0x55bd, 0x55bd, 0x55bd, 0x55bd, 0x55bd, 0x55bd, 0x55bd,
  0x55bd, 0x55bd, 0x55bd, 0x55bd, 0x55bd, 0x55bd, 0x55bd, 0x55bd, 0x55bd, 0x55bd, 0x55bd, 0x55bd,
  0x55bd, 0x55bd, 0x55bd, 0x55bd, 0x55bd, 0x55bd, 0x55bd, 0x55bd, 0x55bd, 0x55bd, 0x55bd, 0x55bd,
  0x55bd, 0x55bd, 0x55bd, 0x55bd, 0x55bd, 0x55bd, 0x55bd, 0x55bd, 0x55bd, 0x55bd, 0x55bd, 0x55bd,
  0x55bd, 0x55bd, 0x55bd, 0x55bd, 0x55bd, 0x55bd, 0x55bd, 0x55bd, 0x55bd, 0x55bd, 0x55bd, 0x55bd,
  0x55bd, 0x55bd, 0x55bd, 0x55bd, 0x55bd, 0x55bd, 0x55bd, 0x55bd, 0x55bd, 0x55bd, 0x55bd, 0x55bd,
  0x55bd, 0x55bd, 0x55bd, 0x55bd, 0x55bd, 0x55bd, 0x55bd, 0x55bd, 0x55bd, 0x55bd, 0x55bd, 0x55bd,
  0x55bd, 0x55bd, 0x55bd, 0x55bd, 0x55bd, 0x55bd, 0x55bd, 0x55bd, 0x55bd, 0x55bd, 0x55bd, 0x55bd,
  0x55bd, 0x55bd, 0x55bd, 0x55bd, 0x55bd, 0x55bd, 0x55bd, 0x55bd, 0x55bd, 0x55bd, 0x55bd, 0x55bd,
  0x55bd, 0x55bd, 0x55bd, 0x55bd, 0x55bd, 0x55bd, 0x55bd, 0x55bd, 0x55bd, 0x55bd, 0x55bd, 0x55bd,
  0x55bd, 0x55bd, 0x55bd, 0x55bd, 0x55bd, 0x55bd, 0x55bd, 0x55bd, 0x55bd, 0x55bd, 0x55bd, 0x55bd,
  0x55bd, 0x55bd, 0x55bd, 0x55bd, 0x55bd, 0x55bd, 0x55bd, 0x55bd, 0x55bd, 0x55bd, 0x55bd, 0x55bd,
  0x55bd, 0x55bd, 0x55bd, 0x55bd, 0x55bd, 0x55bd, 0x55bd, 0x55bd, 0x55bd, 0x55bd, 0x55bd, 0x55bd,
  0x55bd, 0x55bd, 0x55bd, 0x55bd, 0x55bd, 0x55bd, 0x55bd, 0x55bd, 0x55bd, 0x55bd, 0x55bd, 0x55bd,
  0x55bd, 0x55bd, 0x55bd, 0x55bd, 0x55bd, 0x55bd, 0x55bd, 0x55bd, 0x55bd, 0x55bd, 0x55bd, 0x55bd,
  0x55bd, 0x55bd, 0x55bd, 0x55bd, 0x55bd, 0x55bd, 0x55bd, 0x55bd, 0x55bd, 0x55bd, 0x55bd, 0x55bd,
  0x55bd, 0x55bd, 0x55bd, 0x55bd, 0x55bd, 0x55bd, 0x55bd, 0x55bd, 0x55bd, 0x55bd, 0x55bd, 0x55bd,
  0x55bd, 0x55bd, 0x55bd, 0x55bd, 0x55bd, 0x55bd, 0x55bd, 0x55bd, 0x55bd, 0x55bd, 0x55bd, 0x55bd,
  0x55bd, 0x55bd, 0x55bd, 0x55bd, 0x55bd, 0x55bd, 0x55bd, 0x55bd, 0x55bd, 0x55bd, 0x55bd, 0x55bd,
  0x55bd, 0x55bd, 0x55bd, 0x55bd, 0x55bd, 0x55bd, 0x55bd, 0x55bd, 0x55bd, 0x55bd, 0x55bd, 0x55bd,
  0x55bd, 0x55bd, 0x55bd, 0x55bd, 0x55bd, 0x55bd, 0x55bd, 0x55bd, 0x55bd, 0x55bd, 0x55bd, 0x55bd,
  0x55bd, 0x55bd, 0x55bd, 0x55bd, 0x55bd, 0x55bd, 0x55bd, 0x55bd, 0x55bd, 0x55bd, 0x55bd, 0x55bd,
  0x55bd, 0x55bd, 0x55bd, 0x55bd, 0x55bd, 0x55bd, 0x55bd, 0x55bd, 0x55bd, 0x55bd, 0x55bd, 0x55bd,
  0x55bd, 0x55bd, 0x55bd, 0x55bd, 0x55bd, 0x55bd, 0x55bd, 0x55bd, 0x55bd, 0x55bd, 0x55bd, 0x55bd,
  0x55bd, 0x55bd, 0x55bd, 0x55bd, 0x55bd, 0x55bd, 0x55bd, 0x55bd, 0x55bd, 0x55bd, 0x55bd, 0x55bd,
  0x55bd, 0x55bd, 0x55bd, 0x55bd, 0x55bd, 0x55bd, 0x55bd, 0x55bd, 0x55bd, 0x55bd, 0x55bd, 0x55bd,
  0x55bd, 0x55bd, 0x55bd, 0x55bd, 0x55bd, 0x55bd, 0x55bd, 0x55bd, 0x55bd, 0x55bd, 0x55bd, 0x55bd,
  0x55bd, 0x55bd, 0x55bd, 0x55bd, 0x55bd, 0x55bd, 0x55bd, 0x55bd, 0x55bd, 0x55bd, 0x55bd, 0x55bd,
  0x55bd, 0x55bd, 0x55bd, 0x55bd, 0x55bd, 0x55bd, 0x55bd, 0x55bd, 0x55bd, 0x55bd, 0x55bd, 0x55bd,
  0x55bd, 0x55bd, 0x55bd, 0x55bd, 0x55bd, 0x55bd, 0x55bd, 0x55bd, 0x55bd, 0x55bd, 0x55bd, 0x55bd,
  0x55bd, 0x55bd, 0x55bd, 0x55bd, 0x55bd, 0x55bd, 0x55bd, 0x55bd, 0x55bd, 0x55bd, 0x55bd, 0x55bd,
  0x55bd, 0x55bd, 0x55bd, 0x55bd, 0x55bd, 0x55bd, 0x55bd, 0x55bd, 0x55bd, 0x55bd, 0x55bd, 0x55bd,
  0x55bd, 0x55bd, 0x55bd, 0x55bd, 0x55bd, 0x55bd, 0x55bd, 0x55bd, 0x55bd, 0x55bd, 0x55bd, 0x55bd,
  0x55bd, 0x55bd, 0x55bd, 0x55bd, 0x55bd, 0x55bd, 0x55bd, 0x55bd, 0x55bd, 0x55bd, 0x55bd, 0x55bd,
  0x55bd, 0x55bd, 0x55bd, 0x55bd, 0x55bd, 0x55bd, 0x55bd, 0x55bd, 0x55bd, 0x55bd, 0x55bd, 0x55bd,
  0x55bd, 0x55bd, 0x55bd, 0x55bd, 0x55bd, 0x55bd, 0x55bd, 0x55bd, 0x55bd, 0x55bd, 0x55bd, 0x55bd,
  0x55bd, 0x55bd, 0x55bd, 0x55bd, 0x55bd, 0x55bd, 0x55bd, 0x55bd, 0x55bd, 0x55bd, 0x55bd, 0x55bd,
  0x55bd, 0x55bd, 0x55bd, 0x55bd, 0x55bd, 0x55bd, 0x55bd, 0x55bd, 0x55bd, 0x55bd, 0x55bd, 0x55bd,
  0x55bd, 0x55bd, 0x55bd, 0x55bd, 0x55bd, 0x55bd, 0x55bd, 0x55bd, 0x55bd, 0x55bd, 0x55bd, 0x55bd,
  0x55bd, 0x55bd, 0x55bd, 0x55bd, 0x55bd, 0x55bd, 0x55bd, 0x55bd, 0x55bd, 0x55bd, 0x55bd, 0x55bd,
  0x55bd, 0x55bd, 0x55bd, 0x55bd, 0x55bd, 0x55bd, 0x55bd, 0x55bd, 0x55bd, 0x55bd, 0x55bd, 0x55bd,
  0x55bd, 0x55bd, 0x55bd, 0x55bd, 0x55bd, 0x55bd, 0x55bd, 0x55bd, 0x55bd, 0x55bd, 0x55bd, 0x55bd,
  0x55bd, 0x55bd, 0x55bd, 0x55bd, 0x55bd, 0x55bd, 0x55bd, 0x55bd, 0x55bd, 0x55bd, 0x55bd, 0x55bd,
  0x55bd, 0x55bd, 0x55bd, 0x55bd, 0x55bd, 0x55bd, 0x55bd, 0x55bd, 0x55bd, 0x55bd, 0x55bd, 0x55bd,
  0x55bd, 0x55bd, 0x55bd, 0x55bd, 0x55bd, 0x55bd, 0x55bd, 0x55bd, 0x55bd, 0x55bd, 0x55bd, 0x55bd,
  0x55bd, 0x55bd, 0x55bd, 0x55bd, 0x55bd, 0x55bd, 0x55bd, 0x55bd, 0x55bd, 0x55bd, 0x55bd, 0x55bd,
  0x55bd, 0x55bd, 0x55bd, 0x55bd, 0x55bd, 0x55bd, 0x55bd, 0x55bd, 0x55bd, 0x55bd, 0x55bd, 0x55bd,
  0x55bd, 0x55bd, 0x55bd, 0x55bd, 0x55bd, 0x55bd, 0x55bd, 0x55bd, 0x55bd, 0x55bd, 0x55bd, 0x55bd,
  0x55bd, 0x55bd, 0x55bd, 0x55bd, 0x55bd, 0x55bd, 0x55bd, 0x55bd, 0x55bd, 0x55bd, 0x55bd, 0x55bd,
  0x55bd, 0x55bd, 0x55bd, 0x55bd, 0x55bd, 0x55bd, 0x55bd, 0x55bd, 0x55bd, 0x55bd, 0x55bd, 0x55bd,
  0x55bd, 0x55bd, 0x55bd, 0x55bd, 0x55bd, 0x55bd, 0x55bd, 0x55bd, 0x55bd, 0x55bd, 0x55bd, 0x55bd,
  0x55bd, 0x55bd, 0x55bd, 0x55bd, 0x55bd, 0x55bd, 0x55bd, 0x55bd, 0x55bd, 0x55bd, 0x55bd, 0x55bd,
  0x55bd, 0x55bd, 0x55bd, 0x55bd, 0x55bd, 0x55bd, 0x55bd, 0x55bd, 0x55bd, 0x55bd, 0x55bd, 0x55bd,
  0x55bd, 0x55bd, 0x55bd, 0x55bd, 0x55bd, 0x55bd, 0x55bd, 0x55bd, 0x55bd, 0x55bd, 0x55bd, 0x55bd,
  0x55bd, 0x55bd, 0x55bd, 0x55bd, 0x55bd, 0x55bd, 0x55bd, 0x55bd, 0x55bd, 0x55bd, 0x55bd, 0x55bd,
  0x55bd, 0x55bd, 0x55bd, 0x55bd, 0x55bd, 0x55bd, 0x55bd, 0x55bd, 0x55bd, 0x55bd, 0x55bd, 0x55bd,
  0x55bd, 0x55bd, 0x55bd, 0x55bd, 0x55bd, 0x55bd, 0x55bd, 0x55bd, 0x55bd, 0x55bd, 0x55bd, 0x55bd,
  0x55bd, 0x55bd, 0x55bd, 0x55bd, 0x55bd, 0x55bd, 0x55bd, 0x55bd, 0x55bd, 0x55bd, 0x55bd, 0x55bd,
  0x55bd, 0x55bd, 0x55bd, 0x55bd, 0x55bd, 0x55bd, 0x55bd, 0x55bd, 0x55bd, 0x55bd, 0x55bd, 0x55bd,
  0x55bd, 0x55bd, 0x55bd, 0x55bd, 0x55bd, 0x55bd, 0x55bd, 0x55bd, 0x55bd, 0x55bd, 0x55bd, 0x55bd,
  0x55bd, 0x55bd, 0x55bd, 0x55bd, 0x55bd, 0x55bd, 0x55bd, 0x55bd, 0x55bd, 0x55bd, 0x55bd, 0x55bd,
  0x55bd, 0x55bd, 0x55bd, 0x55bd, 0x55bd, 0x55bd, 0x55bd, 0x55bd, 0x55bd, 0x55bd, 0x55bd, 0x55bd,
  0x55bd, 0x55bd, 0x55bd, 0x55bd, 0x55bd, 0x55bd, 0x55bd, 0x55bd, 0x55bd, 0x55bd, 0x55bd, 0x55bd,
  0x55bd, 0x55bd, 0x55bd, 0x55bd, 0x55bd, 0x55bd, 0x55bd, 0x55bd, 0x55bd, 0x55bd, 0x55bd, 0x55bd,
  0x55bd, 0x55bd, 0x55bd, 0x55bd, 0x55bd, 0x55bd, 0x55bd, 0x55bd, 0x55bd, 0x55bd, 0x55bd, 0x55bd,
  0x55bd, 0x55bd, 0x55bd, 0x55bd, 0x55bd, 0x55bd, 0x55bd, 0x55bd, 0x55bd, 0x55bd, 0x55bd, 0x55bd,
  0x55bd, 0x55bd, 0x55bd, 0x55bd, 0x55bd, 0x55bd, 0x55bd, 0x55bd, 0x55bd, 0x55bd, 0x55bd, 0x55bd,
  0x55bd, 0x55bd, 0x55bd, 0x55bd, 0x55bd, 0x55bd, 0x55bd, 0x55bd, 0x55bd, 0x55bd, 0x55bd, 0x55bd,
  0x55bd, 0x55bd, 0x55bd, 0x55bd, 0x55bd, 0x55bd, 0x55bd, 0x55bd, 0x55bd, 0x55bd, 0x55bd, 0x55bd,
  0x55bd, 0x55bd, 0x55bd, 0x55bd, 0x55bd, 0x55bd, 0x55bd, 0x55bd, 0x55bd, 0x55bd, 0x55bd, 0x55bd,
  0x55bd, 0x55bd, 0x55bd, 0x55bd, 0x55bd, 0x55bd, 0x55bd, 0x55bd, 0x55bd, 0x55bd, 0x55bd, 0x55bd,
  0x55bd, 0x55bd, 0x55bd, 0x55bd, 0x55bd, 0x55bd, 0x55bd, 0x55bd, 0x55bd, 0x55bd, 0x55bd, 0x55bd,
  0x55bd, 0x55bd, 0x55bd, 0x55bd, 0x55bd, 0x55bd, 0x55bd, 0x55bd, 0x55bd, 0x55bd, 0x55bd, 0x55bd,
  0x55bd, 0x55bd, 0x55bd, 0x55bd, 0x55bd, 0x55bd, 0x55bd, 0x55bd, 0x55bd, 0x55bd, 0x55bd, 0x55bd,
  0x55bd, 0x55bd, 0x55bd, 0x55bd, 0x55bd, 0x55bd, 0x55bd, 0x55bd, 0x55bd, 0x55bd, 0x55bd, 0x55bd,
  0x55bd, 0x55bd, 0x55bd, 0x55bd, 0x55bd, 0x55bd, 0x55bd, 0x55bd, 0x55bd, 0x55bd, 0x55bd, 0x55bd,
  0x55bd, 0x55bd, 0x55bd, 0x55bd, 0x55bd, 0x55bd, 0x55bd, 0x55bd, 0x55bd, 0x55bd, 0x55bd, 0x55bd,
  0x55bd, 0x55bd, 0x55bd, 0x55bd, 0x55bd, 0x55bd, 0x55bd, 0x55bd, 0x55bd, 0x55bd, 0x55bd, 0x55bd,
  0x55bd, 0x55bd, 0x55bd, 0x55bd, 0x55bd, 0x55bd, 0x55bd, 0x55bd, 0x55bd, 0x55bd, 0x55bd, 0x55bd,
  0x55bd, 0x55bd, 0x55bd, 0x55bd, 0x55bd, 0x55bd, 0x55bd, 0x55bd, 0x55bd, 0x55bd, 0x55bd, 0x55bd,
  0x55bd, 0x55bd, 0x55bd, 0x55bd, 0x55bd, 0x55bd, 0x55bd, 0x55bd, 0x55bd, 0x55bd, 0x55bd, 0x55bd,
  0x55bd, 0x55bd, 0x55bd, 0x55bd, 0x55bd, 0x55bd, 0x55bd, 0x55bd, 0x55bd, 0x55bd, 0x55bd, 0x55bd,
  0x55bd, 0x55bd, 0x55bd, 0x55bd, 0x55bd, 0x55bd, 0x55bd, 0x55bd, 0x55bd, 0x55bd, 0x55bd, 0x55bd,
  0x55bd, 0x55bd, 0x55bd, 0x55bd, 0x55bd, 0x55bd, 0x55bd, 0x55bd, 0x55bd, 0x55bd, 0x55bd, 0x55bd,
  0x55bd, 0x55bd, 0x55bd, 0x55bd, 0x55bd, 0x55bd, 0x55bd, 0x55bd, 0x55bd, 0x55bd, 0x55bd, 0x55bd,
  0x55bd, 0x55bd, 0x55bd, 0x55bd, 0x55bd, 0x55bd, 0x55bd, 0x55bd, 0x55bd, 0x55bd, 0x55bd, 0x55bd,
  0x55bd, 0x55bd, 0x55bd, 0x55bd, 0x55bd, 0x55bd, 0x55bd, 0x55bd, 0x55bd, 0x55bd, 0x55bd, 0x55bd,
  0x55bd, 0x55bd, 0x55bd, 0x55bd, 0x55bd, 0x55bd, 0x55bd, 0x55bd, 0x55bd, 0x55bd, 0x55bd, 0x55bd,
  0x55bd, 0x55bd, 0x55bd, 0x55bd, 0x55bd, 0x55bd, 0x55bd, 0x55bd, 0x55bd, 0x55bd, 0x55bd, 0x55bd,
  0x55bd, 0x55bd, 0x55bd, 0x55bd, 0x55bd, 0x55bd, 0x55bd, 0x55bd, 0x55bd, 0x55bd, 0x55bd, 0x55bd,
  0x55bd, 0x55bd, 0x55bd, 0x55bd, 0x55bd, 0x55bd, 0x55bd, 0x55bd, 0x55bd, 0x55bd, 0x55bd, 0x55bd,
  0x55bd, 0x55bd, 0x55bd, 0x55bd, 0x55bd, 0x55bd, 0x55bd, 0x55bd, 0x55bd, 0x55bd, 0x55bd, 0x55bd,
  0x55bd, 0x55bd, 0x55bd, 0x55bd, 0x55bd, 0x55bd, 0x55bd, 0x55bd, 0x55bd, 0x55bd, 0x55bd, 0x55bd,
  0x55bd, 0x55bd, 0x55bd, 0x55bd, 0x55bd, 0x55bd, 0x55bd, 0x55bd, 0x55bd, 0x55bd, 0x55bd, 0x55bd,
  0x55bd, 0x55bd, 0x55bd, 0x55bd, 0x55bd, 0x55bd, 0x55bd, 0x55bd, 0x55bd, 0x55bd, 0x55bd, 0x55bd,
  0x55bd, 0x55bd, 0x55bd, 0x55bd, 0x55bd, 0x55bd, 0x55bd, 0x55bd, 0x55bd, 0x55bd, 0x55bd, 0x55bd,
  0x55bd, 0x55bd, 0x55bd, 0x55bd, 0x55bd, 0x55bd, 0x55bd, 0x55bd, 0x55bd, 0x55bd, 0x55bd, 0x55bd,
  0x55bd, 0x55bd, 0x55bd, 0x55bd, 0x55bd, 0x55bd, 0x55bd, 0x55bd, 0x55bd, 0x55bd, 0x55bd, 0x55bd,
  0x55bd, 0x55bd, 0x55bd, 0x55bd, 0x55bd, 0x55bd, 0x55bd, 0x55bd, 0x55bd, 0x55bd, 0x55bd, 0x55bd,
  0x55bd, 0x55bd, 0x55bd, 0x55bd, 0x55bd, 0x55bd, 0x55bd, 0x55bd, 0x55bd, 0x55bd, 0x55bd, 0x55bd,
  0x55bd, 0x55bd, 0x55bd, 0x55bd, 0x55bd, 0x55bd, 0x55bd, 0x55bd, 0x55bd, 0x55bd, 0x55bd, 0x55bd,
  0x55bd, 0x55bd, 0x55bd, 0x55bd, 0x55bd, 0x55bd, 0x55bd, 0x55bd, 0x55bd, 0x55bd, 0x55bd, 0x55bd,
  0x55bd, 0x55bd, 0x55bd, 0x55bd, 0x55bd, 0x55bd, 0x55bd, 0x55bd, 0x55bd, 0x55bd, 0x55bd, 0x55bd,
  0x55bd, 0x55bd, 0x55bd, 0x55bd, 0x55bd, 0x55bd, 0x55bd, 0x55bd, 0x55bd, 0x55bd, 0x55bd, 0x55bd,
  0x55bd, 0x55bd, 0x55bd, 0x55bd, 0x55bd, 0x55bd, 0x55bd, 0x55bd, 0x55bd, 0x55bd, 0x55bd, 0x55bd,
  0x55bd, 0x55bd, 0x55bd, 0x55bd, 0x55bd, 0x55bd, 0x55bd, 0x55bd, 0x55bd, 0x55bd, 0x55bd, 0x55bd,
  0x55bd, 0x55bd, 0x55bd, 0x55bd, 0x55bd, 0x55bd, 0x55bd, 0x55bd, 0x55bd, 0x55bd, 0x55bd, 0x55bd,
  0x55bd, 0x55bd, 0x55bd, 0x55bd, 0x55bd, 0x55bd, 0x55bd, 0x55bd, 0x55bd, 0x55bd, 0x55bd, 0x55bd,
  0x55bd, 0x55bd, 0x55bd, 0x55bd, 0x55bd, 0x55bd, 0x55bd, 0x55bd, 0x55bd, 0x55bd, 0x55bd, 0x55bd,
  0x55bd, 0x55bd, 0x55bd, 0x55bd, 0x55bd, 0x55bd, 0x55bd, 0x55bd, 0x55bd, 0x55bd, 0x55bd, 0x55bd,
  0x55bd, 0x55bd, 0x55bd, 0x55bd, 0x55bd, 0x55bd, 0x55bd, 0x55bd, 0x55bd, 0x55bd, 0x55bd, 0x55bd,
  0x55bd, 0x55bd, 0x55bd, 0x55bd, 0x55bd, 0x55bd, 0x55bd, 0x55bd, 0x55bd, 0x55bd, 0x55bd, 0x55bd,
  0x55bd, 0x55bd, 0x55bd, 0x55bd, 0x55bd, 0x55bd, 0x55bd, 0x55bd, 0x55bd, 0x55bd, 0x55bd, 0x55bd,
  0x55bd, 0x55bd, 0x55bd, 0x55bd, 0x55bd, 0x55bd, 0x55bd, 0x55bd, 0x55bd, 0x55bd, 0x55bd, 0x55bd,
  0x55bd, 0x55bd, 0x55bd, 0x55bd, 0x55bd, 0x55bd, 0x55bd, 0x55bd, 0x55bd, 0x55bd, 0x55bd, 0x55bd,
  0x55bd, 0x55bd, 0x55bd, 0x55bd, 0x55bd, 0x55bd, 0x55bd, 0x55bd, 0x55bd, 0x55bd, 0x55bd, 0x55bd,
  0x55bd, 0x55bd, 0x55bd, 0x55bd, 0x55bd, 0x55bd, 0x55bd, 0x55bd, 0x55bd, 0x55bd, 0x55bd, 0x55bd,
  0x55bd, 0x55bd, 0x55bd, 0x55bd, 0x55bd, 0x55bd, 0x55bd, 0x55bd, 0x55bd, 0x55bd, 0x55bd, 0x55bd,
  0x55bd, 0x55bd, 0x55bd, 0x55bd, 0x55bd, 0x55bd, 0x55bd, 0x55bd, 0x55bd, 0x55bd, 0x55bd, 0x55bd,
  0x55bd, 0x55bd, 0x55bd, 0x55bd, 0x55bd, 0x55bd, 0x55bd, 0x55bd, 0x55bd, 0x55bd, 0x55bd, 0x55bd,
  0x55bd, 0x55bd, 0x55bd, 0x55bd, 0x55bd, 0x55bd, 0x55bd, 0x55bd, 0x55bd, 0x55bd, 0x55bd, 0x55bd,
  0x55bd, 0x55bd, 0x55bd, 0x55bd, 0x55bd, 0x55bd, 0x55bd, 0x55bd, 0x55bd, 0x55bd, 0x55bd, 0x55bd,
  0x55bd, 0x55bd, 0x55bd, 0x55bd, 0x55bd, 0x55bd, 0x55bd, 0x55bd, 0x55bd, 0x55bd, 0x55bd, 0x55bd,
  0x55bd, 0x55bd, 0x55bd, 0x55bd, 0x55bd, 0x55bd, 0x55bd, 0x55bd, 0x55bd, 0x55bd, 0x55bd, 0x55bd,
  0x55bd, 0x55bd, 0x55bd, 0x55bd, 0x55bd, 0x55bd, 0x55bd, 0x55bd, 0x55bd, 0x55bd, 0x55bd, 0x55bd,
  0x55bd, 0x55bd, 0x55bd, 0x55bd, 0x55bd, 0x55bd, 0x55bd, 0x55bd, 0x55bd, 0x55bd, 0x55bd, 0x55bd,
  0x55bd, 0x55bd, 0x55bd, 0x55bd, 0x55bd, 0x55bd, 0x55bd, 0x55bd, 0x55bd, 0x55bd, 0x55bd, 0x55bd,
  0x55bd, 0x55bd, 0x55bd, 0x55bd, 0x55bd, 0x55bd, 0x55bd, 0x55bd, 0x55bd, 0x55bd, 0x55bd, 0x55bd,
  0x55bd, 0x55bd, 0x55bd, 0x55bd, 0x55bd, 0x55bd, 0x55bd, 0x55bd, 0x55bd, 0x55bd, 0x55bd, 0x55bd,
  0x55bd, 0x55bd, 0x55bd, 0x55bd, 0x55bd, 0x55bd, 0x55bd, 0x55bd, 0x55bd, 0x55bd, 0x55bd, 0x55bd,
  0x55bd, 0x55bd, 0x55bd, 0x55bd, 0x55bd, 0x55bd, 0x55bd, 0x55bd, 0x55bd, 0x55bd, 0x55bd, 0x55bd,
  0x55bd, 0x55bd, 0x55bd, 0x55bd, 0x55bd, 0x55bd, 0x55bd, 0x55bd, 0x55bd, 0x55bd, 0x55bd, 0x55bd,
  0x55bd, 0x55bd, 0x55bd, 0x55bd, 0x55bd, 0x55bd, 0x55bd, 0x55bd, 0x55bd, 0x55bd, 0x55bd, 0x55bd,
  0x55bd, 0x55bd, 0x55bd, 0x55bd, 0x55bd, 0x55bd, 0x55bd, 0x55bd, 0x55bd, 0x55bd, 0x55bd, 0x55bd,
  0x55bd, 0x55bd, 0x55bd, 0x55bd, 0x55bd, 0x55bd, 0x55bd, 0x55bd, 0x55bd, 0x55bd, 0x55bd, 0x55bd,
  0x55bd, 0x55bd, 0x55bd, 0x55bd, 0x55bd, 0x55bd, 0x55bd, 0x55bd, 0x55bd, 0x55bd, 0x55bd, 0x55bd,
  0x55bd, 0x55bd, 0x55bd, 0x55bd, 0x55bd, 0x55bd, 0x55bd, 0x55bd, 0x55bd, 0x55bd, 0x55bd, 0x55bd,
  0x55bd, 0x55bd, 0x55bd, 0x55bd, 0x55bd, 0x55bd, 0x55bd, 0x55bd, 0x55bd, 0x55bd, 0x55bd, 0x55bd,
  0x55bd, 0x55bd, 0x55bd, 0x55bd, 0x55bd, 0x55bd, 0x55bd, 0x55bd, 0x55bd, 0x55bd, 0x55bd, 0x55bd,
  0x55bd, 0x55bd, 0x55bd, 0x55bd, 0x55bd, 0x55bd, 0x55bd, 0x55bd, 0x55bd, 0x55bd, 0x55bd, 0x55bd,
  0x55bd, 0x55bd, 0x55bd, 0x55bd, 0x55bd, 0x55bd, 0x55bd, 0x55bd, 0x55bd, 0x55bd, 0x55bd, 0x55bd,
  0x55bd, 0x55bd, 0x55bd, 0x55bd, 0x55bd, 0x55bd, 0x55bd, 0x55bd, 0x55bd, 0x55bd, 0x55bd, 0x55bd,
  0x55bd, 0x55bd, 0x55bd, 0x55bd, 0x55bd, 0x55bd, 0x55bd, 0x55bd, 0x55bd, 0x55bd, 0x55bd, 0x55bd,
  0x55bd, 0x55bd, 0x55bd, 0x55bd, 0x55bd, 0x55bd, 0x55bd, 0x55bd, 0x55bd, 0x55bd, 0x55bd, 0x55bd,
  0x55bd, 0x55bd, 0x55bd, 0x55bd, 0x55bd, 0x55bd, 0x55bd, 0x55bd, 0x55bd, 0x55bd, 0x55bd, 0x55bd,
  0x55bd, 0x55bd, 0x55bd, 0x55bd, 0x55bd, 0x55bd, 0x55bd, 0x55bd, 0x55bd, 0x55bd, 0x55bd, 0x55bd,
  0x55bd, 0x55bd, 0x55bd, 0x55bd, 0x55bd, 0x55bd, 0x55bd, 0x55bd, 0x55bd, 0x55bd, 0x55bd, 0x55bd,
  0x55bd, 0x55bd, 0x55bd, 0x55bd, 0x55bd, 0x55bd, 0x55bd, 0x55bd, 0x55bd, 0x55bd, 0x55bd, 0x55bd,
  0x55bd, 0x55bd, 0x55bd, 0x55bd, 0x55bd, 0x55bd, 0x55bd, 0x55bd, 0x55bd, 0x55bd, 0x55bd, 0x55bd,
  0x55bd, 0x55bd, 0x55bd, 0x55bd, 0x55bd, 0x55bd, 0x55bd, 0x55bd, 0x55bd, 0x55bd, 0x55bd, 0x55bd,
  0x55bd, 0x55bd, 0x55bd, 0x55bd, 0x55bd, 0x55bd, 0x55bd, 0x55bd, 0x55bd, 0x55bd, 0x55bd, 0x55bd,
  0x55bd, 0x55bd, 0x55bd, 0x55bd, 0x55bd, 0x55bd, 0x55bd, 0x55bd, 0x55bd, 0x55bd, 0x55bd, 0x55bd,
  0x55bd, 0x55bd, 0x55bd, 0x55bd, 0x55bd, 0x55bd, 0x55bd, 0x55bd, 0x55bd, 0x55bd, 0x55bd, 0x55bd,
  0x55bd, 0x55bd, 0x55bd, 0x55bd, 0x55bd, 0x55bd, 0x55bd, 0x55bd, 0x55bd, 0x55bd, 0x55bd, 0x55bd,
  0x55bd, 0x55bd, 0x55bd, 0x55bd, 0x55bd, 0x55bd, 0x55bd, 0x55bd, 0x55bd, 0x55bd, 0x55bd, 0x55bd,
  0x55bd, 0x55bd, 0x55bd, 0x55bd, 0x55bd, 0x55bd, 0x55bd, 0x55bd, 0x55bd, 0x55bd, 0x55bd, 0x55bd,
  0x55bd, 0x55bd, 0x55bd, 0x55bd, 0x55bd, 0x55bd, 0x55bd, 0x55bd, 0x55bd, 0x55bd, 0x55bd, 0x55bd,
  0x55bd, 0x55bd, 0x55bd, 0x55bd, 0x55bd, 0x55bd, 0x55bd, 0x55bd, 0x55bd, 0x55bd, 0x55bd, 0x55bd,
  0x55bd, 0x55bd, 0x55bd, 0x55bd, 0x55bd, 0x55bd, 0x55bd, 0x55bd, 0x55bd, 0x55bd, 0x55bd, 0x55bd,
  0x55bd, 0x55bd, 0x55bd, 0x55bd, 0x55bd, 0x55bd, 0x55bd, 0x55bd, 0x55bd, 0x55bd, 0x55bd, 0x55bd,
  0x55bd, 0x55bd, 0x55bd, 0x55bd, 0x55bd, 0x55bd, 0x55bd, 0x55bd, 0x55bd, 0x55bd, 0x55bd, 0x55bd,
  0x55bd, 0x55bd, 0x55bd, 0x55bd, 0x55bd, 0x55bd, 0x55bd, 0x55bd, 0x55bd, 0x55bd, 0x55bd, 0x55bd,
  0x55bd, 0x55bd, 0x55bd, 0x55bd, 0x55bd, 0x55bd, 0x55bd, 0x55bd, 0x55bd, 0x55bd, 0x55bd, 0x55bd,
  0x55bd, 0x55bd, 0x55bd, 0x55bd, 0x55bd, 0x55bd, 0x55bd, 0x55bd, 0x55bd, 0x55bd, 0x55bd, 0x55bd,
  0x55bd, 0x55bd, 0x55bd, 0x55bd, 0x55bd, 0x55bd, 0x55bd, 0x55bd, 0x55bd, 0x55bd, 0x55bd, 0x55bd,
  0x55bd, 0x55bd, 0x55bd, 0x55bd, 0x55bd, 0x55bd, 0x55bd, 0x55bd, 0x55bd, 0x55bd, 0x55bd, 0x55bd,
  0x55bd, 0x55bd, 0x55bd, 0x55bd, 0x55bd, 0x55bd, 0x55bd, 0x55bd, 0x55bd, 0x55bd, 0x55bd, 0x55bd,
  0x55bd, 0x55bd, 0x55bd, 0x55bd, 0x55bd, 0x55bd, 0x55bd, 0x55bd, 0x55bd, 0x55bd, 0x55bd, 0x55bd,
  0x55bd, 0x55bd, 0x55bd, 0x55bd, 0x55bd, 0x55bd, 0x55bd, 0x55bd, 0x55bd, 0x55bd, 0x55bd, 0x55bd,
  0x55bd, 0x55bd, 0x55bd, 0x55bd, 0x55bd, 0x55bd, 0x55bd, 0x55bd, 0x55bd, 0x55bd, 0x55bd, 0x55bd,
  0x55bd, 0x55bd, 0x55bd, 0x55bd, 0x55bd, 0x55bd, 0x55bd, 0x55bd, 0x55bd, 0x55bd, 0x55bd, 0x55bd,
  0x55bd, 0x55bd, 0x55bd, 0x55bd, 0x55bd, 0x55bd, 0x55bd, 0x55bd, 0x55bd, 0x55bd, 0x55bd, 0x55bd,
  0x55bd, 0x55bd, 0x55bd, 0x55bd, 0x55bd, 0x55bd, 0x55bd, 0x55bd, 0x55bd, 0x55bd, 0x55bd, 0x55bd,
  0x55bd, 0x55bd, 0x55bd, 0x55bd, 0x55bd, 0x55bd, 0x55bd, 0x55bd, 0x55bd, 0x55bd, 0x55bd, 0x55bd,
  0x55bd, 0x55bd, 0x55bd, 0x55bd, 0x55bd, 0x55bd, 0x55bd, 0x55bd, 0x55bd, 0x55bd, 0x55bd, 0x55bd,
  0x55bd, 0x55bd, 0x55bd, 0x55bd, 0x55bd, 0x55bd, 0x55bd, 0x55bd, 0x55bd, 0x55bd, 0x55bd, 0x55bd,
  0x55bd, 0x55bd, 0x55bd, 0x55bd, 0x55bd, 0x55bd, 0x55bd, 0x55bd, 0x55bd, 0x55bd, 0x55bd, 0x55bd,
  0x55bd, 0x55bd, 0x55bd, 0x55bd, 0x55bd, 0x55bd, 0x55bd, 0x55bd, 0x55bd, 0x55bd, 0x55bd, 0x55bd,
  0x55bd, 0x55bd, 0x55bd, 0x55bd, 0x55bd, 0x55bd, 0x55bd, 0x55bd, 0x55bd, 0x55bd, 0x55bd, 0x55bd,
  0x55bd, 0x55bd, 0x55bd, 0x55bd, 0x55bd, 0x55bd, 0x55bd, 0x55bd, 0x55bd, 0x55bd, 0x55bd, 0x55bd,
  0x55bd, 0x55bd, 0x55bd, 0x55bd, 0x55bd, 0x55bd, 0x55bd, 0x55bd, 0x55bd, 0x55bd, 0x55bd, 0x55bd,
  0x55bd, 0x55bd, 0x55bd, 0x55bd, 0x55bd, 0x55bd, 0x55bd, 0x55bd, 0x55bd, 0x55bd, 0x55bd, 0x55bd,
  0x55bd, 0x55bd, 0x55bd, 0x55bd, 0x55bd, 0x55bd, 0x55bd, 0x55bd, 0x55bd, 0x55bd, 0x55bd, 0x55bd,
  0x55bd, 0x55bd, 0x55bd, 0x55bd, 0x55bd, 0x55bd, 0x55bd, 0x55bd, 0x55bd, 0x55bd, 0x55bd, 0x55bd,
  0x55bd, 0x55bd, 0x55bd, 0x55bd, 0x55bd, 0x55bd, 0x55bd, 0x55bd, 0x55bd, 0x55bd, 0x55bd, 0x55bd,
  0x55bd, 0x55bd, 0x55bd, 0x55bd, 0x55bd, 0x55bd, 0x55bd, 0x55bd, 0x55bd, 0x55bd, 0x55bd, 0x55bd,
  0x55bd, 0x55bd, 0x55bd, 0x55bd, 0x55bd, 0x55bd, 0x55bd, 0x55bd, 0x55bd, 0x55bd, 0x55bd, 0x55bd,
  0x55bd, 0x55bd, 0x55bd, 0x55bd, 0x55bd, 0x55bd, 0x55bd, 0x55bd, 0x55bd, 0x55bd, 0x55bd, 0x55bd,
  0x55bd, 0x55bd, 0x55bd, 0x55bd, 0x55bd, 0x55bd, 0x55bd, 0x55bd, 0x55bd, 0x55bd, 0x55bd, 0x55bd,
  0x55bd, 0x55bd, 0x55bd, 0x55bd, 0x55bd, 0x55bd, 0x55bd, 0x55bd, 0x55bd, 0x55bd, 0x55bd, 0x55bd,
  0x55bd, 0x55bd, 0x55bd, 0x55bd, 0x55bd, 0x55bd, 0x55bd, 0x55bd, 0x55bd, 0x55bd, 0x55bd, 0x55bd,
  0x55bd, 0x55bd, 0x55bd, 0x55bd, 0x55bd, 0x55bd, 0x55bd, 0x55bd, 0x55bd, 0x55bd, 0x55bd, 0x55bd,
  0x55bd, 0x55bd, 0x55bd, 0x55bd, 0x55bd, 0x55bd, 0x55bd, 0x55bd, 0x55bd, 0x55bd, 0x55bd, 0x55bd,
  0x55bd, 0x55bd, 0x55bd, 0x55bd, 0x55bd, 0x55bd, 0x55bd, 0x55bd, 0x55bd, 0x55bd, 0x55bd, 0x55bd,
  0x55bd, 0x55bd, 0x55bd, 0x55bd, 0x55bd, 0x55bd, 0x55bd, 0x55bd, 0x55bd, 0x55bd, 0x55bd, 0x55bd,
  0x55bd, 0x55bd, 0x55bd, 0x55bd, 0x55bd, 0x55bd, 0x55bd, 0x55bd, 0x55bd, 0x55bd, 0x55bd, 0x55bd,
  0x55bd, 0x55bd, 0x55bd, 0x55bd, 0x55bd, 0x55bd, 0x55bd, 0x55bd, 0x55bd, 0x55bd, 0x55bd, 0x55bd,
  0x55bd, 0x55bd, 0x55bd, 0x55bd, 0x55bd, 0x55bd, 0x55bd, 0x55bd, 0x55bd, 0x55bd, 0x55bd, 0x55bd,
  0x55bd, 0x55bd, 0x55bd, 0x55bd, 0x55bd, 0x55bd, 0x55bd, 0x55bd, 0x55bd, 0x55bd, 0x55bd, 0x55bd,
  0x55bd, 0x55bd, 0x55bd, 0x55bd, 0x55bd, 0x55bd, 0x55bd, 0x55bd, 0x55bd, 0x55bd, 0x55bd, 0x55bd,
  0x55bd, 0x55bd, 0x55bd, 0x55bd, 0x55bd, 0x55bd, 0x55bd, 0x55bd, 0x55bd, 0x55bd, 0x55bd, 0x55bd,
  0x55bd, 0x55bd, 0x55bd, 0x55bd, 0x55bd, 0x55bd, 0x55bd, 0x55bd, 0x55bd, 0x55bd, 0x55bd, 0x55bd,
  0x55bd, 0x55bd, 0x55bd, 0x55bd, 0x55bd, 0x55bd, 0x55bd, 0x55bd, 0x55bd, 0x55bd, 0x55bd, 0x55bd,
  0x55bd, 0x55bd, 0x55bd, 0x55bd, 0x55bd, 0x55bd, 0x55bd, 0x55bd, 0x55bd, 0x55bd, 0x55bd, 0x55bd,
  0x55bd, 0x55bd, 0x55bd, 0x55bd, 0x55bd, 0x55bd, 0x55bd, 0x55bd, 0x55bd, 0x55bd, 0x55bd, 0x55bd,
  0x55bd, 0x55bd, 0x55bd, 0x55bd, 0x55bd, 0x55bd, 0x55bd, 0x55bd, 0x55bd, 0x55bd, 0x55bd, 0x55bd,
  0x55bd, 0x55bd, 0x55bd, 0x55bd, 0x55bd, 0x55bd, 0x55bd, 0x55bd, 0x55bd, 0x55bd, 0x55bd, 0x55bd,
  0x55bd, 0x55bd, 0x55bd, 0x55bd, 0x55bd, 0x55bd, 0x55bd, 0x55bd, 0x55bd, 0x55bd, 0x55bd, 0x55bd,
  0x55bd, 0x55bd, 0x55bd, 0x55bd, 0x55bd, 0x55bd, 0x55bd, 0x55bd, 0x55bd, 0x55bd, 0x55bd, 0x55bd,
  0x55bd, 0x55bd, 0x55bd, 0x55bd, 0x55bd, 0x55bd, 0x55bd, 0x55bd, 0x55bd, 0x55bd, 0x55bd, 0x55bd,
  0x55bd, 0x55bd, 0x55bd, 0x55bd, 0x55bd, 0x55bd, 0x55bd, 0x55bd, 0x55bd, 0x55bd, 0x55bd, 0x55bd,
  0x55bd, 0x55bd, 0x55bd, 0x55bd, 0x55bd, 0x55bd, 0x55bd, 0x55bd, 0x55bd, 0x55bd, 0x55bd, 0x55bd,
  0x55bd, 0x55bd, 0x55bd, 0x55bd, 0x55bd, 0x55bd, 0x55bd, 0x55bd, 0x55bd, 0x55bd, 0x55bd, 0x55bd,
  0x55bd, 0x55bd, 0x55bd, 0x55bd, 0x55bd, 0x55bd, 0x55bd, 0x55bd, 0x55bd, 0x55bd, 0x55bd, 0x55bd,
  0x55bd, 0x55bd, 0x55bd, 0x55bd, 0x55bd, 0x55bd, 0x55bd, 0x55bd, 0x55bd, 0x55bd, 0x55bd, 0x55bd,
  0x55bd, 0x55bd, 0x55bd, 0x55bd, 0x55bd, 0x55bd, 0x55bd, 0x55bd, 0x55bd, 0x55bd, 0x55bd, 0x55bd,
  0x55bd, 0x55bd, 0x55bd, 0x55bd, 0x55bd, 0x55bd, 0x55bd, 0x55bd, 0x55bd, 0x55bd, 0x55bd, 0x55bd,
  0x55bd, 0x55bd, 0x55bd, 0x55bd, 0x55bd, 0x55bd, 0x55bd, 0x55bd, 0x55bd, 0x55bd, 0x55bd, 0x55bd,
  0x55bd, 0x55bd, 0x55bd, 0x55bd, 0x55bd, 0x55bd, 0x55bd, 0x55bd, 0x55bd, 0x55bd, 0x55bd, 0x55bd,
  0x55bd, 0x55bd, 0x55bd, 0x55bd, 0x55bd, 0x55bd, 0x55bd, 0x55bd, 0x55bd, 0x55bd, 0x55bd, 0x55bd,
  0x55bd, 0x55bd, 0x55bd, 0x55bd, 0x55bd, 0x55bd, 0x55bd, 0x55bd, 0x55bd, 0x55bd, 0x55bd, 0x55bd,
  0x55bd, 0x55bd, 0x55bd, 0x55bd, 0x55bd, 0x55bd, 0x55bd, 0x55bd, 0x55bd, 0x55bd, 0x55bd, 0x55bd,
  0x55bd, 0x55bd, 0x55bd, 0x55bd, 0x55bd, 0x55bd, 0x55bd, 0x55bd, 0x55bd, 0x55bd, 0x55bd, 0x55bd,
  0x55bd, 0x55bd, 0x55bd, 0x55bd, 0x55bd, 0x55bd, 0x55bd, 0x55bd, 0x55bd, 0x55bd, 0x55bd, 0x55bd,
  0x55bd, 0x55bd, 0x55bd, 0x55bd, 0x55bd, 0x55bd, 0x55bd, 0x55bd, 0x55bd, 0x55bd, 0x55bd, 0x55bd,
  0x55bd, 0x55bd, 0x55bd, 0x55bd, 0x55bd, 0x55bd, 0x55bd, 0x55bd, 0x55bd, 0x55bd, 0x55bd, 0x55bd,
  0x55bd, 0x55bd, 0x55bd, 0x55bd, 0x55bd, 0x55bd, 0x55bd, 0x55bd, 0x55bd, 0x55bd, 0x55bd, 0x55bd,
  0x55bd, 0x55bd, 0x55bd, 0x55bd, 0x55bd, 0x55bd, 0x55bd, 0x55bd, 0x55bd, 0x55bd, 0x55bd, 0x55bd,
  0x55bd, 0x55bd, 0x55bd, 0x55bd, 0x55bd, 0x55bd, 0x55bd, 0x55bd, 0x55bd, 0x55bd, 0x55bd, 0x55bd,
  0x55bd, 0x55bd, 0x55bd, 0x55bd, 0x55bd, 0x55bd, 0x55bd, 0x55bd, 0x55bd, 0x55bd, 0x55bd, 0x55bd,
  0x55bd, 0x55bd, 0x55bd, 0x55bd, 0x55bd, 0x55bd, 0x55bd, 0x55bd, 0x55bd, 0x55bd, 0x55bd, 0x55bd,
  0x55bd, 0x55bd, 0x55bd, 0x55bd, 0x55bd, 0x55bd, 0x55bd, 0x55bd, 0x55bd, 0x55bd, 0x55bd, 0x55bd,
  0x55bd, 0x55bd, 0x55bd, 0x55bd, 0x55bd, 0x55bd, 0x55bd, 0x55bd, 0x55bd, 0x55bd, 0x55bd, 0x55bd,
  0x55bd, 0x55bd, 0x55bd, 0x55bd, 0x55bd, 0x55bd, 0x55bd, 0x55bd, 0x55bd, 0x55bd, 0x55bd, 0x55bd,
  0x55bd, 0x55bd, 0x55bd, 0x55bd, 0x55bd, 0x55bd, 0x55bd, 0x55bd, 0x55bd, 0x55bd, 0x55bd, 0x55bd,
  0x55bd, 0x55bd, 0x55bd, 0x55bd, 0x55bd, 0x55bd, 0x55bd, 0x55bd, 0x55bd, 0x55bd, 0x55bd, 0x55bd,
  0x55bd, 0x55bd, 0x55bd, 0x55bd, 0x55bd, 0x55bd, 0x55bd, 0x55bd, 0x55bd, 0x55bd, 0x55bd, 0x55bd,
  0x55bd, 0x55bd, 0x55bd, 0x55bd, 0x55bd, 0x55bd, 0x55bd, 0x55bd, 0x55bd, 0x55bd, 0x55bd, 0x55bd,
  0x55bd, 0x55bd, 0x55bd, 0x55bd, 0x55bd, 0x55bd, 0x55bd, 0x55bd, 0x55bd, 0x55bd, 0x55bd, 0x55bd,
  0x55bd, 0x55bd, 0x55bd, 0x55bd, 0x55bd, 0x55bd, 0x55bd, 0x55bd, 0x55bd, 0x55bd, 0x55bd, 0x55bd,
  0x55bd, 0x55bd, 0x55bd, 0x55bd, 0x55bd, 0x55bd, 0x55bd, 0x55bd, 0x55bd, 0x55bd, 0x55bd, 0x55bd,
  0x55bd, 0x55bd, 0x55bd, 0x55bd, 0x55bd, 0x55bd, 0x55bd, 0x55bd, 0x55bd, 0x55bd, 0x55bd, 0x55bd,
  0x55bd, 0x55bd, 0x55bd, 0x55bd, 0x55bd, 0x55bd, 0x55bd, 0x55bd, 0x55bd, 0x55bd, 0x55bd, 0x55bd,
  0x55bd, 0x55bd, 0x55bd, 0x55bd, 0x55bd, 0x55bd, 0x55bd, 0x55bd, 0x55bd, 0x55bd, 0x55bd, 0x55bd,
  0x55bd, 0x55bd, 0x55bd, 0x55bd, 0x55bd, 0x55bd, 0x55bd, 0x55bd, 0x55bd, 0x55bd, 0x55bd, 0x55bd,
  0x55bd, 0x55bd, 0x55bd, 0x55bd, 0x55bd, 0x55bd, 0x55bd, 0x55bd, 0x55bd, 0x55bd, 0x55bd, 0x55bd,
  0x55bd, 0x55bd, 0x55bd, 0x55bd, 0x55bd, 0x55bd, 0x55bd, 0x55bd, 0x55bd, 0x55bd, 0x55bd, 0x55bd,
  0x55bd, 0x55bd, 0x55bd, 0x55bd, 0x55bd, 0x55bd, 0x55bd, 0x55bd, 0x55bd, 0x55bd, 0x55bd, 0x55bd,
  0x55bd, 0x55bd, 0x55bd, 0x55bd, 0x55bd, 0x55bd, 0x55bd, 0x55bd, 0x55bd, 0x55bd, 0x55bd, 0x55bd,
  0x55bd, 0x55bd, 0x55bd, 0x55bd, 0x55bd, 0x55bd, 0x55bd, 0x55bd, 0x55bd, 0x55bd, 0x55bd, 0x55bd,
  0x55bd, 0x55bd, 0x55bd, 0x55bd, 0x55bd, 0x55bd, 0x55bd, 0x55bd, 0x55bd, 0x55bd, 0x55bd, 0x55bd,
  0x55bd, 0x55bd, 0x55bd, 0x55bd, 0x55bd, 0x55bd, 0x55bd, 0x55bd, 0x55bd, 0x55bd, 0x55bd, 0x55bd,
  0x55bd, 0x55bd, 0x55bd, 0x55bd, 0x55bd, 0x55bd, 0x55bd, 0x55bd, 0x55bd, 0x55bd, 0x55bd, 0x55bd,
  0x55bd, 0x55bd, 0x55bd, 0x55bd, 0x55bd, 0x55bd, 0x55bd, 0x55bd, 0x55bd, 0x55bd, 0x55bd, 0x55bd,
  0x55bd, 0x55bd, 0x55bd, 0x55bd, 0x55bd, 0x55bd, 0x55bd, 0x55bd, 0x55bd, 0x55bd, 0x55bd, 0x55bd,
  0x55bd, 0x55bd, 0x55bd, 0x55bd, 0x55bd, 0x55bd, 0x55bd, 0x55bd, 0x55bd, 0x55bd, 0x55bd, 0x55bd,
  0x55bd, 0x55bd, 0x55bd, 0x55bd, 0x55bd, 0x55bd, 0x55bd, 0x55bd, 0x55bd, 0x55bd, 0x55bd, 0x55bd,
  0x55bd, 0x55bd, 0x55bd, 0x55bd, 0x55bd, 0x55bd, 0x55bd, 0x55bd, 0x55bd, 0x55bd, 0x55bd, 0x55bd,
  0x55bd, 0x55bd, 0x55bd, 0x55bd, 0x55bd, 0x55bd, 0x55bd, 0x55bd, 0x55bd, 0x55bd, 0x55bd, 0x55bd,
  0x55bd, 0x55bd, 0x55bd, 0x55bd, 0x55bd, 0x55bd, 0x55bd, 0x55bd, 0x55bd, 0x55bd, 0x55bd, 0x55bd,
  0x55bd, 0x55bd, 0x55bd, 0x55bd, 0x55bd, 0x55bd, 0x55bd, 0x55bd, 0x55bd, 0x55bd, 0x55bd, 0x55bd,
  0x55bd, 0x55bd, 0x55bd, 0x55bd, 0x55bd, 0x55bd, 0x55bd, 0x55bd, 0x55bd, 0x55bd, 0x55bd, 0x55bd,
  0x55bd, 0x55bd, 0x55bd, 0x55bd, 0x55bd, 0x55bd, 0x55bd, 0x55bd, 0x55bd, 0x55bd, 0x55bd, 0x55bd,
  0x55bd, 0x55bd, 0x55bd, 0x55bd, 0x55bd, 0x55bd, 0x55bd, 0x55bd, 0x55bd, 0x55bd, 0x55bd, 0x55bd,
  0x55bd, 0x55bd, 0x55bd, 0x55bd, 0x55bd, 0x55bd, 0x55bd, 0x55bd, 0x55bd, 0x55bd, 0x55bd, 0x55bd,
  0x55bd, 0x55bd, 0x55bd, 0x55bd, 0x55bd, 0x55bd, 0x55bd, 0x55bd, 0x55bd, 0x55bd, 0x55bd, 0x55bd,
  0x55bd, 0x55bd, 0x55bd, 0x55bd, 0x55bd, 0x55bd, 0x55bd, 0x55bd, 0x55bd, 0x55bd, 0x55bd, 0x55bd,
  0x55bd, 0x55bd, 0x55bd, 0x55bd, 0x55bd, 0x55bd, 0x55bd, 0x55bd, 0x55bd, 0x55bd, 0x55bd, 0x55bd,
  0x55bd, 0x55bd, 0x55bd, 0x55bd, 0x55bd, 0x55bd, 0x55bd, 0x55bd, 0x55bd, 0x55bd, 0x55bd, 0x55bd,
  0x55bd, 0x55bd, 0x55bd, 0x55bd, 0x55bd, 0x55bd, 0x55bd, 0x55bd, 0x55bd, 0x55bd, 0x55bd, 0x55bd,
  0x55bd, 0x55bd, 0x55bd, 0x55bd, 0x55bd, 0x55bd, 0x55bd, 0x55bd, 0x55bd, 0x55bd, 0x55bd, 0x55bd,
  0x55bd, 0x55bd, 0x55bd, 0x55bd, 0x55bd, 0x55bd, 0x55bd, 0x55bd, 0x55bd, 0x55bd, 0x55bd, 0x55bd,
  0x55bd, 0x55bd, 0x55bd, 0x55bd, 0x55bd, 0x55bd, 0x55bd, 0x55bd, 0x55bd, 0x55bd, 0x55bd, 0x55bd,
  0x55bd, 0x55bd, 0x55bd, 0x55bd, 0x55bd, 0x55bd, 0x55bd, 0x55bd, 0x55bd, 0x55bd, 0x55bd, 0x55bd,
  0x55bd, 0x55bd, 0x55bd, 0x55bd, 0x55bd, 0x55bd, 0x55bd, 0x55bd, 0x55bd, 0x55bd, 0x55bd, 0x55bd,
  0x55bd, 0x55bd, 0x55bd, 0x55bd, 0x55bd, 0x55bd, 0x55bd, 0x55bd, 0x55bd, 0x55bd, 0x55bd, 0x55bd,
  0x55bd, 0x55bd, 0x55bd, 0x55bd, 0x55bd, 0x55bd, 0x55bd, 0x55bd, 0x55bd, 0x55bd, 0x55bd, 0x55bd,
  0x55bd, 0x55bd, 0x55bd, 0x55bd, 0x55bd, 0x55bd, 0x55bd, 0x55bd, 0x55bd, 0x55bd, 0x55bd, 0x55bd,
  0x55bd, 0x55bd, 0x55bd, 0x55bd, 0x55bd, 0x55bd, 0x55bd, 0x55bd, 0x55bd, 0x55bd, 0x55bd, 0x55bd,
  0x55bd, 0x55bd, 0x55bd, 0x55bd, 0x55bd, 0x55bd, 0x55bd, 0x55bd, 0x55bd, 0x55bd, 0x55bd, 0x55bd,
  0x55bd, 0x55bd, 0x55bd, 0x55bd, 0x55bd, 0x55bd, 0x55bd, 0x55bd, 0x55bd, 0x55bd, 0x55bd, 0x55bd,
  0x55bd, 0x55bd, 0x55bd, 0x55bd, 0x55bd, 0x55bd, 0x55bd, 0x55bd, 0x55bd, 0x55bd, 0x55bd, 0x55bd,
  0x55bd, 0x55bd, 0x55bd, 0x55bd, 0x55bd, 0x55bd, 0x55bd, 0x55bd, 0x55bd, 0x55bd, 0x55bd, 0x55bd,
  0x55bd, 0x55bd, 0x55bd, 0x55bd, 0x55bd, 0x55bd, 0x55bd, 0x55bd, 0x55bd, 0x55bd, 0x55bd, 0x55bd,
  0x55bd, 0x55bd, 0x55bd, 0x55bd, 0x55bd, 0x55bd, 0x55bd, 0x55bd, 0x55bd, 0x55bd, 0x55bd, 0x55bd,
  0x55bd, 0x55bd, 0x55bd, 0x55bd, 0x55bd, 0x55bd, 0x55bd, 0x55bd, 0x55bd, 0x55bd, 0x55bd, 0x55bd,
  0x55bd, 0x55bd, 0x55bd, 0x55bd, 0x55bd, 0x55bd, 0x55bd, 0x55bd, 0x55bd, 0x55bd, 0x55bd, 0x55bd,
  0x55bd, 0x55bd, 0x55bd, 0x55bd, 0x55bd, 0x55bd, 0x55bd, 0x55bd, 0x55bd, 0x55bd, 0x55bd, 0x55bd,
  0x55bd, 0x55bd, 0x55bd, 0x55bd, 0x55bd, 0x55bd, 0x55bd, 0x55bd, 0x55bd, 0x55bd, 0x55bd, 0x55bd,
  0x55bd, 0x55bd, 0x55bd, 0x55bd, 0x55bd, 0x55bd, 0x55bd, 0x55bd, 0x55bd, 0x55bd, 0x55bd, 0x55bd,
  0x55bd, 0x55bd, 0x55bd, 0x55bd, 0x55bd, 0x55bd, 0x55bd, 0x55bd, 0x55bd, 0x55bd, 0x55bd, 0x55bd,
  0x55bd, 0x55bd, 0x55bd, 0x55bd, 0x55bd, 0x55bd, 0x55bd, 0x55bd, 0x55bd, 0x55bd, 0x55bd, 0x55bd,
  0x55bd, 0x55bd, 0x55bd, 0x55bd, 0x55bd, 0x55bd, 0x55bd, 0x55bd, 0x55bd, 0x55bd, 0x55bd, 0x55bd,
  0x55bd, 0x55bd, 0x55bd, 0x55bd, 0x55bd, 0x55bd, 0x55bd, 0x55bd, 0x55bd, 0x55bd, 0x55bd, 0x55bd,
  0x55bd, 0x55bd, 0x55bd, 0x55bd, 0x55bd, 0x55bd, 0x55bd, 0x55bd, 0x55bd, 0x55bd, 0x55bd, 0x55bd,
  0x55bd, 0x55bd, 0x55bd, 0x55bd, 0x55bd, 0x55bd, 0x55bd, 0x55bd, 0x55bd, 0x55bd, 0x55bd, 0x55bd,
  0x55bd, 0x55bd, 0x55bd, 0x55bd, 0x55bd, 0x55bd, 0x55bd, 0x55bd, 0x55bd, 0x55bd, 0x55bd, 0x55bd,
  0x55bd, 0x55bd, 0x55bd, 0x55bd, 0x55bd, 0x55bd, 0x55bd, 0x55bd, 0x55bd, 0x55bd, 0x55bd, 0x55bd,
  0x55bd, 0x55bd, 0x55bd, 0x55bd, 0x55bd, 0x55bd, 0x55bd, 0x55bd, 0x55bd, 0x55bd, 0x55bd, 0x55bd,
  0x55bd, 0x55bd, 0x55bd, 0x55bd, 0x55bd, 0x55bd, 0x55bd, 0x55bd, 0x55bd, 0x55bd, 0x55bd, 0x55bd,
  0x55bd, 0x55bd, 0x55bd, 0x55bd, 0x55bd, 0x55bd, 0x55bd, 0x55bd, 0x55bd, 0x55bd, 0x55bd, 0x55bd,
  0x55bd, 0x55bd, 0x55bd, 0x55bd, 0x55bd, 0x55bd, 0x55bd, 0x55bd, 0x55bd, 0x55bd, 0x55bd, 0x55bd,
  0x55bd, 0x55bd, 0x55bd, 0x55bd, 0x55bd, 0x55bd, 0x55bd, 0x55bd, 0x55bd, 0x55bd, 0x55bd, 0x55bd,
  0x55bd, 0x55bd, 0x55bd, 0x55bd, 0x55bd, 0x55bd, 0x55bd, 0x55bd, 0x55bd, 0x55bd, 0x55bd, 0x55bd,
  0x55bd, 0x55bd, 0x55bd, 0x55bd, 0x55bd, 0x55bd, 0x55bd, 0x55bd, 0x55bd, 0x55bd, 0x55bd, 0x55bd,
  0x55bd, 0x55bd, 0x55bd, 0x55bd, 0x55bd, 0x55bd, 0x55bd, 0x55bd, 0x55bd, 0x55bd, 0x55bd, 0x55bd,
  0x55bd, 0x55bd, 0x55bd, 0x55bd, 0x55bd, 0x55bd, 0x55bd, 0x55bd, 0x55bd, 0x55bd, 0x55bd, 0x55bd,
  0x55bd, 0x55bd, 0x55bd, 0x55bd, 0x55bd, 0x55bd, 0x55bd, 0x55bd, 0x55bd, 0x55bd, 0x55bd, 0x55bd,
  0x55bd, 0x55bd, 0x55bd, 0x55bd, 0x55bd, 0x55bd, 0x55bd, 0x55bd, 0x55bd, 0x55bd, 0x55bd, 0x55bd,
  0x55bd, 0x55bd, 0x55bd, 0x55bd, 0x55bd, 0x55bd, 0x55bd, 0x55bd, 0x55bd, 0x55bd, 0x55bd, 0x55bd,
  0x55bd, 0x55bd, 0x55bd, 0x55bd, 0x55bd, 0x55bd, 0x55bd, 0x55bd, 0x55bd, 0x55bd, 0x55bd, 0x55bd,
  0x55bd, 0x55bd, 0x55bd, 0x55bd, 0x55bd, 0x55bd, 0x55bd, 0x55bd, 0x55bd, 0x55bd, 0x55bd, 0x55bd,
  0x55bd, 0x55bd, 0x55bd, 0x55bd, 0x55bd, 0x55bd, 0x55bd, 0x55bd, 0x55bd, 0x55bd, 0x55bd, 0x55bd,
  0x55bd, 0x55bd, 0x55bd, 0x55bd, 0x55bd, 0x55bd, 0x55bd, 0x55bd, 0x55bd, 0x55bd, 0x55bd, 0x55bd,
  0x55bd, 0x55bd, 0x55bd, 0x55bd, 0x55bd, 0x55bd, 0x55bd, 0x55bd, 0x55bd, 0x55bd, 0x55bd, 0x55bd,
  0x55bd, 0x55bd, 0x55bd, 0x55bd, 0x55bd, 0x55bd, 0x55bd, 0x55bd, 0x55bd, 0x55bd, 0x55bd, 0x55bd,
  0x55bd, 0x55bd, 0x55bd, 0x55bd, 0x55bd, 0x55bd, 0x55bd, 0x55bd, 0x55bd, 0x55bd, 0x55bd, 0x55bd,
  0x55bd, 0x55bd, 0x55bd, 0x55bd, 0x55bd, 0x55bd, 0x55bd, 0x55bd, 0x55bd, 0x55bd, 0x55bd, 0x55bd,
  0x55bd, 0x55bd, 0x55bd, 0x55bd, 0x55bd, 0x55bd, 0x55bd, 0x55bd, 0x55bd, 0x55bd, 0x55bd, 0x55bd,
  0x55bd, 0x55bd, 0x55bd, 0x55bd, 0x55bd, 0x55bd, 0x55bd, 0x55bd, 0x55bd, 0x55bd, 0x55bd, 0x55bd,
  0x55bd, 0x55bd, 0x55bd, 0x55bd, 0x55bd, 0x55bd, 0x55bd, 0x55bd, 0x55bd, 0x55bd, 0x55bd, 0x55bd,
  0x55bd, 0x55bd, 0x55bd, 0x55bd, 0x55bd, 0x55bd, 0x55bd, 0x55bd, 0x55bd, 0x55bd, 0x55bd, 0x55bd,
  0x55bd, 0x55bd, 0x55bd, 0x55bd, 0x55bd, 0x55bd, 0x55bd, 0x55bd, 0x55bd, 0x55bd, 0x55bd, 0x55bd,
  0x55bd, 0x55bd, 0x55bd, 0x55bd, 0x55bd, 0x55bd, 0x55bd, 0x55bd, 0x55bd, 0x55bd, 0x55bd, 0x55bd,
  0x55bd, 0x55bd, 0x55bd, 0x55bd, 0x55bd, 0x55bd, 0x55bd, 0x55bd, 0x55bd, 0x55bd, 0x55bd, 0x55bd,
  0x55bd, 0x55bd, 0x55bd, 0x55bd, 0x55bd, 0x55bd, 0x55bd, 0x55bd, 0x55bd, 0x55bd, 0x55bd, 0x55bd,
  0x55bd, 0x55bd, 0x55bd, 0x55bd, 0x55bd, 0x55bd, 0x55bd, 0x55bd, 0x55bd, 0x55bd, 0x55bd, 0x55bd,
  0x55bd, 0x55bd, 0x55bd, 0x55bd, 0x55bd, 0x55bd, 0x55bd, 0x55bd, 0x55bd, 0x55bd, 0x55bd, 0x55bd,
  0x55bd, 0x55bd, 0x55bd, 0x55bd, 0x55bd, 0x55bd, 0x55bd, 0x55bd, 0x55bd, 0x55bd, 0x55bd, 0x55bd,
  0x55bd, 0x55bd, 0x55bd, 0x55bd, 0x55bd, 0x55bd, 0x55bd, 0x55bd, 0x55bd, 0x55bd, 0x55bd, 0x55bd,
  0x55bd, 0x55bd, 0x55bd, 0x55bd, 0x55bd, 0x55bd, 0x55bd, 0x55bd, 0x55bd, 0x55bd, 0x55bd, 0x55bd,
  0x55bd, 0x55bd, 0x55bd, 0x55bd, 0x55bd, 0x55bd, 0x55bd, 0x55bd, 0x55bd, 0x55bd, 0x55bd, 0x55bd,
  0x55bd, 0x55bd, 0x55bd, 0x55bd, 0x55bd, 0x55bd, 0x55bd, 0x55bd, 0x55bd, 0x55bd, 0x55bd, 0x55bd,
  0x55bd, 0x55bd, 0x55bd, 0x55bd, 0x55bd, 0x55bd, 0x55bd, 0x55bd, 0x55bd, 0x55bd, 0x55bd, 0x55bd,
  0x55bd, 0x55bd, 0x55bd, 0x55bd, 0x55bd, 0x55bd, 0x55bd, 0x55bd, 0x55bd, 0x55bd, 0x55bd, 0x55bd,
  0x55bd, 0x55bd, 0x55bd, 0x55bd, 0x55bd, 0x55bd, 0x55bd, 0x55bd, 0x55bd, 0x55bd, 0x55bd, 0x55bd,
  0x55bd, 0x55bd, 0x55bd, 0x55bd, 0x55bd, 0x55bd, 0x55bd, 0x55bd, 0x55bd, 0x55bd, 0x55bd, 0x55bd,
  0x55bd, 0x55bd, 0x55bd, 0x55bd, 0x55bd, 0x55bd, 0x55bd, 0x55bd, 0x55bd, 0x55bd, 0x55bd, 0x55bd,
  0x55bd, 0x55bd, 0x55bd, 0x55bd, 0x55bd, 0x55bd, 0x55bd, 0x55bd, 0x55bd, 0x55bd, 0x55bd, 0x55bd,
  0x55bd, 0x55bd, 0x55bd, 0x55bd, 0x55bd, 0x55bd, 0x55bd, 0x55bd, 0x55bd, 0x55bd, 0x55bd, 0x55bd,
  0x55bd, 0x55bd, 0x55bd, 0x55bd, 0x55bd, 0x55bd, 0x55bd, 0x55bd, 0x55bd, 0x55bd, 0x55bd, 0x55bd,
  0x55bd, 0x55bd, 0x55bd, 0x55bd, 0x55bd, 0x55bd, 0x55bd, 0x55bd, 0x55bd, 0x55bd, 0x55bd, 0x55bd,
  0x55bd, 0x55bd, 0x55bd, 0x55bd, 0x55bd, 0x55bd, 0x55bd, 0x55bd, 0x55bd, 0x55bd, 0x55bd, 0x55bd,
  0x55bd, 0x55bd, 0x55bd, 0x55bd, 0x55bd, 0x55bd, 0x55bd, 0x55bd, 0x8dda, 0x5dbd, 0x55bd, 0x55bd,
  0x55bd, 0x55bd, 0x55bd, 0x55bd, 0x55bd, 0x55bd, 0x55bd, 0x55bd, 0x55bd, 0x55bd, 0x55bd, 0x55bd,
  0x55bd, 0x55bd, 0x55bd, 0x55bd, 0x55bd, 0x55bd, 0x55bd, 0x55bd, 0x55bd, 0x55bd, 0x55bd, 0x55bd,
  0x55bd, 0x55bd, 0x55bd, 0x55bd, 0x55bd, 0x55bd, 0x55bd, 0x55bd, 0x55bd, 0x55bd, 0x55bd, 0x55bd,
  0x55bd, 0x55bd, 0x55bd, 0x55bd, 0x55bd, 0x55bd, 0x55bd, 0x55bd, 0x55bd, 0x55bd, 0x55bd, 0x55bd,
  0x55bd, 0x55bd, 0x55bd, 0x55bd, 0x55bd, 0x55bd, 0x55bd, 0x55bd, 0x55bd, 0x55bd, 0x55bd, 0x55bd,
  0x55bd, 0x55bd, 0x55bd, 0x55bd, 0x55bd, 0x55bd, 0x55bd, 0x55bd, 0x55bd, 0x55bd, 0x55bd, 0x55bd,
  0x55bd, 0x55bd, 0x55bd, 0x55bd, 0x55bd, 0x55bd, 0x55bd, 0x55bd, 0x55bd, 0x55bd, 0x55bd, 0x55bd,
  0x55bd, 0x55bd, 0x55bd, 0x55bd, 0x55bd, 0x55bd, 0x55bd, 0x55bd, 0x55bd, 0x55bd, 0x55bd, 0x55bd,
  0x55bd, 0x55bd, 0x55bd, 0x55bd, 0x55bd, 0x55bd, 0x55bd, 0x55bd, 0x55bd, 0x55bd, 0x55bd, 0x55bd,
  0x55bd, 0x55bd, 0x55bd, 0x55bd, 0x55bd, 0x55bd, 0x55bd, 0x55bd, 0x55bd, 0x55bd, 0x55bd, 0x55bd,
  0x55bd, 0x55bd, 0x55bd, 0x55bd, 0x55bd, 0x55bd, 0x55bd, 0x55bd, 0x55bd, 0x55bd, 0x55bd, 0x55bd,
  0x55bd, 0x55bd, 0x55bd, 0x55bd, 0x55bd, 0x55bd, 0x55bd, 0x55bd, 0x55bd, 0x55bd, 0x55bd, 0x55bd,
  0x55bd, 0x55bd, 0x55bd, 0x55bd, 0x55bd, 0x55bd, 0x55bd, 0x55bd, 0x55bd, 0x55bd, 0x55bd, 0x55bd,
  0x55bd, 0x55bd, 0x55bd, 0x55bd, 0x55bd, 0x55bd, 0x55bd, 0x55bd, 0x55bd, 0x55bd, 0x55bd, 0x55bd,
  0x55bd, 0x55bd, 0x55bd, 0x55bd, 0x55bd, 0x55bd, 0x55bd, 0x55bd, 0x55bd, 0x55bd, 0x55bd, 0x55bd,
  0x55bd, 0x55bd, 0x55bd, 0x55bd, 0x55bd, 0x55bd, 0x55bd, 0x55bd, 0x55bd, 0x55bd, 0x55bd, 0x55bd,
  0x55bd, 0x55bd, 0x55bd, 0x55bd, 0x55bd, 0x55bd, 0x55bd, 0x55bd, 0x55bd, 0x55bd, 0x55bd, 0x55bd,
  0x55bd, 0x55bd, 0x55bd, 0x55bd, 0x55bd, 0x55bd, 0x55bd, 0x55bd, 0x55bd, 0x55bd, 0x55bd, 0x55bd,
  0x55bd, 0x55bd, 0x55bd, 0x55bd, 0x55bd, 0x55bd, 0x55bd, 0x55bd, 0x55bd, 0x55bd, 0x55bd, 0x55bd,
  0x55bd, 0x55bd, 0x55bd, 0x55bd, 0x55bd, 0x55bd, 0x55bd, 0x55bd, 0x55bd, 0x55bd, 0x55bd, 0x55bd,
  0x55bd, 0x55bd, 0x55bd, 0x55bd, 0x55bd, 0x55bd, 0x55bd, 0x55bd, 0x55bd, 0x55bd, 0x55bd, 0x55bd,
  0x55bd, 0x55bd, 0x55bd, 0x55bd, 0x55bd, 0x55bd, 0x55bd, 0x55bd, 0x55bd, 0x55bd, 0x55bd, 0x55bd,
  0x55bd, 0x55bd, 0x55bd, 0x55bd, 0x55bd, 0x55bd, 0x55bd, 0x55bd, 0x55bd, 0x55bd, 0x55bd, 0x55bd,
  0x55bd, 0x55bd, 0x55bd, 0x55bd, 0x55bd, 0x55bd, 0x55bd, 0x55bd, 0x55bd, 0x55bd, 0x55bd, 0x55bd,
  0x55bd, 0x55bd, 0x55bd, 0x55bd, 0x55bd, 0x55bd, 0x55bd, 0x55bd, 0x55bd, 0x55bd, 0x55bd, 0x55bd,
  0x55bd, 0x55bd, 0x55bd, 0x55bd, 0x55bd, 0x55bd, 0x55bd, 0x55bd, 0x55bd, 0x55bd, 0x55bd, 0x55bd,
  0x55bd, 0x55bd, 0x55bd, 0x65bc, 0xe717, 0x9e1a, 0x55bd, 0x55bd, 0x55bd, 0x55bd, 0x55bd, 0x55bd,
  0x55bd, 0x55bd, 0x55bd, 0x55bd, 0x55bd, 0x55bd, 0x55bd, 0x55bd, 0x55bd, 0x55bd, 0x55bd, 0x55bd,
  0x55bd, 0x55bd, 0x55bd, 0x55bd, 0x55bd, 0x55bd, 0x55bd, 0x55bd, 0x55bd, 0x55bd, 0x55bd, 0x55bd,
  0x55bd, 0x55bd, 0x55bd, 0x55bd, 0x55bd, 0x55bd, 0x55bd, 0x55bd, 0x55bd, 0x55bd, 0x55bd, 0x55bd,
  0x55bd, 0x55bd, 0x55bd, 0x55bd, 0x55bd, 0x55bd, 0x55bd, 0x55bd, 0x55bd, 0x55bd, 0x55bd, 0x55bd,
  0x55bd, 0x55bd, 0x55bd, 0x55bd, 0x55bd, 0x55bd, 0x55bd, 0x55bd, 0x55bd, 0x55bd, 0x55bd, 0x55bd,
  0x55bd, 0x55bd, 0x55bd, 0x55bd, 0x55bd, 0x55bd, 0x55bd, 0x55bd, 0x55bd, 0x55bd, 0x55bd, 0x55bd,
  0x55bd, 0x55bd, 0x55bd, 0x55bd, 0x55bd, 0x55bd, 0x55bd, 0x55bd, 0x55bd, 0x55bd, 0x55bd, 0x55bd,
  0x55bd, 0x55bd, 0x55bd, 0x55bd, 0x55bd, 0x55bd, 0x55bd, 0x55bd, 0x55bd, 0x55bd, 0x55bd, 0x55bd,
  0x55bd, 0x55bd, 0x55bd, 0x55bd, 0x55bd, 0x55bd, 0x55bd, 0x55bd, 0x55bd, 0x55bd, 0x55bd, 0x55bd,
  0x55bd, 0x55bd, 0x55bd, 0x55bd, 0x55bd, 0x55bd, 0x55bd, 0x55bd, 0x55bd, 0x55bd, 0x55bd, 0x55bd,
  0x55bd, 0x55bd, 0x55bd, 0x55bd, 0x55bd, 0x55bd, 0x55bd, 0x55bd, 0x55bd, 0x55bd, 0x55bd, 0x55bd,
  0x55bd, 0x55bd, 0x55bd, 0x55bd, 0x55bd, 0x55bd, 0x55bd, 0x55bd, 0x55bd, 0x55bd, 0x55bd, 0x55bd,
  0x55bd, 0x55bd, 0x55bd, 0x55bd, 0x55bd, 0x55bd, 0x55bd, 0x55bd, 0x55bd, 0x55bd, 0x55bd, 0x55bd,
  0x55bd, 0x55bd, 0x55bd, 0x55bd, 0x55bd, 0x55bd, 0x55bd, 0x55bd, 0x55bd, 0x55bd, 0x55bd, 0x55bd,
  0x55bd, 0x55bd, 0x55bd, 0x55bd, 0x55bd, 0x55bd, 0x55bd, 0x55bd, 0x55bd, 0x55bd, 0x55bd, 0x55bd,
  0x55bd, 0x55bd, 0x55bd, 0x55bd, 0x55bd, 0x55bd, 0x55bd, 0x55bd, 0x55bd, 0x55bd, 0x55bd, 0x55bd,
  0x55bd, 0x55bd, 0x55bd, 0x55bd, 0x55bd, 0x55bd, 0x55bd, 0x55bd, 0x55bd, 0x55bd, 0x55bd, 0x55bd,
  0x55bd, 0x55bd, 0x55bd, 0x55bd, 0x55bd, 0x55bd, 0x55bd, 0x55bd, 0x55bd, 0x55bd, 0x55bd, 0x55bd,
  0x55bd, 0x55bd, 0x55bd, 0x55bd, 0x55bd, 0x55bd, 0x55bd, 0x55bd, 0x55bd, 0x55bd, 0x55bd, 0x55bd,
  0x55bd, 0x55bd, 0x55bd, 0x55bd, 0x55bd, 0x55bd, 0x55bd, 0x55bd, 0x55bd, 0x55bd, 0x55bd, 0x55bd,
  0x55bd, 0x55bd, 0x55bd, 0x55bd, 0x55bd, 0x55bd, 0x55bd, 0x55bd, 0x55bd, 0x55bd, 0x55bd, 0x55bd,
  0x55bd, 0x55bd, 0x55bd, 0x55bd, 0x55bd, 0x55bd, 0x55bd, 0x55bd, 0x55bd, 0x55bd, 0x55bd, 0x55bd,
  0x55bd, 0x55bd, 0x55bd, 0x55bd, 0x55bd, 0x55bd, 0x55bd, 0x55bd, 0x55bd, 0x55bd, 0x55bd, 0x55bd,
  0x55bd, 0x55bd, 0x55bd, 0x55bd, 0x55bd, 0x55bd, 0x55bd, 0x55bd, 0x55bd, 0x55bd, 0x55bd, 0x55bd,
  0x55bd, 0x55bd, 0x55bd, 0x55bd, 0x55bd, 0x55bd, 0x55bd, 0x55bd, 0x55bd, 0x55bd, 0x55bd, 0x55bd,
  0x55bd, 0x55bd, 0x55bd, 0x55bd, 0x55bd, 0x55bd, 0x55bd, 0x55bd, 0x55bd, 0x55bd, 0x55bd, 0xae59,
  0xff56, 0xded7, 0x55bd, 0x55bd, 0x55bd, 0x55bd, 0x55bd, 0x55bd, 0x55bd, 0x55bd, 0x55bd, 0x55bd,
  0x55bd, 0x55bd, 0x55bd, 0x55bd, 0x55bd, 0x55bd, 0x55bd, 0x55bd, 0x55bd, 0x55bd, 0x55bd, 0x55bd,
  0x55bd, 0x55bd, 0x55bd, 0x55bd, 0x55bd, 0x55bd, 0x55bd, 0x55bd, 0x55bd, 0x55bd, 0x55bd, 0x55bd,
  0x55bd, 0x55bd, 0x55bd, 0x55bd, 0x55bd, 0x55bd, 0x55bd, 0x55bd, 0x55bd, 0x55bd, 0x55bd, 0x55bd,
  0x55bd, 0x55bd, 0x55bd, 0x55bd, 0x55bd, 0x55bd, 0x55bd, 0x55bd, 0x55bd, 0x55bd, 0x55bd, 0x55bd,
  0x55bd, 0x55bd, 0x55bd, 0x55bd, 0x55bd, 0x55bd, 0x55bd, 0x55bd, 0x55bd, 0x55bd, 0x55bd, 0x55bd,
  0x55bd, 0x55bd, 0x55bd, 0x55bd, 0x55bd, 0x55bd, 0x55bd, 0x55bd, 0x55bd, 0x55bd, 0x55bd, 0x55bd,
  0x55bd, 0x55bd, 0x55bd, 0x55bd, 0x55bd, 0x55bd, 0x55bd, 0x55bd, 0x55bd, 0x55bd, 0x55bd, 0x55bd,
  0x55bd, 0x55bd, 0x55bd, 0x55bd, 0x55bd, 0x55bd, 0x55bd, 0x55bd, 0x55bd, 0x55bd, 0x55bd, 0x55bd,
  0x55bd, 0x55bd, 0x55bd, 0x55bd, 0x55bd, 0x55bd, 0x55bd, 0x55bd, 0x55bd, 0x55bd, 0x55bd, 0x55bd,
  0x55bd, 0x55bd, 0x55bd, 0x55bd, 0x55bd, 0x55bd, 0x55bd, 0x55bd, 0x55bd, 0x55bd, 0x55bd, 0x55bd,
  0x55bd, 0x55bd, 0x55bd, 0x55bd, 0x55bd, 0x55bd, 0x55bd, 0x55bd, 0x55bd, 0x55bd, 0x55bd, 0x55bd,
  0x55bd, 0x55bd, 0x55bd, 0x55bd, 0x55bd, 0x55bd, 0x55bd, 0x55bd, 0x55bd, 0x55bd, 0x55bd, 0x55bd,
  0x55bd, 0x55bd, 0x55bd, 0x55bd, 0x55bd, 0x55bd, 0x55bd, 0x55bd, 0x55bd, 0x55bd, 0x55bd, 0x55bd,
  0x55bd, 0x55bd, 0x55bd, 0x55bd, 0x55bd, 0x55bd, 0x55bd, 0x55bd, 0x55bd, 0x55bd, 0x55bd, 0x55bd,
  0x55bd, 0x55bd, 0x55bd, 0x55bd, 0x55bd, 0x55bd, 0x55bd, 0x55bd, 0x55bd, 0x55bd, 0x55bd, 0x55bd,
  0x55bd, 0x55bd, 0x55bd, 0x55bd, 0x55bd, 0x55bd, 0x55bd, 0x55bd, 0x55bd, 0x55bd, 0x55bd, 0x55bd,
  0x55bd, 0x55bd, 0x55bd, 0x55bd, 0x55bd, 0x55bd, 0x55bd, 0x55bd, 0x55bd, 0x55bd, 0x55bd, 0x55bd,
  0x55bd, 0x55bd, 0x55bd, 0x55bd, 0x55bd, 0x55bd, 0x55bd, 0x55bd, 0x55bd, 0x55bd, 0x55bd, 0x55bd,
  0x55bd, 0x55bd, 0x55bd, 0x55bd, 0x55bd, 0x55bd, 0x55bd, 0x55bd, 0x55bd, 0x55bd, 0x55bd, 0x55bd,
  0x55bd, 0x55bd, 0x55bd, 0x55bd, 0x55bd, 0x55bd, 0x55bd, 0x55bd, 0x55bd, 0x55bd, 0x55bd, 0x55bd,
  0x55bd, 0x55bd, 0x55bd, 0x55bd, 0x55bd, 0x55bd, 0x55bd, 0x55bd, 0x55bd, 0x55bd, 0x55bd, 0x55bd,
  0x55bd, 0x55bd, 0x55bd, 0x55bd, 0x55bd, 0x55bd, 0x55bd, 0x55bd, 0x55bd, 0x55bd, 0x55bd, 0x55bd,
  0x55bd, 0x55bd, 0x55bd, 0x55bd, 0x55bd, 0x55bd, 0x55bd, 0x55bd, 0x55bd, 0x55bd, 0x55bd, 0x55bd,
  0x55bd, 0x55bd, 0x55bd, 0x55bd, 0x55bd, 0x55bd, 0x55bd, 0x55bd, 0x55bd, 0x55bd, 0x55bd, 0x55bd,
  0x55bd, 0x55bd, 0x55bd, 0x55bd, 0x55bd, 0x55bd, 0x55bd, 0x55bd, 0x55bd, 0x55bd, 0x55bd, 0x55bd,
  0x55bd, 0x55bd, 0x55bd, 0x55bd, 0x55bd, 0x55bd, 0x65dc, 0xef16, 0xff56, 0xf735, 0x961b, 0x55bd,
  0x55bd, 0x55bd, 0x55bd, 0x55bd, 0x55bd, 0x55bd, 0x55bd, 0x55bd, 0x55bd, 0x55bd, 0x55bd, 0x55bd,
  0x55bd, 0x55bd, 0x55bd, 0x55bd, 0x55bd, 0x55bd, 0x55bd, 0x55bd, 0x55bd, 0x55bd, 0x55bd, 0x55bd,
  0x55bd, 0x55bd, 0x55bd, 0x55bd, 0x55bd, 0x55bd, 0x55bd, 0x55bd, 0x55bd, 0x55bd, 0x55bd, 0x55bd,
  0x55bd, 0x55bd, 0x55bd, 0x55bd, 0x55bd, 0x55bd, 0x55bd, 0x55bd, 0x55bd, 0x55bd, 0x55bd, 0x55bd,
  0x55bd, 0x55bd, 0x55bd, 0x55bd, 0x55bd, 0x55bd, 0x55bd, 0x55bd, 0x55bd, 0x55bd, 0x55bd, 0x55bd,
  0x55bd, 0x55bd, 0x55bd, 0x55bd, 0x55bd, 0x55bd, 0x55bd, 0x55bd, 0x55bd, 0x55bd, 0x55bd, 0x55bd,
  0x55bd, 0x55bd, 0x55bd, 0x55bd, 0x55bd, 0x55bd, 0x55bd, 0x55bd, 0x55bd, 0x55bd, 0x55bd, 0x55bd,
  0x55bd, 0x55bd, 0x55bd, 0x55bd, 0x55bd, 0x55bd, 0x55bd, 0x55bd, 0x55bd, 0x55bd, 0x55bd, 0x55bd,
  0x55bd, 0x55bd, 0x55bd, 0x55bd, 0x55bd, 0x55bd, 0x55bd, 0x55bd, 0x55bd, 0x55bd, 0x55bd, 0x55bd,
  0x55bd, 0x55bd, 0x55bd, 0x55bd, 0x55bd, 0x55bd, 0x55bd, 0x55bd, 0x55bd, 0x55bd, 0x55bd, 0x55bd,
  0x55bd, 0x55bd, 0x55bd, 0x55bd, 0x55bd, 0x55bd, 0x55bd, 0x55bd, 0x55bd, 0x55bd, 0x55bd, 0x55bd,
  0x55bd, 0x55bd, 0x55bd, 0x55bd, 0x55bd, 0x55bd, 0x55bd, 0x55bd, 0x55bd, 0x55bd, 0x55bd, 0x55bd,
  0x55bd, 0x55bd, 0x55bd, 0x55bd, 0x55bd, 0x55bd, 0x55bd, 0x55bd, 0x55bd, 0x55bd, 0x55bd, 0x55bd,
  0x55bd, 0x55bd, 0x55bd, 0x55bd, 0x55bd, 0x55bd, 0x55bd, 0x55bd, 0x55bd, 0x55bd, 0x55bd, 0x55bd,
  0x55bd, 0x55bd, 0x55bd, 0x55bd, 0x55bd, 0x55bd, 0x55bd, 0x55bd, 0x55bd, 0x55bd, 0x55bd, 0x55bd,
  0x55bd, 0x55bd, 0x55bd, 0x55bd, 0x55bd, 0x55bd, 0x55bd, 0x55bd, 0x55bd, 0x55bd, 0x55bd, 0x55bd,
  0x55bd, 0x55bd, 0x55bd, 0x55bd, 0x55bd, 0x55bd, 0x55bd, 0x55bd, 0x55bd, 0x55bd, 0x55bd, 0x55bd,
  0x55bd, 0x55bd, 0x55bd, 0x55bd, 0x55bd, 0x55bd, 0x55bd, 0x55bd, 0x55bd, 0x55bd, 0x55bd, 0x55bd,
  0x55bd, 0x55bd, 0x55bd, 0x55bd, 0x55bd, 0x55bd, 0x55bd, 0x55bd, 0x55bd, 0x55bd, 0x55bd, 0x55bd,
  0x55bd, 0x55bd, 0x55bd, 0x55bd, 0x55bd, 0x55bd, 0x55bd, 0x55bd, 0x55bd, 0x55bd, 0x55bd, 0x55bd,
  0x55bd, 0x55bd, 0x55bd, 0x55bd, 0x55bd, 0x55bd, 0x55bd, 0x55bd, 0x55bd, 0x55bd, 0x55bd, 0x55bd,
  0x55bd, 0x55bd, 0x55bd, 0x55bd, 0x55bd, 0x55bd, 0x55bd, 0x55bd, 0x55bd, 0x55bd, 0x55bd, 0x55bd,
  0x55bd, 0x55bd, 0x55bd, 0x55bd, 0x55bd, 0x55bd, 0x55bd, 0x55bd, 0x55bd, 0x55bd, 0x55bd, 0x55bd,
  0x55bd, 0x55bd, 0x55bd, 0x55bd, 0x55bd, 0x55bd, 0x55bd, 0x55bd, 0x5d9c, 0x55bd, 0x55bd, 0x55bd,
  0x55bd, 0x55bd, 0x55bd, 0x55bd, 0x55bd, 0x55bd, 0x55bd, 0x55bd, 0x55bd, 0x55bd, 0x55bd, 0x55bd,
  0x55bd, 0x55bd, 0x55bd, 0x55bd, 0x55bd, 0x55bd, 0x55bd, 0x55bd, 0x55bd, 0x55bd, 0x55bd, 0x55bd,
  0x55bd, 0x55bd, 0xae5a, 0xff56, 0xf756, 0xf735, 0xceb6, 0x559d, 0x55bd, 0x55bd, 0x55bd, 0x55bd,
  0x55bd, 0x55bd, 0x55bd, 0x55bd, 0x55bd, 0x55bd, 0x55bd, 0x55bd, 0x55bd, 0x55bd, 0x55bd, 0x55bd,
  0x55bd, 0x55bd, 0x55bd, 0x55bd, 0x55bd, 0x55bd, 0x55bd, 0x55bd, 0x55bd, 0x55bd, 0x55bd, 0x55bd,
  0x55bd, 0x55bd, 0x55bd, 0x55bd, 0x55bd, 0x55bd, 0x55bd, 0x55bd, 0x55bd, 0x55bd, 0x55bd, 0x55bd,
  0x55bd, 0x55bd, 0x55bd, 0x55bd, 0x55bd, 0x55bd, 0x55bd, 0x55bd, 0x55bd, 0x55bd, 0x55bd, 0x55bd,
  0x55bd, 0x55bd, 0x55bd, 0x55bd, 0x55bd, 0x55bd, 0x55bd, 0x55bd, 0x55bd, 0x55bd, 0x55bd, 0x55bd,
  0x55bd, 0x55bd, 0x55bd, 0x55bd, 0x55bd, 0x55bd, 0x55bd, 0x55bd, 0x55bd, 0x55bd, 0x55bd, 0x55bd,
  0x55bd, 0x55bd, 0x55bd, 0x55bd, 0x55bd, 0x55bd, 0x55bd, 0x55bd, 0x55bd, 0x55bd, 0x55bd, 0x55bd,
  0x55bd, 0x55bd, 0x55bd, 0x55bd, 0x55bd, 0x55bd, 0x55bd, 0x55bd, 0x55bd, 0x55bd, 0x55bd, 0x55bd,
  0x55bd, 0x55bd, 0x55bd, 0x55bd, 0x55bd, 0x55bd, 0x55bd, 0x55bd, 0x55bd, 0x55bd, 0x55bd, 0x55bd,
  0x55bd, 0x55bd, 0x55bd, 0x55bd, 0x55bd, 0x55bd, 0x55bd, 0x55bd, 0x55bd, 0x55bd, 0x55bd, 0x55bd,
  0x55bd, 0x55bd, 0x55bd, 0x55bd, 0x55bd, 0x55bd, 0x55bd, 0x55bd, 0x55bd, 0x55bd, 0x55bd, 0x55bd,
  0x55bd, 0x55bd, 0x55bd, 0x55bd, 0x55bd, 0x55bd, 0x55bd, 0x55bd, 0x55bd, 0x55bd, 0x55bd, 0x55bd,
  0x55bd, 0x55bd, 0x55bd, 0x55bd, 0x55bd, 0x55bd, 0x55bd, 0x55bd, 0x55bd, 0x55bd, 0x55bd, 0x55bd,
  0x55bd, 0x55bd, 0x55bd, 0x55bd, 0x55bd, 0x55bd, 0x55bd, 0x55bd, 0x55bd, 0x55bd, 0x55bd, 0x55bd,
  0x55bd, 0x55bd, 0x55bd, 0x55bd, 0x55bd, 0x55bd, 0x55bd, 0x55bd, 0x55bd, 0x55bd, 0x55bd, 0x55bd,
  0x55bd, 0x55bd, 0x55bd, 0x55bd, 0x55bd, 0x55bd, 0x55bd, 0x55bd, 0x55bd, 0x55bd, 0x55bd, 0x55bd,
  0x55bd, 0x55bd, 0x55bd, 0x55bd, 0x55bd, 0x55bd, 0x55bd, 0x55bd, 0x55bd, 0x55bd, 0x55bd, 0x55bd,
  0x55bd, 0x55bd, 0x55bd, 0x55bd, 0x55bd, 0x55bd, 0x55bd, 0x55bd, 0x55bd, 0x55bd, 0x55bd, 0x55bd,
  0x55bd, 0x55bd, 0x55bd, 0x55bd, 0x55bd, 0x55bd, 0x55bd, 0x55bd, 0x55bd, 0x55bd, 0x55bd, 0x55bd,
  0x55bd, 0x55bd, 0x55bd, 0x55bd, 0x55bd, 0x55bd, 0x55bd, 0x55bd, 0x55bd, 0x55bd, 0x55bd, 0x55bd,
  0x55bd, 0x55bd, 0x55bd, 0x55bd, 0x55bd, 0x55bd, 0x55bd, 0x55bd, 0x55bd, 0x55bd, 0x55bd, 0x55bd,
  0x55bd, 0x55bd, 0x55bd, 0x55bd, 0x55bd, 0x55bd, 0x55bd, 0x55bd, 0x55bd, 0x55bd, 0x55bd, 0x55bd,
  0x55bd, 0x55bd, 0x55bd, 0x55bd, 0x55bd, 0x55bd, 0x55bd, 0x55bd, 0x55bd, 0x55bd, 0x55bd, 0x55bd,
  0x55bd, 0x55bd, 0x55bd, 0x659c, 0x657b, 0x65bc, 0x55bd, 0x55bd, 0x55bd, 0x55bd, 0x55bd, 0x55bd,
  0x55bd, 0x55bd, 0x55bd, 0x55bd, 0x55bd, 0x55bd, 0x55bd, 0x55bd, 0x55bd, 0x55bd, 0x55bd, 0x55bd,
  0x55bd, 0x55bd, 0x55bd, 0x55bd, 0x55bd, 0x55bd, 0x55bd, 0x55bd, 0x55bd, 0x8dfb, 0xded6, 0xef15,
  0xf715, 0xf715, 0xeef4, 0x85db, 0x55bd, 0x55bd, 0x55bd, 0x55bd, 0x55bd, 0x55bd, 0x55bd, 0x55bd,
  0x55bd, 0x55bd, 0x55bd, 0x55bd, 0x55bd, 0x55bd, 0x55bd, 0x55bd, 0x55bd, 0x55bd, 0x55bd, 0x55bd,
  0x55bd, 0x55bd, 0x55bd, 0x55bd, 0x55bd, 0x55bd, 0x55bd, 0x55bd, 0x55bd, 0x55bd, 0x55bd, 0x55bd,
  0x55bd, 0x55bd, 0x55bd, 0x55bd, 0x55bd, 0x55bd, 0x55bd, 0x55bd, 0x55bd, 0x55bd, 0x55bd, 0x55bd,
  0x55bd, 0x55bd, 0x55bd, 0x55bd, 0x55bd, 0x55bd, 0x55bd, 0x55bd, 0x55bd, 0x55bd, 0x55bd, 0x55bd,
  0x55bd, 0x55bd, 0x55bd, 0x55bd, 0x55bd, 0x55bd, 0x55bd, 0x55bd, 0x55bd, 0x55bd, 0x55bd, 0x55bd,
  0x55bd, 0x55bd, 0x55bd, 0x55bd, 0x55bd, 0x55bd, 0x55bd, 0x55bd, 0x55bd, 0x55bd, 0x55bd, 0x55bd,
  0x55bd, 0x55bd, 0x55bd, 0x55bd, 0x55bd, 0x55bd, 0x55bd, 0x55bd, 0x55bd, 0x55bd, 0x55bd, 0x55bd,
  0x55bd, 0x55bd, 0x55bd, 0x55bd, 0x55bd, 0x55bd, 0x55bd, 0x55bd, 0x55bd, 0x55bd, 0x55bd, 0x55bd,
  0x55bd, 0x55bd, 0x55bd, 0x55bd, 0x55bd, 0x55bd, 0x55bd, 0x55bd, 0x55bd, 0x55bd, 0x55bd, 0x55bd,
  0x55bd, 0x55bd, 0x55bd, 0x55bd, 0x55bd, 0x55bd, 0x55bd, 0x55bd, 0x55bd, 0x55bd, 0x55bd, 0x55bd,
  0x55bd, 0x55bd, 0x55bd, 0x55bd, 0x55bd, 0x55bd, 0x55bd, 0x55bd, 0x55bd, 0x55bd, 0x55bd, 0x55bd,
  0x55bd, 0x55bd, 0x55bd, 0x55bd, 0x55bd, 0x55bd, 0x55bd, 0x55bd, 0x55bd, 0x55bd, 0x55bd, 0x559c,
  0x559b, 0x559a, 0x559a, 0x557a, 0x559a, 0x559b, 0x559c, 0x55bd, 0x55bd, 0x55bd, 0x55bd, 0x55bd,
  0x55bd, 0x55bd, 0x55bd, 0x55bd, 0x55bd, 0x55bd, 0x55bd, 0x55bd, 0x55bd, 0x55bd, 0x55bd, 0x55bd,
  0x55bd, 0x55bd, 0x55bd, 0x55bd, 0x55bd, 0x55bd, 0x55bd, 0x55bd, 0x55bd, 0x55bd, 0x55bd, 0x55bd,
  0x55bd, 0x55bd, 0x55bd, 0x55bd, 0x55bd, 0x55bd, 0x55bd, 0x55bd, 0x55bd, 0x55bd, 0x55bd, 0x55bd,
  0x55bd, 0x55bd, 0x55bd, 0x55bd, 0x55bd, 0x55bd, 0x55bd, 0x55bd, 0x55bd, 0x55bd, 0x55bd, 0x55bd,
  0x55bd, 0x55bd, 0x55bd, 0x55bd, 0x55bd, 0x55bc, 0x559c, 0x559b, 0x559b, 0x559b, 0x559b, 0x559c,
  0x55bd, 0x55bd, 0x55bd, 0x55bd, 0x55bd, 0x55bd, 0x55bd, 0x55bd, 0x55bd, 0x55bd, 0x55bd, 0x55bd,
  0x55bd, 0x55bd, 0x55bd, 0x55bd, 0x55bd, 0x55bd, 0x55bd, 0x55bd, 0x55bd, 0x55bd, 0x55bd, 0x55bd,
  0x55bd, 0x55bd, 0x55bd, 0x55bd, 0x55bd, 0x55bd, 0x55bd, 0x55bd, 0x55bd, 0x55bd, 0x55bd, 0x55bd,
  0x55bd, 0x55bd, 0x55bd, 0x55bd, 0x55bd, 0x55bd, 0x55bd, 0x55bd, 0x55bd, 0x55bd, 0x55bd, 0x55bd,
  0x55bd, 0x55bd, 0x55bd, 0x55bd, 0x55bd, 0x55bd, 0x55bd, 0x55bd, 0x55bd, 0x55bd, 0xb4d5, 0xd430,
  0xd451, 0xdcf4, 0x959b, 0x55bd, 0x55bd, 0x55bd, 0x559c, 0x55bd, 0x55bd, 0x55bd, 0x55bd, 0x55bd,
  0x55bd, 0x55bd, 0x55bd, 0x55bd, 0x55bd, 0x55bd, 0x55bd, 0x55bd, 0x55bd, 0x55bd, 0x55bd, 0x55bd,
  0x55bd, 0x55bd, 0x55bd, 0x55bd, 0x55bd, 0xc6b9, 0xf757, 0xf757, 0xf758, 0xff78, 0xf736, 0xc679,
  0x55bd, 0x55bd, 0x55bd, 0x55bd, 0x55bd, 0x55bd, 0x55bd, 0x55bd, 0x55bd, 0x55bd, 0x55bd, 0x55bd,
  0x55bd, 0x55bd, 0x55bd, 0x55bd, 0x55bd, 0x55bd, 0x55bd, 0x55bd, 0x55bd, 0x55bd, 0x55bd, 0x55bd,
  0x55bd, 0x55bd, 0x55bd, 0x55bd, 0x55bd, 0x55bd, 0x55bd, 0x55bd, 0x55bd, 0x55bd, 0x55bd, 0x55bd,
  0x55bd, 0x55bd, 0x55bd, 0x55bd, 0x55bd, 0x55bd, 0x55bd, 0x55bd, 0x55bd, 0x55bd, 0x55bd, 0x55bd,
  0x55bd, 0x55bd, 0x55bd, 0x55bd, 0x55bd, 0x55bd, 0x55bd, 0x55bd, 0x55bd, 0x55bd, 0x55bd, 0x55bd,
  0x55bd, 0x55bd, 0x55bd, 0x55bd, 0x55bd, 0x55bd, 0x55bd, 0x55bd, 0x55bd, 0x55bd, 0x55bd, 0x55bd,
  0x55bd, 0x55bd, 0x55bd, 0x55bd, 0x55bd, 0x55bd, 0x55bd, 0x55bd, 0x55bd, 0x55bd, 0x55bd, 0x55bd,
  0x55bd, 0x55bd, 0x55bd, 0x55bd, 0x55bd, 0x55bd, 0x55bd, 0x55bd, 0x55bd, 0x55bd, 0x55bd, 0x55bd,
  0x55bd, 0x55bd, 0x55bd, 0x55bd, 0x55bd, 0x55bd, 0x55bd, 0x55bd, 0x55bd, 0x55bd, 0x55bd, 0x55bd,
  0x55bd, 0x55bd, 0x55bd, 0x55bd, 0x55bd, 0x55bd, 0x55bd, 0x55bd, 0x55bd, 0x55bd, 0x55bd, 0x55bd,
  0x55bd, 0x55bd, 0x55bd, 0x55bd, 0x55bd, 0x55bd, 0x55bd, 0x55bd, 0x55bd, 0x55bd, 0x55bd, 0x55bd,
  0x55bd, 0x55bd, 0x55bd, 0x55bd, 0x55bd, 0x55bd, 0x55bd, 0x55bd, 0x55bd, 0x55bd, 0x55bd, 0x55bd,
  0x55bd, 0x55bd, 0x55bd, 0x55bd, 0x55bc, 0x559a, 0x5559, 0x5557, 0x5557, 0x5557, 0x5557, 0x5557,
  0x5557, 0x5557, 0x5557, 0x5559, 0x559b, 0x55bc, 0x55bd, 0x55bd, 0x55bd, 0x55bd, 0x55bd, 0x55bd,
  0x55bd, 0x55bd, 0x55bd, 0x55bd, 0x55bd, 0x55bd, 0x55bd, 0x55bd, 0x55bd, 0x55bd, 0x55bd, 0x55bd,
  0x55bd, 0x55bd, 0x55bd, 0x55bd, 0x55bd, 0x55bd, 0x55bd, 0x55bd, 0x55bd, 0x55bd, 0x55bd, 0x55bd,
  0x55bd, 0x55bd, 0x55bd, 0x55bd, 0x55bd, 0x55bd, 0x55bd, 0x55bd, 0x55bd, 0x55bd, 0x55bd, 0x55bd,
  0x55bd, 0x55bd, 0x55bd, 0x55bd, 0x55bd, 0x55bd, 0x55bd, 0x55bd, 0x55bd, 0x55bd, 0x559c, 0x559a,
  0x5579, 0x5558, 0x5558, 0x5558, 0x5558, 0x5d78, 0x5557, 0x5558, 0x5579, 0x559a, 0x55bc, 0x55bd,
  0x559d, 0x55bd, 0x55bd, 0x55bd, 0x55bd, 0x55bd, 0x55bd, 0x55bd, 0x55bd, 0x55bd, 0x55bd, 0x55bd,
  0x55bd, 0x55bd, 0x55bd, 0x55bd, 0x55bd, 0x55bd, 0x55bd, 0x55bd, 0x55bd, 0x55bd, 0x55bd, 0x55bd,
  0x55bd, 0x55bd, 0x55bd, 0x55bd, 0x55bd, 0x55bd, 0x55bd, 0x55bd, 0x55bd, 0x55bd, 0x55bd, 0x55bd,
  0x55bd, 0x55bd, 0x55bd, 0x55bd, 0x55bd, 0x55bd, 0x55bd, 0x55bd, 0x55bd, 0x55bd, 0x55bd, 0x55bd,
  0x55bd, 0x55bd, 0x55bd, 0x55bd, 0x55bd, 0x9539, 0xdc2f, 0xdc30, 0xdcb2, 0xedb7, 0xe5d8, 0x7dbc,
  0x5dbd, 0x55bd, 0x6579, 0x5d9a, 0x5dbd, 0x8dbb, 0x8dbb, 0x55bd, 0x55bd, 0x55bd, 0x55bd, 0x55bd,
  0x55bd, 0x55bd, 0x55bd, 0x55bd, 0x55bd, 0x55bd, 0x559c, 0x55bd, 0x55bd, 0x55bd, 0x55bd, 0x55bd,
  0x55bd, 0xc6b9, 0xf779, 0xbdf7, 0xa576, 0xf738, 0xef17, 0xae39, 0x559d, 0x55bd, 0x55bd, 0x55bd,
  0x55bd, 0x55bd, 0x55bd, 0x55bd, 0x55bd, 0x55bd, 0x55bd, 0x55bd, 0x55bd, 0x55bd, 0x55bd, 0x55bd,
  0x55bd, 0x55bd, 0x55bd, 0x55bd, 0x55bd, 0x55bd, 0x55bd, 0x55bd, 0x55bd, 0x55bd, 0x55bd, 0x55bd,
  0x55bd, 0x55bd, 0x55bd, 0x55bd, 0x55bd, 0x55bd, 0x55bd, 0x55bd, 0x55bd, 0x55bd, 0x55bd, 0x55bd,
  0x55bd, 0x55bd, 0x55bd, 0x55bd, 0x55bd, 0x55bd, 0x55bd, 0x55bd, 0x55bd, 0x55bd, 0x55bd, 0x55bd,
  0x55bd, 0x55bd, 0x55bc, 0x559b, 0x557a, 0x5579, 0x5579, 0x557a, 0x559b, 0x55bc, 0x55bc, 0x55bd,
  0x55bd, 0x55bd, 0x55bd, 0x55bd, 0x55bd, 0x55bd, 0x55bd, 0x55bd, 0x55bd, 0x55bd, 0x55bd, 0x55bd,
  0x55bd, 0x55bd, 0x55bd, 0x55bd, 0x55bd, 0x55bd, 0x55bd, 0x55bd, 0x55bd, 0x55bd, 0x55bd, 0x55bd,
  0x55bd, 0x55bd, 0x55bd, 0x55bd, 0x55bd, 0x55bd, 0x55bd, 0x55bd, 0x55bd, 0x55bd, 0x55bd, 0x55bd,
  0x55bd, 0x55bd, 0x55bd, 0x55bd, 0x55bd, 0x55bd, 0x55bd, 0x55bd, 0x55bd, 0x55bd, 0x55bd, 0x55bd,
  0x55bd, 0x55bd, 0x55bd, 0x55bd, 0x55bd, 0x55bd, 0x55bd, 0x55bd, 0x55bd, 0x55bd, 0x55bd, 0x55bd,
  0x55bd, 0x55bd, 0x55bd, 0x55bd, 0x55bd, 0x55bd, 0x55bd, 0x55bd, 0x55bd, 0x55bd, 0x55bd, 0x55bd,
  0x55bd, 0x55bd, 0x55bd, 0x55bd, 0x55bd, 0x55bd, 0x55bd, 0x55bd, 0x55bd, 0x55bd, 0x55bd, 0x557b,
  0x5558, 0x5557, 0x5557, 0x5557, 0x5557, 0x5557, 0x5557, 0x5557, 0x5557, 0x5557, 0x5557, 0x5557,
  0x5557, 0x5578, 0x559c, 0x55bc, 0x55bd, 0x55bd, 0x55bd, 0x55bd, 0x55bd, 0x55bd, 0x55bd, 0x55bd,
  0x55bd, 0x55bd, 0x55bd, 0x55bd, 0x55bd, 0x55bd, 0x55bd, 0x55bd, 0x55bd, 0x55bd, 0x55bd, 0x55bd,
  0x55bd, 0x55bd, 0x55bd, 0x55bd, 0x55bd, 0x55bd, 0x55bd, 0x55bd, 0x55bd, 0x55bd, 0x55bd, 0x55bd,
  0x55bd, 0x55bd, 0x55bd, 0x55bd, 0x55bd, 0x55bd, 0x55bd, 0x55bd, 0x55bd, 0x55bd, 0x55bd, 0x55bd,
  0x55bd, 0x55bd, 0x55bc, 0x559c, 0x557a, 0x5578, 0x5558, 0x5558, 0x5558, 0x5d57, 0x5d58, 0x5d78,
  0x5d58, 0x5d58, 0x5557, 0x5557, 0x5557, 0x5d78, 0x5578, 0x5579, 0x559c, 0x55bc, 0x55bd, 0x55bd,
  0x55bd, 0x55bd, 0x55bd, 0x55bd, 0x55bd, 0x55bd, 0x55bd, 0x55bd, 0x55bd, 0x55bd, 0x55bd, 0x55bd,
  0x55bd, 0x55bd, 0x55bd, 0x55bd, 0x55bd, 0x55bd, 0x55bd, 0x55bd, 0x55bd, 0x55bd, 0x55bd, 0x55bd,
  0x55bd, 0x55bd, 0x55bd, 0x55bd, 0x55bd, 0x55bd, 0x55bd, 0x55bd, 0x55bd, 0x55bd, 0x55bd, 0x55bd,
  0x55bd, 0x55bd, 0x55bd, 0x55bd, 0x55bd, 0x55bd, 0x55bd, 0x55bd, 0x55bd, 0x55bd, 0x55bd, 0x55bd,
  0x6d9b, 0xd451, 0xdc0f, 0xdc50, 0xedb7, 0xedd7, 0xedd7, 0xd5b8, 0x5dbc, 0x55bd, 0x6552, 0x6574,
  0x757b, 0xcd36, 0xcd35, 0xad58, 0x7d9b, 0x55bd, 0x55bd, 0x55bd, 0x55bd, 0x55bd, 0x55bd, 0x55bd,
  0x55bd, 0x5dbc, 0x6d7a, 0x5dbc, 0x55bd, 0x55bd, 0x55bd, 0x55bd, 0x55bd, 0xc6b9, 0xf759, 0x8cf5,
  0x84b5, 0xe6f8, 0xef17, 0xa639, 0x4d9d, 0x55bd, 0x55bd, 0x55bd, 0x55bd, 0x55bd, 0x55bd, 0x55bd,
  0x55bd, 0x55bd, 0x55bd, 0x55bd, 0x55bd, 0x55bc, 0x4d96, 0x4d99, 0x55bd, 0x55bd, 0x55bd, 0x55bd,
  0x55bd, 0x55bd, 0x55bd, 0x55bd, 0x55bd, 0x55bd, 0x55bd, 0x55bd, 0x55bd, 0x55bd, 0x55bd, 0x55bd,
  0x55bd, 0x55bd, 0x55bd, 0x55bd, 0x55bd, 0x55bd, 0x55bd, 0x55bd, 0x55bd, 0x55bd, 0x55bd, 0x55bd,
  0x55bd, 0x55bd, 0x55bd, 0x55bd, 0x55bd, 0x55bd, 0x55bd, 0x55bd, 0x559c, 0x559a, 0x5578, 0x5578,
  0x5d58, 0x5d78, 0x5d78, 0x5d78, 0x5d78, 0x5d78, 0x5d79, 0x559c, 0x55bd, 0x55bd, 0x55bd, 0x55bd,
  0x55bd, 0x55bd, 0x55bd, 0x55bd, 0x55bd, 0x55bd, 0x55bd, 0x55bd, 0x55bd, 0x55bd, 0x55bd, 0x55bd,
  0x55bd, 0x55bd, 0x55bd, 0x55bd, 0x55bd, 0x55bd, 0x55bd, 0x55bd, 0x55bd, 0x55bd, 0x55bd, 0x55bd,
  0x55bd, 0x55bd, 0x55bd, 0x55bd, 0x55bd, 0x55bd, 0x55bd, 0x55bd, 0x55bd, 0x55bd, 0x55bd, 0x55bd,
  0x55bd, 0x55bd, 0x55bd, 0x55bd, 0x55bd, 0x55bd, 0x55bd, 0x55bd, 0x55bd, 0x55bd, 0x55bd, 0x55bd,
  0x55bd, 0x55bd, 0x55bd, 0x55bd, 0x55bd, 0x55bd, 0x55bd, 0x55bd, 0x55bd, 0x55bd, 0x55bd, 0x55bd,
  0x55bd, 0x55bd, 0x55bd, 0x55bd, 0x55bd, 0x55bd, 0x55bd, 0x55bd, 0x55bd, 0x55bd, 0x55bd, 0x55bd,
  0x55bd, 0x55bd, 0x55bd, 0x55bd, 0x55bd, 0x559a, 0x5578, 0x5558, 0x5557, 0x5557, 0x5557, 0x5d57,
  0x5d57, 0x5d57, 0x5d57, 0x5d57, 0x5557, 0x5557, 0x5557, 0x5557, 0x5557, 0x5d57, 0x5557, 0x5578,
  0x559b, 0x55bc, 0x55bd, 0x55bd, 0x55bd, 0x55bd, 0x55bd, 0x55bd, 0x55bd, 0x55bd, 0x55bd, 0x55bd,
  0x55bd, 0x55bd, 0x55bd, 0x55bd, 0x55bd, 0x55bd, 0x55bd, 0x55bd, 0x55bd, 0x55bd, 0x55bd, 0x55bd,
  0x55bd, 0x55bd, 0x55bd, 0x55bd, 0x55bd, 0x55bd, 0x55bd, 0x55bd, 0x55bd, 0x55bd, 0x55bd, 0x55bd,
  0x55bd, 0x55bd, 0x55bd, 0x55bd, 0x55bd, 0x55bd, 0x55bd, 0x55bd, 0x559c, 0x557a, 0x5578, 0x5558,
  0x5557, 0x5557, 0x5557, 0x5557, 0x5d57, 0x5d57, 0x5d57, 0x5d57, 0x5d58, 0x5d57, 0x5557, 0x5d57,
  0x5d57, 0x5d57, 0x5d57, 0x5d58, 0x5558, 0x5579, 0x559b, 0x55bc, 0x55bd, 0x55bd, 0x55bd, 0x55bd,
  0x55bd, 0x55bd, 0x55bd, 0x55bd, 0x55bd, 0x55bd, 0x55bd, 0x55bd, 0x55bd, 0x55bd, 0x55bd, 0x55bd,
  0x55bd, 0x55bd, 0x55bd, 0x55bd, 0x55bd, 0x55bd, 0x55bd, 0x55bd, 0x55bd, 0x55bd, 0x55bd, 0x55bd,
  0x55bd, 0x55bd, 0x55bd, 0x55bd, 0x55bd, 0x55bd, 0x55bd, 0x55bd, 0x55bd, 0x55bd, 0x55bd, 0x55bd,
  0x55bd, 0x55bd, 0x55bd, 0x55bd, 0x55bd, 0x55bd, 0x55bd, 0x4dbd, 0xbcd4, 0xdc2f, 0xdc2f, 0xe534,
  0xedd7, 0xedd7, 0xedb7, 0xed97, 0xad7a, 0x4d7c, 0x5d2e, 0x5d4e, 0xc4f5, 0xe4f4, 0xd4f3, 0xdd13,
  0xccf4, 0x6d7b, 0x75bc, 0x5ddd, 0x5dbd, 0x55bd, 0x55bd, 0x55bd, 0x55bd, 0xbd75, 0xe52f, 0xe673,
  0x75dc, 0x55bd, 0x55bd, 0x55bd, 0x55bd, 0xc6b9, 0xf757, 0xe6f8, 0xe718, 0xf758, 0xef37, 0xbe99,
  0x4d9d, 0x559d, 0x75bb, 0x6dbc, 0x55bd, 0x55bd, 0x55bd, 0x55bd, 0x559d, 0x55bd, 0x55bd, 0x55bd,
  0x55bd, 0x55ba, 0x4550, 0x4571, 0x559c, 0x559d, 0x55bd, 0x55bd, 0x55bd, 0x55bd, 0x55bd, 0x55bd,
  0x55bd, 0x55bd, 0x55bd, 0x55bd, 0x55bd, 0x55bd, 0x55bd, 0x55bd, 0x55bd, 0x55bd, 0x55bd, 0x55bd,
  0x55bd, 0x55bd, 0x55bd, 0x55bd, 0x55bd, 0x55bd, 0x55bd, 0x55bd, 0x55bd, 0x55bd, 0x55bd, 0x55bd,
  0x55bd, 0x55bd, 0x559c, 0x559a, 0x5578, 0x5d78, 0x5d78, 0x5d78, 0x5d78, 0x5d78, 0x5d77, 0x5d77,
  0x5d77, 0x5d78, 0x5d78, 0x5d78, 0x559b, 0x55bc, 0x55bd, 0x55bd, 0x55bd, 0x55bd, 0x55bd, 0x55bd,
  0x55bd, 0x55bd, 0x55bd, 0x55bd, 0x55bd, 0x55bd, 0x55bd, 0x55bd, 0x55bd, 0x55bd, 0x55bd, 0x55bd,
  0x55bd, 0x55bd, 0x55bd, 0x55bd, 0x55bd, 0x55bd, 0x55bd, 0x55bd, 0x55bd, 0x55bd, 0x55bd, 0x55bd,
  0x55bd, 0x55bd, 0x55bd, 0x55bd, 0x55bd, 0x55bd, 0x55bd, 0x55bd, 0x55bd, 0x55bd, 0x55bd, 0x55bd,
  0x55bd, 0x55bd, 0x55bd, 0x55bd, 0x55bd, 0x55bd, 0x55bd, 0x55bd, 0x55bd, 0x55bd, 0x55bd, 0x55bd,
  0x55bd, 0x55bd, 0x55bd, 0x55bd, 0x55bd, 0x55bd, 0x55bd, 0x55bd, 0x55bd, 0x55bd, 0x55bd, 0x55bd,
  0x55bd, 0x55bd, 0x55bd, 0x55bd, 0x55bd, 0x55bd, 0x55bd, 0x55bd, 0x55bd, 0x55bd, 0x55bd, 0x559b,
  0x5558, 0x5557, 0x5557, 0x5557, 0x5557, 0x5557, 0x5d57, 0x5557, 0x5d57, 0x5d57, 0x5d57, 0x5d57,
  0x5557, 0x5557, 0x5557, 0x5557, 0x5557, 0x5557, 0x5557, 0x5557, 0x5557, 0x5578, 0x557b, 0x55bc,
  0x55bd, 0x55bd, 0x55bd, 0x55bd, 0x55bd, 0x55bd, 0x55bd, 0x55bd, 0x55bd, 0x55bd, 0x55bd, 0x55bd,
  0x55bd, 0x55bd, 0x55bd, 0x55bd, 0x55bd, 0x55bd, 0x55bd, 0x55bd, 0x55bd, 0x55bd, 0x55bd, 0x55bd,
  0x55bd, 0x55bd, 0x55bd, 0x55bd, 0x55bd, 0x55bd, 0x55bd, 0x55bd, 0x55bd, 0x55bd, 0x55bd, 0x55bd,
  0x55bd, 0x559c, 0x559a, 0x5579, 0x5d58, 0x5d57, 0x5d57, 0x5d57, 0x5d57, 0x5d57, 0x5d57, 0x5557,
  0x5557, 0x5d57, 0x5d77, 0x5d77, 0x5d57, 0x5d57, 0x5d77, 0x5d57, 0x5d77, 0x5d57, 0x5d57, 0x5d57,
  0x5d77, 0x5d57, 0x5d58, 0x5579, 0x559c, 0x55bd, 0x55bd, 0x55bd, 0x55bd, 0x55bd, 0x55bd, 0x55bd,
  0x55bd, 0x55bd, 0x55bd, 0x55bd, 0x55bd, 0x55bd, 0x55bd, 0x55bd, 0x55bd, 0x55bd, 0x55bd, 0x55bd,
  0x55bd, 0x55bd, 0x55bd, 0x55bd, 0x55bd, 0x55bd, 0x55bd, 0x55bd, 0x55bd, 0x55bd, 0x55bd, 0x55bd,
  0x55bd, 0x55bd, 0x55bd, 0x55bd, 0x55bd, 0x55bd, 0x55bd, 0x55bd, 0x55bd, 0x55bd, 0x55bd, 0x55bd,
  0x55bd, 0x55bd, 0x55bd, 0x8d7a, 0xdcf2, 0xdcf2, 0xe533, 0xedf8, 0xedf8, 0xedd7, 0xedd8, 0xedf8,
  0xe5d8, 0x6575, 0x654e, 0x6d6f, 0xdd55, 0xe5b7, 0xe535, 0xe658, 0xe637, 0xbdb8, 0xadba, 0x8d7a,
  0x95bb, 0x55bd, 0x55bd, 0x55bd, 0x9d78, 0xed4f, 0xee52, 0xeef3, 0xd6b6, 0x5dbc, 0x55bd, 0x55bd,
  0x55bd, 0xce98, 0xf757, 0xf757, 0xff57, 0xff57, 0xf736, 0xce98, 0x659c, 0x6d9c, 0xc679, 0xa61a,
  0x65bc, 0x5dbd, 0x55bd, 0x55bd, 0x55bd, 0x55bd, 0x559d, 0x55bd, 0x55bc, 0x4d72, 0x4d6f, 0x4d6f,
  0x4d54, 0x559c, 0x559d, 0x55bd, 0x55bd, 0x55bd, 0x55bd, 0x55bd, 0x55bd, 0x55bd, 0x55bd, 0x55bd,
  0x55bd, 0x55bd, 0x55bd, 0x55bd, 0x55bd, 0x55bd, 0x55bd, 0x55bd, 0x55bd, 0x55bd, 0x5599, 0x5575,
  0x5598, 0x55bd, 0x55bd, 0x55bd, 0x55bd, 0x55bd, 0x55bd, 0x55bd, 0x55bc, 0x5d7a, 0x5d78, 0x5d58,
  0x5d58, 0x5d77, 0x5d78, 0x5d78, 0x5d78, 0x5d77, 0x5d77, 0x5d77, 0x5d77, 0x5d78, 0x5d78, 0x5d78,
  0x5d78, 0x5d79, 0x559c, 0x55bd, 0x55bd, 0x55bd, 0x55bd, 0x55bd, 0x55bd, 0x55bd, 0x55bd, 0x55bd,
  0x55bd, 0x55bd, 0x55bd, 0x55bd, 0x55bd, 0x55bd, 0x55bd, 0x55bd, 0x55bd, 0x55bd, 0x55bd, 0x55bd,
  0x55bd, 0x55bd, 0x55bd, 0x55bd, 0x55bd, 0x55bd, 0x55bd, 0x55bd, 0x55bd, 0x55bd, 0x55bd, 0x55bd,
  0x559d, 0x55bd, 0x55bd, 0x55bd, 0x55bd, 0x55bd, 0x55bd, 0x55bd, 0x55bd, 0x55bd, 0x55bd, 0x55bd,
  0x55bd, 0x55bd, 0x55bd, 0x55bd, 0x55bd, 0x55bd, 0x55bd, 0x55bd, 0x55bd, 0x55bd, 0x55bd, 0x55bd,
  0x55bd, 0x55bd, 0x55bd, 0x55bd, 0x55bd, 0x55bd, 0x55bd, 0x55bd, 0x55bd, 0x55bd, 0x55bd, 0x55bd,
  0x55bd, 0x55bd, 0x55bd, 0x55bd, 0x55bd, 0x559b, 0x5579, 0x5557, 0x5d57, 0x5557, 0x5557, 0x5557,
  0x5557, 0x5557, 0x5d57, 0x5d57, 0x5d57, 0x5d77, 0x5557, 0x5557, 0x5557, 0x5557, 0x5557, 0x5557,
  0x5557, 0x5557, 0x5557, 0x5557, 0x5d57, 0x5d57, 0x5d57, 0x5578, 0x559a, 0x55bc, 0x55bd, 0x55bd,
  0x55bd, 0x55bd, 0x55bd, 0x55bd, 0x55bd, 0x55bd, 0x55bd, 0x55bd, 0x55bd, 0x55bd, 0x55bd, 0x55bd,
  0x55bd, 0x55bd, 0x55bd, 0x55bd, 0x55bd, 0x55bd, 0x55bd, 0x55bd, 0x55bd, 0x55bd, 0x55bd, 0x55bd,
  0x55bd, 0x55bd, 0x55bd, 0x55bd, 0x55bd, 0x55bd, 0x559c, 0x559b, 0x5579, 0x5558, 0x5577, 0x5557,
  0x5d57, 0x5d57, 0x5d77, 0x5d77, 0x5d57, 0x5d57, 0x5557, 0x5557, 0x5557, 0x5d77, 0x5d57, 0x5d77,
  0x5d57, 0x5d77, 0x5d77, 0x5d77, 0x5d77, 0x5d77, 0x5d57, 0x5d77, 0x5d77, 0x5d57, 0x5d77, 0x5d77,
  0x5d78, 0x5599, 0x55bc, 0x55bd, 0x55bd, 0x55bd, 0x55bd, 0x55bd, 0x55bd, 0x55bd, 0x55bd, 0x55bd,
  0x55bd, 0x55bd, 0x55bd, 0x55bd, 0x55bd, 0x55bd, 0x55bd, 0x55bd, 0x55bd, 0x55bd, 0x55bd, 0x55bd,
  0x55bd, 0x55bd, 0x55bd, 0x55bd, 0x55bd, 0x55bd, 0x55bd, 0x55bd, 0x55bd, 0x55bd, 0x55bd, 0x55bd,
  0x55bd, 0x4d78, 0x4d77, 0x55bc, 0x55bd, 0x55bd, 0x55bd, 0x55bd, 0x55bd, 0x55bd, 0x55bd, 0xadfb,
  0xe6db, 0xe6dc, 0xee59, 0xde3a, 0xbe7c, 0xe639, 0xde5a, 0xc6bc, 0xde7a, 0x6573, 0x654e, 0x756f,
  0xd5b7, 0xce19, 0xe535, 0xce5b, 0xd69b, 0xce39, 0xb559, 0xad39, 0xa539, 0x659b, 0x55dd, 0x6dbb,
  0xdd30, 0xe5d1, 0xef14, 0xef14, 0xef14, 0xae59, 0x55bd, 0x55bd, 0x55bd, 0xd6b8, 0xff57, 0xff57,
  0xff57, 0xff57, 0xef16, 0xee74, 0xd4d1, 0xdcd1, 0xdd93, 0xdd32, 0xdcd0, 0xde55, 0x6ddc, 0x55bd,
  0x55bd, 0x55bd, 0x55bd, 0x55bd, 0x55bc, 0x4571, 0x64ee, 0x64ed, 0x4d32, 0x5dbc, 0x6d99, 0x657a,
  0x55bd, 0x55bd, 0x55bd, 0x55bd, 0x55bd, 0x55bd, 0x55bd, 0x55bd, 0x55bd, 0x55b9, 0x5596, 0x5598,
  0x55bc, 0x55bc, 0x55bd, 0x55bd, 0x55bd, 0x55bb, 0x5d6e, 0x5d6e, 0x5d4e, 0x5599, 0x55bd, 0x55bd,
  0x55bd, 0x55bd, 0x55bd, 0x559b, 0x5d78, 0x5d78, 0x5d78, 0x5d78, 0x5d58, 0x5d77, 0x5d78, 0x5d78,
  0x5d78, 0x5d78, 0x5d77, 0x5d77, 0x5d78, 0x5d77, 0x5d77, 0x5d77, 0x5d77, 0x5d77, 0x5d78, 0x559b,
  0x55bd, 0x55bd, 0x55bd, 0x55bd, 0x55bd, 0x55bd, 0x55bd, 0x55bd, 0x55bd, 0x55bd, 0x55bd, 0x55bd,
  0x55bd, 0x55bd, 0x55bd, 0x55bd, 0x55bd, 0x55bd, 0x55bd, 0x55bd, 0x55bd, 0x55bd, 0x55bd, 0x55bd,
  0x55bd, 0x55bd, 0x55bd, 0x55bd, 0x55bd, 0x55bd, 0x55bd, 0x55bd, 0x55bd, 0x55bd, 0x55bd, 0x55bd,
  0x55bd, 0x55bd, 0x55bd, 0x55bd, 0x55bd, 0x55bd, 0x55bd, 0x55bd, 0x55bd, 0x55bd, 0x55bd, 0x55bd,
  0x55bd, 0x55bd, 0x55bd, 0x55bd, 0x55bd, 0x55bd, 0x55bd, 0x55bd, 0x55bd, 0x55bd, 0x55bd, 0x55bd,
  0x55bd, 0x55bd, 0x55bd, 0x55bd, 0x55bd, 0x55bd, 0x55bd, 0x55bd, 0x55bd, 0x55bd, 0x55bd, 0x559c,
  0x557a, 0x5577, 0x5557, 0x5d57, 0x5d57, 0x5557, 0x5557, 0x5557, 0x5d77, 0x5d77, 0x5d77, 0x5d57,
  0x5d77, 0x5d77, 0x5d77, 0x5d77, 0x5d77, 0x5d57, 0x5557, 0x5557, 0x5557, 0x5557, 0x5557, 0x5557,
  0x5557, 0x5d57, 0x5d77, 0x5d77, 0x5d77, 0x5d78, 0x559a, 0x55bc, 0x55bd, 0x55bd, 0x55bd, 0x55bd,
  0x55bd, 0x55bd, 0x55bd, 0x55bd, 0x55bd, 0x55bd, 0x55bd, 0x55bd, 0x55bd, 0x55bd, 0x55bd, 0x55bd,
  0x55bd, 0x55bd, 0x55bd, 0x55bd, 0x55bd, 0x55bd, 0x55bd, 0x55bd, 0x55bd, 0x55bd, 0x55bd, 0x55bd,
  0x559c, 0x557a, 0x5578, 0x5557, 0x5d77, 0x5d77, 0x5d77, 0x5d57, 0x5d77, 0x5d57, 0x5d77, 0x5d77,
  0x5d77, 0x5d77, 0x5d77, 0x5d77, 0x5577, 0x5d77, 0x5d77, 0x5d77, 0x5d77, 0x5d77, 0x5d77, 0x5d77,
  0x5d77, 0x5d77, 0x5d77, 0x5d77, 0x5d77, 0x5d77, 0x5d77, 0x5d77, 0x5d77, 0x5d77, 0x5578, 0x557a,
  0x55bc, 0x55bd, 0x55bd, 0x55bd, 0x55bd, 0x55bd, 0x55bd, 0x55bd, 0x55bd, 0x55bd, 0x55bd, 0x55bd,
  0x55bd, 0x55bd, 0x55bd, 0x55bd, 0x55bd, 0x55bd, 0x55bd, 0x55bd, 0x55bd, 0x55bd, 0x55bd, 0x55bd,
  0x55bd, 0x55bd, 0x55bd, 0x55bd, 0x55bd, 0x55bd, 0x55bd, 0x55bd, 0x4533, 0x450e, 0x450f, 0x4531,
  0x55bc, 0x55bd, 0x55bd, 0x55bd, 0x55bd, 0x55bd, 0x55bd, 0xae1b, 0xd6bc, 0xce9b, 0xee38, 0xe65a,
  0xc69d, 0xee39, 0xde5a, 0xce7b, 0xde19, 0x6533, 0x6cec, 0x750e, 0xdd35, 0xdd97, 0xdd35, 0xe6ba,
  0xde9a, 0xd65a, 0xb5fb, 0xbdfb, 0xbe1a, 0x9dda, 0x4dbc, 0xc5f7, 0xe614, 0xeed4, 0xef14, 0xef14,
  0xef14, 0xe6f4, 0x6ddc, 0x4d9d, 0x5d9c, 0xe6d6, 0xff57, 0xff58, 0xff57, 0xff57, 0xef16, 0xdd11,
  0xdcd1, 0xdcd1, 0xdcb0, 0xdc90, 0xe592, 0xf736, 0xd6b8, 0x5dbc, 0x55bd, 0x55bd, 0x55bd, 0x55bd,
  0x857c, 0x8558, 0x84d4, 0x8cb3, 0x8559, 0x859b, 0x8578, 0x757a, 0x6d7c, 0x559d, 0x55bd, 0x55bd,
  0x55bd, 0x55bd, 0x55bd, 0x55bd, 0x55bc, 0x4d71, 0x4d4f, 0x4d2f, 0x4d31, 0x4d51, 0x5579, 0x55bd,
  0x55bd, 0x55b8, 0x5d6e, 0x5d6d, 0x5d6d, 0x5576, 0x55bd, 0x55bd, 0x55bd, 0x559b, 0x5579, 0x5d78,
  0x5d78, 0x5d78, 0x5d78, 0x5d78, 0x5d78, 0x5d78, 0x5d78, 0x5d78, 0x5d77, 0x5d77, 0x5d77, 0x5d78,
  0x5d77, 0x5d77, 0x5d77, 0x5d77, 0x5d77, 0x5d77, 0x5d77, 0x5d78, 0x559a, 0x55bc, 0x55bd, 0x55bd,
  0x55bd, 0x55bd, 0x55bd, 0x55bd, 0x55bd, 0x55bd, 0x55bd, 0x55bd, 0x55bd, 0x55bd, 0x55bd, 0x55bd,
  0x55bd, 0x55bd, 0x55bd, 0x55bd, 0x55bd, 0x55bd, 0x55bd, 0x55bd, 0x55bd, 0x55bd, 0x55bd, 0x55bd,
  0x55bd, 0x55bd, 0x55bd, 0x55bd, 0x55bd, 0x55bd, 0x55bd, 0x55bd, 0x55bd, 0x55bd, 0x55bd, 0x55bd,
  0x55bd, 0x55bd, 0x55bd, 0x55bd, 0x55bd, 0x55bd, 0x55bd, 0x55bd, 0x55bd, 0x55bd, 0x55bd, 0x55bd,
  0x55bd, 0x55bd, 0x55bd, 0x55bd, 0x55bd, 0x55bd, 0x55bd, 0x55bd, 0x55bd, 0x55bd, 0x55bd, 0x55bd,
  0x55bd, 0x55bd, 0x55bd, 0x55bd, 0x55bd, 0x55bd, 0x559a, 0x5558, 0x5557, 0x5577, 0x5d57, 0x5557,
  0x5557, 0x5557, 0x5557, 0x5557, 0x5d77, 0x5d77, 0x5d77, 0x5d77, 0x5d77, 0x5d77, 0x5d77, 0x5d77,
  0x5d77, 0x5d77, 0x5577, 0x5d77, 0x5557, 0x5557, 0x5557, 0x5557, 0x5557, 0x5d77, 0x5d77, 0x5d77,
  0x5d77, 0x5d77, 0x5d77, 0x5578, 0x557a, 0x559c, 0x55bd, 0x55bd, 0x55bd, 0x55bd, 0x55bd, 0x55bd,
  0x55bd, 0x55bd, 0x55bd, 0x55bd, 0x55bd, 0x55bd, 0x55bd, 0x55bd, 0x55bd, 0x55bd, 0x55bd, 0x55bd,
  0x55bd, 0x55bd, 0x55bd, 0x55bd, 0x55bd, 0x55bc, 0x559b, 0x5579, 0x5578, 0x5d78, 0x5d77, 0x5d77,
  0x5d57, 0x5d57, 0x5d77, 0x5d77, 0x5d77, 0x5d77, 0x5d77, 0x5d77, 0x5d77, 0x5d77, 0x5d77, 0x5d77,
  0x5d77, 0x5d77, 0x5d77, 0x5d77, 0x5d77, 0x5d78, 0x5d77, 0x5d77, 0x5d77, 0x5d77, 0x5d77, 0x5d78,
  0x5d77, 0x5d77, 0x5d77, 0x5d77, 0x5d77, 0x5d77, 0x5d77, 0x5d57, 0x5d79, 0x559b, 0x55bd, 0x55bd,
  0x55bd, 0x55bd, 0x55bd, 0x55bd, 0x55bd, 0x55bd, 0x55bd, 0x55bd, 0x55bd, 0x55bd, 0x55bd, 0x55bd,
  0x55bd, 0x55bd, 0x55bd, 0x55bd, 0x55bd, 0x55bd, 0x55bd, 0x55bd, 0x55bd, 0x55bd, 0x55bd, 0x55bd,
  0x55bd, 0x55bd, 0x55bd, 0x55dc, 0x452f, 0x452e, 0x450e, 0x44ee, 0x4d58, 0x55bd, 0x55bd, 0x5ddd,
  0x5ddd, 0x55dd, 0x55bd, 0xa5fb, 0xee7a, 0xe69a, 0xee18, 0xee18, 0xee39, 0xedf7, 0xedd7, 0xedd7,
  0xe597, 0x559a, 0x64f6, 0x6d36, 0xdd15, 0xdd55, 0xe596, 0xeeda, 0xeeda, 0xd65a, 0xae3c, 0xbe5c,
  0xcebd, 0xbe7c, 0x4dbd, 0xced9, 0xdf5b, 0xeef4, 0xbebb, 0xef14, 0xd6f9, 0xdef8, 0x85db, 0x559d,
  0xb574, 0xf6d5, 0xff57, 0xff57, 0xff57, 0xff57, 0xe633, 0xdcb0, 0xdcd1, 0xdcf1, 0xdcd1, 0xdd32,
  0xef16, 0xf736, 0xf736, 0xae39, 0x55bd, 0x55bd, 0x55bd, 0x757c, 0xcc98, 0xccb8, 0xc497, 0xcc98,
  0xcc98, 0xccb8, 0xc4f7, 0xccb8, 0xd5fb, 0x7ddc, 0x55bd, 0x55bc, 0x55bd, 0x55bd, 0x55bd, 0x55bd,
  0x55bc, 0x4d70, 0x4d4f, 0x552e, 0x4d4e, 0x4d4e, 0x4d50, 0x55bc, 0x5dbd, 0x5596, 0x556d, 0x652c,
  0x554d, 0x5575, 0x559c, 0x55bc, 0x559a, 0x5578, 0x5d77, 0x5d78, 0x5d78, 0x5d78, 0x5d78, 0x5d78,
  0x5d77, 0x5d77, 0x5d78, 0x5d77, 0x5d77, 0x5d78, 0x5d77, 0x5d78, 0x5d77, 0x5d77, 0x5d77, 0x5d77,
  0x5d77, 0x5d77, 0x5d77, 0x5d77, 0x5d57, 0x5d79, 0x559c, 0x55bd, 0x55bd, 0x55bd, 0x55bd, 0x55bd,
  0x55bd, 0x55bd, 0x55bd, 0x55bd, 0x55bd, 0x55bd, 0x55bd, 0x55bd, 0x55bd, 0x55bd, 0x55bd, 0x55bd,
  0x55bd, 0x55bd, 0x55bd, 0x55bd, 0x55bd, 0x55bd, 0x55bd, 0x55bd, 0x55bd, 0x55bd, 0x55bd, 0x55bd,
  0x559d, 0x55bd, 0x55bd, 0x55bd, 0x55bd, 0x55bd, 0x55bd, 0x55bd, 0x55bd, 0x55bd, 0x55bd, 0x55bd,
  0x55bd, 0x55bd, 0x55bd, 0x55bd, 0x55bd, 0x55bd, 0x55bd, 0x55bd, 0x55bd, 0x55bd, 0x55bd, 0x55bd,
  0x55bd, 0x55bd, 0x55bd, 0x55bd, 0x55bd, 0x55bd, 0x55bd, 0x55bd, 0x55bd, 0x55bd, 0x55bd, 0x55bd,
  0x559b, 0x5558, 0x5557, 0x5557, 0x5557, 0x5557, 0x5557, 0x5d57, 0x5577, 0x5577, 0x5d77, 0x5d57,
  0x5d77, 0x5d77, 0x5d77, 0x5d77, 0x5d77, 0x5d77, 0x5d77, 0x5d77, 0x5d77, 0x5d77, 0x5d77, 0x5d77,
  0x5577, 0x5557, 0x5d77, 0x5d57, 0x5d57, 0x5577, 0x5577, 0x5d77, 0x5d77, 0x5d77, 0x5d57, 0x5d57,
  0x5d57, 0x5558, 0x559a, 0x55bc, 0x55bd, 0x55bd, 0x55bd, 0x55bd, 0x55bd, 0x55bd, 0x55bd, 0x55bd,
  0x55bd, 0x55bd, 0x55bd, 0x55bd, 0x55bd, 0x55bd, 0x55bd, 0x55bd, 0x55bd, 0x55bd, 0x55bd, 0x55bc,
  0x559a, 0x5578, 0x5578, 0x5d78, 0x5d77, 0x5d77, 0x5d57, 0x5d77, 0x5d77, 0x5d77, 0x5d77, 0x5d77,
  0x5d77, 0x5d77, 0x5d77, 0x5d77, 0x5d77, 0x5d77, 0x5d77, 0x5d77, 0x5d77, 0x5d77, 0x5d77, 0x5d77,
  0x5d78, 0x5d77, 0x5d77, 0x5d77, 0x5d77, 0x5d77, 0x5d77, 0x5d77, 0x5d77, 0x5d77, 0x5d77, 0x5d77,
  0x5d77, 0x5d57, 0x5d77, 0x5d77, 0x5d57, 0x5d57, 0x557a, 0x55bc, 0x55bd, 0x55bd, 0x55bd, 0x55bd,
  0x55bd, 0x55bd, 0x55bd, 0x55bd, 0x55bd, 0x55bd, 0x55bd, 0x55bd, 0x55bd, 0x55bd, 0x55bd, 0x55bd,
  0x55bd, 0x55bd, 0x55bd, 0x55bd, 0x55bd, 0x55bd, 0x55bd, 0x55bd, 0x55bd, 0x55bd, 0x55bd, 0x55dd,
  0x4550, 0x4d2e, 0x4d0d, 0x450e, 0x4d79, 0x55bd, 0x5dbd, 0x55b8, 0x4d72, 0x55db, 0x55bd, 0xadfb,
  0xf67a, 0xee7a, 0xee18, 0xedb7, 0xe5d7, 0xedd7, 0xedd7, 0xe618, 0xe5d8, 0x5dbb, 0x7538, 0x6d7a,
  0xd556, 0xd619, 0xe597, 0xe6fc, 0xe6da, 0xd65a, 0xa61c, 0xcebd, 0xdf3e, 0xcefd, 0x5ddd, 0xdef9,
  0xef39, 0xeef3, 0xd6d8, 0xeef4, 0xded7, 0xdef6, 0x85fb, 0x75dd, 0xf717, 0xff37, 0xff56, 0xeeb3,
  0xf715, 0xff57, 0xf6f6, 0xf716, 0xf737, 0xf737, 0xf717, 0xef16, 0xf757, 0xf737, 0xf737, 0xe717,
  0x5ddd, 0x55dd, 0x55bd, 0xacd9, 0xcc78, 0xc498, 0xccb8, 0xccb8, 0xcc98, 0xcc98, 0xcc98, 0xd539,
  0xe73e, 0xcebd, 0x559c, 0x55bd, 0x55bd, 0x55bd, 0x55bd, 0x55bc, 0x559c, 0x4d30, 0x4d2e, 0x6ccc,
  0x4d4e, 0x4d6f, 0x5570, 0x5dbc, 0x55bd, 0x5598, 0x554c, 0x74cb, 0x5d4c, 0x5d78, 0x559a, 0x5578,
  0x5d58, 0x5d57, 0x5d57, 0x5d57, 0x5d78, 0x5d77, 0x5d77, 0x5d78, 0x5d78, 0x5d77, 0x5d77, 0x5d78,
  0x5d77, 0x5d77, 0x5d78, 0x5d77, 0x5d77, 0x5d77, 0x5d77, 0x5d77, 0x5d77, 0x5d77, 0x5d77, 0x5d77,
  0x5d77, 0x5d57, 0x5d78, 0x55bb, 0x55bd, 0x55bd, 0x55bd, 0x55bd, 0x55bd, 0x55bd, 0x55bd, 0x55bd,
  0x55bd, 0x55bd, 0x55bd, 0x55bd, 0x55bd, 0x55bd, 0x55bd, 0x55bd, 0x55bd, 0x55bd, 0x55bd, 0x55bd,
  0x55bd, 0x55bd, 0x55bd, 0x55bd, 0x55bd, 0x55bd, 0x55bd, 0x55bd, 0x55bd, 0x55bd, 0x55bd, 0x55bd,
  0x55bd, 0x55bd, 0x55bd, 0x55bd, 0x55bd, 0x55bd, 0x55bd, 0x55bd, 0x55bd, 0x55bd, 0x55bd, 0x55bd,
  0x55bd, 0x55bd, 0x55bd, 0x55bd, 0x55bd, 0x55bd, 0x55bd, 0x55bd, 0x55bd, 0x55bd, 0x55bd, 0x55bd,
  0x55bd, 0x55bd, 0x55bd, 0x55bd, 0x55bd, 0x55bd, 0x559c, 0x5579, 0x5557, 0x5557, 0x5557, 0x5557,
  0x5557, 0x5557, 0x5577, 0x5557, 0x5d77, 0x5d77, 0x5d57, 0x5d77, 0x5d77, 0x5d77, 0x5d77, 0x5d77,
  0x5d77, 0x5d77, 0x5d77, 0x5d77, 0x5d77, 0x5577, 0x5d77, 0x5d57, 0x5d77, 0x5d77, 0x5d57, 0x5577,
  0x5577, 0x5d77, 0x5d77, 0x5d77, 0x5d77, 0x5d77, 0x5d57, 0x5d77, 0x5d57, 0x5d77, 0x5d57, 0x5578,
  0x559a, 0x559c, 0x55bd, 0x55bd, 0x55bd, 0x55bd, 0x55bd, 0x55bd, 0x55bd, 0x55bd, 0x55bd, 0x55bd,
  0x55bd, 0x55bd, 0x55bd, 0x55bd, 0x55bd, 0x559b, 0x5579, 0x5578, 0x5578, 0x5d77, 0x5d78, 0x5d77,
  0x5d77, 0x5d57, 0x5d77, 0x5d77, 0x5d77, 0x5d77, 0x5d77, 0x5d77, 0x5d77, 0x5d77, 0x5d77, 0x5d77,
  0x5d77, 0x5d77, 0x5d77, 0x5d77, 0x5d77, 0x5d77, 0x5d77, 0x5d77, 0x5d78, 0x5d77, 0x5d78, 0x5d77,
  0x5d77, 0x5d77, 0x5d77, 0x5d78, 0x5d78, 0x5d77, 0x5d77, 0x5d77, 0x5d77, 0x5d77, 0x5d77, 0x5d77,
  0x5d57, 0x5d57, 0x5d57, 0x5d78, 0x559b, 0x55bd, 0x55bd, 0x55bd, 0x55bd, 0x55bd, 0x55bd, 0x55bd,
  0x55bd, 0x55bd, 0x55bd, 0x55bd, 0x55bd, 0x55bd, 0x55bd, 0x55bd, 0x55bd, 0x55bd, 0x55bd, 0x55bd,
  0x55bd, 0x55bd, 0x55bd, 0x55bd, 0x55bd, 0x55bd, 0x55bd, 0x55dd, 0x4d53, 0x550d, 0x5ced, 0x4551,
  0x5dbc, 0x55bd, 0x55bd, 0x4551, 0x454f, 0x4596, 0x55bd, 0xae1c, 0xf69a, 0xee7a, 0xedf8, 0xde18,
  0xc69c, 0xe618, 0xde39, 0xc6bc, 0xe63a, 0x65db, 0x7538, 0x6d7a, 0xd515, 0xcdb7, 0xe576, 0xd6bb,
  0xce7b, 0xce3a, 0xb63c, 0xce9c, 0xdf3d, 0xd6fd, 0x65dd, 0xdf19, 0xf757, 0xeed2, 0xe6d4, 0xe6f3,
  0xe6d4, 0xe6f4, 0x8dfa, 0x7dfd, 0xe73b, 0xf738, 0xe651, 0xcd2b, 0xd5cf, 0xff78, 0xf757, 0xf778,
  0xf778, 0xf779, 0xf758, 0xef16, 0xf737, 0xef18, 0xef38, 0xe718, 0x65dd, 0x55dd, 0x853b, 0xcc78,
  0xcc98, 0xc498, 0xccb8, 0xccb8, 0xcc98, 0xcc98, 0xcc98, 0xde7c, 0xe73e, 0xe73e, 0x9e1c, 0x55bd,
  0x55bd, 0x55bd, 0x55bd, 0x559d, 0x55bc, 0x4d9a, 0x4d78, 0x6cf2, 0x5574, 0x5593, 0x55b9, 0x55bc,
  0x559c, 0x4d9c, 0x5553, 0x74cd, 0x5d94, 0x5d79, 0x5d78, 0x5d58, 0x5d58, 0x5d57, 0x5d77, 0x5d78,
  0x5d77, 0x5d77, 0x5d78, 0x5d78, 0x5d78, 0x5d77, 0x5d78, 0x5d78, 0x5d77, 0x5d77, 0x5d77, 0x5d77,
  0x5d77, 0x5d77, 0x5d77, 0x5d77, 0x5d77, 0x5d77, 0x5d77, 0x5d77, 0x5d57, 0x5d77, 0x5d77, 0x5d78,
  0x559b, 0x55bd, 0x55bd, 0x55bd, 0x55bd, 0x55bd, 0x55bd, 0x55bd, 0x55bd, 0x55bd, 0x55bd, 0x55bd,
  0x55bd, 0x55bd, 0x55bd, 0x55bd, 0x55bd, 0x55bd, 0x55bd, 0x55bd, 0x55bd, 0x55bd, 0x55bd, 0x55bd,
  0x55bd, 0x55bd, 0x55bd, 0x55bd, 0x55bd, 0x55bd, 0x55bd, 0x55bd, 0x55bd, 0x55bd, 0x55bd, 0x55bd,
  0x55bd, 0x55bd, 0x55bd, 0x55bd, 0x55bd, 0x55bd, 0x55bd, 0x55bd, 0x55bd, 0x55bd, 0x55bd, 0x55bd,
  0x55bd, 0x55bd, 0x55bd, 0x55bd, 0x55bd, 0x55bd, 0x55bd, 0x55bd, 0x55bd, 0x55bd, 0x55bd, 0x55bd,
  0x55bc, 0x559b, 0x5578, 0x5557, 0x5557, 0x5557, 0x5557, 0x5557, 0x5557, 0x5d57, 0x5d57, 0x5d57,
  0x5d77, 0x5d77, 0x5d77, 0x5d77, 0x5d77, 0x5d77, 0x5d77, 0x5d77, 0x5d77, 0x5d77, 0x5d77, 0x5d77,
  0x5d77, 0x5d77, 0x5d77, 0x5d77, 0x5d77, 0x5d57, 0x5d77, 0x5d77, 0x5d77, 0x5d77, 0x5d77, 0x5d77,
  0x5d77, 0x5d77, 0x5d77, 0x5d57, 0x5d57, 0x5d77, 0x5d77, 0x5d77, 0x5d77, 0x5d78, 0x559a, 0x55bc,
  0x55bd, 0x55bd, 0x55bd, 0x55bd, 0x55bd, 0x55bd, 0x55bd, 0x55bd, 0x55bd, 0x55bd, 0x559c, 0x559a,
  0x5578, 0x5557, 0x5557, 0x5d57, 0x5d77, 0x5d57, 0x5d77, 0x5d77, 0x5d77, 0x5d77, 0x5d77, 0x5d77,
  0x5d77, 0x5d77, 0x5d77, 0x5d77, 0x5d77, 0x5d77, 0x5d77, 0x5d78, 0x5d77, 0x5d77, 0x5d77, 0x5d77,
  0x5d77, 0x5d77, 0x5d77, 0x5d78, 0x5d77, 0x5d77, 0x5d77, 0x5d77, 0x5d77, 0x5d77, 0x5d77, 0x5d77,
  0x5d77, 0x5d77, 0x5d77, 0x5d78, 0x5d77, 0x5d77, 0x5d77, 0x5d57, 0x5d57, 0x5d57, 0x5d57, 0x5d77,
  0x5d58, 0x559a, 0x55bc, 0x55bd, 0x55bd, 0x55bd, 0x55bd, 0x55bd, 0x55bd, 0x55bd, 0x55bd, 0x55bd,
  0x55bd, 0x55bd, 0x55bd, 0x55bd, 0x55bd, 0x55bd, 0x55bd, 0x55bd, 0x4dbd, 0x559b, 0x4531, 0x559a,
  0x55bd, 0x55bd, 0x55bd, 0x55bd, 0x55bc, 0x5d55, 0x6514, 0x55bb, 0x5dbd, 0x55bd, 0x559c, 0x4cf0,
  0x4ced, 0x4d33, 0x4d9c, 0xae1b, 0xeeb7, 0xe6b7, 0xee39, 0xde39, 0xbe9c, 0xe5f8, 0xde19, 0xce7b,
  0xe618, 0x6594, 0x6d52, 0x7533, 0xbd33, 0xcd55, 0xdd75, 0xee5a, 0xee39, 0xce19, 0xb63c, 0xcebc,
  0xd6dd, 0xc6bd, 0x5ddd, 0xe6f7, 0xf736, 0xe6d4, 0xceba, 0xe6f5, 0xd6f9, 0xd6f6, 0x95fa, 0x7dfc,
  0xdf1a, 0xf737, 0xde10, 0xd56c, 0xd58d, 0xf757, 0xf758, 0xef5a, 0xf758, 0xf759, 0xf758, 0xef16,
  0xf737, 0xef38, 0xef38, 0xe738, 0x65dd, 0x55bd, 0xbcd9, 0xccd8, 0xc4b8, 0xc477, 0xc478, 0xc498,
  0xccb8, 0xccb9, 0xd55a, 0xdf1e, 0xe73e, 0xe73e, 0xdf1d, 0x6dbc, 0x559c, 0x559c, 0x559c, 0x55bc,
  0x55bc, 0x55bc, 0x55dc, 0x74f7, 0x559c, 0x55bc, 0x559c, 0x559c, 0x559c, 0x559c, 0x55bc, 0x84d3,
  0x5d98, 0x5d78, 0x5d57, 0x5d57, 0x5d78, 0x5d78, 0x5d77, 0x5d78, 0x5d77, 0x5d77, 0x5d77, 0x5d78,
  0x5d78, 0x5d78, 0x5d78, 0x5d77, 0x5d77, 0x5d77, 0x5d78, 0x5d77, 0x5d77, 0x5d77, 0x5d77, 0x5d77,
  0x5d77, 0x5d77, 0x5d77, 0x5d77, 0x5d77, 0x5d77, 0x5d77, 0x5d77, 0x5d77, 0x559a, 0x55bc, 0x55bd,
  0x55bd, 0x55bd, 0x55bd, 0x55bd, 0x55bd, 0x55bd, 0x55bd, 0x55bd, 0x55bd, 0x55bd, 0x55bd, 0x55bd,
  0x55bd, 0x55bd, 0x55bd, 0x55bd, 0x55bd, 0x55bd, 0x55bd, 0x55bc, 0x5d9b, 0x559a, 0x5599, 0x5579,
  0x5d9b, 0x5d9b, 0x559c, 0x559c, 0x55bd, 0x55bd, 0x55bd, 0x55bd, 0x55bd, 0x55bd, 0x55bd, 0x55bd,
  0x55bd, 0x55bd, 0x55bd, 0x55bd, 0x55bd, 0x55bd, 0x55bd, 0x55bd, 0x55bd, 0x55bd, 0x55bd, 0x55bd,
  0x55bd, 0x55bd, 0x55bd, 0x55bd, 0x55bd, 0x55bd, 0x55bd, 0x559c, 0x5579, 0x5558, 0x5d57, 0x5d57,
  0x5d57, 0x5d57, 0x5d57, 0x5557, 0x5557, 0x5d57, 0x5d57, 0x5d77, 0x5d77, 0x5d77, 0x5d77, 0x5d77,
  0x5d77, 0x5d78, 0x5d77, 0x5d77, 0x5d77, 0x5d77, 0x5d77, 0x5d77, 0x5d77, 0x5d77, 0x5d77, 0x5d77,
  0x5d77, 0x5d77, 0x5d77, 0x5d77, 0x5d77, 0x5d77, 0x5d77, 0x5d77, 0x5d77, 0x5d77, 0x5d77, 0x5d77,
  0x5d77, 0x5d77, 0x5d77, 0x5d77, 0x5d77, 0x5d77, 0x5557, 0x5578, 0x557a, 0x559c, 0x55bd, 0x55bd,
  0x55bd, 0x55bd, 0x55bd, 0x55bc, 0x559a, 0x5579, 0x5558, 0x5557, 0x5d57, 0x5557, 0x5d57, 0x5d57,
  0x5d77, 0x5d77, 0x5d77, 0x5d77, 0x5d77, 0x5d77, 0x5d77, 0x5d77, 0x5d77, 0x5d77, 0x5d77, 0x5d77,
  0x5d77, 0x5d77, 0x5d77, 0x5d77, 0x5d77, 0x5d77, 0x5d77, 0x5d77, 0x5d77, 0x5d77, 0x5d77, 0x5d78,
  0x5d78, 0x5d77, 0x5d77, 0x5d77, 0x5d77, 0x5d77, 0x5d77, 0x5d78, 0x5d77, 0x5d77, 0x5d78, 0x5d78,
  0x5d77, 0x5d77, 0x5d77, 0x5d77, 0x5d57, 0x5d77, 0x5d57, 0x5d77, 0x5d78, 0x5558, 0x5579, 0x559b,
  0x55bd, 0x559d, 0x55bd, 0x55bd, 0x55bd, 0x55bd, 0x55bd, 0x55bd, 0x55bd, 0x559c, 0x4d57, 0x4d56,
  0x559c, 0x55bd, 0x55bd, 0x55bd, 0x4d9c, 0x3ccf, 0x3d0e, 0x4554, 0x5dbc, 0x55bd, 0x55bd, 0x55bd,
  0x55bd, 0x659a, 0x7559, 0x55bc, 0x55bd, 0x55bd, 0x559c, 0x5578, 0x64d2, 0x5554, 0x5573, 0xadb5,
  0xe6b6, 0xe6d6, 0xee39, 0xedf8, 0xe639, 0xedb7, 0xe5d7, 0xe5d8, 0xdd96, 0x5d70, 0x6570, 0x6570,
  0x6d91, 0x6d91, 0x7d71, 0x8d92, 0x9d93, 0x95b5, 0x9e19, 0xc65a, 0xce9b, 0xc65b, 0x55ba, 0xded5,
  0xeef4, 0xeef5, 0xceba, 0xeef5, 0xd6d9, 0xded7, 0xadb5, 0x9597, 0xf737, 0xf737, 0xde10, 0xcd4c,
  0xcd4b, 0xf736, 0xf738, 0xf758, 0xf758, 0xf758, 0xf758, 0xef37, 0xf737, 0xef37, 0xef37, 0xe718,
  0x5dbd, 0x5d9d, 0xdefe, 0xe73e, 0xe71e, 0xdedd, 0xd69c, 0xd67c, 0xd69c, 0xdebc, 0xdefd, 0xe73e,
  0xe73e, 0xe73e, 0xe73e, 0x9e1c, 0x559b, 0x5599, 0x5d78, 0x5d97, 0x6597, 0x65b7, 0x5db7, 0x84f3,
  0x6597, 0x5d78, 0x5579, 0x557b, 0x559c, 0x5dbc, 0x5d9a, 0x8491, 0x5d78, 0x5d57, 0x5d57, 0x5d78,
  0x5d78, 0x5d78, 0x5d78, 0x5d78, 0x5d77, 0x5d78, 0x5d78, 0x5d78, 0x5d78, 0x5d78, 0x5d78, 0x5d78,
  0x5d78, 0x5d77, 0x5d78, 0x5d77, 0x5d77, 0x5d77, 0x5d77, 0x5d77, 0x5d77, 0x5d78, 0x5d77, 0x5d77,
  0x5d77, 0x5d77, 0x5d77, 0x5d77, 0x5d77, 0x5d77, 0x5579, 0x55bc, 0x55bd, 0x55bd, 0x55bd, 0x55bd,
  0x55bd, 0x55bd, 0x55bd, 0x55bd, 0x55bd, 0x55bd, 0x55bd, 0x55bd, 0x55bd, 0x55bd, 0x55bd, 0x55bd,
  0x55bc, 0x559b, 0x5599, 0x5578, 0x5d78, 0x5d78, 0x5d78, 0x5d78, 0x5d99, 0x5d99, 0x5d99, 0x5d9a,
  0x5d9a, 0x559b, 0x55bc, 0x55bd, 0x55bd, 0x55bd, 0x55bd, 0x55bd, 0x55bd, 0x55bd, 0x55bd, 0x55bd,
  0x55bd, 0x55bd, 0x55bd, 0x55bd, 0x55bd, 0x55bd, 0x55bd, 0x55bd, 0x55bd, 0x55bd, 0x55bd, 0x55bd,
  0x55bd, 0x55bd, 0x559a, 0x5578, 0x5577, 0x5d57, 0x5d57, 0x5d57, 0x5d77, 0x5d57, 0x5d57, 0x5557,
  0x5d57, 0x5d77, 0x5d77, 0x5d77, 0x5d77, 0x5d77, 0x5d77, 0x5d77, 0x5d77, 0x5d77, 0x5d77, 0x5d77,
  0x5d77, 0x5d78, 0x5d78, 0x5d77, 0x5d77, 0x5d77, 0x5d77, 0x5d78, 0x5d77, 0x5d77, 0x5d77, 0x5d78,
  0x5d77, 0x5d78, 0x5d77, 0x5d77, 0x5d77, 0x5d77, 0x5d77, 0x5d77, 0x5d77, 0x5d57, 0x5d77, 0x5d77,
  0x5d77, 0x5d57, 0x5d77, 0x5d77, 0x5d57, 0x5558, 0x557a, 0x55bb, 0x5dbc, 0x559b, 0x5579, 0x5d58,
  0x5557, 0x5d77, 0x5d77, 0x5557, 0x5557, 0x5d57, 0x5d77, 0x5d77, 0x5d77, 0x5d77, 0x5d77, 0x5d77,
  0x5d77, 0x5d77, 0x5d77, 0x5d77, 0x5d77, 0x5d77, 0x5d77, 0x5d78, 0x5d77, 0x5d77, 0x5d77, 0x5d78,
  0x5d77, 0x5d77, 0x5d77, 0x5d77, 0x5d78, 0x5d77, 0x5d77, 0x5d77, 0x5d77, 0x5d77, 0x5d77, 0x5d77,
  0x5d77, 0x5d78, 0x5d77, 0x5d77, 0x5d77, 0x5d78, 0x5d77, 0x5d78, 0x5d77, 0x5d77, 0x5d77, 0x5d77,
  0x5d77, 0x5d77, 0x5d77, 0x5d57, 0x5d57, 0x5d58, 0x5d58, 0x5557, 0x557a, 0x559c, 0x55bd, 0x55bd,
  0x55bd, 0x55bd, 0x55bd, 0x55bd, 0x55bd, 0x4d75, 0x450e, 0x44ee, 0x4d32, 0x55bd, 0x55bd, 0x55bd,
  0x559b, 0x3d0e, 0x44ed, 0x3d0e, 0x4d97, 0x5ddd, 0x55bd, 0x55bd, 0x55bd, 0x5d7a, 0x7518, 0x55bc,
  0x5598, 0x5d95, 0x5d71, 0x5d70, 0x750e, 0x5d70, 0x5d70, 0xa5b4, 0xde55, 0xe6b5, 0xedf8, 0xe5d7,
  0xd5f7, 0xcdb6, 0xb5b4, 0xa5d4, 0x8d72, 0x5d70, 0x6570, 0x6570, 0x6590, 0x6590, 0x6570, 0x6570,
  0x6570, 0x6590, 0x6d90, 0x6d91, 0x6590, 0x6590, 0x5d91, 0xb652, 0xdeb3, 0xded4, 0xd6d4, 0xdef4,
  0xded4, 0xe6b4, 0xadb1, 0xa592, 0xf737, 0xf737, 0xddef, 0xcd4b, 0xd54c, 0xf757, 0xf737, 0xf758,
  0xf758, 0xf758, 0xf758, 0xf737, 0xf737, 0xf737, 0xef36, 0xe717, 0x55bc, 0x5dbc, 0xdefe, 0xcedd,
  0xe73e, 0xbe7c, 0xcedd, 0xd6fd, 0xb67c, 0xd6fe, 0xdf1d, 0xe73e, 0xdefd, 0xdedd, 0xdefd, 0x95f6,
  0x6591, 0x6590, 0x6570, 0x6d70, 0x6590, 0x6570, 0x6570, 0x74ee, 0x6570, 0x6570, 0x6570, 0x6571,
  0x6592, 0x65b4, 0x65b4, 0x8470, 0x5d77, 0x5d77, 0x5d78, 0x5d78, 0x5d78, 0x5d78, 0x5d77, 0x5d78,
  0x5d77, 0x5d78, 0x5d78, 0x5d78, 0x5d78, 0x5d78, 0x5d78, 0x5d78, 0x5d78, 0x5d78, 0x5d78, 0x5d78,
  0x5d78, 0x5d78, 0x5d78, 0x5d77, 0x5d77, 0x5d77, 0x5d77, 0x5d77, 0x5d77, 0x5d77, 0x5d77, 0x5d77,
  0x5d77, 0x5d77, 0x5d78, 0x5578, 0x559b, 0x55bd, 0x55bd, 0x55bd, 0x55bd, 0x55bd, 0x55bd, 0x55bd,
  0x55bd, 0x55bd, 0x55bd, 0x55bd, 0x55bd, 0x559c, 0x559b, 0x5579, 0x5578, 0x5d78, 0x5d78, 0x5d78,
  0x5d78, 0x5d78, 0x5d78, 0x5d78, 0x5d99, 0x5d99, 0x5d99, 0x5d99, 0x5d99, 0x5d79, 0x5d79, 0x5d9b,
  0x55bc, 0x55bd, 0x55bd, 0x55bd, 0x55bd, 0x55bd, 0x55bd, 0x55bd, 0x55bd, 0x55bd, 0x55bd, 0x55bd,
  0x55bd, 0x55bd, 0x55bd, 0x55bd, 0x55bd, 0x55bd, 0x55bd, 0x55bd, 0x559b, 0x5578, 0x5577, 0x5577,
  0x5d57, 0x5d77, 0x5d77, 0x5d77, 0x5d77, 0x5d77, 0x5d77, 0x5d77, 0x5d78, 0x5d77, 0x5d77, 0x5d77,
  0x5d77, 0x5d77, 0x5d77, 0x5d77, 0x5d77, 0x5d77, 0x5d77, 0x5d77, 0x5d77, 0x5d77, 0x5d77, 0x5d77,
  0x5d77, 0x5d77, 0x5d77, 0x5d77, 0x5d77, 0x5d77, 0x5d77, 0x5d77, 0x5d77, 0x5d77, 0x5d78, 0x5d77,
  0x5d77, 0x5d77, 0x5d77, 0x5d77, 0x5d77, 0x5d77, 0x5d77, 0x5d77, 0x5d77, 0x5d77, 0x5d57, 0x5d77,
  0x5d57, 0x5d57, 0x5d77, 0x5d77, 0x5d77, 0x5d77, 0x5d77, 0x5d57, 0x5d77, 0x5d77, 0x5d77, 0x5d77,
  0x5557, 0x5557, 0x5557, 0x5d77, 0x5d77, 0x5d77, 0x5d77, 0x5d77, 0x5d77, 0x5d77, 0x5d77, 0x5d77,
  0x5d77, 0x5d77, 0x5d77, 0x5d77, 0x5d77, 0x5d78, 0x5d78, 0x5d77, 0x5d78, 0x5d77, 0x5d77, 0x5d77,
  0x5d77, 0x5d77, 0x5d77, 0x5d78, 0x5d77, 0x5d77, 0x5d77, 0x5d77, 0x5d77, 0x5d77, 0x5d77, 0x5d77,
  0x5d77, 0x5d77, 0x5d77, 0x5d77, 0x5d77, 0x5d77, 0x5d77, 0x5d77, 0x5d77, 0x5d77, 0x5d77, 0x5d57,
  0x5d57, 0x5557, 0x5d57, 0x5d57, 0x5557, 0x5579, 0x559c, 0x55bd, 0x55bd, 0x55bd, 0x55bd, 0x55bd,
  0x55bd, 0x4551, 0x452e, 0x450e, 0x44ee, 0x4d9b, 0x55bd, 0x55bd, 0x55dc, 0x4552, 0x5cac, 0x44ef,
  0x4d9a, 0x55bd, 0x5dbd, 0x5ddd, 0x5dbb, 0x6d56, 0x74f1, 0x5d71, 0x5d70, 0x5d70, 0x5d70, 0x6590,
  0x6550, 0x6590, 0x6590, 0x6570, 0x6570, 0x6d70, 0x7570, 0x6570, 0x6570, 0x6570, 0x6590, 0x6570,
  0x6570, 0x6570, 0x6570, 0x6570, 0x6570, 0x6570, 0x6570, 0x6590, 0x6590, 0x6590, 0x6590, 0x6590,
  0x6590, 0x6590, 0x6590, 0x6590, 0x6d90, 0x6d90, 0x6d90, 0x6d90, 0x6d90, 0x6d90, 0x6d90, 0x75b1,
  0x95f2, 0x9df2, 0xa5b0, 0xadf0, 0xb5f1, 0xc694, 0xc694, 0xceb4, 0xd6d5, 0xd6d5, 0xd6f6, 0xd6d5,
  0xce94, 0xbe74, 0xae33, 0x9e12, 0x65b3, 0x6db4, 0xd6fd, 0xc6bc, 0xdf1d, 0xae19, 0xc69b, 0xdf1d,
  0xb67c, 0xd6dd, 0xdefd, 0xd6fd, 0xc61b, 0xc65b, 0xd6fd, 0x95f5, 0x6590, 0x6d90, 0x6d90, 0x6590,
  0x6570, 0x6570, 0x6570, 0x6570, 0x6570, 0x6570, 0x6570, 0x6d90, 0x6d90, 0x6d91, 0x6591, 0x7cad,
  0x6573, 0x6575, 0x5d77, 0x5d78, 0x5d78, 0x5d77, 0x5d78, 0x5d78, 0x5d78, 0x5d78, 0x5d78, 0x5d78,
  0x5d78, 0x5d78, 0x5d78, 0x5d78, 0x5d78, 0x5d78, 0x5d78, 0x5d78, 0x5d78, 0x5d78, 0x5d78, 0x5d78,
  0x5d78, 0x5d77, 0x5d78, 0x5d77, 0x5d77, 0x5d77, 0x5d77, 0x5d77, 0x5d77, 0x5d77, 0x5d78, 0x5d77,
  0x5d78, 0x559b, 0x55bd, 0x55bd, 0x55bd, 0x55bd, 0x55bd, 0x55bd, 0x55bd, 0x55bd, 0x55bd, 0x55bc,
  0x559b, 0x5578, 0x5558, 0x5578, 0x5d78, 0x5d78, 0x5d78, 0x5d78, 0x5d78, 0x5d78, 0x5d78, 0x5d78,
  0x5d99, 0x5d99, 0x5d99, 0x5d99, 0x5d79, 0x5d99, 0x5d79, 0x5d99, 0x5d99, 0x5d9a, 0x5dbc, 0x55bd,
  0x55bd, 0x55bd, 0x55bd, 0x55bd, 0x55bd, 0x55bd, 0x55bd, 0x55bd, 0x55bd, 0x55bd, 0x55bd, 0x55bd,
  0x55bd, 0x55bd, 0x55bc, 0x5599, 0x5578, 0x5d77, 0x5d77, 0x5d77, 0x5d77, 0x5d77, 0x5d77, 0x5d77,
  0x5d77, 0x5d77, 0x5d77, 0x5d77, 0x5d77, 0x5d77, 0x5d77, 0x5d77, 0x5d77, 0x5d77, 0x5d77, 0x5d77,
  0x5d77, 0x5d77, 0x5d77, 0x5d77, 0x5d77, 0x5d77, 0x5d77, 0x5d77, 0x5d77, 0x5d77, 0x5d77, 0x5d77,
  0x5d77, 0x5d77, 0x5d77, 0x5d77, 0x5d77, 0x5d77, 0x5d77, 0x5d77, 0x5d77, 0x5d77, 0x5d78, 0x5d77,
  0x5d77, 0x5d77, 0x5d77, 0x5d77, 0x5d57, 0x5d77, 0x5d77, 0x5d57, 0x5d77, 0x5d77, 0x5d77, 0x5d77,
  0x5d57, 0x5d77, 0x5d77, 0x5d77, 0x5d77, 0x5d77, 0x5d77, 0x5d77, 0x5d77, 0x5d77, 0x5d77, 0x5d77,
  0x5d77, 0x5d77, 0x5d77, 0x5d78, 0x5d77, 0x5d77, 0x5d78, 0x5d77, 0x5d77, 0x5d77, 0x5d77, 0x5d77,
  0x5d77, 0x5d78, 0x5d78, 0x5d77, 0x5d77, 0x5d78, 0x5d77, 0x5d78, 0x5d78, 0x5d77, 0x5d77, 0x5d77,
  0x5d77, 0x5d77, 0x5d77, 0x5d78, 0x5d78, 0x5d77, 0x5d77, 0x5d77, 0x5d78, 0x5d78, 0x5d78, 0x5d78,
  0x5d78, 0x5d77, 0x5d77, 0x5d77, 0x5d77, 0x5d77, 0x5d57, 0x5d57, 0x5d57, 0x5d57, 0x5d57, 0x5d77,
  0x5d77, 0x5d77, 0x5d78, 0x559a, 0x55bc, 0x55bd, 0x55bd, 0x55bd, 0x55bd, 0x4552, 0x4d2e, 0x550d,
  0x452e, 0x4d9b, 0x559c, 0x55bd, 0x55bd, 0x55dc, 0x6d16, 0x55bc, 0x55bc, 0x55bb, 0x5db8, 0x65b4,
  0x6591, 0x654f, 0x6d2f, 0x5d70, 0x5d70, 0x5d70, 0x6570, 0x6570, 0x6570, 0x6570, 0x6570, 0x6570,
  0x6570, 0x5d70, 0x5d70, 0x6570, 0x6570, 0x6570, 0x6590, 0x6570, 0x6570, 0x6570, 0x6570, 0x6570,
  0x6570, 0x6590, 0x6590, 0x6570, 0x6590, 0x6590, 0x6570, 0x6590, 0x6590, 0x6590, 0x6590, 0x6590,
  0x6590, 0x6590, 0x6590, 0x6590, 0x6590, 0x6590, 0x6590, 0x6590, 0x6570, 0x6570, 0x6570, 0x6590,
  0x6590, 0x6590, 0x6570, 0x6590, 0x6590, 0x6db1, 0x6db1, 0x6590, 0x6590, 0x6590, 0x6590, 0x6590,
  0x6590, 0x75b1, 0xe71d, 0xe71e, 0xdedd, 0x9dd8, 0xc67b, 0xe75e, 0xd6fd, 0xdf1d, 0xd6fd, 0xd71d,
  0xc5db, 0xce5c, 0xe73e, 0x95f5, 0x6570, 0x6590, 0x6570, 0x6590, 0x6590, 0x6590, 0x6590, 0x6590,
  0x6590, 0x6570, 0x6590, 0x6590, 0x6590, 0x6590, 0x6590, 0x6590, 0x6590, 0x6d90, 0x6d91, 0x6593,
  0x5d76, 0x5d77, 0x5d78, 0x5d78, 0x5d78, 0x5d78, 0x5d78, 0x5d78, 0x5d78, 0x5d78, 0x5d78, 0x5d78,
  0x5d78, 0x5d78, 0x5d78, 0x5d78, 0x5d78, 0x5d78, 0x5d78, 0x5d78, 0x5d78, 0x5d78, 0x5d78, 0x5d77,
  0x5d77, 0x5d77, 0x5d77, 0x5d77, 0x5d77, 0x5d77, 0x5d77, 0x5d77, 0x5d77, 0x5d78, 0x5579, 0x559c,
  0x55bd, 0x55bd, 0x55bd, 0x55bd, 0x55bd, 0x559c, 0x557a, 0x5578, 0x5d78, 0x5d78, 0x5d78, 0x5d58,
  0x5d78, 0x5d78, 0x5d78, 0x5d78, 0x5d78, 0x5d78, 0x5d78, 0x5d78, 0x5d99, 0x5d99, 0x5d99, 0x5d99,
  0x5d99, 0x5d79, 0x5d79, 0x5d79, 0x5d79, 0x5d99, 0x5d99, 0x5d9a, 0x5d9b, 0x55bc, 0x55bd, 0x55bd,
  0x55bd, 0x55bd, 0x55bd, 0x55bd, 0x55bd, 0x55bd, 0x55bd, 0x55bd, 0x55bc, 0x559a, 0x5578, 0x5d58,
  0x5d57, 0x5d77, 0x5d78, 0x5d77, 0x5d77, 0x5d77, 0x5d77, 0x5d77, 0x5d77, 0x5d77, 0x5d77, 0x5d77,
  0x5d77, 0x5d77, 0x5d77, 0x5d77, 0x5d77, 0x5d77, 0x5d77, 0x5d77, 0x5d77, 0x5d77, 0x5d77, 0x5d77,
  0x5d77, 0x5d77, 0x5d77, 0x5d77, 0x5d77, 0x5d77, 0x5d77, 0x5d77, 0x5d77, 0x5d77, 0x5d77, 0x5d77,
  0x5d77, 0x5d77, 0x5d77, 0x5d77, 0x5d77, 0x5d77, 0x5d77, 0x5d78, 0x5d77, 0x5d77, 0x5d77, 0x5d77,
  0x5d77, 0x5d77, 0x5d77, 0x5d57, 0x5d77, 0x5d77, 0x5d77, 0x5d77, 0x5d57, 0x5d57, 0x5d77, 0x5d77,
  0x5d78, 0x5d78, 0x5d77, 0x5d78, 0x5d77, 0x5d78, 0x5d77, 0x5d78, 0x5d78, 0x5d78, 0x5d78, 0x5d78,
  0x5d77, 0x5d77, 0x5d77, 0x5d78, 0x5d77, 0x5d77, 0x5d77, 0x5d77, 0x5d77, 0x5d77, 0x5d77, 0x5d77,
  0x5d77, 0x5d77, 0x5d77, 0x5d77, 0x5d77, 0x5d77, 0x5d77, 0x5d77, 0x5d77, 0x5d77, 0x5d78, 0x5d78,
  0x5d77, 0x5d77, 0x5d77, 0x5d77, 0x5d77, 0x5d77, 0x5d77, 0x5d77, 0x5d77, 0x5d77, 0x5d77, 0x5d77,
  0x5d77, 0x5d77, 0x5d57, 0x5d77, 0x5d77, 0x5d78, 0x5d77, 0x5d77, 0x5d77, 0x5d77, 0x5d57, 0x5557,
  0x5579, 0x55bc, 0x55bd, 0x55bd, 0x55bd, 0x4d98, 0x4cef, 0x64ed, 0x4d95, 0x55bd, 0x559c, 0x559c,
  0x4dbc, 0x55bc, 0x7516, 0x65d9, 0x65b5, 0x6591, 0x6570, 0x6570, 0x6590, 0x6570, 0x6570, 0x6570,
  0x5d70, 0x5d70, 0x6570, 0x6570, 0x6590, 0x6590, 0x6570, 0x6570, 0x6570, 0x6570, 0x6570, 0x6570,
  0x6570, 0x6590, 0x6590, 0x6570, 0x6570, 0x6570, 0x6570, 0x6570, 0x6570, 0x6570, 0x6570, 0x6570,
  0x6570, 0x6590, 0x6590, 0x6590, 0x6590, 0x6590, 0x6590, 0x6570, 0x6590, 0x6570, 0x6590, 0x6590,
  0x6590, 0x6590, 0x6590, 0x6590, 0x6590, 0x6590, 0x6590, 0x6590, 0x6590, 0x6590, 0x6590, 0x6590,
  0x6590, 0x6d90, 0x6590, 0x6590, 0x6590, 0x6590, 0x6590, 0x6590, 0x6590, 0x6d90, 0xdf1d, 0xe71e,
  0xdefd, 0x9db9, 0xbe5b, 0xe71d, 0xe73e, 0xe73e, 0xdefd, 0xdf1d, 0xb59a, 0xc5fb, 0xe71e, 0x95f5,
  0x6590, 0x6590, 0x6570, 0x6590, 0x6590, 0x6590, 0x6590, 0x6590, 0x6590, 0x6590, 0x6590, 0x6590,
  0x656f, 0x656f, 0x656f, 0x6590, 0x6590, 0x6590, 0x6590, 0x6590, 0x6590, 0x6593, 0x6576, 0x5d78,
  0x5d78, 0x5d78, 0x5d78, 0x5d78, 0x5d78, 0x5d78, 0x5d78, 0x5d78, 0x5d78, 0x5d78, 0x5d78, 0x5d78,
  0x5d78, 0x5d78, 0x5d78, 0x5d78, 0x5d78, 0x5d78, 0x5d78, 0x5d78, 0x5d77, 0x5d77, 0x5d77, 0x5d77,
  0x5d77, 0x5d77, 0x5d77, 0x5d77, 0x5d77, 0x5d57, 0x5d77, 0x5578, 0x559b, 0x55bd, 0x55bc, 0x559b,
  0x5579, 0x5d78, 0x5d78, 0x5d78, 0x5d58, 0x5d58, 0x5d78, 0x5d78, 0x5d78, 0x5d78, 0x5d78, 0x5d78,
  0x5d78, 0x5d78, 0x5d78, 0x5d78, 0x5d99, 0x5d99, 0x5d99, 0x5d99, 0x5d99, 0x5d99, 0x5d99, 0x5d79,
  0x5d99, 0x5d99, 0x5d99, 0x5d99, 0x5d99, 0x5d9a, 0x5d9b, 0x55bc, 0x55bd, 0x55bd, 0x55bd, 0x55bd,
  0x55bd, 0x55bd, 0x55bc, 0x559a, 0x5578, 0x5d78, 0x5d78, 0x5d58, 0x5d57, 0x5d77, 0x5d77, 0x5d77,
  0x5d77, 0x5d77, 0x5d77, 0x5d77, 0x5d77, 0x5d77, 0x5d77, 0x5d77, 0x5d77, 0x5d77, 0x5d77, 0x5d77,
  0x5d77, 0x5d77, 0x5d77, 0x5d77, 0x5d77, 0x5d77, 0x5d77, 0x5d77, 0x5d77, 0x5d77, 0x5d77, 0x5d77,
  0x5d77, 0x5d77, 0x5d77, 0x5d77, 0x5d77, 0x5d77, 0x5d77, 0x5d77, 0x5d77, 0x5d77, 0x5d77, 0x5d77,
  0x5d77, 0x5d77, 0x5d77, 0x5d77, 0x5d77, 0x5d77, 0x5d78, 0x5d77, 0x5d77, 0x5d77, 0x5d77, 0x5d77,
  0x5d77, 0x5d77, 0x5d77, 0x5d77, 0x5d77, 0x5d77, 0x5d77, 0x5554, 0x4d51, 0x5d77, 0x5d78, 0x5d78,
  0x5d77, 0x5d77, 0x5d77, 0x5d78, 0x5d78, 0x5d78, 0x5d78, 0x5d78, 0x5d78, 0x5d77, 0x5d77, 0x5d77,
  0x5d77, 0x5d77, 0x5d77, 0x5d77, 0x5d77, 0x5d77, 0x5d77, 0x5d77, 0x5d77, 0x5d77, 0x5d77, 0x5d77,
  0x5d77, 0x5d77, 0x5d77, 0x5d77, 0x5d77, 0x5d77, 0x5d78, 0x5d77, 0x5d77, 0x5d78, 0x5d77, 0x5d77,
  0x5d77, 0x5d77, 0x5d77, 0x5d77, 0x5d77, 0x5d77, 0x5d77, 0x5d77, 0x5d57, 0x5d57, 0x5d77, 0x5d77,
  0x5d78, 0x5d78, 0x5d78, 0x5d78, 0x5d57, 0x5d57, 0x5d57, 0x5d57, 0x5d77, 0x5579, 0x55bc, 0x55bd,
  0x55bd, 0x4dbc, 0x4d9b, 0x7516, 0x55bc, 0x55bd, 0x55bd, 0x559d, 0x4d9b, 0x5576, 0x74cf, 0x6591,
  0x6590, 0x6590, 0x6570, 0x6570, 0x6570, 0x6570, 0x6590, 0x6570, 0x6570, 0x6570, 0x6570, 0x6570,
  0x6570, 0x6570, 0x6590, 0x6590, 0x6590, 0x6590, 0x6590, 0x6590, 0x6590, 0x6590, 0x6590, 0x6570,
  0x6570, 0x6570, 0x6570, 0x6570, 0x6570, 0x6570, 0x6590, 0x6590, 0x6590, 0x6570, 0x6590, 0x6590,
  0x6590, 0x6590, 0x6590, 0x6590, 0x6590, 0x6590, 0x6590, 0x6590, 0x6590, 0x6590, 0x6590, 0x6590,
  0x6590, 0x6590, 0x6590, 0x6590, 0x6590, 0x6590, 0x6590, 0x6590, 0x6590, 0x6590, 0x6590, 0x6590,
  0x6590, 0x6590, 0x6590, 0x6590, 0x6590, 0x6590, 0x7db2, 0x8df4, 0xa636, 0x85b5, 0x9df7, 0xbe99,
  0xc6ba, 0xd6fc, 0xd6dc, 0xcedb, 0x9d97, 0x8d94, 0x7dd2, 0x6d90, 0x6590, 0x6590, 0x6590, 0x6590,
  0x6590, 0x6590, 0x6590, 0x6590, 0x6590, 0x6590, 0x6590, 0x6590, 0x6590, 0x6590, 0x6590, 0x6590,
  0x6590, 0x6590, 0x6590, 0x6590, 0x6590, 0x6590, 0x6590, 0x6593, 0x5d76, 0x5d77, 0x5d78, 0x5d78,
  0x5d78, 0x5d78, 0x5d78, 0x5d78, 0x5d78, 0x5d78, 0x5d78, 0x5d78, 0x5d78, 0x5d78, 0x5d78, 0x5d78,
  0x5d78, 0x5d78, 0x5d78, 0x5d78, 0x5d78, 0x5d77, 0x5d77, 0x5d77, 0x5d77, 0x5d77, 0x5d77, 0x5d77,
  0x5d77, 0x5d77, 0x5d77, 0x5d77, 0x5578, 0x5d79, 0x5578, 0x5d78, 0x5d78, 0x5d78, 0x5d78, 0x5d78,
  0x5d78, 0x5d58, 0x5d58, 0x5d78, 0x5d78, 0x5d78, 0x5d78, 0x5d78, 0x5d78, 0x5d78, 0x5d78, 0x5d78,
  0x6599, 0x5d99, 0x6599, 0x5d99, 0x5d99, 0x5d99, 0x5d99, 0x5d79, 0x5d79, 0x5d79, 0x5d99, 0x5d79,
  0x6599, 0x5d79, 0x5d79, 0x5d99, 0x5d9a, 0x559c, 0x55bc, 0x55bd, 0x55bd, 0x5d9b, 0x5578, 0x5d78,
  0x5d77, 0x5d77, 0x5d77, 0x5d77, 0x5d78, 0x5d77, 0x5d77, 0x5d77, 0x5d77, 0x5d77, 0x5d77, 0x5d77,
  0x5d77, 0x5d77, 0x5d77, 0x5d77, 0x5d77, 0x5d77, 0x5d77, 0x5d77, 0x5d77, 0x5d77, 0x5d77, 0x5d77,
  0x5d77, 0x5d77, 0x5d77, 0x5d77, 0x5d77, 0x5d77, 0x5d77, 0x5d77, 0x5d77, 0x5d77, 0x5d77, 0x5d77,
  0x5d77, 0x5d77, 0x5d77, 0x5d77, 0x5d77, 0x5d77, 0x5d77, 0x5d77, 0x5d77, 0x5d77, 0x5d77, 0x5d77,
  0x5d77, 0x5d77, 0x5d77, 0x5d77, 0x5d77, 0x5d77, 0x5d78, 0x5d77, 0x5d77, 0x5d77, 0x5d77, 0x5d77,
  0x5d78, 0x5d78, 0x5d77, 0x452f, 0x454f, 0x5554, 0x5d78, 0x5d78, 0x5d77, 0x5d78, 0x5d78, 0x5d78,
  0x5d78, 0x5d78, 0x5d78, 0x5d78, 0x5d78, 0x5d78, 0x5d77, 0x5d77, 0x5d77, 0x5d77, 0x5d77, 0x5d77,
  0x5d77, 0x5d77, 0x5d77, 0x5d77, 0x5d77, 0x5d77, 0x5d77, 0x5d77, 0x5d78, 0x5d78, 0x5d78, 0x5d77,
  0x5d77, 0x5554, 0x5554, 0x5d77, 0x5d77, 0x5d77, 0x5d78, 0x5d78, 0x5d77, 0x5d77, 0x5d77, 0x5d77,
  0x5d57, 0x5d77, 0x5d77, 0x5d78, 0x5d77, 0x5d77, 0x5d77, 0x5d77, 0x5d57, 0x5555, 0x5533, 0x5556,
  0x5d57, 0x5d57, 0x5d77, 0x5d77, 0x5d77, 0x5d77, 0x5d78, 0x559a, 0x55bd, 0x55bd, 0x559c, 0x74d6,
  0x559c, 0x55bc, 0x5db9, 0x5db4, 0x5d90, 0x5d70, 0x5d70, 0x5d70, 0x6570, 0x6590, 0x6570, 0x6590,
  0x6590, 0x6590, 0x6590, 0x6590, 0x6590, 0x6570, 0x6570, 0x5d70, 0x6570, 0x6570, 0x6590, 0x6590,
  0x6590, 0x6590, 0x6590, 0x6590, 0x6570, 0x6590, 0x6590, 0x6570, 0x6590, 0x6570, 0x6590, 0x6570,
  0x6570, 0x6570, 0x6590, 0x6590, 0x6590, 0x6570, 0x6590, 0x6590, 0x6590, 0x6590, 0x6590, 0x6590,
  0x6590, 0x6590, 0x6590, 0x6590, 0x6590, 0x6590, 0x6590, 0x6590, 0x6590, 0x6590, 0x6590, 0x6590,
  0x6590, 0x6590, 0x6590, 0x6590, 0x6590, 0x6590, 0x6590, 0x6590, 0x6590, 0x6590, 0x6590, 0x6590,
  0x6590, 0x6590, 0x6590, 0x6d90, 0x6d90, 0x6d90, 0x6d90, 0x6590, 0x6590, 0x6d90, 0x6d90, 0x6db0,
  0x6d90, 0x6d90, 0x6570, 0x6590, 0x6590, 0x6590, 0x6590, 0x6590, 0x6590, 0x6590, 0x6590, 0x6590,
  0x6590, 0x6590, 0x6590, 0x6590, 0x6590, 0x6590, 0x6590, 0x6590, 0x6590, 0x6590, 0x6590, 0x6590,
  0x6590, 0x6590, 0x6590, 0x6590, 0x6590, 0x6572, 0x6576, 0x5d77, 0x5d78, 0x5d78, 0x5d78, 0x5d78,
  0x5d78, 0x5d78, 0x5d78, 0x5d78, 0x5d78, 0x5d78, 0x5d78, 0x5d78, 0x5d78, 0x5d78, 0x5d78, 0x5d78,
  0x5d78, 0x5d78, 0x5d78, 0x5d77, 0x5d77, 0x5d77, 0x5d77, 0x5d77, 0x5d77, 0x5d77, 0x5d77, 0x5d77,
  0x5d77, 0x5d77, 0x5d77, 0x5d78, 0x5d78, 0x5d78, 0x5d78, 0x5d78, 0x5d78, 0x5d78, 0x5d78, 0x5d78,
  0x5d78, 0x5d78, 0x5d78, 0x5d78, 0x5d78, 0x5d78, 0x5d78, 0x5d78, 0x6599, 0x5d99, 0x6599, 0x5d99,
  0x5d99, 0x5d99, 0x5d99, 0x5d79, 0x5d99, 0x5d99, 0x6599, 0x6599, 0x5d99, 0x5d99, 0x6599, 0x5d99,
  0x5d79, 0x5d79, 0x5d7a, 0x559b, 0x5579, 0x5d78, 0x5d78, 0x5d77, 0x5d77, 0x5d77, 0x5d77, 0x5d77,
  0x5d77, 0x5d77, 0x5d77, 0x5d77, 0x5d77, 0x5d77, 0x5d77, 0x5d77, 0x5d77, 0x5d77, 0x5d77, 0x5d77,
  0x5d77, 0x5d77, 0x5d77, 0x5d77, 0x5d77, 0x5d77, 0x5d77, 0x5d77, 0x5d77, 0x5d77, 0x5d77, 0x5d77,
  0x5d77, 0x5d77, 0x5d77, 0x5d77, 0x5d77, 0x5d77, 0x5d77, 0x5d77, 0x5d77, 0x5d77, 0x5d77, 0x5d77,
  0x5d77, 0x5d77, 0x5d77, 0x5d77, 0x5d77, 0x5d77, 0x5d77, 0x5d77, 0x5d77, 0x5d77, 0x5d77, 0x5d77,
  0x5d77, 0x5d77, 0x5d77, 0x5d77, 0x5d78, 0x5d78, 0x5d77, 0x5d77, 0x5d78, 0x5d78, 0x5575, 0x454f,
  0x454f, 0x4d50, 0x5d57, 0x5d77, 0x5d78, 0x5d78, 0x5d78, 0x5d78, 0x5d78, 0x5d78, 0x5d78, 0x5d78,
  0x5d78, 0x5d78, 0x5d77, 0x5d77, 0x5d77, 0x5d77, 0x5d77, 0x5d77, 0x5d77, 0x5d77, 0x5d77, 0x5d77,
  0x5d77, 0x5d77, 0x5d77, 0x5d77, 0x5d78, 0x5d78, 0x5d78, 0x5d78, 0x5d77, 0x4d50, 0x4d50, 0x5d57,
  0x5d77, 0x5d78, 0x5d77, 0x5d77, 0x5d77, 0x5d78, 0x5d77, 0x5d77, 0x5d77, 0x5d77, 0x5d78, 0x5d78,
  0x5d77, 0x5d77, 0x5d77, 0x5d57, 0x5d31, 0x5d09, 0x5d29, 0x5d2b, 0x5d52, 0x5d76, 0x5d77, 0x5d77,
  0x5d77, 0x5d57, 0x5d77, 0x5d78, 0x5d99, 0x5dbc, 0x5d9b, 0x7cb4, 0x5576, 0x5d71, 0x5d70, 0x6570,
  0x6570, 0x6570, 0x6570, 0x6570, 0x6570, 0x6590, 0x6590, 0x6570, 0x6590, 0x6590, 0x6570, 0x6570,
  0x6570, 0x6570, 0x6570, 0x6590, 0x6590, 0x6590, 0x6590, 0x6590, 0x5d6f, 0x4d2e, 0x554f, 0x6590,
  0x6590, 0x6590, 0x6590, 0x6590, 0x6590, 0x6590, 0x6570, 0x6590, 0x6590, 0x6590, 0x6590, 0x6590,
  0x6590, 0x6590, 0x6590, 0x6590, 0x6590, 0x6590, 0x6590, 0x6590, 0x6590, 0x6590, 0x6590, 0x6590,
  0x6590, 0x6590, 0x6590, 0x6590, 0x6590, 0x6590, 0x6590, 0x6590, 0x6590, 0x6590, 0x6590, 0x6590,
  0x6590, 0x6590, 0x6590, 0x6590, 0x6590, 0x6590, 0x6590, 0x6590, 0x6590, 0x6590, 0x6590, 0x6590,
  0x6590, 0x6590, 0x6d90, 0x6d90, 0x6d90, 0x6590, 0x6590, 0x6d90, 0x6d90, 0x6590, 0x6590, 0x6590,
  0x6590, 0x6590, 0x6590, 0x6590, 0x6590, 0x6590, 0x6590, 0x6590, 0x6590, 0x6590, 0x6590, 0x6590,
  0x6590, 0x6590, 0x6590, 0x6590, 0x6590, 0x6590, 0x6590, 0x6590, 0x6590, 0x6590, 0x6590, 0x6590,
  0x6590, 0x6590, 0x6590, 0x6592, 0x5d95, 0x5d77, 0x5d78, 0x5d78, 0x5d78, 0x5d78, 0x5d78, 0x5d78,
  0x5d78, 0x5d78, 0x5d78, 0x5d78, 0x5d78, 0x5d78, 0x5d78, 0x5d78, 0x5d78, 0x5d78, 0x5d78, 0x5d78,
  0x5d78, 0x5d77, 0x5d77, 0x5d77, 0x5d77, 0x5d77, 0x5d77, 0x5d77, 0x5d77, 0x5d77, 0x5d77, 0x5d78,
  0x5d78, 0x5d78, 0x5d78, 0x5d78, 0x5d78, 0x5d78, 0x5d78, 0x5d78, 0x5d78, 0x5d78, 0x5d78, 0x5d78,
  0x5d78, 0x5d78, 0x5d78, 0x5d78, 0x6599, 0x6599, 0x6599, 0x6599, 0x6599, 0x5d99, 0x5d99, 0x5d99,
  0x5d99, 0x6599, 0x5d99, 0x5d99, 0x6599, 0x6599, 0x6599, 0x6599, 0x6579, 0x6579, 0x5d78, 0x5d77,
  0x5d77, 0x5d77, 0x5d77, 0x5d77, 0x5d77, 0x5d77, 0x5d78, 0x5d77, 0x5d77, 0x5d77, 0x5d77, 0x5d77,
  0x5d77, 0x5d77, 0x5d77, 0x5d77, 0x5d77, 0x5d77, 0x5d77, 0x5d77, 0x5d77, 0x5d77, 0x5d77, 0x5d77,
  0x5d77, 0x5d77, 0x5d77, 0x5d77, 0x5d77, 0x5d77, 0x5d77, 0x5d77, 0x5d77, 0x5d77, 0x5d77, 0x5d77,
  0x5d77, 0x5d77, 0x5d77, 0x5d77, 0x5d77, 0x5d77, 0x5d77, 0x5d77, 0x5d77, 0x5d77, 0x5d77, 0x5d77,
  0x5d77, 0x5d77, 0x5d77, 0x5d77, 0x5d77, 0x5d77, 0x5d77, 0x5d77, 0x5d77, 0x5d77, 0x5d77, 0x5d77,
  0x5d78, 0x5d78, 0x5d78, 0x5d77, 0x5d77, 0x5557, 0x4d51, 0x454f, 0x454f, 0x4d4f, 0x5555, 0x5d78,
  0x5d78, 0x5d78, 0x5d78, 0x5d78, 0x5d78, 0x5d78, 0x5d77, 0x5d77, 0x5d77, 0x5d77, 0x5d77, 0x5d77,
  0x5d77, 0x5d77, 0x5d77, 0x5d77, 0x5d77, 0x5d77, 0x5d77, 0x5d77, 0x5d77, 0x5d77, 0x5d77, 0x5d77,
  0x5d77, 0x5d78, 0x5d78, 0x5d77, 0x5556, 0x4d4f, 0x4d4f, 0x5554, 0x5d78, 0x5d78, 0x5d78, 0x5d77,
  0x5d77, 0x5d78, 0x5d77, 0x5d56, 0x4d31, 0x4550, 0x5553, 0x5555, 0x5557, 0x5d57, 0x5d56, 0x6552,
  0x652a, 0x6528, 0x6548, 0x6548, 0x654a, 0x5d2f, 0x5d55, 0x5d77, 0x5d57, 0x5d57, 0x5d77, 0x5d77,
  0x5d77, 0x6596, 0x6573, 0x752e, 0x5d70, 0x5d6f, 0x5d70, 0x5d70, 0x6570, 0x6570, 0x6590, 0x6590,
  0x6590, 0x6570, 0x6590, 0x6590, 0x6590, 0x6590, 0x6590, 0x5d70, 0x5d70, 0x554f, 0x556f, 0x6590,
  0x6590, 0x6590, 0x6590, 0x6590, 0x44ed, 0x44ed, 0x44ed, 0x5d4f, 0x6590, 0x6590, 0x6590, 0x6590,
  0x6590, 0x6590, 0x6570, 0x6590, 0x6590, 0x6590, 0x6590, 0x6590, 0x6590, 0x6590, 0x6590, 0x6590,
  0x6590, 0x6590, 0x6590, 0x6590, 0x6590, 0x6590, 0x6590, 0x6590, 0x6590, 0x6590, 0x6590, 0x6590,
  0x6590, 0x6590, 0x6590, 0x6590, 0x6590, 0x6590, 0x6590, 0x6590, 0x6590, 0x6590, 0x6590, 0x6590,
  0x6590, 0x6590, 0x6590, 0x6590, 0x6590, 0x6590, 0x6590, 0x6590, 0x6590, 0x6590, 0x6590, 0x6590,
  0x6590, 0x6590, 0x6590, 0x6590, 0x6590, 0x6590, 0x6590, 0x6590, 0x6590, 0x6590, 0x6590, 0x6590,
  0x6590, 0x6590, 0x6590, 0x6590, 0x6590, 0x6590, 0x6590, 0x6590, 0x6590, 0x6590, 0x6590, 0x6590,
  0x6590, 0x6590, 0x6590, 0x6590, 0x6590, 0x6590, 0x6590, 0x6590, 0x6590, 0x6590, 0x6590, 0x6590,
  0x6590, 0x6590, 0x6593, 0x5d76, 0x5d77, 0x5d78, 0x5d78, 0x5d78, 0x5d78, 0x5d78, 0x5d78, 0x5d78,
  0x5d78, 0x5d78, 0x5d78, 0x5d78, 0x5d78, 0x5d78, 0x5d78, 0x5d78, 0x5d78, 0x5d77, 0x5d78, 0x5d78,
  0x5d77, 0x5d77, 0x5d77, 0x5d77, 0x5d77, 0x5d77, 0x5d78, 0x5d78, 0x5d78, 0x5d78, 0x5d78, 0x5d78,
  0x5d78, 0x5d78, 0x5d78, 0x5d78, 0x5d78, 0x5d78, 0x5d78, 0x5d78, 0x5d78, 0x5d78, 0x5d78, 0x5d78,
  0x6599, 0x6599, 0x6599, 0x6599, 0x6599, 0x5d99, 0x6599, 0x6599, 0x6599, 0x5d99, 0x5d99, 0x6599,
  0x6599, 0x6599, 0x6599, 0x6579, 0x5d78, 0x5d78, 0x5d77, 0x5d77, 0x5d77, 0x5d77, 0x5d77, 0x5d77,
  0x5d78, 0x5d77, 0x5d77, 0x5d77, 0x5d77, 0x5d77, 0x5d77, 0x5d77, 0x5d77, 0x5d77, 0x5d77, 0x5d77,
  0x5d77, 0x5d77, 0x5d77, 0x5d77, 0x5d77, 0x5d77, 0x5d77, 0x5d77, 0x5d77, 0x5d77, 0x5d77, 0x5d77,
  0x5d77, 0x5d77, 0x5d77, 0x5d77, 0x5d77, 0x5d77, 0x5d77, 0x5d77, 0x5d77, 0x5d77, 0x5d77, 0x5d77,
  0x5d77, 0x5d77, 0x5d77, 0x5d77, 0x5d77, 0x5d77, 0x5d77, 0x5d77, 0x5d77, 0x5d77, 0x5d77, 0x5d77,
  0x5d77, 0x5d77, 0x5d77, 0x5d77, 0x5d77, 0x5d77, 0x5d77, 0x5d77, 0x5d77, 0x5d77, 0x5d78, 0x5d78,
  0x5576, 0x4d51, 0x452f, 0x454e, 0x454e, 0x4d2e, 0x4d2f, 0x5552, 0x5d77, 0x5d78, 0x5d78, 0x5d78,
  0x5d78, 0x5d78, 0x5d78, 0x5d78, 0x5d77, 0x5d77, 0x5d77, 0x5d77, 0x5d77, 0x5d77, 0x5d77, 0x5d77,
  0x5d77, 0x5d77, 0x5d77, 0x5d77, 0x5d77, 0x5d77, 0x5d77, 0x5d77, 0x5d77, 0x5d78, 0x5d78, 0x5554,
  0x4d30, 0x454e, 0x4d4e, 0x4d50, 0x5573, 0x5d77, 0x5d78, 0x5d78, 0x5d78, 0x5d78, 0x5d77, 0x5555,
  0x452f, 0x454f, 0x452f, 0x450f, 0x4510, 0x5556, 0x6550, 0x6568, 0x6548, 0x6548, 0x6548, 0x6548,
  0x6528, 0x6528, 0x5d2b, 0x5d56, 0x5d78, 0x6577, 0x5d76, 0x5d73, 0x5d71, 0x5d70, 0x5d70, 0x5d70,
  0x5d70, 0x5d70, 0x5d70, 0x5d70, 0x5d70, 0x5d70, 0x5d90, 0x6590, 0x6590, 0x6590, 0x6590, 0x6590,
  0x6590, 0x6590, 0x6590, 0x6590, 0x5d6f, 0x452e, 0x4d2e, 0x5d90, 0x6590, 0x6590, 0x6590, 0x6590,
  0x3ced, 0x44cd, 0x44cd, 0x552f, 0x6590, 0x6590, 0x6590, 0x6590, 0x6590, 0x6590, 0x6590, 0x6590,
  0x6590, 0x6590, 0x6590, 0x6590, 0x6590, 0x6590, 0x6590, 0x6590, 0x6590, 0x6590, 0x6590, 0x6590,
  0x6590, 0x6590, 0x6590, 0x6590, 0x6590, 0x6590, 0x6590, 0x6590, 0x6590, 0x6590, 0x6590, 0x6590,
  0x6590, 0x6590, 0x6590, 0x6590, 0x6590, 0x6590, 0x6590, 0x6590, 0x6590, 0x6590, 0x6590, 0x6590,
  0x6590, 0x6590, 0x6590, 0x6590, 0x6590, 0x6590, 0x6590, 0x6590, 0x6590, 0x6590, 0x6590, 0x6590,
  0x6590, 0x6590, 0x6590, 0x6590, 0x6590, 0x6590, 0x6590, 0x6590, 0x6590, 0x6590, 0x6590, 0x6590,
  0x6590, 0x6590, 0x6590, 0x6590, 0x6590, 0x6590, 0x6590, 0x6590, 0x6590, 0x6590, 0x6590, 0x6590,
  0x6590, 0x6590, 0x6590, 0x6590, 0x6590, 0x6590, 0x6590, 0x6590, 0x6590, 0x6590, 0x6590, 0x6590,
  0x6591, 0x5d74, 0x5d56, 0x5557, 0x5d78, 0x5d78, 0x5d78, 0x5d78, 0x5d78, 0x5d78, 0x5d78, 0x5d78,
  0x5d78, 0x5d78, 0x5d78, 0x5d78, 0x5d78, 0x5d78, 0x5d78, 0x5d77, 0x5d77, 0x5d77, 0x5d77, 0x5d77,
  0x5d78, 0x5d78, 0x5d78, 0x5d78, 0x5d78, 0x5535, 0x44f0, 0x44f0, 0x4d33, 0x5d78, 0x5d78, 0x5d78,
  0x5d78, 0x5d78, 0x5d78, 0x5d78, 0x5d78, 0x5d78, 0x5d78, 0x5d78, 0x6599, 0x6599, 0x6599, 0x6599,
  0x6599, 0x6599, 0x6599, 0x6599, 0x6599, 0x6599, 0x6599, 0x6599, 0x6599, 0x6599, 0x5d78, 0x5d58,
  0x5d77, 0x5d77, 0x5d77, 0x5d77, 0x5d77, 0x5d77, 0x5d77, 0x5d77, 0x5d77, 0x5d77, 0x5d77, 0x5d77,
  0x5d77, 0x5d77, 0x5d77, 0x5d77, 0x5d77, 0x5d77, 0x5d77, 0x5d77, 0x5d77, 0x5d77, 0x5d77, 0x5d77,
  0x5d77, 0x5d77, 0x5d77, 0x5d77, 0x5d77, 0x5d77, 0x5d77, 0x5d77, 0x5d77, 0x5d77, 0x5d77, 0x5d77,
  0x5d77, 0x5d77, 0x5d77, 0x5d77, 0x5d77, 0x5d77, 0x5d77, 0x5d77, 0x5d77, 0x5d77, 0x5d77, 0x5d77,
  0x5d77, 0x5d77, 0x5d77, 0x5d77, 0x5d77, 0x5d77, 0x5d77, 0x5d77, 0x5d77, 0x5d77, 0x5d77, 0x5d77,
  0x5d77, 0x5d77, 0x5d77, 0x5d77, 0x5d77, 0x5d77, 0x5d78, 0x5d78, 0x4d71, 0x456f, 0x456f, 0x454e,
  0x4d2e, 0x4d2e, 0x4d2e, 0x4d4f, 0x5554, 0x5d78, 0x5d78, 0x5d78, 0x5d78, 0x5d78, 0x5d78, 0x5d77,
  0x5d77, 0x5d77, 0x5d77, 0x5d77, 0x5d77, 0x5d77, 0x5d77, 0x5d77, 0x5d77, 0x5d77, 0x5d77, 0x5d77,
  0x5d77, 0x5d77, 0x5d77, 0x5d77, 0x5d77, 0x5d78, 0x5d77, 0x4d2f, 0x454f, 0x4d2e, 0x550e, 0x454f,
  0x4d6f, 0x5d76, 0x5d78, 0x5d77, 0x5d77, 0x5d77, 0x5d57, 0x4d34, 0x452f, 0x64cd, 0x4d2e, 0x452f,
  0x452f, 0x6533, 0x654a, 0x6548, 0x6548, 0x6548, 0x6549, 0x6549, 0x6549, 0x654a, 0x654b, 0x6572,
  0x6573, 0x6591, 0x6590, 0x6590, 0x6590, 0x6570, 0x5d6f, 0x5d6f, 0x5d70, 0x5d70, 0x5d70, 0x5d70,
  0x5d90, 0x5d90, 0x5d90, 0x6590, 0x6590, 0x6590, 0x6590, 0x6590, 0x6590, 0x6590, 0x6590, 0x6590,
  0x5d90, 0x4d2e, 0x552e, 0x5d6f, 0x6590, 0x6590, 0x6590, 0x5d90, 0x44ed, 0x5ccc, 0x44ed, 0x5d6f,
  0x6590, 0x6590, 0x6590, 0x6590, 0x6590, 0x6590, 0x6590, 0x6590, 0x6590, 0x6590, 0x6590, 0x6590,
  0x6590, 0x6590, 0x6590, 0x6590, 0x6590, 0x6590, 0x6590, 0x6590, 0x6590, 0x6590, 0x6590, 0x6590,
  0x6590, 0x6590, 0x6590, 0x6590, 0x6590, 0x6590, 0x6590, 0x6590, 0x6590, 0x6590, 0x6590, 0x6590,
  0x6590, 0x6590, 0x6590, 0x6590, 0x6590, 0x6590, 0x6590, 0x6590, 0x6590, 0x6590, 0x6590, 0x6590,
  0x6590, 0x6590, 0x6590, 0x6590, 0x6590, 0x6590, 0x6590, 0x6590, 0x6590, 0x6590, 0x6590, 0x6590,
  0x6590, 0x6590, 0x6590, 0x6590, 0x6590, 0x6590, 0x6590, 0x6590, 0x6590, 0x6590, 0x6590, 0x6590,
  0x6590, 0x6590, 0x6590, 0x6590, 0x6590, 0x6590, 0x6590, 0x6590, 0x6590, 0x6590, 0x6590, 0x6590,
  0x6590, 0x6590, 0x6590, 0x6590, 0x6590, 0x6590, 0x6590, 0x6590, 0x6590, 0x6590, 0x6590, 0x6571,
  0x5d73, 0x5d76, 0x5d77, 0x5d78, 0x5d78, 0x5d78, 0x5d78, 0x5d78, 0x5d78, 0x5d78, 0x5d78, 0x5d78,
  0x5d78, 0x5d78, 0x5d78, 0x5d77, 0x5d78, 0x5d77, 0x5d78, 0x5d78, 0x5d78, 0x5d78, 0x5d78, 0x5d78,
  0x4d13, 0x44ce, 0x44ee, 0x44ee, 0x44ee, 0x4d13, 0x5d78, 0x5d78, 0x5d78, 0x5d78, 0x5d78, 0x5d78,
  0x5d78, 0x5d78, 0x5d78, 0x5d78, 0x6599, 0x6599, 0x6599, 0x6599, 0x6599, 0x6599, 0x6599, 0x6599,
  0x6599, 0x5d99, 0x5d78, 0x5d78, 0x5d78, 0x5d78, 0x5d78, 0x5d77, 0x5d77, 0x5d77, 0x5d77, 0x5d77,
  0x5d77, 0x5d77, 0x5d77, 0x5d77, 0x5d77, 0x5d77, 0x5d77, 0x5d77, 0x5d77, 0x5d77, 0x5d77, 0x5d77,
  0x5d77, 0x5d77, 0x5d77, 0x5d77, 0x5d77, 0x5d77, 0x5d77, 0x5d77, 0x5d77, 0x5d77, 0x5d77, 0x5d77,
  0x5d77, 0x5d77, 0x5d77, 0x5d77, 0x5d77, 0x5d77, 0x5d77, 0x5d77, 0x5d77, 0x5d77, 0x5d77, 0x5d77,
  0x5d77, 0x5d77, 0x5d77, 0x5d77, 0x5d77, 0x5d77, 0x5d77, 0x5d77, 0x5d77, 0x5d77, 0x5d77, 0x5d77,
  0x5d77, 0x5d77, 0x5d77, 0x5d77, 0x5d77, 0x5d77, 0x5d77, 0x5d77, 0x5d77, 0x5d77, 0x5d77, 0x5d77,
  0x5d77, 0x5d77, 0x5d77, 0x5d78, 0x454f, 0x454f, 0x454e, 0x4d4e, 0x6ccd, 0x4d4e, 0x4d4e, 0x4d4f,
  0x4d52, 0x5d78, 0x5d78, 0x5d78, 0x5d78, 0x5d78, 0x5d78, 0x5d77, 0x5d77, 0x5d77, 0x5d77, 0x5d77,
  0x5d77, 0x5d77, 0x5d77, 0x5d77, 0x5d77, 0x5d77, 0x5d77, 0x5d77, 0x5d77, 0x5d77, 0x5d77, 0x5d77,
  0x5d77, 0x5d77, 0x5d57, 0x4d50, 0x4d6f, 0x64ed, 0x6cad, 0x4d4e, 0x4d4f, 0x5d76, 0x6578, 0x5d78,
  0x5d78, 0x5d78, 0x5d57, 0x5d76, 0x4d73, 0x6cd0, 0x4d2f, 0x452f, 0x5552, 0x654e, 0x654b, 0x654b,
  0x656d, 0x656d, 0x656e, 0x656f, 0x656f, 0x6590, 0x6590, 0x6590, 0x6590, 0x6590, 0x6590, 0x6590,
  0x6590, 0x6590, 0x6570, 0x5d6f, 0x5d6f, 0x5d70, 0x5d70, 0x5d90, 0x5d90, 0x5d90, 0x6590, 0x6590,
  0x6590, 0x6590, 0x6590, 0x6590, 0x6590, 0x6590, 0x6590, 0x6590, 0x6590, 0x656f, 0x654f, 0x6590,
  0x6590, 0x6590, 0x6590, 0x6570, 0x5d6f, 0x64ee, 0x5d6f, 0x6590, 0x6590, 0x6590, 0x6590, 0x6590,
  0x6590, 0x6590, 0x6590, 0x6590, 0x6590, 0x6590, 0x6590, 0x6590, 0x6590, 0x6590, 0x6590, 0x6590,
  0x6590, 0x6590, 0x6590, 0x6590, 0x6590, 0x6590, 0x6590, 0x6590, 0x6590, 0x6590, 0x6590, 0x6590,
  0x6590, 0x6590, 0x6590, 0x6590, 0x6590, 0x6590, 0x6590, 0x6590, 0x6590, 0x6590, 0x6590, 0x6590,
  0x6590, 0x6590, 0x6590, 0x6590, 0x6590, 0x6590, 0x6590, 0x6590, 0x6590, 0x6590, 0x6590, 0x6590,
  0x6590, 0x6590, 0x6590, 0x6590, 0x6590, 0x6590, 0x6590, 0x6590, 0x6590, 0x6590, 0x6590, 0x6590,
  0x6590, 0x6590, 0x6590, 0x6590, 0x6590, 0x6590, 0x6590, 0x6590, 0x6590, 0x6590, 0x6590, 0x6590,
  0x6590, 0x6590, 0x6590, 0x6590, 0x6590, 0x6590, 0x6590, 0x6590, 0x6590, 0x6590, 0x6590, 0x6590,
  0x6590, 0x6590, 0x6590, 0x6590, 0x6590, 0x6590, 0x6590, 0x6590, 0x6590, 0x6590, 0x6590, 0x5d73,
  0x5d76, 0x5d77, 0x5d78, 0x5d78, 0x5d78, 0x5d78, 0x5d78, 0x5d78, 0x5d78, 0x5d78, 0x5d78, 0x5d78,
  0x5d78, 0x5d78, 0x5d77, 0x5d78, 0x5d77, 0x5d77, 0x5d77, 0x5556, 0x3cee, 0x3cee, 0x44ee, 0x44ee,
  0x44cd, 0x44ce, 0x5535, 0x5d78, 0x5d78, 0x5d78, 0x5d78, 0x5d78, 0x5d78, 0x5d78, 0x5d78, 0x5d78,
  0x6599, 0x6599, 0x6599, 0x6599, 0x6599, 0x6599, 0x6599, 0x6599, 0x5555, 0x450f, 0x3d0e, 0x450e,
  0x4d33, 0x5d57, 0x5d77, 0x5d77, 0x5d77, 0x5d77, 0x5d77, 0x5d57, 0x5d77, 0x5d77, 0x5d77, 0x5d77,
  0x5d77, 0x5d77, 0x5d77, 0x5d77, 0x5d77, 0x5d77, 0x5d77, 0x5d77, 0x5d77, 0x5d77, 0x5d77, 0x5d77,
  0x5d77, 0x5d77, 0x5d77, 0x5d77, 0x5d77, 0x5d77, 0x5d77, 0x5d77, 0x5d77, 0x5d77, 0x5d77, 0x5d77,
  0x5d77, 0x5d77, 0x5d77, 0x5d77, 0x5d77, 0x5d77, 0x5d77, 0x5d77, 0x5d77, 0x5d77, 0x5d77, 0x5d77,
  0x5d77, 0x5d77, 0x5d77, 0x5d77, 0x5d77, 0x5d77, 0x5d77, 0x5d77, 0x5d77, 0x5d77, 0x5d77, 0x5d77,
  0x5d77, 0x5d77, 0x5d77, 0x5d77, 0x5d77, 0x5d77, 0x5d77, 0x5d77, 0x5d77, 0x5d77, 0x5d77, 0x5d78,
  0x5553, 0x454e, 0x4d2e, 0x64cd, 0x7c6c, 0x554e, 0x4d6f, 0x4d4f, 0x5d76, 0x5d78, 0x5d78, 0x5d78,
  0x5d78, 0x5d78, 0x5d78, 0x5d77, 0x5d77, 0x5d77, 0x5d77, 0x5d77, 0x5d77, 0x5d77, 0x5d77, 0x5d77,
  0x5d77, 0x5d77, 0x5d77, 0x5d77, 0x5d77, 0x5d77, 0x5d77, 0x5d77, 0x5d77, 0x5d77, 0x5d77, 0x5d97,
  0x5594, 0x5d2e, 0x64ee, 0x4d31, 0x5555, 0x5d78, 0x6578, 0x6578, 0x6578, 0x5d78, 0x6578, 0x6577,
  0x5577, 0x74b3, 0x5d75, 0x5d91, 0x6590, 0x6590, 0x6590, 0x6590, 0x6590, 0x6590, 0x6590, 0x6590,
  0x6590, 0x6590, 0x6590, 0x6590, 0x6590, 0x6590, 0x6590, 0x6590, 0x6590, 0x6590, 0x6590, 0x6590,
  0x5d6f, 0x5d70, 0x5d70, 0x5d70, 0x5d90, 0x5d90, 0x5d90, 0x5d70, 0x4d2e, 0x554f, 0x6590, 0x6590,
  0x6590, 0x6590, 0x6590, 0x6590, 0x6590, 0x6570, 0x6d4f, 0x6590, 0x6590, 0x6590, 0x6590, 0x6570,
  0x6590, 0x750e, 0x6590, 0x6590, 0x6590, 0x6590, 0x6590, 0x6590, 0x6590, 0x6590, 0x6590, 0x6590,
  0x6590, 0x6590, 0x6590, 0x6590, 0x6590, 0x6590, 0x6590, 0x6590, 0x6590, 0x6590, 0x6590, 0x6590,
  0x6590, 0x6590, 0x6590, 0x6590, 0x6590, 0x6590, 0x6590, 0x6590, 0x6590, 0x6590, 0x6590, 0x6590,
  0x6590, 0x6590, 0x6590, 0x6590, 0x6590, 0x6590, 0x6590, 0x6590, 0x6590, 0x6590, 0x6590, 0x6590,
  0x6590, 0x6590, 0x6590, 0x6590, 0x6590, 0x6590, 0x6590, 0x6590, 0x6590, 0x6590, 0x6590, 0x6590,
  0x6590, 0x6590, 0x6590, 0x6590, 0x6590, 0x6590, 0x6590, 0x6590, 0x6590, 0x6590, 0x6590, 0x6590,
  0x6590, 0x6590, 0x6590, 0x6590, 0x6590, 0x6590, 0x6590, 0x6590, 0x6590, 0x6590, 0x6590, 0x6590,
  0x6590, 0x6590, 0x6590, 0x6590, 0x6590, 0x6590, 0x6590, 0x6590, 0x6590, 0x6590, 0x6590, 0x6590,
  0x6590, 0x6590, 0x6590, 0x6590, 0x6590, 0x6590, 0x6590, 0x6590, 0x6590, 0x6590, 0x5d73, 0x5d75,
  0x5d77, 0x5d78, 0x5d78, 0x5d78, 0x5d78, 0x5d78, 0x5d78, 0x5d77, 0x5d78, 0x5d77, 0x5d78, 0x5d77,
  0x5d77, 0x5d77, 0x5d77, 0x5556, 0x3cee, 0x3cee, 0x44ed, 0x44ed, 0x44ed, 0x3ccd, 0x5534, 0x5d78,
  0x5d78, 0x5d78, 0x5d78, 0x5d78, 0x5d78, 0x5d78, 0x5d78, 0x5d78, 0x65ba, 0x65ba, 0x659a, 0x6599,
  0x6599, 0x6599, 0x6599, 0x5575, 0x452f, 0x450e, 0x450e, 0x3cee, 0x44ee, 0x4d12, 0x5d77, 0x5d77,
  0x5d77, 0x5d77, 0x5d77, 0x5d77, 0x5d77, 0x5d77, 0x5d77, 0x5d77, 0x5d77, 0x5d77, 0x5d77, 0x5d77,
  0x5d77, 0x5d77, 0x5d77, 0x5d77, 0x5d77, 0x5d77, 0x5d77, 0x5d77, 0x5d77, 0x5d77, 0x5d77, 0x5d77,
  0x5d77, 0x5d77, 0x5d77, 0x5d77, 0x5d77, 0x5d77, 0x5d77, 0x5d77, 0x5d77, 0x5d77, 0x5d77, 0x5d77,
  0x5d77, 0x5d77, 0x5d77, 0x5d77, 0x5d77, 0x5d77, 0x5d77, 0x5d77, 0x5d77, 0x5d77, 0x5d77, 0x5d77,
  0x5d77, 0x5d77, 0x5d77, 0x5d77, 0x5d77, 0x5d77, 0x5d77, 0x5d77, 0x5d77, 0x5d77, 0x5d77, 0x5d77,
  0x5d77, 0x5d77, 0x5d77, 0x5d77, 0x5d77, 0x5d77, 0x5d78, 0x6578, 0x5d78, 0x5575, 0x4d31, 0x550f,
  0x748c, 0x4d50, 0x4d72, 0x5d77, 0x5d78, 0x5d78, 0x5d78, 0x5d78, 0x5d78, 0x5d78, 0x5d78, 0x5d77,
  0x5d77, 0x5d77, 0x5d77, 0x5d77, 0x5d77, 0x5d77, 0x5d77, 0x5d77, 0x5d77, 0x5d77, 0x5d77, 0x5d77,
  0x5d77, 0x5d77, 0x5d77, 0x5d77, 0x5d77, 0x5d77, 0x5d78, 0x6598, 0x5d98, 0x6d56, 0x74f4, 0x5d77,
  0x5d77, 0x6578, 0x6578, 0x6598, 0x6597, 0x6596, 0x5d75, 0x5d74, 0x5551, 0x64ee, 0x6570, 0x6590,
  0x6590, 0x6590, 0x6590, 0x6590, 0x6590, 0x6590, 0x6590, 0x6590, 0x6590, 0x6590, 0x6590, 0x6590,
  0x6590, 0x6590, 0x6590, 0x6590, 0x6590, 0x6590, 0x6590, 0x6590, 0x6590, 0x5d70, 0x5d70, 0x5d70,
  0x5d90, 0x6590, 0x6590, 0x4d0e, 0x44ed, 0x450d, 0x5d6f, 0x6590, 0x5d70, 0x552f, 0x5d6f, 0x6590,
  0x6590, 0x6590, 0x6590, 0x6590, 0x6590, 0x6590, 0x6590, 0x6590, 0x6590, 0x752e, 0x6590, 0x6590,
  0x6590, 0x6590, 0x6590, 0x6590, 0x6590, 0x6590, 0x6590, 0x6590, 0x6590, 0x6590, 0x6590, 0x6590,
  0x6590, 0x6590, 0x6590, 0x6590, 0x6590, 0x6590, 0x6590, 0x6590, 0x6590, 0x6590, 0x6590, 0x6590,
  0x6590, 0x6590, 0x6590, 0x6590, 0x6590, 0x6590, 0x6590, 0x6590, 0x6590, 0x6590, 0x6590, 0x6590,
  0x6590, 0x6590, 0x6590, 0x6590, 0x6590, 0x6590, 0x6590, 0x6590, 0x6590, 0x6590, 0x6590, 0x6590,
  0x6590, 0x6590, 0x6590, 0x6590, 0x6590, 0x6590, 0x6590, 0x6590, 0x6590, 0x6590, 0x6590, 0x6590,
  0x6590, 0x6590, 0x6590, 0x6590, 0x6590, 0x6590, 0x6590, 0x6590, 0x6590, 0x6590, 0x6590, 0x6590,
  0x6590, 0x6590, 0x6590, 0x6590, 0x6590, 0x6590, 0x6590, 0x6590, 0x6590, 0x6590, 0x6590, 0x6590,
  0x6590, 0x6590, 0x6590, 0x6590, 0x6590, 0x6590, 0x6590, 0x6590, 0x6590, 0x6590, 0x6590, 0x6590,
  0x6590, 0x6590, 0x6590, 0x6590, 0x6590, 0x6590, 0x6590, 0x6590, 0x6590, 0x6572, 0x5d75, 0x5d77,
  0x5d78, 0x5d78, 0x5d78, 0x5d78, 0x5d78, 0x5d77, 0x5d77, 0x5d77, 0x5d77, 0x5d77, 0x5d78, 0x5d77,
  0x3cee, 0x44ed, 0x4ccd, 0x54ac, 0x44ed, 0x44ee, 0x5534, 0x5d78, 0x5d78, 0x5d78, 0x5d78, 0x5d78,
  0x5d78, 0x5d78, 0x5d78, 0x5d78, 0x65ba, 0x65ba, 0x65b9, 0x6599, 0x6599, 0x5d78, 0x5d78, 0x4530,
  0x450e, 0x452e, 0x450e, 0x3d0e, 0x44ee, 0x450e, 0x5d56, 0x5d77, 0x5d77, 0x5d77, 0x5d77, 0x5d77,
  0x5d77, 0x5d77, 0x5d77, 0x5d77, 0x5d77, 0x5d77, 0x5d77, 0x5d77, 0x5d77, 0x5d77, 0x5d77, 0x5d77,
  0x5d77, 0x5d77, 0x5d77, 0x5d77, 0x5d77, 0x5d77, 0x5d77, 0x5d77, 0x5d77, 0x5d77, 0x5d77, 0x5d77,
  0x5d77, 0x5d77, 0x5d77, 0x5d77, 0x5d77, 0x5d77, 0x5d77, 0x5d77, 0x5d77, 0x5d77, 0x5d77, 0x5d77,
  0x5d77, 0x5d77, 0x5d77, 0x5d77, 0x5d77, 0x5d77, 0x5d77, 0x5d77, 0x5d77, 0x5d77, 0x5d77, 0x5d77,
  0x5d77, 0x5d77, 0x5d77, 0x5d77, 0x5d77, 0x5d77, 0x5d77, 0x5d77, 0x5d77, 0x5d77, 0x5d77, 0x5d77,
  0x5d78, 0x5d77, 0x5d77, 0x5d77, 0x5d77, 0x5d78, 0x5d98, 0x6d76, 0x84d2, 0x5d98, 0x5d78, 0x5d77,
  0x5d78, 0x5d78, 0x5d78, 0x5d78, 0x5d78, 0x5d78, 0x5d78, 0x5d77, 0x5d77, 0x5d77, 0x5d77, 0x5d77,
  0x5d77, 0x5d77, 0x5d77, 0x5d77, 0x5d77, 0x5d77, 0x5d77, 0x5d77, 0x5d77, 0x5d77, 0x5d77, 0x5d77,
  0x5d77, 0x5d77, 0x5d77, 0x5d78, 0x5d78, 0x6515, 0x74b3, 0x5d77, 0x5d75, 0x5d74, 0x5d73, 0x5d71,
  0x5d91, 0x5d90, 0x5d70, 0x5d6f, 0x5d6f, 0x6570, 0x6590, 0x6590, 0x6590, 0x6590, 0x6590, 0x6590,
  0x6590, 0x6590, 0x6590, 0x6590, 0x6590, 0x6590, 0x6590, 0x6590, 0x6590, 0x6590, 0x6590, 0x6590,
  0x6590, 0x6590, 0x6590, 0x6590, 0x6590, 0x6590, 0x5d70, 0x5d70, 0x5d90, 0x6590, 0x6590, 0x450e,
  0x44ed, 0x44cd, 0x554f, 0x6590, 0x450e, 0x450e, 0x44ee, 0x5d90, 0x6590, 0x6590, 0x6590, 0x6590,
  0x6590, 0x6590, 0x6590, 0x6590, 0x6590, 0x6590, 0x6590, 0x6590, 0x6590, 0x6590, 0x6590, 0x6590,
  0x6590, 0x6590, 0x6590, 0x6590, 0x6590, 0x6590, 0x6590, 0x6590, 0x6590, 0x6590, 0x6590, 0x6590,
  0x6590, 0x6590, 0x6590, 0x6590, 0x6590, 0x6590, 0x6590, 0x6590, 0x6590, 0x6590, 0x6590, 0x6590,
  0x6590, 0x6590, 0x6590, 0x6590, 0x6590, 0x6590, 0x6590, 0x6590, 0x6590, 0x6590, 0x6590, 0x6590,
  0x6590, 0x6590, 0x6590, 0x6590, 0x6590, 0x6590, 0x6590, 0x6590, 0x6590, 0x6590, 0x6590, 0x6590,
  0x6590, 0x6590, 0x6590, 0x6590, 0x6590, 0x6590, 0x6590, 0x6590, 0x6590, 0x6590, 0x6590, 0x6590,
  0x6590, 0x6590, 0x6590, 0x6590, 0x6590, 0x6590, 0x6590, 0x6590, 0x6590, 0x6590, 0x6590, 0x6590,
  0x6590, 0x6590, 0x6590, 0x6590, 0x6590, 0x6590, 0x6590, 0x6590, 0x6590, 0x6590, 0x6590, 0x6590,
  0x6590, 0x6590, 0x6590, 0x6590, 0x6590, 0x6590, 0x6590, 0x6590, 0x6590, 0x6590, 0x6590, 0x6590,
  0x6590, 0x6590, 0x6590, 0x6590, 0x6590, 0x6590, 0x6590, 0x6591, 0x6574, 0x6577, 0x5d78, 0x5d78,
  0x5d77, 0x5d77, 0x5d77, 0x5d77, 0x5d77, 0x5d78, 0x5d78, 0x5d78, 0x44ef, 0x44cd, 0x54ac, 0x6c4c,
  0x4ccd, 0x44ee, 0x5d76, 0x6577, 0x5d78, 0x5d78, 0x5d78, 0x5d78, 0x5d78, 0x5d78, 0x5d78, 0x5d78,
  0x65b9, 0x6599, 0x5d98, 0x5d78, 0x5d78, 0x5d78, 0x5d57, 0x4d31, 0x450e, 0x452e, 0x4ced, 0x450e,
  0x44ee, 0x3d0e, 0x5d57, 0x5d77, 0x5d77, 0x5d77, 0x5d77, 0x5d77, 0x5d77, 0x5d77, 0x5d77, 0x5d77,
  0x5d77, 0x5d77, 0x5d77, 0x5d77, 0x5d77, 0x5d77, 0x5d77, 0x5d77, 0x5d77, 0x5d77, 0x5d77, 0x5d77,
  0x5d77, 0x5d77, 0x5d77, 0x5d77, 0x5d77, 0x5d77, 0x5d77, 0x5d77, 0x5d77, 0x5d77, 0x5d77, 0x5d77,
  0x5d77, 0x5d77, 0x5d77, 0x5d77, 0x5d77, 0x5d77, 0x5d77, 0x5d77, 0x5d77, 0x5d77, 0x5d77, 0x5d77,
  0x5d77, 0x5d77, 0x5d77, 0x5d77, 0x5d77, 0x5d77, 0x5d77, 0x5d77, 0x5d77, 0x5d77, 0x5d77, 0x5d77,
  0x5d77, 0x5d77, 0x5d77, 0x5d77, 0x5d77, 0x5d77, 0x5d77, 0x5d77, 0x5d77, 0x5d77, 0x5d77, 0x5d77,
  0x5d77, 0x5d77, 0x6598, 0x6d76, 0x8cb1, 0x6598, 0x5d78, 0x5d77, 0x5d78, 0x5d78, 0x5d78, 0x5d78,
  0x5d78, 0x5d78, 0x5d78, 0x5d77, 0x5d77, 0x5d77, 0x5d77, 0x5d77, 0x5d77, 0x5d77, 0x5d77, 0x5d77,
  0x5d77, 0x5d77, 0x5d77, 0x5d77, 0x5d77, 0x5d77, 0x5d77, 0x5d77, 0x5d77, 0x5d77, 0x5d77, 0x5d77,
  0x5d74, 0x64ef, 0x6cce, 0x5570, 0x556f, 0x5570, 0x5d70, 0x5d70, 0x5d90, 0x5d90, 0x5d6f, 0x5d6f,
  0x6590, 0x6590, 0x6590, 0x6590, 0x6590, 0x6590, 0x6590, 0x6590, 0x6590, 0x6590, 0x6590, 0x6590,
  0x6590, 0x6590, 0x6590, 0x6590, 0x6590, 0x6590, 0x6590, 0x6590, 0x6590, 0x6590, 0x6590, 0x6590,
  0x6590, 0x6590, 0x6590, 0x5d70, 0x5d90, 0x6590, 0x6590, 0x4d2e, 0x54cc, 0x44cd, 0x5d6f, 0x65b0,
  0x452e, 0x4d0d, 0x450e, 0x5d6f, 0x6590, 0x6590, 0x6590, 0x6590, 0x6590, 0x6590, 0x6590, 0x6590,
  0x6590, 0x6590, 0x6590, 0x6590, 0x6590, 0x6590, 0x6590, 0x6590, 0x6590, 0x6590, 0x6590, 0x6590,
  0x6590, 0x6590, 0x6590, 0x6590, 0x6590, 0x6590, 0x6590, 0x6590, 0x6590, 0x6590, 0x6590, 0x6590,
  0x6590, 0x6590, 0x6590, 0x6590, 0x6590, 0x6590, 0x6590, 0x6590, 0x6590, 0x6590, 0x6590, 0x6590,
  0x6590, 0x6590, 0x6590, 0x6590, 0x6590, 0x6590, 0x6590, 0x6590, 0x6590, 0x6590, 0x6590, 0x6590,
  0x6590, 0x6590, 0x6590, 0x6590, 0x6590, 0x6590, 0x6590, 0x6590, 0x6590, 0x6590, 0x6590, 0x6590,
  0x6590, 0x6590, 0x6590, 0x6590, 0x6590, 0x6590, 0x6590, 0x6590, 0x6590, 0x6590, 0x6590, 0x6590,
  0x6590, 0x6590, 0x6590, 0x6590, 0x6590, 0x6590, 0x6590, 0x6590, 0x6590, 0x6590, 0x6590, 0x6590,
  0x6590, 0x6590, 0x6590, 0x6590, 0x6590, 0x6590, 0x6590, 0x6590, 0x6590, 0x6590, 0x6590, 0x6590,
  0x6590, 0x6590, 0x6590, 0x6590, 0x6590, 0x6590, 0x6590, 0x6590, 0x6590, 0x6590, 0x6590, 0x6590,
  0x6590, 0x6590, 0x6590, 0x6590, 0x6590, 0x6590, 0x6573, 0x5d76, 0x5d77, 0x5d77, 0x5d77, 0x5d77,
  0x5d77, 0x5d77, 0x5d77, 0x5d78, 0x5556, 0x4d12, 0x4ccd, 0x6c6d, 0x44ef, 0x5534, 0x5d77, 0x5d77,
  0x6578, 0x6578, 0x5d78, 0x5d78, 0x5d78, 0x5d78, 0x5d78, 0x5d78, 0x5d78, 0x5d77, 0x5d77, 0x5d77,
  0x5d77, 0x5d77, 0x5d57, 0x4d33, 0x450e, 0x4ced, 0x6cac, 0x4d0d, 0x450e, 0x450f, 0x5d77, 0x5d77,
  0x5d77, 0x5d77, 0x5d77, 0x5d77, 0x5d77, 0x5d77, 0x5d77, 0x5d77, 0x5d77, 0x5d77, 0x5d77, 0x5d77,
  0x5d77, 0x5d77, 0x5d77, 0x5d77, 0x5d77, 0x5d77, 0x5d77, 0x5d77, 0x5d77, 0x5d77, 0x5d77, 0x5d77,
  0x5d77, 0x5d77, 0x5d77, 0x5d77, 0x5d77, 0x5d77, 0x5d77, 0x5d77, 0x5d77, 0x5d77, 0x5d77, 0x5d77,
  0x5d77, 0x5d77, 0x5d77, 0x5d77, 0x5d77, 0x5d78, 0x5d78, 0x5d77, 0x5d77, 0x5d78, 0x5d77, 0x5d77,
  0x5d77, 0x5d77, 0x5d77, 0x5d77, 0x5d77, 0x5d77, 0x5d77, 0x5d77, 0x5d77, 0x5d77, 0x5d77, 0x5d77,
  0x5d76, 0x5d75, 0x5d54, 0x5d75, 0x5d74, 0x6594, 0x6593, 0x6593, 0x65b3, 0x6591, 0x6591, 0x756f,
  0x8c8c, 0x65b0, 0x65b0, 0x6590, 0x6590, 0x6590, 0x65b0, 0x65b0, 0x65b0, 0x65b1, 0x6594, 0x5d74,
  0x5d75, 0x5d75, 0x5d75, 0x5d75, 0x5d75, 0x5d75, 0x5d75, 0x5d75, 0x5d75, 0x5d75, 0x5d75, 0x5d76,
  0x5d76, 0x5d77, 0x5d77, 0x5d77, 0x5d77, 0x5d77, 0x5d77, 0x5d77, 0x5576, 0x650e, 0x6d0e, 0x556f,
  0x5d8f, 0x5d6f, 0x5d6f, 0x5d6f, 0x5d8f, 0x5d8f, 0x5d90, 0x6590, 0x6590, 0x6590, 0x6590, 0x6590,
  0x6590, 0x6590, 0x6590, 0x6590, 0x6590, 0x6590, 0x6590, 0x6590, 0x6590, 0x6590, 0x6590, 0x6590,
  0x6590, 0x6590, 0x6590, 0x6590, 0x6590, 0x6590, 0x6590, 0x6590, 0x6590, 0x6590, 0x6590, 0x6590,
  0x6590, 0x6590, 0x6590, 0x5d70, 0x6cee, 0x5d6f, 0x5d90, 0x65b0, 0x556f, 0x5d0d, 0x4d4e, 0x5d90,
  0x6590, 0x6590, 0x6590, 0x6590, 0x6590, 0x6590, 0x6590, 0x6590, 0x6590, 0x6590, 0x6590, 0x6590,
  0x6590, 0x6590, 0x6590, 0x6590, 0x6590, 0x6590, 0x6590, 0x6590, 0x6590, 0x6590, 0x6590, 0x6590,
  0x6590, 0x6590, 0x6590, 0x6590, 0x6590, 0x6590, 0x6590, 0x6590, 0x6590, 0x6590, 0x6590, 0x6590,
  0x6590, 0x6590, 0x6590, 0x6590, 0x6590, 0x6590, 0x6590, 0x6590, 0x6590, 0x6590, 0x6590, 0x6590,
  0x6590, 0x6590, 0x6590, 0x6590, 0x6590, 0x6590, 0x6590, 0x6590, 0x6590, 0x6590, 0x6590, 0x6590,
  0x6590, 0x6590, 0x6590, 0x6590, 0x6590, 0x6590, 0x6590, 0x6590, 0x6590, 0x6590, 0x6590, 0x6590,
  0x6590, 0x6590, 0x6590, 0x6590, 0x6590, 0x6590, 0x6590, 0x6590, 0x6590, 0x6590, 0x6590, 0x6590,
  0x6590, 0x6590, 0x6590, 0x6590, 0x6590, 0x6590, 0x6590, 0x6590, 0x6590, 0x6590, 0x6590, 0x6590,
  0x6590, 0x6590, 0x6590, 0x6590, 0x6590, 0x6590, 0x6590, 0x6590, 0x6590, 0x6590, 0x6590, 0x6590,
  0x6590, 0x6590, 0x6590, 0x6590, 0x6590, 0x6590, 0x6590, 0x6590, 0x6590, 0x6590, 0x6590, 0x6590,
  0x6590, 0x6590, 0x6590, 0x6590, 0x6591, 0x6575, 0x5d77, 0x5d78, 0x5d77, 0x5d77, 0x5d77, 0x5d77,
  0x5d77, 0x5d77, 0x6d55, 0x84b2, 0x5d77, 0x6577, 0x6577, 0x6577, 0x6577, 0x6578, 0x6578, 0x5d78,
  0x5d78, 0x5d78, 0x5d78, 0x5d78, 0x5d77, 0x5d77, 0x5d77, 0x5d77, 0x5d77, 0x5d77, 0x5d77, 0x5555,
  0x450f, 0x450e, 0x6c8b, 0x450d, 0x450f, 0x5553, 0x6577, 0x6577, 0x5d77, 0x5d77, 0x5d77, 0x5d77,
  0x5d77, 0x5d77, 0x5d77, 0x5d77, 0x5d77, 0x5d77, 0x5d77, 0x5d77, 0x5d77, 0x5d77, 0x5d77, 0x5d77,
  0x5d77, 0x5d77, 0x5d77, 0x5d77, 0x5d77, 0x5d77, 0x5d77, 0x5d77, 0x5d77, 0x5d77, 0x5d77, 0x5d77,
  0x5d77, 0x5d77, 0x5d77, 0x5d77, 0x5d77, 0x5d77, 0x5d77, 0x5d77, 0x5d77, 0x5d77, 0x5d77, 0x5d76,
  0x5d76, 0x5d76, 0x5d75, 0x6575, 0x6594, 0x6594, 0x6593, 0x6593, 0x6592, 0x6591, 0x6591, 0x6590,
  0x6daf, 0x6daf, 0x6dae, 0x6dae, 0x6dad, 0x6dad, 0x6dad, 0x6dad, 0x6dad, 0x6dad, 0x6dad, 0x6dad,
  0x6dad, 0x6dad, 0x6dae, 0x6dae, 0x6dae, 0x6dad, 0x6dae, 0x752c, 0x846b, 0x6dad, 0x6dad, 0x6dad,
  0x6dad, 0x6dad, 0x6dad, 0x6dad, 0x6dad, 0x6dad, 0x6dad, 0x6dad, 0x6dad, 0x6dad, 0x6dad, 0x6dad,
  0x6dad, 0x6dad, 0x6dad, 0x6dad, 0x6dad, 0x6dad, 0x6dad, 0x6dad, 0x6dad, 0x6dad, 0x6dad, 0x6dad,
  0x6dae, 0x6dae, 0x6daf, 0x6daf, 0x6daf, 0x658e, 0x658e, 0x658e, 0x658e, 0x5d8f, 0x5d6f, 0x5d8f,
  0x5d8f, 0x6590, 0x6590, 0x6590, 0x6590, 0x6590, 0x6590, 0x6590, 0x6590, 0x6590, 0x6590, 0x6590,
  0x6590, 0x6590, 0x6590, 0x6590, 0x6590, 0x6590, 0x6590, 0x6590, 0x6590, 0x6590, 0x6590, 0x6590,
  0x6590, 0x6590, 0x6590, 0x6590, 0x6590, 0x6590, 0x6590, 0x6590, 0x6590, 0x6590, 0x6570, 0x6590,
  0x750e, 0x6590, 0x6590, 0x6590, 0x65b0, 0x752f, 0x65b0, 0x65b0, 0x6590, 0x6590, 0x6590, 0x6590,
  0x6590, 0x6590, 0x6590, 0x6590, 0x6590, 0x6590, 0x6590, 0x6590, 0x6590, 0x6590, 0x6590, 0x6590,
  0x6590, 0x6590, 0x6590, 0x6590, 0x6590, 0x6590, 0x6590, 0x6590, 0x6590, 0x6590, 0x6590, 0x6590,
  0x6590, 0x6590, 0x6590, 0x6590, 0x6590, 0x6590, 0x6590, 0x6590, 0x6590, 0x6590, 0x6590, 0x6590,
  0x6590, 0x6590, 0x6590, 0x6590, 0x6590, 0x6590, 0x6590, 0x6590, 0x6590, 0x6590, 0x6590, 0x6590,
  0x6590, 0x658f, 0x6590, 0x658f, 0x658f, 0x656f, 0x6590, 0x6590, 0x6590, 0x6590, 0x6590, 0x6590,
  0x6590, 0x6590, 0x6590, 0x6590, 0x6590, 0x6590, 0x6590, 0x6590, 0x6590, 0x6590, 0x6590, 0x6590,
  0x6590, 0x6590, 0x6590, 0x6590, 0x6590, 0x6590, 0x6590, 0x6590, 0x6590, 0x6590, 0x6590, 0x6590,
  0x6590, 0x6590, 0x6590, 0x6590, 0x6590, 0x6590, 0x6590, 0x6590, 0x6590, 0x6590, 0x6590, 0x6590,
  0x6590, 0x6590, 0x6590, 0x6590, 0x6590, 0x6590, 0x6590, 0x6590, 0x6590, 0x6590, 0x6590, 0x6590,
  0x6590, 0x6590, 0x6590, 0x6590, 0x6590, 0x6590, 0x6590, 0x6590, 0x6590, 0x6590, 0x6590, 0x6590,
  0x6590, 0x6590, 0x6590, 0x6573, 0x5d76, 0x5d77, 0x5d77, 0x5d78, 0x5d78, 0x5d78, 0x6d35, 0x84b2,
  0x6577, 0x6578, 0x6578, 0x6577, 0x6577, 0x6577, 0x6577, 0x5d78, 0x5d77, 0x5d78, 0x5d78, 0x5d78,
  0x5d77, 0x5d77, 0x5d77, 0x5d77, 0x5d77, 0x5d77, 0x5d77, 0x5d77, 0x5576, 0x4d53, 0x7c8d, 0x4d32,
  0x5575, 0x6577, 0x6577, 0x5d77, 0x5d77, 0x5d77, 0x5d77, 0x5d77, 0x5d78, 0x5d77, 0x5d77, 0x5d77,
  0x5d76, 0x5d75, 0x5d75, 0x5d75, 0x5d76, 0x5d77, 0x5d77, 0x5d77, 0x5d76, 0x5d76, 0x5d75, 0x6575,
  0x6575, 0x6595, 0x6594, 0x6593, 0x6593, 0x6593, 0x6592, 0x6592, 0x6d91, 0x6d91, 0x6d90, 0x6d90,
  0x6daf, 0x6dae, 0x6dad, 0x6dad, 0x6dad, 0x6dad, 0x6dad, 0x6dad, 0x6dad, 0x6dad, 0x6dad, 0x6dad,
  0x6dad, 0x6dad, 0x6dad, 0x6dad, 0x6dad, 0x6dad, 0x6dad, 0x6dad, 0x6dad, 0x6dad, 0x6dad, 0x6dad,
  0x6dad, 0x6dad, 0x6dad, 0x6dad, 0x6dad, 0x6dad, 0x6dad, 0x6dad, 0x6dad, 0x6dad, 0x6dad, 0x6dad,
  0x6dad, 0x6dad, 0x6dad, 0x752c, 0x7ccb, 0x6dad, 0x6dad, 0x6dad, 0x6dad, 0x6dad, 0x6dad, 0x6dad,
  0x6dad, 0x6dad, 0x6dad, 0x6dad, 0x6dad, 0x6dad, 0x6dad, 0x6dad, 0x6dad, 0x6dad, 0x6dad, 0x6dad,
  0x6dad, 0x6dad, 0x6dad, 0x6dad, 0x6dad, 0x6dad, 0x6dad, 0x6dad, 0x6dad, 0x6dad, 0x6dad, 0x6dad,
  0x6dad, 0x6dad, 0x6dad, 0x6dad, 0x6dad, 0x6dad, 0x6dad, 0x6dad, 0x6dad, 0x6dad, 0x6dad, 0x6dad,
  0x6dad, 0x6dad, 0x6dad, 0x6dad, 0x6dad, 0x6dae, 0x6dae, 0x6d8e, 0x658e, 0x658e, 0x658f, 0x658f,
  0x658f, 0x658f, 0x658f, 0x658f, 0x6590, 0x6590, 0x6590, 0x6590, 0x6590, 0x6590, 0x6590, 0x6590,
  0x6590, 0x6590, 0x6590, 0x6590, 0x6590, 0x6590, 0x6590, 0x6590, 0x6d2e, 0x6590, 0x6590, 0x6590,
  0x5d90, 0x752e, 0x65b0, 0x65b0, 0x6590, 0x6590, 0x6590, 0x6590, 0x6590, 0x6590, 0x6590, 0x6590,
  0x6590, 0x6590, 0x6590, 0x6590, 0x6590, 0x6590, 0x6590, 0x6590, 0x6590, 0x6590, 0x6590, 0x6590,
  0x6590, 0x6590, 0x6590, 0x6590, 0x6590, 0x6590, 0x6590, 0x6590, 0x6590, 0x6590, 0x6590, 0x6590,
  0x6590, 0x6590, 0x6590, 0x6590, 0x6590, 0x6590, 0x6590, 0x6590, 0x6590, 0x6590, 0x6590, 0x6590,
  0x6590, 0x6590, 0x6590, 0x6590, 0x6590, 0x6590, 0x6590, 0x658f, 0x658f, 0x658f, 0x658f, 0x658f,
  0x658f, 0x656f, 0x6590, 0x6590, 0x6590, 0x6590, 0x6590, 0x6590, 0x6590, 0x6590, 0x6590, 0x6590,
  0x6590, 0x6590, 0x6590, 0x6590, 0x6590, 0x6590, 0x6590, 0x6590, 0x6590, 0x6590, 0x6590, 0x6590,
  0x6590, 0x6590, 0x6590, 0x6590, 0x6590, 0x6590, 0x6590, 0x6590, 0x6590, 0x6590, 0x6590, 0x6590,
  0x6590, 0x6590, 0x6590, 0x6590, 0x6590, 0x6590, 0x6590, 0x6590, 0x6590, 0x6590, 0x6590, 0x6590,
  0x6590, 0x6590, 0x6590, 0x6590, 0x6590, 0x6590, 0x6590, 0x6590, 0x6590, 0x6590, 0x6590, 0x6590,
  0x6590, 0x6590, 0x6590, 0x6590, 0x6590, 0x6590, 0x6590, 0x6590, 0x6590, 0x6590, 0x6590, 0x6590,
  0x6590, 0x6572, 0x6575, 0x6577, 0x5d77, 0x5d98, 0x6d14, 0x84b1, 0x6577, 0x6578, 0x6578, 0x6577,
  0x6577, 0x6577, 0x5d77, 0x5575, 0x4570, 0x5d77, 0x5d78, 0x5d78, 0x5d77, 0x5d77, 0x5d77, 0x5d77,
  0x5d77, 0x5d77, 0x5d77, 0x5d78, 0x6578, 0x5d98, 0x8c6f, 0x6597, 0x6597, 0x5d77, 0x5d76, 0x6574,
  0x5d93, 0x6592, 0x6591, 0x6590, 0x658f, 0x658e, 0x6dad, 0x6dad, 0x6dad, 0x6dad, 0x6dae, 0x6dae,
  0x6dae, 0x6dae, 0x75ae, 0x6dad, 0x6dad, 0x6dad, 0x6dad, 0x6dad, 0x6dad, 0x6dad, 0x6dad, 0x6dad,
  0x6dad, 0x6dad, 0x6dad, 0x6dad, 0x6dad, 0x6dad, 0x6dad, 0x6dad, 0x6dad, 0x6dad, 0x6dad, 0x6dad,
  0x6dad, 0x6dad, 0x6dad, 0x6dad, 0x6dad, 0x6dad, 0x6dad, 0x6dad, 0x6dad, 0x6dad, 0x6dad, 0x6dad,
  0x6dad, 0x6dad, 0x6dad, 0x6dad, 0x6dad, 0x6dad, 0x6dad, 0x6dad, 0x6dad, 0x6dad, 0x6dad, 0x6dad,
  0x6dad, 0x6dad, 0x6dad, 0x6dad, 0x6dad, 0x6dad, 0x6dad, 0x6dad, 0x6dad, 0x6dad, 0x6dad, 0x6dad,
  0x6dad, 0x6dad, 0x6dad, 0x6dad, 0x6dad, 0x6dad, 0x6dad, 0x6dad, 0x6dad, 0x6dad, 0x6dad, 0x6dad,
  0x6dad, 0x6dad, 0x6dad, 0x6dad, 0x6dad, 0x6dad, 0x6dad, 0x6dad, 0x6dad, 0x6dad, 0x6dad, 0x6dad,
  0x6dad, 0x6dad, 0x6dad, 0x6dad, 0x6dad, 0x6dad, 0x6dad, 0x6dad, 0x6dad, 0x6dad, 0x6dad, 0x6dad,
  0x6dad, 0x6dad, 0x6dad, 0x6dad, 0x6dad, 0x6dad, 0x6dad, 0x6dad, 0x6dad, 0x6dad, 0x6dad, 0x6dad,
  0x6dad, 0x6dad, 0x6dad, 0x6dad, 0x6dad, 0x6dad, 0x6dad, 0x6dad, 0x6dad, 0x6dad, 0x6dad, 0x6dad,
  0x6dad, 0x6dad, 0x6dad, 0x6dae, 0x6d8e, 0x6d8e, 0x658e, 0x658f, 0x658f, 0x658f, 0x658f, 0x658f,
  0x658f, 0x658f, 0x6590, 0x6590, 0x6590, 0x6590, 0x6590, 0x6590, 0x6590, 0x658f, 0x6590, 0x6590,
  0x6590, 0x6590, 0x6590, 0x6590, 0x6590, 0x6590, 0x6590, 0x6590, 0x6590, 0x6590, 0x6590, 0x6590,
  0x6590, 0x6590, 0x6590, 0x6590, 0x6590, 0x6590, 0x6590, 0x6590, 0x6590, 0x6590, 0x6590, 0x6590,
  0x6590, 0x6590, 0x6590, 0x6590, 0x6590, 0x6590, 0x6590, 0x6590, 0x6590, 0x6590, 0x6590, 0x6590,
  0x6590, 0x6590, 0x658f, 0x658f, 0x658f, 0x658f, 0x658f, 0x658f, 0x658f, 0x658f, 0x658f, 0x658f,
  0x6590, 0x658f, 0x658f, 0x658f, 0x658f, 0x656f, 0x658f, 0x658f, 0x658f, 0x656f, 0x6590, 0x6590,
  0x6590, 0x6590, 0x6590, 0x6590, 0x6590, 0x6590, 0x6590, 0x6590, 0x6590, 0x6590, 0x6590, 0x6590,
  0x6590, 0x6590, 0x6590, 0x6590, 0x6590, 0x6590, 0x6590, 0x6590, 0x6590, 0x6590, 0x6590, 0x6590,
  0x6590, 0x6590, 0x6590, 0x6590, 0x6590, 0x6590, 0x6590, 0x6590, 0x6590, 0x6590, 0x6590, 0x6590,
  0x6590, 0x6590, 0x6590, 0x6590, 0x6590, 0x6590, 0x6590, 0x6590, 0x6590, 0x6590, 0x6590, 0x6590,
  0x6590, 0x6590, 0x6590, 0x6590, 0x6590, 0x6590, 0x6590, 0x6590, 0x6590, 0x6590, 0x6590, 0x6590,
  0x6590, 0x6590, 0x6590, 0x6590, 0x6590, 0x6590, 0x6590, 0x6590, 0x6590, 0x6590, 0x6590, 0x6db0,
  0x6db1, 0x65b3, 0x7511, 0x84b0, 0x6577, 0x5d77, 0x5d77, 0x5d78, 0x5d77, 0x6578, 0x5d78, 0x4d72,
  0x456f, 0x5594, 0x5d78, 0x5d79, 0x5d77, 0x5d77, 0x5d77, 0x5d77, 0x5d77, 0x5d77, 0x5d77, 0x5d77,
  0x6596, 0x5d95, 0x8c4c, 0x6591, 0x658f, 0x658d, 0x658d, 0x658d, 0x658d, 0x6dad, 0x6dad, 0x6dad,
  0x6dad, 0x6dad, 0x6dad, 0x6dad, 0x6dad, 0x6dad, 0x6dad, 0x6dad, 0x6dad, 0x75ad, 0x6dad, 0x6dad,
  0x6dad, 0x6dad, 0x6dad, 0x6dad, 0x6dad, 0x6dad, 0x6dad, 0x6dad, 0x6dad, 0x6dad, 0x6dad, 0x6dad,
  0x6dad, 0x6dad, 0x6dad, 0x6dad, 0x6dad, 0x6dad, 0x6dad, 0x6dad, 0x6dad, 0x6dad, 0x6dad, 0x6dad,
  0x6dad, 0x6dad, 0x6dad, 0x6dad, 0x6dad, 0x6dad, 0x6dad, 0x6dad, 0x6dad, 0x6dad, 0x6dad, 0x6dad,
  0x6dad, 0x6dad, 0x6dad, 0x6dad, 0x6dad, 0x6dad, 0x6dad, 0x6dad, 0x6dad, 0x6dad, 0x6dad, 0x6dad,
  0x6dad, 0x6dad, 0x6dad, 0x6dad, 0x6dad, 0x6dad, 0x6dad, 0x6dad, 0x6dad, 0x6dad, 0x6dad, 0x6dad,
  0x6dad, 0x6dad, 0x6dad, 0x6dad, 0x6dad, 0x6dad, 0x6dad, 0x6dad, 0x6dad, 0x6dad, 0x6dad, 0x6dad,
  0x6dad, 0x6dad, 0x6dad, 0x6dad, 0x6dad, 0x6dad, 0x6dad, 0x6dad, 0x6dad, 0x6dad, 0x6dad, 0x6dad,
  0x6dad, 0x6dad, 0x6dad, 0x6dad, 0x6dad, 0x6dad, 0x6dad, 0x6dad, 0x6dad, 0x6dad, 0x6dad, 0x6dad,
  0x6dad, 0x6dad, 0x6dad, 0x6dad, 0x6dad, 0x6dad, 0x6dad, 0x6dad, 0x6dad, 0x6dad, 0x6dad, 0x6dad,
  0x6dad, 0x6dad, 0x6dad, 0x6dad, 0x6dad, 0x6dad, 0x6dad, 0x6dad, 0x6dad, 0x6dad, 0x6dad, 0x6dad,
  0x6dad, 0x6dad, 0x6dad, 0x6dad, 0x6dad, 0x6dad, 0x6dad, 0x6dad, 0x6dad, 0x6dad, 0x6dad, 0x6dad,
  0x6dad, 0x6dad, 0x6dad, 0x6dae, 0x6dae, 0x6dae, 0x6d8e, 0x6d8e, 0x6d8e, 0x6d8e, 0x6d8e, 0x6d8e,
  0x6d8e, 0x6d8e, 0x6dae, 0x6dae, 0x6dae, 0x6dae, 0x6dae, 0x6dae, 0x6dae, 0x6dae, 0x6dad, 0x6dad,
  0x6dad, 0x6dad, 0x6dad, 0x6dad, 0x6dad, 0x6dad, 0x6dad, 0x6dad, 0x6dad, 0x6dad, 0x6dad, 0x6dad,
  0x6dad, 0x6dad, 0x6dad, 0x6dad, 0x6dad, 0x6dad, 0x6dad, 0x6dad, 0x6dad, 0x6dad, 0x6dad, 0x6dad,
  0x6dad, 0x6dad, 0x6dad, 0x6dad, 0x6dad, 0x6dad, 0x6dad, 0x6dad, 0x6dad, 0x6dad, 0x6dad, 0x6dad,
  0x6dad, 0x6dae, 0x6dae, 0x6dae, 0x6d8e, 0x6d8e, 0x6d8e, 0x658e, 0x658e, 0x658f, 0x658f, 0x658f,
  0x658f, 0x658f, 0x658f, 0x658f, 0x658f, 0x658f, 0x658f, 0x6590, 0x6590, 0x6590, 0x656f, 0x658f,
  0x658f, 0x6590, 0x6590, 0x6590, 0x6590, 0x6590, 0x6590, 0x6590, 0x6590, 0x6570, 0x6570, 0x6590,
  0x6590, 0x6590, 0x6590, 0x6590, 0x6590, 0x6590, 0x6590, 0x6590, 0x6590, 0x6590, 0x6590, 0x6590,
  0x6590, 0x6590, 0x6590, 0x6590, 0x6590, 0x6590, 0x6590, 0x6590, 0x6590, 0x6590, 0x6590, 0x6590,
  0x6590, 0x6590, 0x6590, 0x6590, 0x6590, 0x6590, 0x6590, 0x6590, 0x6590, 0x6590, 0x6590, 0x6590,
  0x6590, 0x6590, 0x6590, 0x6590, 0x6590, 0x6590, 0x6590, 0x6590, 0x6db0, 0x6db0, 0x6d8f, 0x6d8f,
  0x6d90, 0x6d92, 0x6593, 0x6595, 0x6596, 0x6577, 0x5d76, 0x4d6f, 0x4d6f, 0x4d90, 0x5d98, 0x5d78,
  0x5d77, 0x5d77, 0x5d77, 0x5d76, 0x5d75, 0x6573, 0x6591, 0x658f, 0x658d, 0x658d, 0x8c4a, 0x658d,
  0x658d, 0x658d, 0x658d, 0x658d, 0x6dad, 0x6dad, 0x6dad, 0x6dad, 0x6dad, 0x6dad, 0x6dad, 0x6dad,
  0x6dad, 0x6dad, 0x6dad, 0x6dad, 0x75ad, 0x6dad, 0x6dad, 0x6dad, 0x6dad, 0x6dad, 0x6dad, 0x6dad,
  0x6dad, 0x6dad, 0x6dad, 0x6dad, 0x6dad, 0x6dad, 0x6dad, 0x6dad, 0x6dad, 0x6dad, 0x6dad, 0x6dad,
  0x6dad, 0x6dad, 0x6dad, 0x6dad, 0x6dad, 0x6dad, 0x6dad, 0x6dad, 0x6dad, 0x6dad, 0x6dad, 0x6dad,
  0x6dad, 0x6dad, 0x6dad, 0x6dad, 0x6dad, 0x6dad, 0x6dad, 0x6dad, 0x6dad, 0x6dad, 0x6dad, 0x6dad,
  0x6dad, 0x6dad, 0x6dad, 0x6dad, 0x6dad, 0x6dad, 0x6dad, 0x6dad, 0x6dad, 0x6dad, 0x6dad, 0x6dad,
  0x6dad, 0x6dad, 0x6dad, 0x6dad, 0x6dad, 0x6dad, 0x6dad, 0x6dad, 0x6dad, 0x6dad, 0x6dad, 0x6dad,
  0x6dad, 0x6dad, 0x6dad, 0x6dad, 0x6dad, 0x6dad, 0x6dad, 0x6dad, 0x6dad, 0x6dad, 0x6dad, 0x6dad,
  0x6dad, 0x6dad, 0x6dad, 0x6dad, 0x6dad, 0x6dad, 0x6dad, 0x6dad, 0x6dad, 0x6dad, 0x6dad, 0x6dad,
  0x6dad, 0x6dad, 0x6dad, 0x6dad, 0x6dad, 0x6dad, 0x6dad, 0x6dad, 0x6dad, 0x6dad, 0x6dad, 0x6dad,
  0x6dad, 0x6dad, 0x6dad, 0x6dad, 0x6dad, 0x6dad, 0x6dad, 0x6dad, 0x6dad, 0x6dad, 0x6dad, 0x6dad,
  0x6dad, 0x6dad, 0x6dad, 0x6dad, 0x6dad, 0x6dad, 0x6dad, 0x6dad, 0x6dad, 0x6dad, 0x6dad, 0x6dad,
  0x6dad, 0x6dad, 0x6dad, 0x6dad, 0x6dad, 0x6dad, 0x6dad, 0x6dad, 0x6dad, 0x6dad, 0x6dad, 0x6dad,
  0x6dad, 0x6dad, 0x6dad, 0x6dad, 0x6dad, 0x6dad, 0x6dad, 0x6dad, 0x6dad, 0x6dad, 0x6dad, 0x6dad,
  0x6dad, 0x6dad, 0x6dad, 0x6dad, 0x6dad, 0x6dad, 0x6dad, 0x6dad, 0x6dad, 0x6dad, 0x6dad, 0x6dad,
  0x6dad, 0x6dad, 0x6dad, 0x6dad, 0x6dad, 0x6dad, 0x6dad, 0x6dad, 0x6dad, 0x6dad, 0x6dad, 0x6dad,
  0x6dad, 0x6dad, 0x6dad, 0x6dad, 0x6dad, 0x6dad, 0x6dad, 0x6dad, 0x6dad, 0x6dad, 0x6dad, 0x6dad,
  0x6dad, 0x6dad, 0x6dad, 0x6dad, 0x6dad, 0x6dad, 0x6dad, 0x6dad, 0x6dad, 0x6dad, 0x6dad, 0x6dad,
  0x6dad, 0x6dad, 0x6dad, 0x6dad, 0x6dad, 0x6dae, 0x6dae, 0x6dae, 0x6dae, 0x6dae, 0x6dae, 0x6dae,
  0x6dae, 0x6dae, 0x6dae, 0x6dae, 0x6dae, 0x6d8e, 0x6d8e, 0x6d8e, 0x658e, 0x658e, 0x658e, 0x658e,
  0x658f, 0x658f, 0x658f, 0x658f, 0x658f, 0x6d4f, 0x654f, 0x658f, 0x6590, 0x6590, 0x6590, 0x6590,
  0x6590, 0x6590, 0x6590, 0x6590, 0x6590, 0x6590, 0x6590, 0x6590, 0x6590, 0x6590, 0x6590, 0x6590,
  0x6590, 0x6590, 0x6590, 0x6590, 0x6590, 0x6590, 0x6590, 0x6590, 0x6590, 0x6590, 0x6590, 0x6590,
  0x6590, 0x6590, 0x6590, 0x6590, 0x6590, 0x6590, 0x6590, 0x6590, 0x6590, 0x6590, 0x6590, 0x6590,
  0x6590, 0x6590, 0x6590, 0x6590, 0x6590, 0x6d90, 0x6db0, 0x6db0, 0x6db0, 0x6db0, 0x6db0, 0x6db0,
  0x6db0, 0x6d90, 0x6d90, 0x6590, 0x5d90, 0x556f, 0x5572, 0x5d74, 0x6594, 0x6592, 0x6590, 0x658e,
  0x658d, 0x658d, 0x658d, 0x658d, 0x658d, 0x656d, 0x8c4a, 0x658d, 0x658d, 0x658c, 0x658d, 0x6dad,
  0x6dad, 0x6dad, 0x6dad, 0x6dad, 0x6dad, 0x6dad, 0x6dad, 0x6dad, 0x6dad, 0x6dad, 0x6dad, 0x6dad,
  0x6dad, 0x6dad, 0x6dad, 0x6dad, 0x6dad, 0x6dad, 0x6dad, 0x6dad, 0x6dad, 0x6dad, 0x6dad, 0x6dad,
  0x6dad, 0x6dad, 0x6dad, 0x6dad, 0x6dad, 0x6dad, 0x6dad, 0x6dad, 0x6dad, 0x6dad, 0x6dad, 0x6dad,
  0x6dad, 0x6dad, 0x6dad, 0x6dad, 0x6dad, 0x6dad, 0x6dad, 0x6dad, 0x6dad, 0x6dad, 0x6dad, 0x6dad,
  0x6dad, 0x6dad, 0x6dad, 0x6dad, 0x6dad, 0x6dad, 0x6dad, 0x6dad, 0x6dad, 0x6dad, 0x6dad, 0x6dad,
  0x6dad, 0x6dad, 0x6dad, 0x6dad, 0x6dad, 0x6dad, 0x6dad, 0x6dad, 0x6dad, 0x6dad, 0x6dad, 0x6dad,
  0x6dad, 0x6dad, 0x6dad, 0x6dad, 0x6dad, 0x6dad, 0x6dad, 0x6dad, 0x6dad, 0x6dad, 0x6dad, 0x6dad,
  0x6dad, 0x6dad, 0x6dad, 0x6dad, 0x6dad, 0x6dad, 0x6dad, 0x6dad, 0x6dad, 0x6dad, 0x6dad, 0x6dad,
  0x6dad, 0x6dad, 0x6dad, 0x6dad, 0x6dad, 0x6dad, 0x6dad, 0x6dad, 0x6dad, 0x6dad, 0x6dad, 0x6dad,
  0x6dad, 0x6dad, 0x6dad, 0x6dad, 0x6dad, 0x6dad, 0x6dad, 0x6dad, 0x6dad, 0x6dad, 0x6dad, 0x6dad,
  0x6dad, 0x6dad, 0x6dad, 0x6dad, 0x6dad, 0x6dad, 0x6dad, 0x6dad, 0x6dad, 0x6dad, 0x6dad, 0x6dad,
  0x6dad, 0x6dad, 0x6dad, 0x6dad, 0x6dad, 0x6dad, 0x6dad, 0x6dad, 0x6dad, 0x6dad, 0x6dad, 0x6dad,
  0x6dad, 0x6dad, 0x6dad, 0x6dad, 0x6dad, 0x6dad, 0x6dad, 0x6dad, 0x6dad, 0x6dad, 0x6dad, 0x6dad,
  0x6dad, 0x6dad, 0x6dad, 0x6dad, 0x6dad, 0x6dad, 0x6dad, 0x6dad, 0x6dad, 0x6dad, 0x6dad, 0x6dad,
  0x6dad, 0x6dad, 0x6dad, 0x6dad, 0x6dad, 0x6dad, 0x6dad, 0x6dad, 0x6dad, 0x6dad, 0x6dad, 0x6dad,
  0x6dad, 0x6dad, 0x6dad, 0x6dad, 0x6dad, 0x6dad, 0x6dad, 0x6dad, 0x6dad, 0x6dad, 0x6dad, 0x6dad,
  0x6dad, 0x6dad, 0x6dad, 0x6dad, 0x6dad, 0x6dad, 0x6dad, 0x6dad, 0x6dad, 0x6dad, 0x6dad, 0x6dad,
  0x6dad, 0x6dad, 0x6dad, 0x6dad, 0x6dad, 0x6dad, 0x6dad, 0x6dad, 0x6dad, 0x6dad, 0x6dad, 0x6dad,
  0x6dad, 0x6dad, 0x6dad, 0x6dad, 0x6dad, 0x6dad, 0x6dad, 0x6dad, 0x6dad, 0x6dad, 0x6dad, 0x6dad,
  0x6dad, 0x6dad, 0x6dad, 0x6dad, 0x6dad, 0x6dad, 0x6dad, 0x6dad, 0x6dad, 0x6dad, 0x6dae, 0x6dae,
  0x658e, 0x6d6e, 0x6d6e, 0x658f, 0x656f, 0x656f, 0x6590, 0x6590, 0x6590, 0x6590, 0x6590, 0x6590,
  0x6590, 0x6590, 0x6590, 0x6590, 0x6590, 0x6590, 0x6590, 0x6590, 0x6590, 0x6590, 0x6590, 0x6590,
  0x6590, 0x6590, 0x6590, 0x6590, 0x6590, 0x6590, 0x6590, 0x6590, 0x6590, 0x6590, 0x6590, 0x6590,
  0x6590, 0x6590, 0x6590, 0x6590, 0x6590, 0x6590, 0x6590, 0x6590, 0x6590, 0x6590, 0x6590, 0x6590,
  0x6590, 0x6590, 0x6db0, 0x6db0, 0x6d90, 0x6db0, 0x6db0, 0x6db0, 0x6d8f, 0x6d90, 0x6db0, 0x6db0,
  0x6db0, 0x6db0, 0x6db0, 0x6db0, 0x658d, 0x658d, 0x658d, 0x658d, 0x658d, 0x658d, 0x658d, 0x658d,
  0x658d, 0x658d, 0x658d, 0x658d, 0x658d, 0x658d, 0x6d8d, 0x6dad, 0x6dad, 0x6dad, 0x6dad, 0x6dad,
  0x6dad, 0x6dad, 0x6dad, 0x6dad, 0x6dad, 0x6dad, 0x6dad, 0x75ad, 0x6dad, 0x6dad, 0x6dad, 0x6dad,
  0x6dad, 0x6dad, 0x6dad, 0x6dad, 0x6dad, 0x6dad, 0x6dad, 0x6dad, 0x6dad, 0x6dad, 0x6dad, 0x6dad,
  0x6dad, 0x6dad, 0x6dad, 0x6dad, 0x6dad, 0x6dad, 0x6dad, 0x6dad, 0x6dad, 0x6dad, 0x6dad, 0x6dad,
  0x6dad, 0x6dad, 0x6dad, 0x6dad, 0x6dad, 0x6dad, 0x6dad, 0x6dad, 0x6dad, 0x6dad, 0x6dad, 0x6dad,
  0x6dad, 0x6dad, 0x6dad, 0x6dad, 0x6dad, 0x6dad, 0x6dad, 0x6dad, 0x6dad, 0x6dad, 0x6dad, 0x6dad,
  0x6dad, 0x6dad, 0x6dad, 0x6dad, 0x6dad, 0x6dad, 0x6dad, 0x6dad, 0x6dad, 0x6dad, 0x6dad, 0x6dad,
  0x6dad, 0x6dad, 0x6dad, 0x6dad, 0x6dad, 0x6dad, 0x6dad, 0x6dad, 0x6dad, 0x6dad, 0x6dad, 0x6dad,
  0x6dad, 0x6dad, 0x6dad, 0x6dad, 0x6dad, 0x6dad, 0x6dad, 0x6dad, 0x6dad, 0x6dad, 0x6dad, 0x6dad,
  0x6dad, 0x6dad, 0x6dad, 0x6dad, 0x6dad, 0x6dad, 0x6dad, 0x6dad, 0x6dad, 0x6dad, 0x6dad, 0x6dad,
  0x6dad, 0x6dad, 0x6dad, 0x6dad, 0x6dad, 0x6dad, 0x6dad, 0x6dad, 0x6dad, 0x6dad, 0x6dad, 0x6dad,
  0x6dad, 0x6dad, 0x6dad, 0x6dad, 0x6dad, 0x6dad, 0x6dad, 0x6dad, 0x6dad, 0x6dad, 0x6dad, 0x6dad,
  0x6dad, 0x6dad, 0x6dad, 0x6dad, 0x6dad, 0x6dad, 0x6dad, 0x6dad, 0x6dad, 0x6dad, 0x6dad, 0x6dad,
  0x6dad, 0x6dad, 0x6dad, 0x6dad, 0x6dad, 0x6dad, 0x6dad, 0x6dad, 0x6dad, 0x6dad, 0x6dad, 0x6dad,
  0x6dad, 0x6dad, 0x6dad, 0x6dad, 0x6dad, 0x6dad, 0x6dad, 0x6dad, 0x6dad, 0x6dad, 0x6dad, 0x6dad,
  0x6dad, 0x6dad, 0x6dad, 0x6dad, 0x6dad, 0x6dad, 0x6dad, 0x6dad, 0x6dad, 0x6dad, 0x6dad, 0x6dad,
  0x6dad, 0x6dad, 0x6dad, 0x6dad, 0x6dad, 0x6dad, 0x6dad, 0x6dad, 0x6dad, 0x6dad, 0x6dad, 0x6dad,
  0x6dad, 0x6dad, 0x6dad, 0x6dad, 0x6dad, 0x6dad, 0x6dad, 0x6dad, 0x6dad, 0x6dad, 0x6dad, 0x6dad,
  0x6dad, 0x6dad, 0x6dad, 0x6dad, 0x6dad, 0x6dad, 0x6dad, 0x6dad, 0x6dad, 0x6dad, 0x6dad, 0x6dad,
  0x6dad, 0x6dad, 0x6dad, 0x6dad, 0x6dad, 0x6dad, 0x6dad, 0x6dad, 0x6dad, 0x6dad, 0x6dad, 0x6dad,
  0x6dad, 0x6dad, 0x6dad, 0x6dad, 0x6dad, 0x6dad, 0x6dad, 0x6dad, 0x6dad, 0x6dad, 0x6dad, 0x6dad,
  0x6dad, 0x6dad, 0x6dad, 0x6dae, 0x6d8e, 0x6d8e, 0x658e, 0x658f, 0x658f, 0x6590, 0x6590, 0x6590,
  0x6590, 0x6590, 0x6590, 0x6590, 0x6590, 0x6590, 0x6590, 0x6590, 0x6590, 0x6590, 0x6590, 0x6590,
  0x6590, 0x6590, 0x6590, 0x6590, 0x6590, 0x6590, 0x6590, 0x6590, 0x6590, 0x6590, 0x6590, 0x6590,
  0x6590, 0x6590, 0x6590, 0x6590, 0x6590, 0x6590, 0x6590, 0x6590, 0x6590, 0x6590, 0x6d90, 0x6db0,
  0x6db0, 0x6d8f, 0x6db0, 0x6db0, 0x6d90, 0x6d90, 0x6db0, 0x6db0, 0x6db0, 0x6db0, 0x6d90, 0x6d8f,
  0x658d, 0x658d, 0x658d, 0x658d, 0x658d, 0x658d, 0x658d, 0x658d, 0x658d, 0x658d, 0x658d, 0x658d,
  0x658d, 0x6d8d, 0x6dad, 0x6dad, 0x6dad, 0x6dad, 0x6dad, 0x6dad, 0x6dad, 0x6dad, 0x6dad, 0x6dad,
  0x6dad, 0x6dad, 0x6dad, 0x75ad, 0x6dad, 0x6dad, 0x6dad, 0x6dad, 0x6dad, 0x6dad, 0x6dad, 0x6dad,
  0x6dad, 0x6dad, 0x6dad, 0x6dad, 0x6dad, 0x6dad, 0x6dad, 0x6dad, 0x6dad, 0x6dad, 0x6dad, 0x6dad,
  0x6dad, 0x6dad, 0x6dad, 0x6dad, 0x6dad, 0x6dad, 0x6dad, 0x6dad, 0x6dad, 0x6dad, 0x6dad, 0x6dad,
  0x6dad, 0x6dad, 0x6dad, 0x6dad, 0x6dad, 0x6dad, 0x6dad, 0x6dad, 0x6dad, 0x6dad, 0x6dad, 0x6dad,
  0x6dad, 0x6dad, 0x6dad, 0x6dad, 0x6dad, 0x6dad, 0x6dad, 0x6dad, 0x6dad, 0x6dad, 0x6dad, 0x6dad,
  0x6dad, 0x6dad, 0x6dad, 0x6dad, 0x6dad, 0x6dad, 0x6dad, 0x6dad, 0x6dad, 0x6dad, 0x6dad, 0x6dad,
  0x6dad, 0x6dad, 0x6dad, 0x6dad, 0x6dad, 0x6dad, 0x6dad, 0x6dad, 0x6dad, 0x6dad, 0x6dad, 0x6dad,
  0x6dad, 0x6dad, 0x6dad, 0x6dad, 0x6dad, 0x6dad, 0x6dad, 0x6dad, 0x6dad, 0x6dad, 0x6dad, 0x6dad,
  0x6dad, 0x6dad, 0x6dad, 0x6dad, 0x6dad, 0x6dad, 0x6dad, 0x6dad, 0x6dad, 0x6dad, 0x6dad, 0x6dad,
  0x6dad, 0x6dad, 0x6dad, 0x6dad, 0x6dad, 0x6dad, 0x6dad, 0x6dad, 0x6dad, 0x6dad, 0x6dad, 0x6dad,
  0x6dad, 0x6dad, 0x6dad, 0x6dad, 0x6dad, 0x6dad, 0x6dad, 0x6dad, 0x6dad, 0x6dad, 0x6dad, 0x6dad,
  0x6dad, 0x6dad, 0x6dad, 0x6dad, 0x6dad, 0x6dad, 0x6dad, 0x6dad, 0x6dad, 0x6dad, 0x6dad, 0x6dad,
  0x6dad, 0x6dad, 0x6dad, 0x6dad, 0x6dad, 0x6dad, 0x6dad, 0x6dad, 0x6dad, 0x6dad, 0x6dad, 0x6dad,
  0x6dad, 0x6dad, 0x6dad, 0x6dad, 0x6dad, 0x6dad, 0x6dad, 0x6dad, 0x6dad, 0x6dad, 0x6dad, 0x6dad,
  0x6dad, 0x6dad, 0x6dad, 0x6dad, 0x6dad, 0x6dad, 0x6dad, 0x6dad, 0x6dad, 0x6dad, 0x6dad, 0x6dad,
  0x6dad, 0x6dad, 0x6dad, 0x6dad, 0x6dad, 0x6dad, 0x6dad, 0x6dad, 0x6dad, 0x6dad, 0x6dad, 0x6dad,
  0x6dad, 0x6dad, 0x6dad, 0x6dad, 0x6dad, 0x6dad, 0x6dad, 0x6dad, 0x6dad, 0x6dad, 0x6dad, 0x6dad,
  0x6dad, 0x6dad, 0x6dad, 0x6dad, 0x6dad, 0x6dad, 0x6dad, 0x6dad, 0x6dad, 0x6dad, 0x6dad, 0x6dad,
  0x6dad, 0x6dad, 0x6dad, 0x6dad, 0x6dad, 0x6dad, 0x6dad, 0x6dad, 0x6dad, 0x6dad, 0x6dad, 0x6dad,
  0x6dad, 0x6dad, 0x6dad, 0x6dad, 0x6dad, 0x6dad, 0x6dad, 0x6dad, 0x6dad, 0x6dad, 0x6dad, 0x6dad,
  0x6dad, 0x6dad, 0x6dad, 0x6dad, 0x6dad, 0x6dad, 0x6dad, 0x6dae, 0x658e, 0x658f, 0x658f, 0x658f,
  0x6590, 0x6590, 0x6590, 0x6590, 0x6590, 0x6590, 0x6590, 0x6590, 0x6590, 0x6590, 0x6590, 0x6590,
  0x6590, 0x6590, 0x6590, 0x6590, 0x6590, 0x6590, 0x6590, 0x6590, 0x6590, 0x6590, 0x6590, 0x6590,
  0x6590, 0x6590, 0x6590, 0x6590, 0x6590, 0x6d90, 0x6d90, 0x6db0, 0x6db0, 0x6d90, 0x6d90, 0x6d90,
  0x6db0, 0x6d90, 0x6db0, 0x6db0, 0x6db0, 0x6db0, 0x6db0, 0x6db0, 0x658d, 0x658d, 0x658d, 0x658d,
  0x658d, 0x658d, 0x658d, 0x658d, 0x658d, 0x658d, 0x658d, 0x658d, 0x6d8d, 0x6dad, 0x6dad, 0x6dad,
  0x6dad, 0x6dad, 0x6dad, 0x6dad, 0x6dad, 0x6dad, 0x6dad, 0x6dad, 0x6dad, 0x6dad, 0x6dad, 0x6dad,
  0x6dad, 0x6dad, 0x6dad, 0x6dad, 0x6dad, 0x6dad, 0x6dad, 0x6dad, 0x6dad, 0x6dad, 0x6dad, 0x6dad,
  0x6dad, 0x6dad, 0x6dad, 0x6dad, 0x6dad, 0x6dad, 0x6dad, 0x6dad, 0x6dad, 0x6dad, 0x6dad, 0x6dad,
  0x6dad, 0x6dad, 0x6dad, 0x6dad, 0x6dad, 0x6dad, 0x6dad, 0x6dad, 0x6dad, 0x6dad, 0x6dad, 0x6dad,
  0x6dad, 0x6dad, 0x6dad, 0x6dad, 0x6dad, 0x6dad, 0x6dad, 0x6dad, 0x6dad, 0x6dad, 0x6dad, 0x6dad,
  0x6dad, 0x6dad, 0x6dad, 0x6dad, 0x6dad, 0x6dad, 0x6dad, 0x6dad, 0x6dad, 0x6dad, 0x6dad, 0x6dad,
  0x6dad, 0x6dad, 0x6dad, 0x6dad, 0x6dad, 0x6dad, 0x6dad, 0x6dad, 0x6dad, 0x6dad, 0x6dad, 0x6dad,
  0x6dad, 0x6dad, 0x6dad, 0x6dad, 0x6dad, 0x6dad, 0x6dad, 0x6dad, 0x6dad, 0x6dad, 0x6dad, 0x6dad,
  0x6dad, 0x6dad, 0x6dad, 0x6dad, 0x6dad, 0x6dad, 0x6dad, 0x6dad, 0x6dad, 0x6dad, 0x6dad, 0x6dad,
  0x6dad, 0x6dad, 0x6dad, 0x6dad, 0x6dad, 0x6dad, 0x6dad, 0x6dad, 0x6dad, 0x6dad, 0x6dad, 0x6dad,
  0x6dad, 0x6dad, 0x6dad, 0x6dad, 0x6dad, 0x6dad, 0x6dad, 0x6dad, 0x6dad, 0x6dad, 0x6dad, 0x6dad,
  0x6dad, 0x6dad, 0x6dad, 0x6dad, 0x6dad, 0x6dad, 0x6dad, 0x6dad, 0x6dad, 0x6dad, 0x6dad, 0x6dad,
  0x6dad, 0x6dad, 0x6dad, 0x6dad, 0x6dad, 0x6dad, 0x6dad, 0x6dad, 0x6dad, 0x6dad, 0x6dad, 0x6dad,
  0x6dad, 0x6dad, 0x6dad, 0x6dad, 0x6dad, 0x6dad, 0x6dad, 0x6dad, 0x6dad, 0x6dad, 0x6dad, 0x6dad,
  0x6dad, 0x6dad, 0x6dad, 0x6dad, 0x6dad, 0x6dad, 0x6dad, 0x6dad, 0x6dad, 0x6dad, 0x6dad, 0x6dad,
  0x6dad, 0x6dad, 0x6dad, 0x6dad, 0x6dad, 0x6dad, 0x6dad, 0x6dad, 0x6dad, 0x6dad, 0x6dad, 0x6dad,
  0x6dad, 0x6dad, 0x6dad, 0x6dad, 0x6dad, 0x6dad, 0x6dad, 0x6dad, 0x6dad, 0x6dad, 0x6dad, 0x6dad,
  0x6dad, 0x6dad, 0x6dad, 0x6dad, 0x6dad, 0x6dad, 0x6dad, 0x6dad, 0x6dad, 0x6dad, 0x6dad, 0x6dad,
  0x6dad, 0x6dad, 0x6dad, 0x6dad, 0x6dad, 0x6dad, 0x6dad, 0x6dad, 0x6dad, 0x6dad, 0x6dad, 0x6dad,
  0x6dad, 0x6dad, 0x6dad, 0x6dad, 0x6dad, 0x6dad, 0x6dad, 0x6dad, 0x6dad, 0x6dad, 0x6dad, 0x6dad,
  0x6dad, 0x6dad, 0x6dad, 0x6dad, 0x6dad, 0x6dad, 0x6dad, 0x6dad, 0x6dad, 0x6dad, 0x6dad, 0x6dad,
  0x6dad, 0x6dad, 0x6dad, 0x6dad, 0x6dad, 0x6dad, 0x6dad, 0x6dad, 0x6dad, 0x6dae, 0x6d8e, 0x658f,
  0x658f, 0x658f, 0x6590, 0x6590, 0x6590, 0x6590, 0x6590, 0x6590, 0x6590, 0x6590, 0x6590, 0x6590,
  0x6590, 0x6590, 0x6590, 0x6590, 0x6590, 0x6590, 0x6590, 0x6590, 0x6590, 0x6590, 0x6590, 0x6590,
  0x6590, 0x6d90, 0x6db0, 0x6db0, 0x6db0, 0x6db0, 0x6d90, 0x6d90, 0x6d90, 0x6db0, 0x6db0, 0x6db0,
  0x6db0, 0x6db0, 0x6db0, 0x6db0, 0x658d, 0x658d, 0x658d, 0x658d, 0x658d, 0x658d, 0x658d, 0x658d,
  0x658d, 0x658d, 0x658d, 0x6d8d, 0x6dad, 0x6dad, 0x6dad, 0x6dad, 0x6dad, 0x6dad, 0x6dad, 0x6dad,
  0x6dad, 0x6dad, 0x6dad, 0x6dad, 0x6dad, 0x6dad, 0x6dad, 0x6dad, 0x6dad, 0x6dad, 0x6dad, 0x6dad,
  0x6dad, 0x6dad, 0x6dad, 0x6dad, 0x6dad, 0x6dad, 0x6dad, 0x6dad, 0x6dad, 0x6dad, 0x6dad, 0x6dad,
  0x6dad, 0x6dad, 0x6dad, 0x6dad, 0x6dad, 0x6dad, 0x6dad, 0x6dad, 0x6dad, 0x6dad, 0x6dad, 0x6dad,
  0x6dad, 0x6dad, 0x6dad, 0x6dad, 0x6dad, 0x6dad, 0x6dad, 0x6dad, 0x6dad, 0x6dad, 0x6dad, 0x6dad,
  0x6dad, 0x6dad, 0x6dad, 0x6dad, 0x6dad, 0x6dad, 0x6dad, 0x6dad, 0x6dad, 0x6dad, 0x6dad, 0x6dad,
  0x6dad, 0x6dad, 0x6dad, 0x6dad, 0x6dad, 0x6dad, 0x6dad, 0x6dad, 0x6dad, 0x6dad, 0x6dad, 0x6dad,
  0x6dad, 0x6dad, 0x6dad, 0x6dad, 0x6dad, 0x6dad, 0x6dad, 0x6dad, 0x6dad, 0x6dad, 0x6dad, 0x6dad,
  0x6dad, 0x6dad, 0x6dad, 0x6dad, 0x6dad, 0x6dad, 0x6dad, 0x6dad, 0x6dad, 0x6dad, 0x6dad, 0x6dad,
  0x6dad, 0x6dad, 0x6dad, 0x6dad, 0x6dad, 0x6dad, 0x6dad, 0x6dad, 0x6dad, 0x6dad, 0x6dad, 0x6dad,
  0x6dad, 0x6dad, 0x6dad, 0x6dad, 0x6dad, 0x6dad, 0x6dad, 0x6dad, 0x6dad, 0x6dad, 0x6dad, 0x6dad,
  0x6dad, 0x6dad, 0x6dad, 0x6dad, 0x6dad, 0x6dad, 0x6dad, 0x6dad, 0x6dad, 0x6dad, 0x6dad, 0x6dad,
  0x6dad, 0x6dad, 0x6dad, 0x6dad, 0x6dad, 0x6dad, 0x6dad, 0x6dad, 0x6dad, 0x6dad, 0x6dad, 0x6dad,
  0x6dad, 0x6dad, 0x6dad, 0x6dad, 0x6dad, 0x6dad, 0x6dad, 0x6dad, 0x6dad, 0x6dad, 0x6dad, 0x6dad,
  0x6dad, 0x6dad, 0x6dad, 0x6dad, 0x6dad, 0x6dad, 0x6dad, 0x6dad, 0x6dad, 0x6dad, 0x6dad, 0x6dad,
  0x6dad, 0x6dad, 0x6dad, 0x6dad, 0x6dad, 0x6dad, 0x6dad, 0x6dad, 0x6dad, 0x6dad, 0x6dad, 0x6dad,
  0x6dad, 0x6dad, 0x6dad, 0x6dad, 0x6dad, 0x6dad, 0x6dad, 0x6dad, 0x6dad, 0x6dad, 0x6dad, 0x6dad,
  0x6dad, 0x6dad, 0x6dad, 0x6dad, 0x6dad, 0x6dad, 0x6dad, 0x6dad, 0x6dad, 0x6dad, 0x6dad, 0x6dad,
  0x6dad, 0x6dad, 0x6dad, 0x6dad, 0x6dad, 0x6dad, 0x6dad, 0x6dad, 0x6dad, 0x6dad, 0x6dad, 0x6dad,
  0x6dad, 0x6dad, 0x6dad, 0x6dad, 0x6dad, 0x6dad, 0x6dad, 0x6dad, 0x6dad, 0x6dad, 0x6dad, 0x6dad,
  0x6dad, 0x6dad, 0x6dad, 0x6dad, 0x6dad, 0x6dad, 0x6dad, 0x6dad, 0x6dad, 0x6dad, 0x6dad, 0x6dad,
  0x6dad, 0x6dad, 0x6dad, 0x6dad, 0x6dad, 0x6dad, 0x6dad, 0x6dad, 0x6dad, 0x6dad, 0x6dad, 0x6dad,
  0x6dad, 0x6dad, 0x6dad, 0x6dad, 0x6dad, 0x6dad, 0x6dad, 0x6dad, 0x6dad, 0x6dad, 0x6dad, 0x6dae,
  0x6d8e, 0x658e, 0x658f, 0x658f, 0x658f, 0x6590, 0x6590, 0x6590, 0x6590, 0x6590, 0x6590, 0x6590,
  0x6590, 0x6590, 0x6590, 0x6590, 0x6590, 0x6590, 0x6590, 0x6590, 0x6d90, 0x6db0, 0x6db0, 0x6db0,
  0x6db0, 0x6db0, 0x6db0, 0x6db0, 0x6db0, 0x6db0, 0x6db0, 0x6db0, 0x6db0, 0x6db0, 0x6db0, 0x6db0,
  0x658d, 0x658d, 0x658d, 0x6d8d, 0x6dad, 0x6dad, 0x6dad, 0x6d8d, 0x6dad, 0x6dad, 0x6dad, 0x6dad,
  0x6dad, 0x6dad, 0x6dad, 0x6dad, 0x6dad, 0x6dad, 0x6dad, 0x6dad, 0x6dad, 0x6dad, 0x6dad, 0x6dad,
  0x6dad, 0x6dad, 0x6dad, 0x6dad, 0x6dad, 0x6dad, 0x6dad, 0x6dad, 0x6dad, 0x6dad, 0x6dad, 0x6dad,
  0x6dad, 0x6dad, 0x6dad, 0x6dad, 0x6dad, 0x6dad, 0x6dad, 0x6dad, 0x6dad, 0x6dad, 0x6dad, 0x6dad,
  0x6dad, 0x6dad, 0x6dad, 0x6dad, 0x6dad, 0x6dad, 0x6dad, 0x6dad, 0x6dad, 0x6dad, 0x6dad, 0x6dad,
  0x6dad, 0x6dad, 0x6dad, 0x6dad, 0x6dad, 0x6dad, 0x6dad, 0x6dad, 0x6dad, 0x6dad, 0x6dad, 0x6dad,
  0x6dad, 0x6dad, 0x6dad, 0x6dad, 0x6dad, 0x6dad, 0x6dad, 0x6dad, 0x6dad, 0x6dad, 0x6dad, 0x6dad,
  0x6dad, 0x6dad, 0x6dad, 0x6dad, 0x6dad, 0x6dad, 0x6dad, 0x6dad, 0x6dad, 0x6dad, 0x6dad, 0x6dad,
  0x6dad, 0x6dad, 0x6dad, 0x6dad, 0x6dad, 0x6dad, 0x6dad, 0x6dad, 0x6dad, 0x6dad, 0x6dad, 0x6dad,
  0x6dad, 0x6dad, 0x6dad, 0x6dad, 0x6dad, 0x6dad, 0x6dad, 0x6dad, 0x6dad, 0x6dad, 0x6dad, 0x6dad,
  0x6dad, 0x6dad, 0x6dad, 0x6dad, 0x6dad, 0x6dad, 0x6dad, 0x6dad, 0x6dad, 0x6dad, 0x6dad, 0x6dad,
  0x6dad, 0x6dad, 0x6dad, 0x6dad, 0x6dad, 0x6dad, 0x6dad, 0x6dad, 0x6dad, 0x6dad, 0x6dad, 0x6dad,
  0x6dad, 0x6dad, 0x6dad, 0x6dad, 0x6dad, 0x6dad, 0x6dad, 0x6dad, 0x6dad, 0x6dad, 0x6dad, 0x6dad,
  0x6dad, 0x6dad, 0x6dad, 0x6dad, 0x6dad, 0x6dad, 0x6dad, 0x6dad, 0x6dad, 0x6dad, 0x6dad, 0x6dad,
  0x6dad, 0x6dad, 0x6dad, 0x6dad, 0x6dad, 0x6dad, 0x6dad, 0x6dad, 0x6dad, 0x6dad, 0x6dad, 0x6dad,
  0x6dad, 0x6dad, 0x6dad, 0x6dad, 0x6dad, 0x6dad, 0x6dad, 0x6dad, 0x6dad, 0x6dad, 0x6dad, 0x6dad,
  0x6dad, 0x6dad, 0x6dad, 0x6dad, 0x6dad, 0x6dad, 0x6dad, 0x6dad, 0x6dad, 0x6dad, 0x6dad, 0x6dad,
  0x6dad, 0x6dad, 0x6dad, 0x6dad, 0x6dad, 0x6dad, 0x6dad, 0x6dad, 0x6dad, 0x6dad, 0x6dad, 0x6dad,
  0x6dad, 0x6dad, 0x6dad, 0x6dad, 0x6dad, 0x6dad, 0x6dad, 0x6dad, 0x6dad, 0x6dad, 0x6dad, 0x6dad,
  0x6dad, 0x6dad, 0x6dad, 0x6dad, 0x6dad, 0x6dad, 0x6dad, 0x6dad, 0x6dad, 0x6dad, 0x6dad, 0x6dad,
  0x6dad, 0x6dad, 0x6dad, 0x6dad, 0x6dad, 0x6dad, 0x6dad, 0x6dad, 0x6dad, 0x6dad, 0x6dad, 0x6dad,
  0x6dad, 0x6dad, 0x6dad, 0x6dad, 0x6dad, 0x6dad, 0x6dad, 0x6dad, 0x6dad, 0x6dad, 0x6dad, 0x6dad,
  0x6dad, 0x6dad, 0x6dad, 0x6dad, 0x6dad, 0x6dad, 0x6dad, 0x6dad, 0x6dad, 0x6dad, 0x6dad, 0x6dad,
  0x6dad, 0x6dad, 0x6dad, 0x6dad, 0x6dad, 0x6dad, 0x6dad, 0x6dad, 0x6dad, 0x6dad, 0x6dad, 0x6dad,
  0x6dad, 0x6dad, 0x6dad, 0x6dae, 0x6dae, 0x658e, 0x658f, 0x658f, 0x658f, 0x658f, 0x6590, 0x6590,
  0x6590, 0x6590, 0x6d90, 0x6db0, 0x6db0, 0x6db0, 0x6db0, 0x6db0, 0x6db0, 0x6db0, 0x6d90, 0x6d90,
  0x6db0, 0x6db0, 0x6db0, 0x6db0, 0x6db0, 0x6db0, 0x6db0, 0x6daf, 0x6d8d, 0x658d, 0x6dad, 0x6dad,
  0x6dad, 0x6dad, 0x6dad, 0x6dad, 0x6dad, 0x6dad, 0x6dad, 0x6dad, 0x6dad, 0x6dad, 0x6dad, 0x6dad,
  0x6dad, 0x6dad, 0x6dad, 0x6dad, 0x6dad, 0x6dad, 0x6dad, 0x6dad, 0x6dad, 0x6dad, 0x6dad, 0x6dad,
  0x6dad, 0x6dad, 0x6dad, 0x6dad, 0x6dad, 0x6dad, 0x6dad, 0x6dad, 0x6dad, 0x6dad, 0x6dad, 0x6dad,
  0x6dad, 0x6dad, 0x6dad, 0x6dad, 0x6dad, 0x6dad, 0x6dad, 0x6dad, 0x6dad, 0x6dad, 0x6dad, 0x6dad,
  0x6dad, 0x6dad, 0x6dad, 0x6dad, 0x6dad, 0x6dad, 0x6dad, 0x6dad, 0x6dad, 0x6dad, 0x6dad, 0x6dad,
  0x6dad, 0x6dad, 0x6dad, 0x6dad, 0x6dad, 0x6dad, 0x6dad, 0x6dad, 0x6dad, 0x6dad, 0x6dad, 0x6dad,
  0x6dad, 0x6dad, 0x6dad, 0x6dad, 0x6dad, 0x6dad, 0x6dad, 0x6dad, 0x6dad, 0x6dad, 0x6dad, 0x6dad,
  0x6dad, 0x6dad, 0x6dad, 0x6dad, 0x6dad, 0x6dad, 0x6dad, 0x6dad, 0x6dad, 0x6dad, 0x6dad, 0x6dad,
  0x6dad, 0x6dad, 0x6dad, 0x6dad, 0x6dad, 0x6dad, 0x6dad, 0x6dad, 0x6dad, 0x6dad, 0x6dad, 0x6dad,
  0x6dad, 0x6dad, 0x6dad, 0x6dad, 0x6dad, 0x6dad, 0x6dad, 0x6dad, 0x6dad, 0x6dad, 0x6dad, 0x6dad,
  0x6dad, 0x6dad, 0x6dad, 0x6dad, 0x6dad, 0x6dad, 0x6dad, 0x6dad, 0x6dad, 0x6dad, 0x6dad, 0x6dad,
  0x6dad, 0x6dad, 0x6dad, 0x6dad, 0x6dad, 0x6dad, 0x6dad, 0x6dad, 0x6dad, 0x6dad, 0x6dad, 0x6dad,
  0x6dad, 0x6dad, 0x6dad, 0x6dad, 0x6dad, 0x6dad, 0x6dad, 0x6dad, 0x6dad, 0x6dad, 0x6dad, 0x6dad,
  0x6dad, 0x6dad, 0x6dad, 0x6dad, 0x6dad, 0x6dad, 0x6dad, 0x6dad, 0x6dad, 0x6dad, 0x6dad, 0x6dad,
  0x6dad, 0x6dad, 0x6dad, 0x6dad, 0x6dad, 0x6dad, 0x6dad, 0x6dad, 0x6dad, 0x6dad, 0x6dad, 0x6dad,
  0x6dad, 0x6dad, 0x6dad, 0x6dad, 0x6dad, 0x6dad, 0x6dad, 0x6dad, 0x6dad, 0x6dad, 0x6dad, 0x6dad,
  0x6dad, 0x6dad, 0x6dad, 0x6dad, 0x6dad, 0x6dad, 0x6dad, 0x6dad, 0x6dad, 0x6dad, 0x6dad, 0x6dad,
  0x6dad, 0x6dad, 0x6dad, 0x6dad, 0x6dad, 0x6dad, 0x6dad, 0x6dad, 0x6dad, 0x6dad, 0x6dad, 0x6dad,
  0x6dad, 0x6dad, 0x6dad, 0x6dad, 0x6dad, 0x6dad, 0x6dad, 0x6dad, 0x6dad, 0x6dad, 0x6dad, 0x6dad,
  0x6dad, 0x6dad, 0x6dad, 0x6dad, 0x6dad, 0x6dad, 0x6dad, 0x6dad, 0x6dad, 0x6dad, 0x6dad, 0x6dad,
  0x6dad, 0x6dad, 0x6dad, 0x6dad, 0x6dad, 0x6dad, 0x6dad, 0x6dad, 0x6dad, 0x6dad, 0x6dad, 0x6dad,
  0x6dad, 0x6dad, 0x6dad, 0x6dad, 0x6dad, 0x6dad, 0x6dad, 0x6dad, 0x6dad, 0x6dad, 0x6dad, 0x6dad,
  0x6dad, 0x6dad, 0x6dad, 0x6dad, 0x6dad, 0x6dad, 0x6dad, 0x6dad, 0x6dad, 0x6dad, 0x6dad, 0x6dad,
  0x6dad, 0x6dad, 0x6dad, 0x6dad, 0x6dad, 0x6dad, 0x6dad, 0x6dad, 0x6dad, 0x6dad, 0x6dad, 0x6dad,
  0x6dad, 0x6dad, 0x6dad, 0x6dad, 0x6dad, 0x6dad, 0x6dad, 0x6dad, 0x6dae, 0x75ae, 0x75ce, 0x75ce,
  0x75ce, 0x75ce, 0x75ae, 0x75ae, 0x75ae, 0x75ae, 0x75ae, 0x75ae, 0x6dae, 0x6daf, 0x6daf, 0x6daf,
  0x6daf, 0x6daf, 0x6daf, 0x6daf, 0x6d8d, 0x6dad, 0x6dad, 0x6dad, 0x6dad, 0x6dad, 0x6dad, 0x6dad,
  0x6dad, 0x6dad, 0x6dad, 0x6dad, 0x6dad, 0x6dad, 0x6dad, 0x6dad, 0x6dad, 0x6dad, 0x6dad, 0x6dad,
  0x6dad, 0x6dad, 0x6dad, 0x6dad, 0x6dad, 0x6dad, 0x6dad, 0x6dad, 0x6dad, 0x6dad, 0x6dad, 0x6dad,
  0x6dad, 0x6dad, 0x6dad, 0x6dad, 0x6dad, 0x6dad, 0x6dad, 0x6dad, 0x6dad, 0x6dad, 0x6dad, 0x6dad,
  0x6dad, 0x6dad, 0x6dad, 0x6dad, 0x6dad, 0x6dad, 0x6dad, 0x6dad, 0x6dad, 0x6dad, 0x6dad, 0x6dad,
  0x6dad, 0x6dad, 0x6dad, 0x6dad, 0x6dad, 0x6dad, 0x6dad, 0x6dad, 0x6dad, 0x6dad, 0x6dad, 0x6dad,
  0x6dad, 0x6dad, 0x6dad, 0x6dad, 0x6dad, 0x6dad, 0x6dad, 0x6dad, 0x6dad, 0x6dad, 0x6dad, 0x6dad,
  0x6dad, 0x6dad, 0x6dad, 0x6dad, 0x6dad, 0x6dad, 0x6dad, 0x6dad, 0x6dad, 0x6dad, 0x6dad, 0x6dad,
  0x6dad, 0x6dad, 0x6dad, 0x6dad, 0x6dad, 0x6dad, 0x6dad, 0x6dad, 0x6dad, 0x6dad, 0x6dad, 0x6dad,
  0x6dad, 0x6dad, 0x6dad, 0x6dad, 0x6dad, 0x6dad, 0x6dad, 0x6dad, 0x6dad, 0x6dad, 0x6dad, 0x6dad,
  0x6dad, 0x6dad, 0x6dad, 0x6dad, 0x6dad, 0x6dad, 0x6dad, 0x6dad, 0x6dad, 0x6dad, 0x6dad, 0x6dad,
  0x6dad, 0x6dad, 0x6dad, 0x6dad, 0x6dad, 0x6dad, 0x6dad, 0x6dad, 0x6dad, 0x6dad, 0x6dad, 0x6dad,
  0x6dad, 0x6dad, 0x6dad, 0x6dad, 0x6dad, 0x6dad, 0x6dad, 0x6dad, 0x6dad, 0x6dad, 0x6dad, 0x6dad,
  0x6dad, 0x6dad, 0x6dad, 0x6dad, 0x6dad, 0x6dad, 0x6dad, 0x6dad, 0x6dad, 0x6dad, 0x6dad, 0x6dad,
  0x6dad, 0x6dad, 0x6dad, 0x6dad, 0x6dad, 0x6dad, 0x6dad, 0x6dad, 0x6dad, 0x6dad, 0x6dad, 0x6dad,
  0x6dad, 0x6dad, 0x6dad, 0x6dad, 0x6dad, 0x6dad, 0x6dad, 0x6dad, 0x6dad, 0x6dad, 0x6dad, 0x6dad,
  0x6dad, 0x6dad, 0x6dad, 0x6dad, 0x6dad, 0x6dad, 0x6dad, 0x6dad, 0x6dad, 0x6dad, 0x6dad, 0x6dad,
  0x6dad, 0x6dad, 0x6dad, 0x6dad, 0x6dad, 0x6dad, 0x6dad, 0x6dad, 0x6dad, 0x6dad, 0x6dad, 0x6dad,
  0x6dad, 0x6dad, 0x6dad, 0x6dad, 0x6dad, 0x6dad, 0x6dad, 0x6dad, 0x6dad, 0x6dad, 0x6dad, 0x6dad,
  0x6dad, 0x6dad, 0x6dad, 0x6dad, 0x6dad, 0x6dad, 0x6dad, 0x6dad, 0x6dad, 0x6dad, 0x6dad, 0x6dad,
  0x6dad, 0x6dad, 0x6dad, 0x6dad, 0x6dad, 0x6dad, 0x6dad, 0x6dad, 0x6dad, 0x6dad, 0x6dad, 0x6dad,
  0x6dad, 0x6dad, 0x6dad, 0x6dad, 0x6dad, 0x6dad, 0x6dad, 0x6dad, 0x6dad, 0x6dad, 0x6dad, 0x6dad,
  0x6dad, 0x6dad, 0x6dad, 0x6dad, 0x6dad, 0x6dad, 0x6dad, 0x6dad, 0x6dad, 0x6dad, 0x6dad, 0x6dad,
  0x6dad, 0x6dad, 0x6dad, 0x6dad, 0x6dad, 0x6dad, 0x6dad, 0x6dad, 0x6dad, 0x6dad, 0x6dad, 0x6dad,
  0x6dad, 0x6dad, 0x6dad, 0x6dad, 0x6dad, 0x6dad, 0x6dad, 0x6dad, 0x6dad, 0x6dad, 0x6dad, 0x6dad,
  0x6dad, 0x6dad, 0x6dad, 0x6dad, 0x75ad, 0x75cd, 0x75cd, 0x75cd, 0x75cd, 0x75cd, 0x75cd, 0x75cd,
  0x75cd, 0x75cd, 0x75cd, 0x75cd, 0x75cd, 0x75cd, 0x75cd, 0x75cd, 0x75cd, 0x75cd, 0x75cd, 0x75cd,
  0x6d8d, 0x6dad, 0x6dad, 0x6dad, 0x6dad, 0x6dad, 0x6dad, 0x6dad, 0x6dad, 0x6dad, 0x6dad, 0x6dad,
  0x6dad, 0x6dad, 0x6dad, 0x6dad, 0x6dad, 0x6dad, 0x6dad, 0x6dad, 0x6dad, 0x6dad, 0x6dad, 0x6dad,
  0x6dad, 0x6dad, 0x6dad, 0x6dad, 0x6dad, 0x6dad, 0x6dad, 0x6dad, 0x6dad, 0x6dad, 0x6dad, 0x6dad,
  0x6dad, 0x6dad, 0x6dad, 0x6dad, 0x6dad, 0x6dad, 0x6dad, 0x6dad, 0x6dad, 0x6dad, 0x6dad, 0x6dad,
  0x6dad, 0x6dad, 0x6dad, 0x6dad, 0x6dad, 0x6dad, 0x6dad, 0x6dad, 0x6dad, 0x6dad, 0x6dad, 0x6dad,
  0x6dad, 0x6dad, 0x6dad, 0x6dad, 0x6dad, 0x6dad, 0x6dad, 0x6dad, 0x6dad, 0x6dad, 0x6dad, 0x6dad,
  0x6dad, 0x6dad, 0x6dad, 0x6dad, 0x6dad, 0x6dad, 0x6dad, 0x6dad, 0x6dad, 0x6dad, 0x6dad, 0x6dad,
  0x6dad, 0x6dad, 0x6dad, 0x6dad, 0x6dad, 0x6dad, 0x6dad, 0x6dad, 0x6dad, 0x6dad, 0x6dad, 0x6dad,
  0x6dad, 0x6dad, 0x6dad, 0x6dad, 0x6dad, 0x6dad, 0x6dad, 0x6dad, 0x6dad, 0x6dad, 0x6dad, 0x6dad,
  0x6dad, 0x6dad, 0x6dad, 0x6dad, 0x6dad, 0x6dad, 0x6dad, 0x6dad, 0x6dad, 0x6dad, 0x6dad, 0x6dad,
  0x6dad, 0x6dad, 0x6dad, 0x6dad, 0x6dad, 0x6dad, 0x6dad, 0x6dad, 0x6dad, 0x6dad, 0x6dad, 0x6dad,
  0x6dad, 0x6dad, 0x6dad, 0x6dad, 0x6dad, 0x6dad, 0x6dad, 0x6dad, 0x6dad, 0x6dad, 0x6dad, 0x6dad,
  0x6dad, 0x6dad, 0x6dad, 0x6dad, 0x6dad, 0x6dad, 0x6dad, 0x6dad, 0x6dad, 0x6dad, 0x6dad, 0x6dad,
  0x6dad, 0x6dad, 0x6dad, 0x6dad, 0x6dad, 0x6dad, 0x6dad, 0x6dad, 0x6dad, 0x6dad, 0x6dad, 0x6dad,
  0x6dad, 0x6dad, 0x6dad, 0x6dad, 0x6dad, 0x6dad, 0x6dad, 0x6dad, 0x6dad, 0x6dad, 0x6dad, 0x6dad,
  0x6dad, 0x6dad, 0x6dad, 0x6dad, 0x6dad, 0x6dad, 0x6dad, 0x6dad, 0x6dad, 0x6dad, 0x6dad, 0x6dad,
  0x6dad, 0x6dad, 0x6dad, 0x6dad, 0x6dad, 0x6dad, 0x6dad, 0x6dad, 0x6dad, 0x6dad, 0x6dad, 0x6dad,
  0x6dad, 0x6dad, 0x6dad, 0x6dad, 0x6dad, 0x6dad, 0x6dad, 0x6dad, 0x6dad, 0x6dad, 0x6dad, 0x6dad,
  0x6dad, 0x6dad, 0x6dad, 0x6dad, 0x6dad, 0x6dad, 0x6dad, 0x6dad, 0x6dad, 0x6dad, 0x6dad, 0x6dad,
  0x6dad, 0x6dad, 0x6dad, 0x6dad, 0x6dad, 0x6dad, 0x6dad, 0x6dad, 0x6dad, 0x6dad, 0x6dad, 0x6dad,
  0x6dad, 0x6dad, 0x6dad, 0x6dad, 0x6dad, 0x6dad, 0x6dad, 0x6dad, 0x6dad, 0x6dad, 0x6dad, 0x6dad,
  0x6dad, 0x6dad, 0x6dad, 0x6dad, 0x6dad, 0x6dad, 0x6dad, 0x6dad, 0x6dad, 0x6dad, 0x6dad, 0x6dad,
  0x6dad, 0x6dad, 0x6dad, 0x6dad, 0x6dad, 0x6dad, 0x6dad, 0x6dad, 0x6dad, 0x6dad, 0x6dad, 0x6dad,
  0x6dad, 0x6dad, 0x6dad, 0x6dad, 0x6dad, 0x6dad, 0x6dad, 0x6dad, 0x6dad, 0x6dad, 0x6dad, 0x6dad,
  0x6dad, 0x6dad, 0x6dad, 0x6dad, 0x6dad, 0x6dad, 0x6dad, 0x6dad, 0x6dad, 0x6dad, 0x6dad, 0x6dad,
  0x6dad, 0x75cd, 0x75cd, 0x75cd, 0x75cd, 0x75cd, 0x75cd, 0x75cd, 0x75cd, 0x75cd, 0x75cd, 0x75cd,
  0x75cd, 0x75cd, 0x75cd, 0x75cd, 0x75cd, 0x75cd, 0x75cd, 0x75cd, 0x6dad, 0x6dad, 0x6dad, 0x6dad,
  0x6dad, 0x6dad, 0x6dad, 0x6dad, 0x6dad, 0x6dad, 0x6dad, 0x6dad, 0x6dad, 0x6dad, 0x6dad, 0x6dad,
  0x6dad, 0x6dad, 0x6dad, 0x6dad, 0x6dad, 0x6dad, 0x6dad, 0x6dad, 0x6dad, 0x6dad, 0x6dad, 0x6dad,
  0x6dad, 0x6dad, 0x6dad, 0x6dad, 0x6dad, 0x6dad, 0x6dad, 0x6dad, 0x6dad, 0x6dad, 0x6dad, 0x6dad,
  0x6dad, 0x6dad, 0x6dad, 0x6dad, 0x6dad, 0x6dad, 0x6dad, 0x6dad, 0x6dad, 0x6dad, 0x6dad, 0x6dad,
  0x6dad, 0x6dad, 0x6dad, 0x6dad, 0x6dad, 0x6dad, 0x6dad, 0x6dad, 0x6dad, 0x6dad, 0x6dad, 0x6dad,
  0x6dad, 0x6dad, 0x6dad, 0x6dad, 0x6dad, 0x6dad, 0x6dad, 0x6dad, 0x6dad, 0x6dad, 0x6dad, 0x6dad,
  0x6dad, 0x6dad, 0x6dad, 0x6dad, 0x6dad, 0x6dad, 0x6dad, 0x6dad, 0x6dad, 0x6dad, 0x6dad, 0x6dad,
  0x6dad, 0x6dad, 0x6dad, 0x6dad, 0x6dad, 0x6dad, 0x6dad, 0x6dad, 0x6dad, 0x6dad, 0x6dad, 0x6dad,
  0x6dad, 0x6dad, 0x6dad, 0x6dad, 0x6dad, 0x6dad, 0x6dad, 0x6dad, 0x6dad, 0x6dad, 0x6dad, 0x6dad,
  0x6dad, 0x6dad, 0x6dad, 0x6dad, 0x6dad, 0x6dad, 0x6dad, 0x6dad, 0x6dad, 0x6dad, 0x6dad, 0x6dad,
  0x6dad, 0x6dad, 0x6dad, 0x6dad, 0x6dad, 0x6dad, 0x6dad, 0x6dad, 0x6dad, 0x6dad, 0x6dad, 0x6dad,
  0x6dad, 0x6dad, 0x6dad, 0x6dad, 0x6dad, 0x6dad, 0x6dad, 0x6dad, 0x6dad, 0x6dad, 0x6dad, 0x6dad,
  0x6dad, 0x6dad, 0x6dad, 0x6dad, 0x6dad, 0x6dad, 0x6dad, 0x6dad, 0x6dad, 0x6dad, 0x6dad, 0x6dad,
  0x6dad, 0x6dad, 0x6dad, 0x6dad, 0x6dad, 0x6dad, 0x6dad, 0x6dad, 0x6dad, 0x6dad, 0x6dad, 0x6dad,
  0x6dad, 0x6dad, 0x6dad, 0x6dad, 0x6dad, 0x6dad, 0x6dad, 0x6dad, 0x6dad, 0x6dad, 0x6dad, 0x6dad,
  0x6dad, 0x6dad, 0x6dad, 0x6dad, 0x6dad, 0x6dad, 0x6dad, 0x6dad, 0x6dad, 0x6dad, 0x6dad, 0x6dad,
  0x6dad, 0x6dad, 0x6dad, 0x6dad, 0x6dad, 0x6dad, 0x6dad, 0x6dad, 0x6dad, 0x6dad, 0x6dad, 0x6dad,
  0x6dad, 0x6dad, 0x6dad, 0x6dad, 0x6dad, 0x6dad, 0x6dad, 0x6dad, 0x6dad, 0x6dad, 0x6dad, 0x6dad,
  0x6dad, 0x6dad, 0x6dad, 0x6dad, 0x6dad, 0x6dad, 0x6dad, 0x6dad, 0x6dad, 0x6dad, 0x6dad, 0x6dad,
  0x6dad, 0x6dad, 0x6dad, 0x6dad, 0x6dad, 0x6dad, 0x6dad, 0x6dad, 0x6dad, 0x6dad, 0x6dad, 0x6dad,
  0x6dad, 0x6dad, 0x6dad, 0x6dad, 0x6dad, 0x6dad, 0x6dad, 0x6dad, 0x6dad, 0x6dad, 0x6dad, 0x6dad,
  0x6dad, 0x6dad, 0x6dad, 0x6dad, 0x6dad, 0x6dad, 0x6dad, 0x6dad, 0x6dad, 0x6dad, 0x6dad, 0x6dad,
  0x6dad, 0x6dad, 0x6dad, 0x6dad, 0x6dad, 0x6dad, 0x6dad, 0x6dad, 0x6dad, 0x6dad, 0x6dad, 0x6dad,
  0x6dad, 0x6dad, 0x6dad, 0x6dad, 0x6dad, 0x6dad, 0x6dad, 0x6dad, 0x6dad, 0x6dad, 0x6dad, 0x6dad,
  0x6dad, 0x6dad, 0x6dad, 0x6dad, 0x6dad, 0x6dad, 0x6dad, 0x6dad, 0x6dad, 0x75cd, 0x75cd, 0x75cd,
  0x75cd, 0x75cd, 0x75cd, 0x75cd, 0x75cd, 0x75cd, 0x75cd, 0x75cd, 0x75cd, 0x75cd, 0x75cd, 0x75cd,
  0x75cd, 0x75cd, 0x75cd, 0x75cd, 0x6dad, 0x6dad, 0x6dad, 0x6dad, 0x6dad, 0x6dad, 0x6dad, 0x6dad,
  0x6dad, 0x6dad, 0x6dad, 0x6dad, 0x6dad, 0x6dad, 0x6dad, 0x6dad, 0x6dad, 0x6dad, 0x6dad, 0x6dad,
  0x6dad, 0x6dad, 0x6dad, 0x6dad, 0x6dad, 0x6dad, 0x6dad, 0x6dad, 0x6dad, 0x6dad, 0x6dad, 0x6dad,
  0x6dad, 0x6dad, 0x6dad, 0x6dad, 0x6dad, 0x6dad, 0x6dad, 0x6dad, 0x6dad, 0x6dad, 0x6dad, 0x6dad,
  0x6dad, 0x6dad, 0x6dad, 0x6dad, 0x6dad, 0x6dad, 0x6dad, 0x6dad, 0x6dad, 0x6dad, 0x6dad, 0x6dad,
  0x6dad, 0x6dad, 0x6dad, 0x6dad, 0x6dad, 0x6dad, 0x6dad, 0x6dad, 0x6dad, 0x6dad, 0x6dad, 0x6dad,
  0x6dad, 0x6dad, 0x6dad, 0x6dad, 0x6dad, 0x6dad, 0x6dad, 0x6dad, 0x6dad, 0x6dad, 0x6dad, 0x6dad,
  0x6dad, 0x6dad, 0x6dad, 0x6dad, 0x6dad, 0x6dad, 0x6dad, 0x6dad, 0x6dad, 0x6dad, 0x6dad, 0x6dad,
  0x6dad, 0x6dad, 0x6dad, 0x6dad, 0x6dad, 0x6dad, 0x6dad, 0x6dad, 0x6dad, 0x6dad, 0x6dad, 0x6dad,
  0x6dad, 0x6dad, 0x6dad, 0x6dad, 0x6dad, 0x6dad, 0x6dad, 0x6dad, 0x6dad, 0x6dad, 0x6dad, 0x6dad,
  0x6dad, 0x6dad, 0x6dad, 0x6dad, 0x6dad, 0x6dad, 0x6dad, 0x6dad, 0x6dad, 0x6dad, 0x6dad, 0x6dad,
  0x6dad, 0x6dad, 0x6dad, 0x6dad, 0x6dad, 0x6dad, 0x6dad, 0x6dad, 0x6dad, 0x6dad, 0x6dad, 0x6dad,
  0x6dad, 0x6dad, 0x6dad, 0x6dad, 0x6dad, 0x6dad, 0x6dad, 0x6dad, 0x6dad, 0x6dad, 0x6dad, 0x6dad,
  0x6dad, 0x6dad, 0x6dad, 0x6dad, 0x6dad, 0x6dad, 0x6dad, 0x6dad, 0x6dad, 0x6dad, 0x6dad, 0x6dad,
  0x6dad, 0x6dad, 0x6dad, 0x6dad, 0x6dad, 0x6dad, 0x6dad, 0x6dad, 0x6dad, 0x6dad, 0x6dad, 0x6dad,
  0x6dad, 0x6dad, 0x6dad, 0x6dad, 0x6dad, 0x6dad, 0x6dad, 0x6dad, 0x6dad, 0x6dad, 0x6dad, 0x6dad,
  0x6dad, 0x6dad, 0x6dad, 0x6dad, 0x6dad, 0x6dad, 0x6dad, 0x6dad, 0x6dad, 0x6dad, 0x6dad, 0x6dad,
  0x6dad, 0x6dad, 0x6dad, 0x6dad, 0x6dad, 0x6dad, 0x6dad, 0x6dad, 0x6dad, 0x6dad, 0x6dad, 0x6dad,
  0x6dad, 0x6dad, 0x6dad, 0x6dad, 0x6dad, 0x6dad, 0x6dad, 0x6dad, 0x6dad, 0x6dad, 0x6dad, 0x6dad,
  0x6dad, 0x6dad, 0x6dad, 0x6dad, 0x6dad, 0x6dad, 0x6dad, 0x6dad, 0x6dad, 0x6dad, 0x6dad, 0x6dad,
  0x6dad, 0x6dad, 0x6dad, 0x6dad, 0x6dad, 0x6dad, 0x6dad, 0x6dad, 0x6dad, 0x6dad, 0x6dad, 0x6dad,
  0x6dad, 0x6dad, 0x6dad, 0x6dad, 0x6dad, 0x6dad, 0x6dad, 0x6dad, 0x6dad, 0x6dad, 0x6dad, 0x6dad,
  0x6dad, 0x6dad, 0x6dad, 0x6dad, 0x6dad, 0x6dad, 0x6dad, 0x6dad, 0x6dad, 0x6dad, 0x6dad, 0x6dad,
  0x6dad, 0x6dad, 0x6dad, 0x6dad, 0x6dad, 0x6dad, 0x6dad, 0x6dad, 0x6dad, 0x6dad, 0x6dad, 0x6dad,
  0x6dad, 0x6dad, 0x6dad, 0x6dad, 0x6dad, 0x6dad, 0x6dad, 0x6dad, 0x6dad, 0x6dad, 0x6dad, 0x6dad,
  0x6dad, 0x6dad, 0x6dad, 0x6dad, 0x6dad, 0x75cd, 0x75cd, 0x75cd, 0x75cd, 0x75cd, 0x75cd, 0x75cd,
  0x75cd, 0x75cd, 0x75cd, 0x75cd, 0x75cd, 0x75cd, 0x75cd, 0x75cd, 0x75cd, 0x75cd, 0x75cd, 0x75cd,
  0x6d8d, 0x6dad, 0x6dad, 0x6dad, 0x6dad, 0x6dad, 0x6dad, 0x6dad, 0x6dad, 0x6dad, 0x6dad, 0x6dad,
  0x6dad, 0x6dad, 0x6dad, 0x6dad, 0x6dad, 0x6dad, 0x6dad, 0x6dad, 0x6dad, 0x6dad, 0x6dad, 0x6dad,
  0x6dad, 0x6dad, 0x6dad, 0x6dad, 0x6dad, 0x6dad, 0x6dad, 0x6dad, 0x6dad, 0x6dad, 0x6dad, 0x6dad,
  0x6dad, 0x6dad, 0x6dad, 0x6dad, 0x6dad, 0x6dad, 0x6dad, 0x6dad, 0x6dad, 0x6dad, 0x6dad, 0x6dad,
  0x6dad, 0x6dad, 0x6dad, 0x6dad, 0x6dad, 0x6dad, 0x6dad, 0x6dad, 0x6dad, 0x6dad, 0x6dad, 0x6dad,
  0x6dad, 0x6dad, 0x6dad, 0x6dad, 0x6dad, 0x6dad, 0x6dad, 0x6dad, 0x6dad, 0x6dad, 0x6dad, 0x6dad,
  0x6dad, 0x6dad, 0x6dad, 0x6dad, 0x6dad, 0x6dad, 0x6dad, 0x6dad, 0x6dad, 0x6dad, 0x6dad, 0x6dad,
  0x6dad, 0x6dad, 0x6dad, 0x6dad, 0x6dad, 0x6dad, 0x6dad, 0x6dad, 0x6dad, 0x6dad, 0x6dad, 0x6dad,
  0x6dad, 0x6dad, 0x6dad, 0x6dad, 0x6dad, 0x6dad, 0x6dad, 0x6dad, 0x6dad, 0x6dad, 0x6dad, 0x6dad,
  0x6dad, 0x6dad, 0x6dad, 0x6dad, 0x6dad, 0x6dad, 0x6dad, 0x6dad, 0x6dad, 0x6dad, 0x6dad, 0x6dad,
  0x6dad, 0x6dad, 0x6dad, 0x6dad, 0x6dad, 0x6dad, 0x6dad, 0x6dad, 0x6dad, 0x6dad, 0x6dad, 0x6dad,
  0x6dad, 0x6dad, 0x6dad, 0x6dad, 0x6dad, 0x6dad, 0x6dad, 0x6dad, 0x6dad, 0x6dad, 0x6dad, 0x6dad,
  0x6dad, 0x6dad, 0x6dad, 0x6dad, 0x6dad, 0x6dad, 0x6dad, 0x6dad, 0x6dad, 0x6dad, 0x6dad, 0x6dad,
  0x6dad, 0x6dad, 0x6dad, 0x6dad, 0x6dad, 0x6dad, 0x6dad, 0x6dad, 0x6dad, 0x6dad, 0x6dad, 0x6dad,
  0x6dad, 0x6dad, 0x6dad, 0x6dad, 0x6dad, 0x6dad, 0x6dad, 0x6dad, 0x6dad, 0x6dad, 0x6dad, 0x6dad,
  0x6dad, 0x6dad, 0x6dad, 0x6dad, 0x6dad, 0x6dad, 0x6dad, 0x6dad, 0x6dad, 0x6dad, 0x6dad, 0x6dad,
  0x6dad, 0x6dad, 0x6dad, 0x6dad, 0x6dad, 0x6dad, 0x6dad, 0x6dad, 0x6dad, 0x6dad, 0x6dad, 0x6dad,
  0x6dad, 0x6dad, 0x6dad, 0x6dad, 0x6dad, 0x6dad, 0x6dad, 0x6dad, 0x6dad, 0x6dad, 0x6dad, 0x6dad,
  0x6dad, 0x6dad, 0x6dad, 0x6dad, 0x6dad, 0x6dad, 0x6dad, 0x6dad, 0x6dad, 0x6dad, 0x6dad, 0x6dad,
  0x6dad, 0x6dad, 0x6dad, 0x6dad, 0x6dad, 0x6dad, 0x6dad, 0x6dad, 0x6dad, 0x6dad, 0x6dad, 0x6dad,
  0x6dad, 0x6dad, 0x6dad, 0x6dad, 0x6dad, 0x6dad, 0x6dad, 0x6dad, 0x6dad, 0x6dad, 0x6dad, 0x6dad,
  0x6dad, 0x6dad, 0x6dad, 0x6dad, 0x6dad, 0x6dad, 0x6dad, 0x6dad, 0x6dad, 0x6dad, 0x6dad, 0x6dad,
  0x6dad, 0x6dad, 0x6dad, 0x6dad, 0x6dad, 0x6dad, 0x6dad, 0x6dad, 0x6dad, 0x6dad, 0x6dad, 0x6dad,
  0x6dad, 0x6dad, 0x6dad, 0x6dad, 0x6dad, 0x6dad, 0x6dad, 0x6dad, 0x6dad, 0x6dad, 0x6dad, 0x6dad,
  0x6dad, 0x6dad, 0x6dad, 0x6dad, 0x6dad, 0x6dad, 0x6dad, 0x6dad, 0x6dad, 0x6dad, 0x6dad, 0x6dad,
  0x6dad, 0x75ad, 0x75cd, 0x75cd, 0x75cd, 0x75cd, 0x75cd, 0x75cd, 0x75cd, 0x75cd, 0x75cd, 0x75cd,
  0x75cd, 0x75cd, 0x75cd, 0x75cd, 0x75cd, 0x75cd, 0x75cd, 0x75cd, 0x6d8d, 0x6d8d, 0x6dad, 0x6dad,
  0x6dad, 0x6dad, 0x6dad, 0x6dad, 0x6dad, 0x6dad, 0x6dad, 0x6dad, 0x6dad, 0x6dad, 0x6dad, 0x6dad,
  0x6dad, 0x6dad, 0x6dad, 0x6dad, 0x6dad, 0x6dad, 0x6dad, 0x6dad, 0x6dad, 0x6dad, 0x6dad, 0x6dad,
  0x6dad, 0x6dad, 0x6dad, 0x6dad, 0x6dad, 0x6dad, 0x6dad, 0x6dad, 0x6dad, 0x6dad, 0x6dad, 0x6dad,
  0x6dad, 0x6dad, 0x6dad, 0x6dad, 0x6dad, 0x6dad, 0x6dad, 0x6dad, 0x6dad, 0x6dad, 0x6dad, 0x6dad,
  0x6dad, 0x6dad, 0x6dad, 0x6dad, 0x6dad, 0x6dad, 0x6dad, 0x6dad, 0x6dad, 0x6dad, 0x6dad, 0x6dad,
  0x6dad, 0x6dad, 0x6dad, 0x6dad, 0x6dad, 0x6dad, 0x6dad, 0x6dad, 0x6dad, 0x6dad, 0x6dad, 0x6dad,
  0x6dad, 0x6dad, 0x6dad, 0x6dad, 0x6dad, 0x6dad, 0x6dad, 0x6dad, 0x6dad, 0x6dad, 0x6dad, 0x6dad,
  0x6dad, 0x6dad, 0x6dad, 0x6dad, 0x6dad, 0x6dad, 0x6dad, 0x6dad, 0x6dad, 0x6dad, 0x6dad, 0x6dad,
  0x6dad, 0x6dad, 0x6dad, 0x6dad, 0x6dad, 0x6dad, 0x6dad, 0x6dad, 0x6dad, 0x6dad, 0x6dad, 0x6dad,
  0x6dad, 0x6dad, 0x6dad, 0x6dad, 0x6dad, 0x6dad, 0x6dad, 0x6dad, 0x6dad, 0x6dad, 0x6dad, 0x6dad,
  0x6dad, 0x6dad, 0x6dad, 0x6dad, 0x6dad, 0x6dad, 0x6dad, 0x6dad, 0x6dad, 0x6dad, 0x6dad, 0x6dad,
  0x6dad, 0x6dad, 0x6dad, 0x6dad, 0x6dad, 0x6dad, 0x6dad, 0x6dad, 0x6dad, 0x6dad, 0x6dad, 0x6dad,
  0x6dad, 0x6dad, 0x6dad, 0x6dad, 0x6dad, 0x6dad, 0x6dad, 0x6dad, 0x6dad, 0x6dad, 0x6dad, 0x6dad,
  0x6dad, 0x6dad, 0x6dad, 0x6dad, 0x6dad, 0x6dad, 0x6dad, 0x6dad, 0x6dad, 0x6dad, 0x6dad, 0x6dad,
  0x6dad, 0x6dad, 0x6dad, 0x6dad, 0x6dad, 0x6dad, 0x6dad, 0x6dad, 0x6dad, 0x6dad, 0x6dad, 0x6dad,
  0x6dad, 0x6dad, 0x6dad, 0x6dad, 0x6dad, 0x6dad, 0x6dad, 0x6dad, 0x6dad, 0x6dad, 0x6dad, 0x6dad,
  0x6dad, 0x6dad, 0x6dad, 0x6dad, 0x6dad, 0x6dad, 0x6dad, 0x6dad, 0x6dad, 0x6dad, 0x6dad, 0x6dad,
  0x6dad, 0x6dad, 0x6dad, 0x6dad, 0x6dad, 0x6dad, 0x6dad, 0x6dad, 0x6dad, 0x6dad, 0x6dad, 0x6dad,
  0x6dad, 0x6dad, 0x6dad, 0x6dad, 0x6dad, 0x6dad, 0x6dad, 0x6dad, 0x6dad, 0x6dad, 0x6dad, 0x6dad,
  0x6dad, 0x6dad, 0x6dad, 0x6dad, 0x6dad, 0x6dad, 0x6dad, 0x6dad, 0x6dad, 0x6dad, 0x6dad, 0x6dad,
  0x6dad, 0x6dad, 0x6dad, 0x6dad, 0x6dad, 0x6dad, 0x6dad, 0x6dad, 0x6dad, 0x6dad, 0x6dad, 0x6dad,
  0x6dad, 0x6dad, 0x6dad, 0x6dad, 0x6dad, 0x6dad, 0x6dad, 0x6dad, 0x6dad, 0x6dad, 0x6dad, 0x6dad,
  0x6dad, 0x6dad, 0x6dad, 0x6dad, 0x6dad, 0x6dad, 0x6dad, 0x6dad, 0x6dad, 0x6dad, 0x6dad, 0x6dad,
  0x6dad, 0x6dad, 0x6dad, 0x6dad, 0x6dad, 0x6dad, 0x6dad, 0x6dad, 0x6dad, 0x6dad, 0x6dad, 0x6dad,
  0x6dad, 0x6dad, 0x6dad, 0x6dad, 0x6dad, 0x6dad, 0x6dad, 0x6dad, 0x6dad, 0x6dad, 0x75cd, 0x75cd,
  0x75cd, 0x75cd, 0x75cd, 0x75cd, 0x75cd, 0x75cd, 0x75cd, 0x75cd, 0x75cd, 0x75cd, 0x75cd, 0x75cd,
  0x75cd, 0x75cd, 0x75cd, 0x75cd, 0x6d8d, 0x6d8d, 0x6dad, 0x6dad, 0x6dad, 0x6dad, 0x6dad, 0x6dad,
  0x6dad, 0x6dad, 0x6dad, 0x6dad, 0x6dad, 0x6dad, 0x6dad, 0x6dad, 0x6dad, 0x6dad, 0x6dad, 0x6dad,
  0x6dad, 0x6dad, 0x6dad, 0x6dad, 0x6dad, 0x6dad, 0x6dad, 0x6dad, 0x6dad, 0x6dad, 0x6dad, 0x6dad,
  0x6dad, 0x6dad, 0x6dad, 0x6dad, 0x6dad, 0x6dad, 0x6dad, 0x6dad, 0x6dad, 0x6dad, 0x6dad, 0x6dad,
  0x6dad, 0x6dad, 0x6dad, 0x6dad, 0x6dad, 0x6dad, 0x6dad, 0x6dad, 0x6dad, 0x6dad, 0x6dad, 0x6dad,
  0x6dad, 0x6dad, 0x6dad, 0x6dad, 0x6dad, 0x6dad, 0x6dad, 0x6dad, 0x6dad, 0x6dad, 0x6dad, 0x6dad,
  0x6dad, 0x6dad, 0x6dad, 0x6dad, 0x6dad, 0x6dad, 0x6dad, 0x6dad, 0x6dad, 0x6dad, 0x6dad, 0x6dad,
  0x6dad, 0x6dad, 0x6dad, 0x6dad, 0x6dad, 0x6dad, 0x6dad, 0x6dad, 0x6dad, 0x6dad, 0x6dad, 0x6dad,
  0x6dad, 0x6dad, 0x6dad, 0x6dad, 0x6dad, 0x6dad, 0x6dad, 0x6dad, 0x6dad, 0x6dad, 0x6dad, 0x6dad,
  0x6dad, 0x6dad, 0x6dad, 0x6dad, 0x6dad, 0x6dad, 0x6dad, 0x6dad, 0x6dad, 0x6dad, 0x6dad, 0x6dad,
  0x6dad, 0x6dad, 0x6dad, 0x6dad, 0x6dad, 0x6dad, 0x6dad, 0x6dad, 0x6dad, 0x6dad, 0x6dad, 0x6dad,
  0x6dad, 0x6dad, 0x6dad, 0x6dad, 0x6dad, 0x6dad, 0x6dad, 0x6dad, 0x6dad, 0x6dad, 0x6dad, 0x6dad,
  0x6dad, 0x6dad, 0x6dad, 0x6dad, 0x6dad, 0x6dad, 0x6dad, 0x6dad, 0x6dad, 0x6dad, 0x6dad, 0x6dad,
  0x6dad, 0x6dad, 0x6dad, 0x6dad, 0x6dad, 0x6dad, 0x6dad, 0x6dad, 0x6dad, 0x6dad, 0x6dad, 0x6dad,
  0x6dad, 0x6dad, 0x6dad, 0x6dad, 0x6dad, 0x6dad, 0x6dad, 0x6dad, 0x6dad, 0x6dad, 0x6dad, 0x6dad,
  0x6dad, 0x6dad, 0x6dad, 0x6dad, 0x6dad, 0x6dad, 0x6dad, 0x6dad, 0x6dad, 0x6dad, 0x6dad, 0x6dad,
  0x6dad, 0x6dad, 0x6dad, 0x6dad, 0x6dad, 0x6dad, 0x6dad, 0x6dad, 0x6dad, 0x6dad, 0x6dad, 0x6dad,
  0x6dad, 0x6dad, 0x6dad, 0x6dad, 0x6dad, 0x6dad, 0x6dad, 0x6dad, 0x6dad, 0x6dad, 0x6dad, 0x6dad,
  0x6dad, 0x6dad, 0x6dad, 0x6dad, 0x6dad, 0x6dad, 0x6dad, 0x6dad, 0x6dad, 0x6dad, 0x6dad, 0x6dad,
  0x6dad, 0x6dad, 0x6dad, 0x6dad, 0x6dad, 0x6dad, 0x6dad, 0x6dad, 0x6dad, 0x6dad, 0x6dad, 0x6dad,
  0x6dad, 0x6dad, 0x6dad, 0x6dad, 0x6dad, 0x6dad, 0x6dad, 0x6dad, 0x6dad, 0x6dad, 0x6dad, 0x6dad,
  0x6dad, 0x6dad, 0x6dad, 0x6dad, 0x6dad, 0x6dad, 0x6dad, 0x6dad, 0x6dad, 0x6dad, 0x6dad, 0x6dad,
  0x6dad, 0x6dad, 0x6dad, 0x6dad, 0x6dad, 0x6dad, 0x6dad, 0x6dad, 0x6dad, 0x6dad, 0x6dad, 0x6dad,
  0x6dad, 0x6dad, 0x6dad, 0x6dad, 0x6dad, 0x6dad, 0x6dad, 0x6dad, 0x6dad, 0x6dad, 0x6dad, 0x6dad,
  0x6dad, 0x6dad, 0x6dad, 0x6dad, 0x6dad, 0x6dad, 0x6dad, 0x6dad, 0x6dad, 0x6dad, 0x6dad, 0x6dad,
  0x6dad, 0x6dad, 0x6dad, 0x6dad, 0x6dad, 0x6dad, 0x75cd, 0x75cd, 0x75cd, 0x75cd, 0x75cd, 0x75cd,
  0x75cd, 0x75cd, 0x75cd, 0x75cd, 0x75cd, 0x75cd, 0x75cd, 0x75cd, 0x75cd, 0x75cd, 0x75cd, 0x75cd,
  0x6d8d, 0x6dad, 0x6dad, 0x6dad, 0x6dad, 0x6dad, 0x6dad, 0x6dad, 0x6dad, 0x6dad, 0x6dad, 0x6dad,
  0x6dad, 0x6dad, 0x6dad, 0x6dad, 0x6dad, 0x6dad, 0x6dad, 0x6dad, 0x6dad, 0x6dad, 0x6dad, 0x6dad,
  0x6dad, 0x6dad, 0x6dad, 0x6dad, 0x6dad, 0x6dad, 0x6dad, 0x6dad, 0x6dad, 0x6dad, 0x6dad, 0x6dad,
  0x6dad, 0x6dad, 0x6dad, 0x6dad, 0x6dad, 0x6dad, 0x6dad, 0x6dad, 0x6dad, 0x6dad, 0x6dad, 0x6dad,
  0x6dad, 0x6dad, 0x6dad, 0x6dad, 0x6dad, 0x6dad, 0x6dad, 0x6dad, 0x6dad, 0x6dad, 0x6dad, 0x6dad,
  0x6dad, 0x6dad, 0x6dad, 0x6dad, 0x6dad, 0x6dad, 0x6dad, 0x6dad, 0x6dad, 0x6dad, 0x6dad, 0x6dad,
  0x6dad, 0x6dad, 0x6dad, 0x6dad, 0x6dad, 0x6dad, 0x6dad, 0x6dad, 0x6dad, 0x6dad, 0x6dad, 0x6dad,
  0x6dad, 0x6dad, 0x6dad, 0x6dad, 0x6dad, 0x6dad, 0x6dad, 0x6dad, 0x6dad, 0x6dad, 0x6dad, 0x6dad,
  0x6dad, 0x6dad, 0x6dad, 0x6dad, 0x6dad, 0x6dad, 0x6dad, 0x6dad, 0x6dad, 0x6dad, 0x6dad, 0x6dad,
  0x6dad, 0x6dad, 0x6dad, 0x6dad, 0x6dad, 0x6dad, 0x6dad, 0x6dad, 0x6dad, 0x6dad, 0x6dad, 0x6dad,
  0x6dad, 0x6dad, 0x6dad, 0x6dad, 0x6dad, 0x6dad, 0x6dad, 0x6dad, 0x6dad, 0x6dad, 0x6dad, 0x6dad,
  0x6dad, 0x6dad, 0x6dad, 0x6dad, 0x6dad, 0x6dad, 0x6dad, 0x6dad, 0x6dad, 0x6dad, 0x6dad, 0x6dad,
  0x6dad, 0x6dad, 0x6dad, 0x6dad, 0x6dad, 0x6dad, 0x6dad, 0x6dad, 0x6dad, 0x6dad, 0x6dad, 0x6dad,
  0x6dad, 0x6dad, 0x6dad, 0x6dad, 0x6dad, 0x6dad, 0x6dad, 0x6dad, 0x6dad, 0x6dad, 0x6dad, 0x6dad,
  0x6dad, 0x6dad, 0x6dad, 0x6dad, 0x6dad, 0x6dad, 0x6dad, 0x6dad, 0x6dad, 0x6dad, 0x6dad, 0x6dad,
  0x6dad, 0x6dad, 0x6dad, 0x6dad, 0x6dad, 0x6dad, 0x6dad, 0x6dad, 0x6dad, 0x6dad, 0x6dad, 0x6dad,
  0x6dad, 0x6dad, 0x6dad, 0x6dad, 0x6dad, 0x6dad, 0x6dad, 0x6dad, 0x6dad, 0x6dad, 0x6dad, 0x6dad,
  0x6dad, 0x6dad, 0x6dad, 0x6dad, 0x6dad, 0x6dad, 0x6dad, 0x6dad, 0x6dad, 0x6dad, 0x6dad, 0x6dad,
  0x6dad, 0x6dad, 0x6dad, 0x6dad, 0x6dad, 0x6dad, 0x6dad, 0x6dad, 0x6dad, 0x6dad, 0x6dad, 0x6dad,
  0x6dad, 0x6dad, 0x6dad, 0x6dad, 0x6dad, 0x6dad, 0x6dad, 0x6dad, 0x6dad, 0x6dad, 0x6dad, 0x6dad,
  0x6dad, 0x6dad, 0x6dad, 0x6dad, 0x6dad, 0x6dad, 0x6dad, 0x6dad, 0x6dad, 0x6dad, 0x6dad, 0x6dad,
  0x6dad, 0x6dad, 0x6dad, 0x6dad, 0x6dad, 0x6dad, 0x6dad, 0x6dad, 0x6dad, 0x6dad, 0x6dad, 0x6dad,
  0x6dad, 0x6dad, 0x6dad, 0x6dad, 0x6dad, 0x6dad, 0x6dad, 0x6dad, 0x6dad, 0x6dad, 0x6dad, 0x6dad,
  0x6dad, 0x6dad, 0x6dad, 0x6dad, 0x6dad, 0x6dad, 0x6dad, 0x6dad, 0x6dad, 0x6dad, 0x6dad, 0x6dad,
  0x6dad, 0x6dad, 0x6dad, 0x6dad, 0x6dad, 0x6dad, 0x6dad, 0x6dad, 0x6dad, 0x6dad, 0x6dad, 0x6dad,
  0x6dad, 0x6dad, 0x6dad, 0x75cd, 0x75cd, 0x75cd, 0x75cd, 0x75cd, 0x75cd, 0x75cd, 0x75cd, 0x75cd,
  0x75cd, 0x75cd, 0x75cd, 0x75cd, 0x75cd, 0x75cd, 0x75cd, 0x75cd, 0x6dad, 0x6dad, 0x6dad, 0x6dad,
  0x6dad, 0x6dad, 0x6dad, 0x6dad, 0x6dad, 0x6dad, 0x6dad, 0x6dad, 0x6dad, 0x6dad, 0x6dad, 0x6dad,
  0x6dad, 0x6dad, 0x6dad, 0x6dad, 0x6dad, 0x6dad, 0x6dad, 0x6dad, 0x6dad, 0x6dad, 0x6dad, 0x6dad,
  0x6dad, 0x6dad, 0x6dad, 0x6dad, 0x6dad, 0x6dad, 0x6dad, 0x6dad, 0x6dad, 0x6dad, 0x6dad, 0x6dad,
  0x6dad, 0x6dad, 0x6dad, 0x6dad, 0x6dad, 0x6dad, 0x6dad, 0x6dad, 0x6dad, 0x6dad, 0x6dad, 0x6dad,
  0x6dad, 0x6dad, 0x6dad, 0x6dad, 0x6dad, 0x6dad, 0x6dad, 0x6dad, 0x6dad, 0x6dad, 0x6dad, 0x6dad,
  0x6dad, 0x6dad, 0x6dad, 0x6dad, 0x6dad, 0x6dad, 0x6dad, 0x6dad, 0x6dad, 0x6dad, 0x6dad, 0x6dad,
  0x6dad, 0x6dad, 0x6dad, 0x6dad, 0x6dad, 0x6dad, 0x6dad, 0x6dad, 0x6dad, 0x6dad, 0x6dad, 0x6dad,
  0x6dad, 0x6dad, 0x6dad, 0x6dad, 0x6dad, 0x6dad, 0x6dad, 0x6dad, 0x6dad, 0x6dad, 0x6dad, 0x6dad,
  0x6dad, 0x6dad, 0x6dad, 0x6dad, 0x6dad, 0x6dad, 0x6dad, 0x6dad, 0x6dad, 0x6dad, 0x6dad, 0x6dad,
  0x6dad, 0x6dad, 0x6dad, 0x6dad, 0x6dad, 0x6dad, 0x6dad, 0x6dad, 0x6dad, 0x6dad, 0x6dad, 0x6dad,
  0x6dad, 0x6dad, 0x6dad, 0x6dad, 0x6dad, 0x6dad, 0x6dad, 0x6dad, 0x6dad, 0x6dad, 0x6dad, 0x6dad,
  0x6dad, 0x6dad, 0x6dad, 0x6dad, 0x6dad, 0x6dad, 0x6dad, 0x6dad, 0x6dad, 0x6dad, 0x6dad, 0x6dad,
  0x6dad, 0x6dad, 0x6dad, 0x6dad, 0x6dad, 0x6dad, 0x6dad, 0x6dad, 0x6dad, 0x6dad, 0x6dad, 0x6dad,
  0x6dad, 0x6dad, 0x6dad, 0x6dad, 0x6dad, 0x6dad, 0x6dad, 0x6dad, 0x6dad, 0x6dad, 0x6dad, 0x6dad,
  0x6dad, 0x6dad, 0x6dad, 0x6dad, 0x6dad, 0x6dad, 0x6dad, 0x6dad, 0x6dad, 0x6dad, 0x6dad, 0x6dad,
  0x6dad, 0x6dad, 0x6dad, 0x6dad, 0x6dad, 0x6dad, 0x6dad, 0x6dad, 0x6dad, 0x6dad, 0x6dad, 0x6dad,
  0x6dad, 0x6dad, 0x6dad, 0x6dad, 0x6dad, 0x6dad, 0x6dad, 0x6dad, 0x6dad, 0x6dad, 0x6dad, 0x6dad,
  0x6dad, 0x6dad, 0x6dad, 0x6dad, 0x6dad, 0x6dad, 0x6dad, 0x6dad, 0x6dad, 0x6dad, 0x6dad, 0x6dad,
  0x6dad, 0x6dad, 0x6dad, 0x6dad, 0x6dad, 0x6dad, 0x6dad, 0x6dad, 0x6dad, 0x6dad, 0x6dad, 0x6dad,
  0x6dad, 0x6dad, 0x6dad, 0x6dad, 0x6dad, 0x6dad, 0x6dad, 0x6dad, 0x6dad, 0x6dad, 0x6dad, 0x6dad,
  0x6dad, 0x6dad, 0x6dad, 0x6dad, 0x6dad, 0x6dad, 0x6dad, 0x6dad, 0x6dad, 0x6dad, 0x6dad, 0x6dad,
  0x6dad, 0x6dad, 0x6dad, 0x6dad, 0x6dad, 0x6dad, 0x6dad, 0x6dad, 0x6dad, 0x6dad, 0x6dad, 0x6dad,
  0x6dad, 0x6dad, 0x6dad, 0x6dad, 0x6dad, 0x6dad, 0x6dad, 0x6dad, 0x6dad, 0x6dad, 0x6dad, 0x6dad,
  0x6dad, 0x6dad, 0x6dad, 0x6dad, 0x6dad, 0x6dad, 0x6dad, 0x6dad, 0x6dad, 0x6dad, 0x6dad, 0x6dad,
  0x6dad, 0x6dad, 0x6dad, 0x6dad, 0x6dad, 0x6dad, 0x6dad, 0x6dad, 0x6dad, 0x6dad, 0x6dad, 0x75cd,
  0x75cd, 0x75cd, 0x75cd, 0x75cd, 0x75cd, 0x75cd, 0x75cd, 0x75cd, 0x75cd, 0x75cd, 0x75cd, 0x75cd,
  0x75cd, 0x75cd, 0x75cd, 0x75cd, 0x6dad, 0x6dad, 0x6dad, 0x6dad, 0x6dad, 0x6dad, 0x6dad, 0x6dad,
  0x6dad, 0x6dad, 0x6dad, 0x6dad, 0x6dad, 0x6dad, 0x6dad, 0x6dad, 0x6dad, 0x6dad, 0x6dad, 0x6dad,
  0x6dad, 0x6dad, 0x6dad, 0x6dad, 0x6dad, 0x6dad, 0x6dad, 0x6dad, 0x6dad, 0x6dad, 0x6dad, 0x6dad,
  0x6dad, 0x6dad, 0x6dad, 0x6dad, 0x6dad, 0x6dad, 0x6dad, 0x6dad, 0x6dad, 0x6dad, 0x6dad, 0x6dad,
  0x6dad, 0x6dad, 0x6dad, 0x6dad, 0x6dad, 0x6dad, 0x6dad, 0x6dad, 0x6dad, 0x6dad, 0x6dad, 0x6dad,
  0x6dad, 0x6dad, 0x6dad, 0x6dad, 0x6dad, 0x6dad, 0x6dad, 0x6dad, 0x6dad, 0x6dad, 0x6dad, 0x6dad,
  0x6dad, 0x6dad, 0x6dad, 0x6dad, 0x6dad, 0x6dad, 0x6dad, 0x6dad, 0x6dad, 0x6dad, 0x6dad, 0x6dad,
  0x6dad, 0x6dad, 0x6dad, 0x6dad, 0x6dad, 0x6dad, 0x6dad, 0x6dad, 0x6dad, 0x6dad, 0x6dad, 0x6dad,
  0x6dad, 0x6dad, 0x6dad, 0x6dad, 0x6dad, 0x6dad, 0x6dad, 0x6dad, 0x6dad, 0x6dad, 0x6dad, 0x6dad,
  0x6dad, 0x6dad, 0x6dad, 0x6dad, 0x6dad, 0x6dad, 0x6dad, 0x6dad, 0x6dad, 0x6dad, 0x6dad, 0x6dad,
  0x6dad, 0x6dad, 0x6dad, 0x6dad, 0x6dad, 0x6dad, 0x6dad, 0x6dad, 0x6dad, 0x6dad, 0x6dad, 0x6dad,
  0x6dad, 0x6dad, 0x6dad, 0x6dad, 0x6dad, 0x6dad, 0x6dad, 0x6dad, 0x6dad, 0x6dad, 0x6dad, 0x6dad,
  0x6dad, 0x6dad, 0x6dad, 0x6dad, 0x6dad, 0x6dad, 0x6dad, 0x6dad, 0x6dad, 0x6dad, 0x6dad, 0x6dad,
  0x6dad, 0x6dad, 0x6dad, 0x6dad, 0x6dad, 0x6dad, 0x6dad, 0x6dad, 0x6dad, 0x6dad, 0x6dad, 0x6dad,
  0x6dad, 0x6dad, 0x6dad, 0x6dad, 0x6dad, 0x6dad, 0x6dad, 0x6dad, 0x6dad, 0x6dad, 0x6dad, 0x6dad,
  0x6dad, 0x6dad, 0x6dad, 0x6dad, 0x6dad, 0x6dad, 0x6dad, 0x6dad, 0x6dad, 0x6dad, 0x6dad, 0x6dad,
  0x6dad, 0x6dad, 0x6dad, 0x6dad, 0x6dad, 0x6dad, 0x6dad, 0x6dad, 0x6dad, 0x6dad, 0x6dad, 0x6dad,
  0x6dad, 0x6dad, 0x6dad, 0x6dad, 0x6dad, 0x6dad, 0x6dad, 0x6dad, 0x6dad, 0x6dad, 0x6dad, 0x6dad,
  0x6dad, 0x6dad, 0x6dad, 0x6dad, 0x6dad, 0x6dad, 0x6dad, 0x6dad, 0x6dad, 0x6dad, 0x6dad, 0x6dad,
  0x6dad, 0x6dad, 0x6dad, 0x6dad, 0x6dad, 0x6dad, 0x6dad, 0x6dad, 0x6dad, 0x6dad, 0x6dad, 0x6dad,
  0x6dad, 0x6dad, 0x6dad, 0x6dad, 0x6dad, 0x6dad, 0x6dad, 0x6dad, 0x6dad, 0x6dad, 0x6dad, 0x6dad,
  0x6dad, 0x6dad, 0x6dad, 0x6dad, 0x6dad, 0x6dad, 0x6dad, 0x6dad, 0x6dad, 0x6dad, 0x6dad, 0x6dad,
  0x6dad, 0x6dad, 0x6dad, 0x6dad, 0x6dad, 0x6dad, 0x6dad, 0x6dad, 0x6dad, 0x6dad, 0x6dad, 0x6dad,
  0x6dad, 0x6dad, 0x6dad, 0x6dad, 0x6dad, 0x6dad, 0x6dad, 0x6dad, 0x6dad, 0x6dad, 0x6dad, 0x6dad,
  0x6dad, 0x6dad, 0x6dad, 0x6dad, 0x6dad, 0x6dad, 0x6dad, 0x6dad, 0x6dad, 0x6dad, 0x6dad, 0x6dad,
  0x6dad, 0x6dad, 0x6dad, 0x6dad, 0x6dad, 0x6dad, 0x6dad, 0x75ad, 0x75cd, 0x75cd, 0x75cd, 0x75cd,
  0x75cd, 0x75cd, 0x75cd, 0x75cd, 0x75cd, 0x75cd, 0x75cd, 0x75cd, 0x75cd, 0x75cd, 0x75cd, 0x75cd,
  0x6dad, 0x6dad, 0x6dad, 0x6dad, 0x6dad, 0x6dad, 0x6dad, 0x6dad, 0x6dad, 0x6dad, 0x6dad, 0x6dad,
  0x6dad, 0x6dad, 0x6dad, 0x6dad, 0x6dad, 0x6dad, 0x6dad, 0x6dad, 0x6dad, 0x6dad, 0x6dad, 0x6dad,
  0x6dad, 0x6dad, 0x6dad, 0x6dad, 0x6dad, 0x6dad, 0x6dad, 0x6dad, 0x6dad, 0x6dad, 0x6dad, 0x6dad,
  0x6dad, 0x6dad, 0x6dad, 0x6dad, 0x6dad, 0x6dad, 0x6dad, 0x6dad, 0x6dad, 0x6dad, 0x6dad, 0x6dad,
  0x6dad, 0x6dad, 0x6dad, 0x6dad, 0x6dad, 0x6dad, 0x6dad, 0x6dad, 0x6dad, 0x6dad, 0x6dad, 0x6dad,
  0x6dad, 0x6dad, 0x6dad, 0x6dad, 0x6dad, 0x6dad, 0x6dad, 0x6dad, 0x6dad, 0x6dad, 0x6dad, 0x6dad,
  0x6dad, 0x6dad, 0x6dad, 0x6dad, 0x6dad, 0x6dad, 0x6dad, 0x6dad, 0x6dad, 0x6dad, 0x6dad, 0x6dad,
  0x6dad, 0x6dad, 0x6dad, 0x6dad, 0x6dad, 0x6dad, 0x6dad, 0x6dad, 0x6dad, 0x6dad, 0x6dad, 0x6dad,
  0x6dad, 0x6dad, 0x6dad, 0x6dad, 0x6dad, 0x6dad, 0x6dad, 0x6dad, 0x6dad, 0x6dad, 0x6dad, 0x6dad,
  0x6dad, 0x6dad, 0x6dad, 0x6dad, 0x6dad, 0x6dad, 0x6dad, 0x6dad, 0x6dad, 0x6dad, 0x6dad, 0x6dad,
  0x6dad, 0x6dad, 0x6dad, 0x6dad, 0x6dad, 0x6dad, 0x6dad, 0x6dad, 0x6dad, 0x6dad, 0x6dad, 0x6dad,
  0x6dad, 0x6dad, 0x6dad, 0x6dad, 0x6dad, 0x6dad, 0x6dad, 0x6dad, 0x6dad, 0x6dad, 0x6dad, 0x6dad,
  0x6dad, 0x6dad, 0x6dad, 0x6dad, 0x6dad, 0x6dad, 0x6dad, 0x6dad, 0x6dad, 0x6dad, 0x6dad, 0x6dad,
  0x6dad, 0x6dad, 0x6dad, 0x6dad, 0x6dad, 0x6dad, 0x6dad, 0x6dad, 0x6dad, 0x6dad, 0x6dad, 0x6dad,
  0x6dad, 0x6dad, 0x6dad, 0x6dad, 0x6dad, 0x6dad, 0x6dad, 0x6dad, 0x6dad, 0x6dad, 0x6dad, 0x6dad,
  0x6dad, 0x6dad, 0x6dad, 0x6dad, 0x6dad, 0x6dad, 0x6dad, 0x6dad, 0x6dad, 0x6dad, 0x6dad, 0x6dad,
  0x6dad, 0x6dad, 0x6dad, 0x6dad, 0x6dad, 0x6dad, 0x6dad, 0x6dad, 0x6dad, 0x6dad, 0x6dad, 0x6dad,
  0x6dad, 0x6dad, 0x6dad, 0x6dad, 0x6dad, 0x6dad, 0x6dad, 0x6dad, 0x6dad, 0x6dad, 0x6dad, 0x6dad,
  0x6dad, 0x6dad, 0x6dad, 0x6dad, 0x6dad, 0x6dad, 0x6dad, 0x6dad, 0x6dad, 0x6dad, 0x6dad, 0x6dad,
  0x6dad, 0x6dad, 0x6dad, 0x6dad, 0x6dad, 0x6dad, 0x6dad, 0x6dad, 0x6dad, 0x6dad, 0x6dad, 0x6dad,
  0x6dad, 0x6dad, 0x6dad, 0x6dad, 0x6dad, 0x6dad, 0x6dad, 0x6dad, 0x6dad, 0x6dad, 0x6dad, 0x6dad,
  0x6dad, 0x6dad, 0x6dad, 0x6dad, 0x6dad, 0x6dad, 0x6dad, 0x6dad, 0x6dad, 0x6dad, 0x6dad, 0x6dad,
  0x6dad, 0x6dad, 0x6dad, 0x6dad, 0x6dad, 0x6dad, 0x6dad, 0x6dad, 0x6dad, 0x6dad, 0x6dad, 0x6dad,
  0x6dad, 0x6dad, 0x6dad, 0x6dad, 0x6dad, 0x6dad, 0x6dad, 0x6dad, 0x6dad, 0x6dad, 0x6dad, 0x6dad,
  0x6dad, 0x6dad, 0x6dad, 0x6dad, 0x6dad, 0x6dad, 0x6dad, 0x6dad, 0x6dad, 0x6dad, 0x6dad, 0x6dad,
  0x6dad, 0x6dad, 0x6dad, 0x6dad, 0x75cd, 0x75cd, 0x75cd, 0x75cd, 0x75cd, 0x75cd, 0x75cd, 0x75cd,
  0x75cd, 0x75cd, 0x75cd, 0x75cd, 0x75cd, 0x75cd, 0x75cd, 0x75cd, 0x6dad, 0x6dad, 0x6dad, 0x6dad,
  0x6dad, 0x6dad, 0x6dad, 0x6dad, 0x6dad, 0x6dad, 0x6dad, 0x6dad, 0x6dad, 0x6dad, 0x6dad, 0x6dad,
  0x6dad, 0x6dad, 0x6dad, 0x6dad, 0x6dad, 0x6dad, 0x6dad, 0x6dad, 0x6dad, 0x6dad, 0x6dad, 0x6dad,
  0x6dad, 0x6dad, 0x6dad, 0x6dad, 0x6dad, 0x6dad, 0x6dad, 0x6dad, 0x6dad, 0x6dad, 0x6dad, 0x6dad,
  0x6dad, 0x6dad, 0x6dad, 0x6dad, 0x6dad, 0x6dad, 0x6dad, 0x6dad, 0x6dad, 0x6dad, 0x6dad, 0x6dad,
  0x6dad, 0x6dad, 0x6dad, 0x6dad, 0x6dad, 0x6dad, 0x6dad, 0x6dad, 0x6dad, 0x6dad, 0x6dad, 0x6dad,
  0x6dad, 0x6dad, 0x6dad, 0x6dad, 0x6dad, 0x6dad, 0x6dad, 0x6dad, 0x6dad, 0x6dad, 0x6dad, 0x6dad,
  0x6dad, 0x6dad, 0x6dad, 0x6dad, 0x6dad, 0x6dad, 0x6dad, 0x6dad, 0x6dad, 0x6dad, 0x6dad, 0x6dad,
  0x6dad, 0x6dad, 0x6dad, 0x6dad, 0x6dad, 0x6dad, 0x6dad, 0x6dad, 0x6dad, 0x6dad, 0x6dad, 0x6dad,
  0x6dad, 0x6dad, 0x6dad, 0x6dad, 0x6dad, 0x6dad, 0x6dad, 0x6dad, 0x6dad, 0x6dad, 0x6dad, 0x6dad,
  0x6dad, 0x6dad, 0x6dad, 0x6dad, 0x6dad, 0x6dad, 0x6dad, 0x6dad, 0x6dad, 0x6dad, 0x6dad, 0x6dad,
  0x6dad, 0x6dad, 0x6dad, 0x6dad, 0x6dad, 0x6dad, 0x6dad, 0x6dad, 0x6dad, 0x6dad, 0x6dad, 0x6dad,
  0x6dad, 0x6dad, 0x6dad, 0x6dad, 0x6dad, 0x6dad, 0x6dad, 0x6dad, 0x6dad, 0x6dad, 0x6dad, 0x6dad,
  0x6dad, 0x6dad, 0x6dad, 0x6dad, 0x6dad, 0x6dad, 0x6dad, 0x6dad, 0x6dad, 0x6dad, 0x6dad, 0x6dad,
  0x6dad, 0x6dad, 0x6dad, 0x6dad, 0x6dad, 0x6dad, 0x6dad, 0x6dad, 0x6dad, 0x6dad, 0x6dad, 0x6dad,
  0x6dad, 0x6dad, 0x6dad, 0x6dad, 0x6dad, 0x6dad, 0x6dad, 0x6dad, 0x6dad, 0x6dad, 0x6dad, 0x6dad,
  0x6dad, 0x6dad, 0x6dad, 0x6dad, 0x6dad, 0x6dad, 0x6dad, 0x6dad, 0x6dad, 0x6dad, 0x6dad, 0x6dad,
  0x6dad, 0x6dad, 0x6dad, 0x6dad, 0x6dad, 0x6dad, 0x6dad, 0x6dad, 0x6dad, 0x6dad, 0x6dad, 0x6dad,
  0x6dad, 0x6dad, 0x6dad, 0x6dad, 0x6dad, 0x6dad, 0x6dad, 0x6dad, 0x6dad, 0x6dad, 0x6dad, 0x6dad,
  0x6dad, 0x6dad, 0x6dad, 0x6dad, 0x6dad, 0x6dad, 0x6dad, 0x6dad, 0x6dad, 0x6dad, 0x6dad, 0x6dad,
  0x6dad, 0x6dad, 0x6dad, 0x6dad, 0x6dad, 0x6dad, 0x6dad, 0x6dad, 0x6dad, 0x6dad, 0x6dad, 0x6dad,
  0x6dad, 0x6dad, 0x6dad, 0x6dad, 0x6dad, 0x6dad, 0x6dad, 0x6dad, 0x6dad, 0x6dad, 0x6dad, 0x6dad,
  0x6dad, 0x6dad, 0x6dad, 0x6dad, 0x6dad, 0x6dad, 0x6dad, 0x6dad, 0x6dad, 0x6dad, 0x6dad, 0x6dad,
  0x6dad, 0x6dad, 0x6dad, 0x6dad, 0x6dad, 0x6dad, 0x6dad, 0x6dad, 0x6dad, 0x6dad, 0x6dad, 0x6dad,
  0x6dad, 0x6dad, 0x6dad, 0x6dad, 0x6dad, 0x6dad, 0x6dad, 0x6dad, 0x6dad, 0x6dad, 0x6dad, 0x6dad,
  0x6dad, 0x6dad, 0x6dad, 0x6dad, 0x6dad, 0x6dad, 0x6dad, 0x6dad, 0x6dad, 0x6dad, 0x6dad, 0x6dad,
  0x75cd, 0x75cd, 0x75cd, 0x75cd, 0x75cd, 0x75cd, 0x75cd, 0x75cd, 0x75cd, 0x75cd, 0x75cd, 0x75cd,
  0x75cd, 0x75cd, 0x75cd, 0x75cd, 0x6dad, 0x6dad, 0x6dad, 0x6dad, 0x6dad, 0x6dad, 0x6dad, 0x6dad,
  0x6dad, 0x6dad, 0x6dad, 0x6dad, 0x6dad, 0x6dad, 0x6dad, 0x6dad, 0x6dad, 0x6dad, 0x6dad, 0x6dad,
  0x6dad, 0x6dad, 0x6dad, 0x6dad, 0x6dad, 0x6dad, 0x6dad, 0x6dad, 0x6dad, 0x6dad, 0x6dad, 0x6dad,
  0x6dad, 0x6dad, 0x6dad, 0x6dad, 0x6dad, 0x6dad, 0x6dad, 0x6dad, 0x6dad, 0x6dad, 0x6dad, 0x6dad,
  0x6dad, 0x6dad, 0x6dad, 0x6dad, 0x6dad, 0x6dad, 0x6dad, 0x6dad, 0x6dad, 0x6dad, 0x6dad, 0x6dad,
  0x6dad, 0x6dad, 0x6dad, 0x6dad, 0x6dad, 0x6dad, 0x6dad, 0x6dad, 0x6dad, 0x6dad, 0x6dad, 0x6dad,
  0x6dad, 0x6dad, 0x6dad, 0x6dad, 0x6dad, 0x6dad, 0x6dad, 0x6dad, 0x6dad, 0x6dad, 0x6dad, 0x6dad,
  0x6dad, 0x6dad, 0x6dad, 0x6dad, 0x6dad, 0x6dad, 0x6dad, 0x6dad, 0x6dad, 0x6dad, 0x6dad, 0x6dad,
  0x6dad, 0x6dad, 0x6dad, 0x6dad, 0x6dad, 0x6dad, 0x6dad, 0x6dad, 0x6dad, 0x6dad, 0x6dad, 0x6dad,
  0x6dad, 0x6dad, 0x6dad, 0x6dad, 0x6dad, 0x6dad, 0x6dad, 0x6dad, 0x6dad, 0x6dad, 0x6dad, 0x6dad,
  0x6dad, 0x6dad, 0x6dad, 0x6dad, 0x6dad, 0x6dad, 0x6dad, 0x6dad, 0x6dad, 0x6dad, 0x6dad, 0x6dad,
  0x6dad, 0x6dad, 0x6dad, 0x6dad, 0x6dad, 0x6dad, 0x6dad, 0x6dad, 0x6dad, 0x6dad, 0x6dad, 0x6dad,
  0x6dad, 0x6dad, 0x6dad, 0x6dad, 0x6dad, 0x6dad, 0x6dad, 0x6dad, 0x6dad, 0x6dad, 0x6dad, 0x6dad,
  0x6dad, 0x6dad, 0x6dad, 0x6dad, 0x6dad, 0x6dad, 0x6dad, 0x6dad, 0x6dad, 0x6dad, 0x6dad, 0x6dad,
  0x6dad, 0x6dad, 0x6dad, 0x6dad, 0x6dad, 0x6dad, 0x6dad, 0x6dad, 0x6dad, 0x6dad, 0x6dad, 0x6dad,
  0x6dad, 0x6dad, 0x6dad, 0x6dad, 0x6dad, 0x6dad, 0x6dad, 0x6dad, 0x6dad, 0x6dad, 0x6dad, 0x6dad,
  0x6dad, 0x6dad, 0x6dad, 0x6dad, 0x6dad, 0x6dad, 0x6dad, 0x6dad, 0x6dad, 0x6dad, 0x6dad, 0x6dad,
  0x6dad, 0x6dad, 0x6dad, 0x6dad, 0x6dad, 0x6dad, 0x6dad, 0x6dad, 0x6dad, 0x6dad, 0x6dad, 0x6dad,
  0x6dad, 0x6dad, 0x6dad, 0x6dad, 0x6dad, 0x6dad, 0x6dad, 0x6dad, 0x6dad, 0x6dad, 0x6dad, 0x6dad,
  0x6dad, 0x6dad, 0x6dad, 0x6dad, 0x6dad, 0x6dad, 0x6dad, 0x6dad, 0x6dad, 0x6dad, 0x6dad, 0x6dad,
  0x6dad, 0x6dad, 0x6dad, 0x6dad, 0x6dad, 0x6dad, 0x6dad, 0x6dad, 0x6dad, 0x6dad, 0x6dad, 0x6dad,
  0x6dad, 0x6dad, 0x6dad, 0x6dad, 0x6dad, 0x6dad, 0x6dad, 0x6dad, 0x6dad, 0x6dad, 0x6dad, 0x6dad,
  0x6dad, 0x6dad, 0x6dad, 0x6dad, 0x6dad, 0x6dad, 0x6dad, 0x6dad, 0x6dad, 0x6dad, 0x6dad, 0x6dad,
  0x6dad, 0x6dad, 0x6dad, 0x6dad, 0x6dad, 0x6dad, 0x6dad, 0x6dad, 0x6dad, 0x6dad, 0x6dad, 0x6dad,
  0x6dad, 0x6dad, 0x6dad, 0x6dad, 0x6dad, 0x6dad, 0x6dad, 0x6dad, 0x6dad, 0x6dad, 0x6dad, 0x6dad,
  0x6dad, 0x6dad, 0x6dad, 0x6dad, 0x6dad, 0x6dad, 0x6dad, 0x6dad, 0x6dad, 0x75cd, 0x75cd, 0x75cd,
  0x75cd, 0x75cd, 0x75cd, 0x75cd, 0x75cd, 0x75cd, 0x75cd, 0x75cd, 0x75cd, 0x75cd, 0x75cd, 0x75cd,
  0x6dad, 0x6dad, 0x6dad, 0x6dad, 0x6dad, 0x6dad, 0x6dad, 0x6dad, 0x6dad, 0x6dad, 0x6dad, 0x6dad,
  0x6dad, 0x6dad, 0x6dad, 0x6dad, 0x6dad, 0x6dad, 0x6dad, 0x6dad, 0x6dad, 0x6dad, 0x6dad, 0x6dad,
  0x6dad, 0x6dad, 0x6dad, 0x6dad, 0x6dad, 0x6dad, 0x6dad, 0x6dad, 0x6dad, 0x6dad, 0x6dad, 0x6dad,
  0x6dad, 0x6dad, 0x6dad, 0x6dad, 0x6dad, 0x6dad, 0x6dad, 0x6dad, 0x6dad, 0x6dad, 0x6dad, 0x6dad,
  0x6dad, 0x6dad, 0x6dad, 0x6dad, 0x6dad, 0x6dad, 0x6dad, 0x6dad, 0x6dad, 0x6dad, 0x6dad, 0x6dad,
  0x6dad, 0x6dad, 0x6dad, 0x6dad, 0x6dad, 0x6dad, 0x6dad, 0x6dad, 0x6dad, 0x6dad, 0x6dad, 0x6dad,
  0x6dad, 0x6dad, 0x6dad, 0x6dad, 0x6dad, 0x6dad, 0x6dad, 0x6dad, 0x6dad, 0x6dad, 0x6dad, 0x6dad,
  0x6dad, 0x6dad, 0x6dad, 0x6dad, 0x6dad, 0x6dad, 0x6dad, 0x6dad, 0x6dad, 0x6dad, 0x6dad, 0x6dad,
  0x6dad, 0x6dad, 0x6dad, 0x6dad, 0x6dad, 0x6dad, 0x6dad, 0x6dad, 0x6dad, 0x6dad, 0x6dad, 0x6dad,
  0x6dad, 0x6dad, 0x6dad, 0x6dad, 0x6dad, 0x6dad, 0x6dad, 0x6dad, 0x6dad, 0x6dad, 0x6dad, 0x6dad,
  0x6dad, 0x6dad, 0x6dad, 0x6dad, 0x6dad, 0x6dad, 0x6dad, 0x6dad, 0x6dad, 0x6dad, 0x6dad, 0x6dad,
  0x6dad, 0x6dad, 0x6dad, 0x6dad, 0x6dad, 0x6dad, 0x6dad, 0x6dad, 0x6dad, 0x6dad, 0x6dad, 0x6dad,
  0x6dad, 0x6dad, 0x6dad, 0x6dad, 0x6dad, 0x6dad, 0x6dad, 0x6dad, 0x6dad, 0x6dad, 0x6dad, 0x6dad,
  0x6dad, 0x6dad, 0x6dad, 0x6dad, 0x6dad, 0x6dad, 0x6dad, 0x6dad, 0x6dad, 0x6dad, 0x6dad, 0x6dad,
  0x6dad, 0x6dad, 0x6dad, 0x6dad, 0x6dad, 0x6dad, 0x6dad, 0x6dad, 0x6dad, 0x6dad, 0x6dad, 0x6dad,
  0x6dad, 0x6dad, 0x6dad, 0x6dad, 0x6dad, 0x6dad, 0x6dad, 0x6dad, 0x6dad, 0x6dad, 0x6dad, 0x6dad,
  0x6dad, 0x6dad, 0x6dad, 0x6dad, 0x6dad, 0x6dad, 0x6dad, 0x6dad, 0x6dad, 0x6dad, 0x6dad, 0x6dad,
  0x6dad, 0x6dad, 0x6dad, 0x6dad, 0x6dad, 0x6dad, 0x6dad, 0x6dad, 0x6dad, 0x6dad, 0x6dad, 0x6dad,
  0x6dad, 0x6dad, 0x6dad, 0x6dad, 0x6dad, 0x6dad, 0x6dad, 0x6dad, 0x6dad, 0x6dad, 0x6dad, 0x6dad,
  0x6dad, 0x6dad, 0x6dad, 0x6dad, 0x6dad, 0x6dad, 0x6dad, 0x6dad, 0x6dad, 0x6dad, 0x6dad, 0x6dad,
  0x6dad, 0x6dad, 0x6dad, 0x6dad, 0x6dad, 0x6dad, 0x6dad, 0x6dad, 0x6dad, 0x6dad, 0x6dad, 0x6dad,
  0x6dad, 0x6dad, 0x6dad, 0x6dad, 0x6dad, 0x6dad, 0x6dad, 0x6dad, 0x6dad, 0x6dad, 0x6dad, 0x6dad,
  0x6dad, 0x6dad, 0x6dad, 0x6dad, 0x6dad, 0x6dad, 0x6dad, 0x6dad, 0x6dad, 0x6dad, 0x6dad, 0x6dad,
  0x6dad, 0x6dad, 0x6dad, 0x6dad, 0x6dad, 0x6dad, 0x6dad, 0x6dad, 0x6dad, 0x6dad, 0x6dad, 0x6dad,
  0x6dad, 0x6dad, 0x6dad, 0x6dad, 0x6dad, 0x6dad, 0x6dad, 0x6dad, 0x6dad, 0x6dad, 0x6dad, 0x6dad,
  0x6dad, 0x6dad, 0x6dad, 0x6dad, 0x6dad, 0x6dad, 0x6dad, 0x75cd, 0x75cd, 0x75cd, 0x75cd, 0x75cd,
  0x75cd, 0x75cd, 0x75cd, 0x75cd, 0x75cd, 0x75cd, 0x75cd, 0x75cd, 0x6dad, 0x6dad, 0x6dad, 0x6dad,
  0x6dad, 0x6dad, 0x6dad, 0x6dad, 0x6dad, 0x6dad, 0x6dad, 0x6dad, 0x6dad, 0x6dad, 0x6dad, 0x6dad,
  0x6dad, 0x6dad, 0x6dad, 0x6dad, 0x6dad, 0x6dad, 0x6dad, 0x6dad, 0x6dad, 0x6dad, 0x6dad, 0x6dad,
  0x6dad, 0x6dad, 0x6dad, 0x6dad, 0x6dad, 0x6dad, 0x6dad, 0x6dad, 0x6dad, 0x6dad, 0x6dad, 0x6dad,
  0x6dad, 0x6dad, 0x6dad, 0x6dad, 0x6dad, 0x6dad, 0x6dad, 0x6dad, 0x6dad, 0x6dad, 0x6dad, 0x6dad,
  0x6dad, 0x6dad, 0x6dad, 0x6dad, 0x6dad, 0x6dad, 0x6dad, 0x6dad, 0x6dad, 0x6dad, 0x6dad, 0x6dad,
  0x6dad, 0x6dad, 0x6dad, 0x6dad, 0x6dad, 0x6dad, 0x6dad, 0x6dad, 0x6dad, 0x6dad, 0x6dad, 0x6dad,
  0x6dad, 0x6dad, 0x6dad, 0x6dad, 0x6dad, 0x6dad, 0x6dad, 0x6dad, 0x6dad, 0x6dad, 0x6dad, 0x6dad,
  0x6dad, 0x6dad, 0x6dad, 0x6dad, 0x6dad, 0x6dad, 0x6dad, 0x6dad, 0x6dad, 0x6dad, 0x6dad, 0x6dad,
  0x6dad, 0x6dad, 0x6dad, 0x6dad, 0x6dad, 0x6dad, 0x6dad, 0x6dad, 0x6dad, 0x6dad, 0x6dad, 0x6dad,
  0x6dad, 0x6dad, 0x6dad, 0x6dad, 0x6dad, 0x6dad, 0x6dad, 0x6dad, 0x6dad, 0x6dad, 0x6dad, 0x6dad,
  0x6dad, 0x6dad, 0x6dad, 0x6dad, 0x6dad, 0x6dad, 0x6dad, 0x6dad, 0x6dad, 0x6dad, 0x6dad, 0x6dad,
  0x6dad, 0x6dad, 0x6dad, 0x6dad, 0x6dad, 0x6dad, 0x6dad, 0x6dad, 0x6dad, 0x6dad, 0x6dad, 0x6dad,
  0x6dad, 0x6dad, 0x6dad, 0x6dad, 0x6dad, 0x6dad, 0x6dad, 0x6dad, 0x6dad, 0x6dad, 0x6dad, 0x6dad,
  0x6dad, 0x6dad, 0x6dad, 0x6dad, 0x6dad, 0x6dad, 0x6dad, 0x6dad, 0x6dad, 0x6dad, 0x6dad, 0x6dad,
  0x6dad, 0x6dad, 0x6dad, 0x6dad, 0x6dad, 0x6dad, 0x6dad, 0x6dad, 0x6dad, 0x6dad, 0x6dad, 0x6dad,
  0x6dad, 0x6dad, 0x6dad, 0x6dad, 0x6dad, 0x6dad, 0x6dad, 0x6dad, 0x6dad, 0x6dad, 0x6dad, 0x6dad,
  0x6dad, 0x6dad, 0x6dad, 0x6dad, 0x6dad, 0x6dad, 0x6dad, 0x6dad, 0x6dad, 0x6dad, 0x6dad, 0x6dad,
  0x6dad, 0x6dad, 0x6dad, 0x6dad, 0x6dad, 0x6dad, 0x6dad, 0x6dad, 0x6dad, 0x6dad, 0x6dad, 0x6dad,
  0x6dad, 0x6dad, 0x6dad, 0x6dad, 0x6dad, 0x6dad, 0x6dad, 0x6dad, 0x6dad, 0x6dad, 0x6dad, 0x6dad,
  0x6dad, 0x6dad, 0x6dad, 0x6dad, 0x6dad, 0x6dad, 0x6dad, 0x6dad, 0x6dad, 0x6dad, 0x6dad, 0x6dad,
  0x6dad, 0x6dad, 0x6dad, 0x6dad, 0x6dad, 0x6dad, 0x6dad, 0x6dad, 0x6dad, 0x6dad, 0x6dad, 0x6dad,
  0x6dad, 0x6dad, 0x6dad, 0x6dad, 0x6dad, 0x6dad, 0x6dad, 0x6dad, 0x6dad, 0x6dad, 0x6dad, 0x6dad,
  0x6dad, 0x6dad, 0x6dad, 0x6dad, 0x6dad, 0x6dad, 0x6dad, 0x6dad, 0x6dad, 0x6dad, 0x6dad, 0x6dad,
  0x6dad, 0x6dad, 0x6dad, 0x6dad, 0x6dad, 0x6dad, 0x6dad, 0x6dad, 0x6dad, 0x6dad, 0x6dad, 0x6dad,
  0x6dad, 0x6dad, 0x6dad, 0x6dad, 0x6dad, 0x6dad, 0x6dad, 0x6dad, 0x6dad, 0x6dad, 0x6dad, 0x6dad,
  0x6dad, 0x6dad, 0x6dad, 0x6dad, 0x6dad, 0x6dad, 0x75cd, 0x75cd, 0x75cd, 0x75cd, 0x75cd, 0x75cd,
  0x75cd, 0x75cd, 0x75cd, 0x75cd, 0x6dad, 0x6dad, 0x6dad, 0x6dad, 0x6dad, 0x6dad, 0x6dad, 0x6dad,
  0x6dad, 0x6dad, 0x6dad, 0x6dad, 0x6dad, 0x6dad, 0x6dad, 0x6dad, 0x6dad, 0x6dad, 0x6dad, 0x6dad,
  0x6dad, 0x6dad, 0x6dad, 0x6dad, 0x6dad, 0x6dad, 0x6dad, 0x6dad, 0x6dad, 0x6dad, 0x6dad, 0x6dad,
  0x6dad, 0x6dad, 0x6dad, 0x6dad, 0x6dad, 0x6dad, 0x6dad, 0x6dad, 0x6dad, 0x6dad, 0x6dad, 0x6dad,
  0x6dad, 0x6dad, 0x6dad, 0x6dad, 0x6dad, 0x6dad, 0x6dad, 0x6dad, 0x6dad, 0x6dad, 0x6dad, 0x6dad,
  0x6dad, 0x6dad, 0x6dad, 0x6dad, 0x6dad, 0x6dad, 0x6dad, 0x6dad, 0x6dad, 0x6dad, 0x6dad, 0x6dad,
  0x6dad, 0x6dad, 0x6dad, 0x6dad, 0x6dad, 0x6dad, 0x6dad, 0x6dad, 0x6dad, 0x6dad, 0x6dad, 0x6dad,
  0x6dad, 0x6dad, 0x6dad, 0x6dad, 0x6dad, 0x6dad, 0x6dad, 0x6dad, 0x6dad, 0x6dad, 0x6dad, 0x6dad,
  0x6dad, 0x6dad, 0x6dad, 0x6dad, 0x6dad, 0x6dad, 0x6dad, 0x6dad, 0x6dad, 0x6dad, 0x6dad, 0x6dad,
  0x6dad, 0x6dad, 0x6dad, 0x6dad, 0x6dad, 0x6dad, 0x6dad, 0x6dad, 0x6dad, 0x6dad, 0x6dad, 0x6dad,
  0x6dad, 0x6dad, 0x6dad, 0x6dad, 0x6dad, 0x6dad, 0x6dad, 0x6dad, 0x6dad, 0x6dad, 0x6dad, 0x6dad,
  0x6dad, 0x6dad, 0x6dad, 0x6dad, 0x6dad, 0x6dad, 0x6dad, 0x6dad, 0x6dad, 0x6dad, 0x6dad, 0x6dad,
  0x6dad, 0x6dad, 0x6dad, 0x6dad, 0x6dad, 0x6dad, 0x6dad, 0x6dad, 0x6dad, 0x6dad, 0x6dad, 0x6dad,
  0x6dad, 0x6dad, 0x6dad, 0x6dad, 0x6dad, 0x6dad, 0x6dad, 0x6dad, 0x6dad, 0x6dad, 0x6dad, 0x6dad,
  0x6dad, 0x6dad, 0x6dad, 0x6dad, 0x6dad, 0x6dad, 0x6dad, 0x6dad, 0x6dad, 0x6dad, 0x6dad, 0x6dad,
  0x6dad, 0x6dad, 0x6dad, 0x6dad, 0x6dad, 0x6dad, 0x6dad, 0x6dad, 0x6dad, 0x6dad, 0x6dad, 0x6dad,
  0x6dad, 0x6dad, 0x6dad, 0x6dad, 0x6dad, 0x6dad, 0x6dad, 0x6dad, 0x6dad, 0x6dad, 0x6dad, 0x6dad,
  0x6dad, 0x6dad, 0x6dad, 0x6dad, 0x6dad, 0x6dad, 0x6dad, 0x6dad, 0x6dad, 0x6dad, 0x6dad, 0x6dad,
  0x6dad, 0x6dad, 0x6dad, 0x6dad, 0x6dad, 0x6dad, 0x6dad, 0x6dad, 0x6dad, 0x6dad, 0x6dad, 0x6dad,
  0x6dad, 0x6dad, 0x6dad, 0x6dad, 0x6dad, 0x6dad, 0x6dad, 0x6dad, 0x6dad, 0x6dad, 0x6dad, 0x6dad,
  0x6dad, 0x6dad, 0x6dad, 0x6dad, 0x6dad, 0x6dad, 0x6dad, 0x6dad, 0x6dad, 0x6dad, 0x6dad, 0x6dad,
  0x6dad, 0x6dad, 0x6dad, 0x6dad, 0x6dad, 0x6dad, 0x6dad, 0x6dad, 0x6dad, 0x6dad, 0x6dad, 0x6dad,
  0x6dad, 0x6dad, 0x6dad, 0x6dad, 0x6dad, 0x6dad, 0x6dad, 0x6dad, 0x6dad, 0x6dad, 0x6dad, 0x6dad,
  0x6dad, 0x6dad, 0x6dad, 0x6dad, 0x6dad, 0x6dad, 0x6dad, 0x6dad, 0x6dad, 0x6dad, 0x6dad, 0x6dad,
  0x6dad, 0x6dad, 0x6dad, 0x6dad, 0x6dad, 0x6dad, 0x6dad, 0x6dad, 0x6dad, 0x6dad, 0x6dad, 0x6dad,
  0x6dad, 0x6dad, 0x6dad, 0x6dad, 0x6dad, 0x6dad, 0x6dad, 0x6dad, 0x6dad, 0x6dad, 0x6dad, 0x6dad,
  0x6dad, 0x6dad, 0x6dad, 0x75ad, 0x75cd, 0x75cd, 0x75cd, 0x75cd, 0x75cd, 0x75cd, 0x75cd, 0x75cd,
  0x6dad, 0x6dad, 0x6dad, 0x6dad, 0x6dad, 0x6dad, 0x6dad, 0x6dad, 0x6dad, 0x6dad, 0x6dad, 0x6dad,
  0x6dad, 0x6dad, 0x6dad, 0x6dad, 0x6dad, 0x6dad, 0x6dad, 0x6dad, 0x6dad, 0x6dad, 0x6dad, 0x6dad,
  0x6dad, 0x6dad, 0x6dad, 0x6dad, 0x6dad, 0x6dad, 0x6dad, 0x6dad, 0x6dad, 0x6dad, 0x6dad, 0x6dad,
  0x6dad, 0x6dad, 0x6dad, 0x6dad, 0x6dad, 0x6dad, 0x6dad, 0x6dad, 0x6dad, 0x6dad, 0x6dad, 0x6dad,
  0x6dad, 0x6dad, 0x6dad, 0x6dad, 0x6dad, 0x6dad, 0x6dad, 0x6dad, 0x6dad, 0x6dad, 0x6dad, 0x6dad,
  0x6dad, 0x6dad, 0x6dad, 0x6dad, 0x6dad, 0x6dad, 0x6dad, 0x6dad, 0x6dad, 0x6dad, 0x6dad, 0x6dad,
  0x6dad, 0x6dad, 0x6dad, 0x6dad, 0x6dad, 0x6dad, 0x6dad, 0x6dad, 0x6dad, 0x6dad, 0x6dad, 0x6dad,
  0x6dad, 0x6dad, 0x6dad, 0x6dad, 0x6dad, 0x6dad, 0x6dad, 0x6dad, 0x6dad, 0x6dad, 0x6dad, 0x6dad,
  0x6dad, 0x6dad, 0x6dad, 0x6dad, 0x6dad, 0x6dad, 0x6dad, 0x6dad, 0x6dad, 0x6dad, 0x6dad, 0x6dad,
  0x6dad, 0x6dad, 0x6dad, 0x6dad, 0x6dad, 0x6dad, 0x6dad, 0x6dad, 0x6dad, 0x6dad, 0x6dad, 0x6dad,
  0x6dad, 0x6dad, 0x6dad, 0x6dad, 0x6dad, 0x6dad, 0x6dad, 0x6dad, 0x6dad, 0x6dad, 0x6dad, 0x6dad,
  0x6dad, 0x6dad, 0x6dad, 0x6dad, 0x6dad, 0x6dad, 0x6dad, 0x6dad, 0x6dad, 0x6dad, 0x6dad, 0x6dad,
  0x6dad, 0x6dad, 0x6dad, 0x6dad, 0x6dad, 0x6dad, 0x6dad, 0x6dad, 0x6dad, 0x6dad, 0x6dad, 0x6dad,
  0x6dad, 0x6dad, 0x6dad, 0x6dad, 0x6dad, 0x6dad, 0x6dad, 0x6dad, 0x6dad, 0x6dad, 0x6dad, 0x6dad,
  0x6dad, 0x6dad, 0x6dad, 0x6dad, 0x6dad, 0x6dad, 0x6dad, 0x6dad, 0x6dad, 0x6dad, 0x6dad, 0x6dad,
  0x6dad, 0x6dad, 0x6dad, 0x6dad, 0x6dad, 0x6dad, 0x6dad, 0x6dad, 0x6dad, 0x6dad, 0x6dad, 0x6dad,
  0x6dad, 0x6dad, 0x6dad, 0x6dad, 0x6dad, 0x6dad, 0x6dad, 0x6dad, 0x6dad, 0x6dad, 0x6dad, 0x6dad,
  0x6dad, 0x6dad, 0x6dad, 0x6dad, 0x6dad, 0x6dad, 0x6dad, 0x6dad, 0x6dad, 0x6dad, 0x6dad, 0x6dad,
  0x6dad, 0x6dad, 0x6dad, 0x6dad, 0x6dad, 0x6dad, 0x6dad, 0x6dad, 0x6dad, 0x6dad, 0x6dad, 0x6dad,
  0x6dad, 0x6dad, 0x6dad, 0x6dad, 0x6dad, 0x6dad, 0x6dad, 0x6dad, 0x6dad, 0x6dad, 0x6dad, 0x6dad,
  0x6dad, 0x6dad, 0x6dad, 0x6dad, 0x6dad, 0x6dad, 0x6dad, 0x6dad, 0x6dad, 0x6dad, 0x6dad, 0x6dad,
  0x6dad, 0x6dad, 0x6dad, 0x6dad, 0x6dad, 0x6dad, 0x6dad, 0x6dad, 0x6dad, 0x6dad, 0x6dad, 0x6dad,
  0x6dad, 0x6dad, 0x6dad, 0x6dad, 0x6dad, 0x6dad, 0x6dad, 0x6dad, 0x6dad, 0x6dad, 0x6dad, 0x6dad,
  0x6dad, 0x6dad, 0x6dad, 0x6dad, 0x6dad, 0x6dad, 0x6dad, 0x6dad, 0x6dad, 0x6dad, 0x6dad, 0x6dad,
  0x6dad, 0x6dad, 0x6dad, 0x6dad, 0x6dad, 0x6dad, 0x6dad, 0x6dad, 0x6dad, 0x6dad, 0x6dad, 0x6dad,
  0x6dad, 0x6dad, 0x6dad, 0x6dad, 0x6dad, 0x6dad, 0x6dad, 0x6dad, 0x6dad, 0x6dad, 0x6dad, 0x6dad,
  0x6dad, 0x75cd, 0x75cd, 0x75cd, 0x75cd, 0x75cd, 0x75cd, 0x75cd, 0x6dad, 0x6dad, 0x6dad, 0x6dad,
  0x6dad, 0x6dad, 0x6dad, 0x6dad, 0x6dad, 0x6dad, 0x6dad, 0x6dad, 0x6dad, 0x6dad, 0x6dad, 0x6dad,
  0x6dad, 0x6dad, 0x6dad, 0x6dad, 0x6dad, 0x6dad, 0x6dad, 0x6dad, 0x6dad, 0x6dad, 0x6dad, 0x6dad,
  0x6dad, 0x6dad, 0x6dad, 0x6dad, 0x6dad, 0x6dad, 0x6dad, 0x6dad, 0x6dad, 0x6dad, 0x6dad, 0x6dad,
  0x6dad, 0x6dad, 0x6dad, 0x6dad, 0x6dad, 0x6dad, 0x6dad, 0x6dad, 0x6dad, 0x6dad, 0x6dad, 0x6dad,
  0x6dad, 0x6dad, 0x6dad, 0x6dad, 0x6dad, 0x6dad, 0x6dad, 0x6dad, 0x6dad, 0x6dad, 0x6dad, 0x6dad,
  0x6dad, 0x6dad, 0x6dad, 0x6dad, 0x6dad, 0x6dad, 0x6dad, 0x6dad, 0x6dad, 0x6dad, 0x6dad, 0x6dad,
  0x6dad, 0x6dad, 0x6dad, 0x6dad, 0x6dad, 0x6dad, 0x6dad, 0x6dad, 0x6dad, 0x6dad, 0x6dad, 0x6dad,
  0x6dad, 0x6dad, 0x6dad, 0x6dad, 0x6dad, 0x6dad, 0x6dad, 0x6dad, 0x6dad, 0x6dad, 0x6dad, 0x6dad,
  0x6dad, 0x6dad, 0x6dad, 0x6dad, 0x6dad, 0x6dad, 0x6dad, 0x6dad, 0x6dad, 0x6dad, 0x6dad, 0x6dad,
  0x6dad, 0x6dad, 0x6dad, 0x6dad, 0x6dad, 0x6dad, 0x6dad, 0x6dad, 0x6dad, 0x6dad, 0x6dad, 0x6dad,
  0x6dad, 0x6dad, 0x6dad, 0x6dad, 0x6dad, 0x6dad, 0x6dad, 0x6dad, 0x6dad, 0x6dad, 0x6dad, 0x6dad,
  0x6dad, 0x6dad, 0x6dad, 0x6dad, 0x6dad, 0x6dad, 0x6dad, 0x6dad, 0x6dad, 0x6dad, 0x6dad, 0x6dad,
  0x6dad, 0x6dad, 0x6dad, 0x6dad, 0x6dad, 0x6dad, 0x6dad, 0x6dad, 0x6dad, 0x6dad, 0x6dad, 0x6dad,
  0x6dad, 0x6dad, 0x6dad, 0x6dad, 0x6dad, 0x6dad, 0x6dad, 0x6dad, 0x6dad, 0x6dad, 0x6dad, 0x6dad,
  0x6dad, 0x6dad, 0x6dad, 0x6dad, 0x6dad, 0x6dad, 0x6dad, 0x6dad, 0x6dad, 0x6dad, 0x6dad, 0x6dad,
  0x6dad, 0x6dad, 0x6dad, 0x6dad, 0x6dad, 0x6dad, 0x6dad, 0x6dad, 0x6dad, 0x6dad, 0x6dad, 0x6dad,
  0x6dad, 0x6dad, 0x6dad, 0x6dad, 0x6dad, 0x6dad, 0x6dad, 0x6dad, 0x6dad, 0x6dad, 0x6dad, 0x6dad,
  0x6dad, 0x6dad, 0x6dad, 0x6dad, 0x6dad, 0x6dad, 0x6dad, 0x6dad, 0x6dad, 0x6dad, 0x6dad, 0x6dad,
  0x6dad, 0x6dad, 0x6dad, 0x6dad, 0x6dad, 0x6dad, 0x6dad, 0x6dad, 0x6dad, 0x6dad, 0x6dad, 0x6dad,
  0x6dad, 0x6dad, 0x6dad, 0x6dad, 0x6dad, 0x6dad, 0x6dad, 0x6dad, 0x6dad, 0x6dad, 0x6dad, 0x6dad,
  0x6dad, 0x6dad, 0x6dad, 0x6dad, 0x6dad, 0x6dad, 0x6dad, 0x6dad, 0x6dad, 0x6dad, 0x6dad, 0x6dad,
  0x6dad, 0x6dad, 0x6dad, 0x6dad, 0x6dad, 0x6dad, 0x6dad, 0x6dad, 0x6dad, 0x6dad, 0x6dad, 0x6dad,
  0x6dad, 0x6dad, 0x6dad, 0x6dad, 0x6dad, 0x6dad, 0x6dad, 0x6dad, 0x6dad, 0x6dad, 0x6dad, 0x6dad,
  0x6dad, 0x6dad, 0x6dad, 0x6dad, 0x6dad, 0x6dad, 0x6dad, 0x6dad, 0x6dad, 0x6dad, 0x6dad, 0x6dad,
  0x6dad, 0x6dad, 0x6dad, 0x6dad, 0x6dad, 0x6dad, 0x6dad, 0x6dad, 0x6dad, 0x6dad, 0x6dad, 0x6dad,
  0x6dad, 0x6dad, 0x6dad, 0x6dad, 0x6dad, 0x6dad, 0x6dad, 0x6dad, 0x6dad, 0x75ad, 0x75cd, 0x75cd,
  0x75cd, 0x75cd, 0x75cd, 0x75cd, 0x6dad, 0x6dad, 0x6dad, 0x6dad, 0x6dad, 0x6dad, 0x6dad, 0x6dad,
  0x6dad, 0x6dad, 0x6dad, 0x6dad, 0x6dad, 0x6dad, 0x6dad, 0x6dad, 0x6dad, 0x6dad, 0x6dad, 0x6dad,
  0x6dad, 0x6dad, 0x6dad, 0x6dad, 0x6dad, 0x6dad, 0x6dad, 0x6dad, 0x6dad, 0x6dad, 0x6dad, 0x6dad,
  0x6dad, 0x6dad, 0x6dad, 0x6dad, 0x6dad, 0x6dad, 0x6dad, 0x6dad, 0x6dad, 0x6dad, 0x6dad, 0x6dad,
  0x6dad, 0x6dad, 0x6dad, 0x6dad, 0x6dad, 0x6dad, 0x6dad, 0x6dad, 0x6dad, 0x6dad, 0x6dad, 0x6dad,
  0x6dad, 0x6dad, 0x6dad, 0x6dad, 0x6dad, 0x6dad, 0x6dad, 0x6dad, 0x6dad, 0x6dad, 0x6dad, 0x6dad,
  0x6dad, 0x6dad, 0x6dad, 0x6dad, 0x6dad, 0x6dad, 0x6dad, 0x6dad, 0x6dad, 0x6dad, 0x6dad, 0x6dad,
  0x6dad, 0x6dad, 0x6dad, 0x6dad, 0x6dad, 0x6dad, 0x6dad, 0x6dad, 0x6dad, 0x6dad, 0x6dad, 0x6dad,
  0x6dad, 0x6dad, 0x6dad, 0x6dad, 0x6dad, 0x6dad, 0x6dad, 0x6dad, 0x6dad, 0x6dad, 0x6dad, 0x6dad,
  0x6dad, 0x6dad, 0x6dad, 0x6dad, 0x6dad, 0x6dad, 0x6dad, 0x6dad, 0x6dad, 0x6dad, 0x6dad, 0x6dad,
  0x6dad, 0x6dad, 0x6dad, 0x6dad, 0x6dad, 0x6dad, 0x6dad, 0x6dad, 0x6dad, 0x6dad, 0x6dad, 0x6dad,
  0x6dad, 0x6dad, 0x6dad, 0x6dad, 0x6dad, 0x6dad, 0x6dad, 0x6dad, 0x6dad, 0x6dad, 0x6dad, 0x6dad,
  0x6dad, 0x6dad, 0x6dad, 0x6dad, 0x6dad, 0x6dad, 0x6dad, 0x6dad, 0x6dad, 0x6dad, 0x6dad, 0x6dad,
  0x6dad, 0x6dad, 0x6dad, 0x6dad, 0x6dad, 0x6dad, 0x6dad, 0x6dad, 0x6dad, 0x6dad, 0x6dad, 0x6dad,
  0x6dad, 0x6dad, 0x6dad, 0x6dad, 0x6dad, 0x6dad, 0x6dad, 0x6dad, 0x6dad, 0x6dad, 0x6dad, 0x6dad,
  0x6dad, 0x6dad, 0x6dad, 0x6dad, 0x6dad, 0x6dad, 0x6dad, 0x6dad, 0x6dad, 0x6dad, 0x6dad, 0x6dad,
  0x6dad, 0x6dad, 0x6dad, 0x6dad, 0x6dad, 0x6dad, 0x6dad, 0x6dad, 0x6dad, 0x6dad, 0x6dad, 0x6dad,
  0x6dad, 0x6dad, 0x6dad, 0x6dad, 0x6dad, 0x6dad, 0x6dad, 0x6dad, 0x6dad, 0x6dad, 0x6dad, 0x6dad,
  0x6dad, 0x6dad, 0x6dad, 0x6dad, 0x6dad, 0x6dad, 0x6dad, 0x6dad, 0x6dad, 0x6dad, 0x6dad, 0x6dad,
  0x6dad, 0x6dad, 0x6dad, 0x6dad, 0x6dad, 0x6dad, 0x6dad, 0x6dad, 0x6dad, 0x6dad, 0x6dad, 0x6dad,
  0x6dad, 0x6dad, 0x6dad, 0x6dad, 0x6dad, 0x6dad, 0x6dad, 0x6dad, 0x6dad, 0x6dad, 0x6dad, 0x6dad,
  0x6dad, 0x6dad, 0x6dad, 0x6dad, 0x6dad, 0x6dad, 0x6dad, 0x6dad, 0x6dad, 0x6dad, 0x6dad, 0x6dad,
  0x6dad, 0x6dad, 0x6dad, 0x6dad, 0x6dad, 0x6dad, 0x6dad, 0x6dad, 0x6dad, 0x6dad, 0x6dad, 0x6dad,
  0x6dad, 0x6dad, 0x6dad, 0x6dad, 0x6dad, 0x6dad, 0x6dad, 0x6dad, 0x6dad, 0x6dad, 0x6dad, 0x6dad,
  0x6dad, 0x6dad, 0x6dad, 0x6dad, 0x6dad, 0x6dad, 0x6dad, 0x6dad, 0x6dad, 0x6dad, 0x6dad, 0x6dad,
  0x6dad, 0x6dad, 0x6dad, 0x6dad, 0x6dad, 0x6dad, 0x6dad, 0x6dad, 0x6dad, 0x6dad, 0x6dad, 0x6dad,
  0x6dad, 0x6dad, 0x6dad, 0x6dad, 0x6dad, 0x6dad, 0x75cd, 0x75cd, 0x75cd, 0x75cd, 0x75cd, 0x75cd,
  0x6dad, 0x6dad, 0x6dad, 0x6dad, 0x6dad, 0x6dad, 0x6dad, 0x6dad, 0x6dad, 0x6dad, 0x6dad, 0x6dad,
  0x6dad, 0x6dad, 0x6dad, 0x6dad, 0x6dad, 0x6dad, 0x6dad, 0x6dad, 0x6dad, 0x6dad, 0x6dad, 0x6dad,
  0x6dad, 0x6dad, 0x6dad, 0x6dad, 0x6dad, 0x6dad, 0x6dad, 0x6dad, 0x6dad, 0x6dad, 0x6dad, 0x6dad,
  0x6dad, 0x6dad, 0x6dad, 0x6dad, 0x6dad, 0x6dad, 0x6dad, 0x6dad, 0x6dad, 0x6dad, 0x6dad, 0x6dad,
  0x6dad, 0x6dad, 0x6dad, 0x6dad, 0x6dad, 0x6dad, 0x6dad, 0x6dad, 0x6dad, 0x6dad, 0x6dad, 0x6dad,
  0x6dad, 0x6dad, 0x6dad, 0x6dad, 0x6dad, 0x6dad, 0x6dad, 0x6dad, 0x6dad, 0x6dad, 0x6dad, 0x6dad,
  0x6dad, 0x6dad, 0x6dad, 0x6dad, 0x6dad, 0x6dad, 0x6dad, 0x6dad, 0x6dad, 0x6dad, 0x6dad, 0x6dad,
  0x6dad, 0x6dad, 0x6dad, 0x6dad, 0x6dad, 0x6dad, 0x6dad, 0x6dad, 0x6dad, 0x6dad, 0x6dad, 0x6dad,
  0x6dad, 0x6dad, 0x6dad, 0x6dad, 0x6dad, 0x6dad, 0x6dad, 0x6dad, 0x6dad, 0x6dad, 0x6dad, 0x6dad,
  0x6dad, 0x6dad, 0x6dad, 0x6dad, 0x6dad, 0x6dad, 0x6dad, 0x6dad, 0x6dad, 0x6dad, 0x6dad, 0x6dad,
  0x6dad, 0x6dad, 0x6dad, 0x6dad, 0x6dad, 0x6dad, 0x6dad, 0x6dad, 0x6dad, 0x6dad, 0x6dad, 0x6dad,
  0x6dad, 0x6dad, 0x6dad, 0x6dad, 0x6dad, 0x6dad, 0x6dad, 0x6dad, 0x6dad, 0x6dad, 0x6dad, 0x6dad,
  0x6dad, 0x6dad, 0x6dad, 0x6dad, 0x6dad, 0x6dad, 0x6dad, 0x6dad, 0x6dad, 0x6dad, 0x6dad, 0x6dad,
  0x6dad, 0x6dad, 0x6dad, 0x6dad, 0x6dad, 0x6dad, 0x6dad, 0x6dad, 0x6dad, 0x6dad, 0x6dad, 0x6dad,
  0x6dad, 0x6dad, 0x6dad, 0x6dad, 0x6dad, 0x6dad, 0x6dad, 0x6dad, 0x6dad, 0x6dad, 0x6dad, 0x6dad,
  0x6dad, 0x6dad, 0x6dad, 0x6dad, 0x6dad, 0x6dad, 0x6dad, 0x6dad, 0x6dad, 0x6dad, 0x6dad, 0x6dad,
  0x6dad, 0x6dad, 0x6dad, 0x6dad, 0x6dad, 0x6dad, 0x6dad, 0x6dad, 0x6dad, 0x6dad, 0x6dad, 0x6dad,
  0x6dad, 0x6dad, 0x6dad, 0x6dad, 0x6dad, 0x6dad, 0x6dad, 0x6dad, 0x6dad, 0x6dad, 0x6dad, 0x6dad,
  0x6dad, 0x6dad, 0x6dad, 0x6dad, 0x6dad, 0x6dad, 0x6dad, 0x6dad, 0x6dad, 0x6dad, 0x6dad, 0x6dad,
  0x6dad, 0x6dad, 0x6dad, 0x6dad, 0x6dad, 0x6dad, 0x6dad, 0x6dad, 0x6dad, 0x6dad, 0x6dad, 0x6dad,
  0x6dad, 0x6dad, 0x6dad, 0x6dad, 0x6dad, 0x6dad, 0x6dad, 0x6dad, 0x6dad, 0x6dad, 0x6dad, 0x6dad,
  0x6dad, 0x6dad, 0x6dad, 0x6dad, 0x6dad, 0x6dad, 0x6dad, 0x6dad, 0x6dad, 0x6dad, 0x6dad, 0x6dad,
  0x6dad, 0x6dad, 0x6dad, 0x6dad, 0x6dad, 0x6dad, 0x6dad, 0x6dad, 0x6dad, 0x6dad, 0x6dad, 0x6dad,
  0x6dad, 0x6dad, 0x6dad, 0x6dad, 0x6dad, 0x6dad, 0x6dad, 0x6dad, 0x6dad, 0x6dad, 0x6dad, 0x6dad,
  0x6dad, 0x6dad, 0x6dad, 0x6dad, 0x6dad, 0x6dad, 0x6dad, 0x6dad, 0x6dad, 0x6dad, 0x6dad, 0x6dad,
  0x6dad, 0x6dad, 0x6dad, 0x6dad, 0x6dad, 0x6dad, 0x6dad, 0x6dad, 0x6dad, 0x6dad, 0x6dad, 0x6dad,
  0x6dad, 0x6dad, 0x75cd, 0x75cd, 0x75cd, 0x75cd, 0x75cd, 0x75cd, 0x6dad, 0x6dad, 0x6dad, 0x6dad,
  0x6dad, 0x6dad, 0x6dad, 0x6dad, 0x6dad, 0x6dad, 0x6dad, 0x6dad, 0x6dad, 0x6dad, 0x6dad, 0x6dad,
  0x6dad, 0x6dad, 0x6dad, 0x6dad, 0x6dad, 0x6dad, 0x6dad, 0x6dad, 0x6dad, 0x6dad, 0x6dad, 0x6dad,
  0x6dad, 0x6dad, 0x6dad, 0x6dad, 0x6dad, 0x6dad, 0x6dad, 0x6dad, 0x6dad, 0x6dad, 0x6dad, 0x6dad,
  0x6dad, 0x6dad, 0x6dad, 0x6dad, 0x6dad, 0x6dad, 0x6dad, 0x6dad, 0x6dad, 0x6dad, 0x6dad, 0x6dad,
  0x6dad, 0x6dad, 0x6dad, 0x6dad, 0x6dad, 0x6dad, 0x6dad, 0x6dad, 0x6dad, 0x6dad, 0x6dad, 0x6dad,
  0x6dad, 0x6dad, 0x6dad, 0x6dad, 0x6dad, 0x6dad, 0x6dad, 0x6dad, 0x6dad, 0x6dad, 0x6dad, 0x6dad,
  0x6dad, 0x6dad, 0x6dad, 0x6dad, 0x6dad, 0x6dad, 0x6dad, 0x6dad, 0x6dad, 0x6dad, 0x6dad, 0x6dad,
  0x6dad, 0x6dad, 0x6dad, 0x6dad, 0x6dad, 0x6dad, 0x6dad, 0x6dad, 0x6dad, 0x6dad, 0x6dad, 0x6dad,
  0x6dad, 0x6dad, 0x6dad, 0x6dad, 0x6dad, 0x6dad, 0x6dad, 0x6dad, 0x6dad, 0x6dad, 0x6dad, 0x6dad,
  0x6dad, 0x6dad, 0x6dad, 0x6dad, 0x6dad, 0x6dad, 0x6dad, 0x6dad, 0x6dad, 0x6dad, 0x6dad, 0x6dad,
  0x6dad, 0x6dad, 0x6dad, 0x6dad, 0x6dad, 0x6dad, 0x6dad, 0x6dad, 0x6dad, 0x6dad, 0x6dad, 0x6dad,
  0x6dad, 0x6dad, 0x6dad, 0x6dad, 0x6dad, 0x6dad, 0x6dad, 0x6dad, 0x6dad, 0x6dad, 0x6dad, 0x6dad,
  0x6dad, 0x6dad, 0x6dad, 0x6dad, 0x6dad, 0x6dad, 0x6dad, 0x6dad, 0x6dad, 0x6dad, 0x6dad, 0x6dad,
  0x6dad, 0x6dad, 0x6dad, 0x6dad, 0x6dad, 0x6dad, 0x6dad, 0x6dad, 0x6dad, 0x6dad, 0x6dad, 0x6dad,
  0x6dad, 0x6dad, 0x6dad, 0x6dad, 0x6dad, 0x6dad, 0x6dad, 0x6dad, 0x6dad, 0x6dad, 0x6dad, 0x6dad,
  0x6dad, 0x6dad, 0x6dad, 0x6dad, 0x6dad, 0x6dad, 0x6dad, 0x6dad, 0x6dad, 0x6dad, 0x6dad, 0x6dad,
  0x6dad, 0x6dad, 0x6dad, 0x6dad, 0x6dad, 0x6dad, 0x6dad, 0x6dad, 0x6dad, 0x6dad, 0x6dad, 0x6dad,
  0x6dad, 0x6dad, 0x6dad, 0x6dad, 0x6dad, 0x6dad, 0x6dad, 0x6dad, 0x6dad, 0x6dad, 0x6dad, 0x6dad,
  0x6dad, 0x6dad, 0x6dad, 0x6dad, 0x6dad, 0x6dad, 0x6dad, 0x6dad, 0x6dad, 0x6dad, 0x6dad, 0x6dad,
  0x6dad, 0x6dad, 0x6dad, 0x6dad, 0x6dad, 0x6dad, 0x6dad, 0x6dad, 0x6dad, 0x6dad, 0x6dad, 0x6dad,
  0x6dad, 0x6dad, 0x6dad, 0x6dad, 0x6dad, 0x6dad, 0x6dad, 0x6dad, 0x6dad, 0x6dad, 0x6dad, 0x6dad,
  0x6dad, 0x6dad, 0x6dad, 0x6dad, 0x6dad, 0x6dad, 0x6dad, 0x6dad, 0x6dad, 0x6dad, 0x6dad, 0x6dad,
  0x6dad, 0x6dad, 0x6dad, 0x6dad, 0x6dad, 0x6dad, 0x6dad, 0x6dad, 0x6dad, 0x6dad, 0x6dad, 0x6dad,
  0x6dad, 0x6dad, 0x6dad, 0x6dad, 0x6dad, 0x6dad, 0x6dad, 0x6dad, 0x6dad, 0x6dad, 0x6dad, 0x6dad,
  0x6dad, 0x6dad, 0x6dad, 0x6dad, 0x6dad, 0x6dad, 0x6dad, 0x6dad, 0x6dad, 0x6dad, 0x6dad, 0x6dad,
  0x6dad, 0x6dad, 0x6dad, 0x6dad, 0x6dad, 0x6dad, 0x6dad, 0x6dad, 0x6dad, 0x6dad, 0x75cd, 0x75cd,
  0x75cd, 0x75cd, 0x75cd, 0x75cd, 0x6dad, 0x6dad, 0x6dad, 0x6dad, 0x6dad, 0x6dad, 0x6dad, 0x6dad,
  0x6dad, 0x6dad, 0x6dad, 0x6dad, 0x6dad, 0x6dad, 0x6dad, 0x6dad, 0x6dad, 0x6dad, 0x6dad, 0x6dad,
  0x6dad, 0x6dad, 0x6dad, 0x6dad, 0x6dad, 0x6dad, 0x6dad, 0x6dad, 0x6dad, 0x6dad, 0x6dad, 0x6dad,
  0x6dad, 0x6dad, 0x6dad, 0x6dad, 0x6dad, 0x6dad, 0x6dad, 0x6dad, 0x6dad, 0x6dad, 0x6dad, 0x6dad,
  0x6dad, 0x6dad, 0x6dad, 0x6dad, 0x6dad, 0x6dad, 0x6dad, 0x6dad, 0x6dad, 0x6dad, 0x6dad, 0x6dad,
  0x6dad, 0x6dad, 0x6dad, 0x6dad, 0x6dad, 0x6dad, 0x6dad, 0x6dad, 0x6dad, 0x6dad, 0x6dad, 0x6dad,
  0x6dad, 0x6dad, 0x6dad, 0x6dad, 0x6dad, 0x6dad, 0x6dad, 0x6dad, 0x6dad, 0x6dad, 0x6dad, 0x6dad,
  0x6dad, 0x6dad, 0x6dad, 0x6dad, 0x6dad, 0x6dad, 0x6dad, 0x6dad, 0x6dad, 0x6dad, 0x6dad, 0x6dad,
  0x6dad, 0x6dad, 0x6dad, 0x6dad, 0x6dad, 0x6dad, 0x6dad, 0x6dad, 0x6dad, 0x6dad, 0x6dad, 0x6dad,
  0x6dad, 0x6dad, 0x6dad, 0x6dad, 0x6dad, 0x6dad, 0x6dad, 0x6dad, 0x6dad, 0x6dad, 0x6dad, 0x6dad,
  0x6dad, 0x6dad, 0x6dad, 0x6dad, 0x6dad, 0x6dad, 0x6dad, 0x6dad, 0x6dad, 0x6dad, 0x6dad, 0x6dad,
  0x6dad, 0x6dad, 0x6dad, 0x6dad, 0x6dad, 0x6dad, 0x6dad, 0x6dad, 0x6dad, 0x6dad, 0x6dad, 0x6dad,
  0x6dad, 0x6dad, 0x6dad, 0x6dad, 0x6dad, 0x6dad, 0x6dad, 0x6dad, 0x6dad, 0x6dad, 0x6dad, 0x6dad,
  0x6dad, 0x6dad, 0x6dad, 0x6dad, 0x6dad, 0x6dad, 0x6dad, 0x6dad, 0x6dad, 0x6dad, 0x6dad, 0x6dad,
  0x6dad, 0x6dad, 0x6dad, 0x6dad, 0x6dad, 0x6dad, 0x6dad, 0x6dad, 0x6dad, 0x6dad, 0x6dad, 0x6dad,
  0x6dad, 0x6dad, 0x6dad, 0x6dad, 0x6dad, 0x6dad, 0x6dad, 0x6dad, 0x6dad, 0x6dad, 0x6dad, 0x6dad,
  0x6dad, 0x6dad, 0x6dad, 0x6dad, 0x6dad, 0x6dad, 0x6dad, 0x6dad, 0x6dad, 0x6dad, 0x6dad, 0x6dad,
  0x6dad, 0x6dad, 0x6dad, 0x6dad, 0x6dad, 0x6dad, 0x6dad, 0x6dad, 0x6dad, 0x6dad, 0x6dad, 0x6dad,
  0x6dad, 0x6dad, 0x6dad, 0x6dad, 0x6dad, 0x6dad, 0x6dad, 0x6dad, 0x6dad, 0x6dad, 0x6dad, 0x6dad,
  0x6dad, 0x6dad, 0x6dad, 0x6dad, 0x6dad, 0x6dad, 0x6dad, 0x6dad, 0x6dad, 0x6dad, 0x6dad, 0x6dad,
  0x6dad, 0x6dad, 0x6dad, 0x6dad, 0x6dad, 0x6dad, 0x6dad, 0x6dad, 0x6dad, 0x6dad, 0x6dad, 0x6dad,
  0x6dad, 0x6dad, 0x6dad, 0x6dad, 0x6dad, 0x6dad, 0x6dad, 0x6dad, 0x6dad, 0x6dad, 0x6dad, 0x6dad,
  0x6dad, 0x6dad, 0x6dad, 0x6dad, 0x6dad, 0x6dad, 0x6dad, 0x6dad, 0x6dad, 0x6dad, 0x6dad, 0x6dad,
  0x6dad, 0x6dad, 0x6dad, 0x6dad, 0x6dad, 0x6dad, 0x6dad, 0x6dad, 0x6dad, 0x6dad, 0x6dad, 0x6dad,
  0x6dad, 0x6dad, 0x6dad, 0x6dad, 0x6dad, 0x6dad, 0x6dad, 0x6dad, 0x6dad, 0x6dad, 0x6dad, 0x6dad,
  0x6dad, 0x6dad, 0x6dad, 0x6dad, 0x6dad, 0x6dad, 0x6dad, 0x6dad, 0x6dad, 0x6dad, 0x6dad, 0x6dad,
  0x6dad, 0x6dad, 0x6dad, 0x6dad, 0x6dad, 0x6dad, 0x75cd, 0x75cd, 0x75cd, 0x75cd, 0x75cd, 0x75cd,
  0x6dad, 0x6dad, 0x6dad, 0x6dad, 0x6dad, 0x6dad, 0x6dad, 0x6dad, 0x6dad, 0x6dad, 0x6dad, 0x6dad,
  0x6dad, 0x6dad, 0x6dad, 0x6dad, 0x6dad, 0x6dad, 0x6dad, 0x6dad, 0x6dad, 0x6dad, 0x6dad, 0x6dad,
  0x6dad, 0x6dad, 0x6dad, 0x6dad, 0x6dad, 0x6dad, 0x6dad, 0x6dad, 0x6dad, 0x6dad, 0x6dad, 0x6dad,
  0x6dad, 0x6dad, 0x6dad, 0x6dad, 0x6dad, 0x6dad, 0x6dad, 0x6dad, 0x6dad, 0x6dad, 0x6dad, 0x6dad,
  0x6dad, 0x6dad, 0x6dad, 0x6dad, 0x6dad, 0x6dad, 0x6dad, 0x6dad, 0x6dad, 0x6dad, 0x6dad, 0x6dad,
  0x6dad, 0x6dad, 0x6dad, 0x6dad, 0x6dad, 0x6dad, 0x6dad, 0x6dad, 0x6dad, 0x6dad, 0x6dad, 0x6dad,
  0x6dad, 0x6dad, 0x6dad, 0x6dad, 0x6dad, 0x6dad, 0x6dad, 0x6dad, 0x6dad, 0x6dad, 0x6dad, 0x6dad,
  0x6dad, 0x6dad, 0x6dad, 0x6dad, 0x6dad, 0x6dad, 0x6dad, 0x6dad, 0x6dad, 0x6dad, 0x6dad, 0x6dad,
  0x6dad, 0x6dad, 0x6dad, 0x6dad, 0x6dad, 0x6dad, 0x6dad, 0x6dad, 0x6dad, 0x6dad, 0x6dad, 0x6dad,
  0x6dad, 0x6dad, 0x6dad, 0x6dad, 0x6dad, 0x6dad, 0x6dad, 0x6dad, 0x6dad, 0x6dad, 0x6dad, 0x6dad,
  0x6dad, 0x6dad, 0x6dad, 0x6dad, 0x6dad, 0x6dad, 0x6dad, 0x6dad, 0x6dad, 0x6dad, 0x6dad, 0x6dad,
  0x6dad, 0x6dad, 0x6dad, 0x6dad, 0x6dad, 0x6dad, 0x6dad, 0x6dad, 0x6dad, 0x6dad, 0x6dad, 0x6dad,
  0x6dad, 0x6dad, 0x6dad, 0x6dad, 0x6dad, 0x6dad, 0x6dad, 0x6dad, 0x6dad, 0x6dad, 0x6dad, 0x6dad,
  0x6dad, 0x6dad, 0x6dad, 0x6dad, 0x6dad, 0x6dad, 0x6dad, 0x6dad, 0x6dad, 0x6dad, 0x6dad, 0x6dad,
  0x6dad, 0x6dad, 0x6dad, 0x6dad, 0x6dad, 0x6dad, 0x6dad, 0x6dad, 0x6dad, 0x6dad, 0x6dad, 0x6dad,
  0x6dad, 0x6dad, 0x6dad, 0x6dad, 0x6dad, 0x6dad, 0x6dad, 0x6dad, 0x6dad, 0x6dad, 0x6dad, 0x6dad,
  0x6dad, 0x6dad, 0x6dad, 0x6dad, 0x6dad, 0x6dad, 0x6dad, 0x6dad, 0x6dad, 0x6dad, 0x6dad, 0x6dad,
  0x6dad, 0x6dad, 0x6dad, 0x6dad, 0x6dad, 0x6dad, 0x6dad, 0x6dad, 0x6dad, 0x6dad, 0x6dad, 0x6dad,
  0x6dad, 0x6dad, 0x6dad, 0x6dad, 0x6dad, 0x6dad, 0x6dad, 0x6dad, 0x6dad, 0x6dad, 0x6dad, 0x6dad,
  0x6dad, 0x6dad, 0x6dad, 0x6dad, 0x6dad, 0x6dad, 0x6dad, 0x6dad, 0x6dad, 0x6dad, 0x6dad, 0x6dad,
  0x6dad, 0x6dad, 0x6dad, 0x6dad, 0x6dad, 0x6dad, 0x6dad, 0x6dad, 0x6dad, 0x6dad, 0x6dad, 0x6dad,
  0x6dad, 0x6dad, 0x6dad, 0x6dad, 0x6dad, 0x6dad, 0x6dad, 0x6dad, 0x6dad, 0x6dad, 0x6dad, 0x6dad,
  0x6dad, 0x6dad, 0x6dad, 0x6dad, 0x6dad, 0x6dad, 0x6dad, 0x6dad, 0x6dad, 0x6dad, 0x6dad, 0x6dad,
  0x6dad, 0x6dad, 0x6dad, 0x6dad, 0x6dad, 0x6dad, 0x6dad, 0x6dad, 0x6dad, 0x6dad, 0x6dad, 0x6dad,
  0x6dad, 0x6dad, 0x6dad, 0x6dad, 0x6dad, 0x6dad, 0x6dad, 0x6dad, 0x6dad, 0x6dad, 0x6dad, 0x6dad,
  0x6dad, 0x6dad, 0x6dad, 0x6dad, 0x6dad, 0x6dad, 0x6dad, 0x6dad, 0x6dad, 0x6dad, 0x6dad, 0x6dad,
  0x6dad, 0x6dad, 0x75cd, 0x75cd, 0x75cd, 0x75cd, 0x75cd, 0x75cd, 0x6dad, 0x6dad, 0x6dad, 0x6dad,
  0x6dad, 0x6dad, 0x6dad, 0x6dad, 0x6dad, 0x6dad, 0x6dad, 0x6dad, 0x6dad, 0x6dad, 0x6dad, 0x6dad,
  0x6dad, 0x6dad, 0x6dad, 0x6dad, 0x6dad, 0x6dad, 0x6dad, 0x6dad, 0x6dad, 0x6dad, 0x6dad, 0x6dad,
  0x6dad, 0x6dad, 0x6dad, 0x6dad, 0x6dad, 0x6dad, 0x6dad, 0x6dad, 0x6dad, 0x6dad, 0x6dad, 0x6dad,
  0x6dad, 0x6dad, 0x6dad, 0x6dad, 0x6dad, 0x6dad, 0x6dad, 0x6dad, 0x6dad, 0x6dad, 0x6dad, 0x6dad,
  0x6dad, 0x6dad, 0x6dad, 0x6dad, 0x6dad, 0x6dad, 0x6dad, 0x6dad, 0x6dad, 0x6dad, 0x6dad, 0x6dad,
  0x6dad, 0x6dad, 0x6dad, 0x6dad, 0x6dad, 0x6dad, 0x6dad, 0x6dad, 0x6dad, 0x6dad, 0x6dad, 0x6dad,
  0x6dad, 0x6dad, 0x6dad, 0x6dad, 0x6dad, 0x6dad, 0x6dad, 0x6dad, 0x6dad, 0x6dad, 0x6dad, 0x6dad,
  0x6dad, 0x6dad, 0x6dad, 0x6dad, 0x6dad, 0x6dad, 0x6dad, 0x6dad, 0x6dad, 0x6dad, 0x6dad, 0x6dad,
  0x6dad, 0x6dad, 0x6dad, 0x6dad, 0x6dad, 0x6dad, 0x6dad, 0x6dad, 0x6dad, 0x6dad, 0x6dad, 0x6dad,
  0x6dad, 0x6dad, 0x6dad, 0x6dad, 0x6dad, 0x6dad, 0x6dad, 0x6dad, 0x6dad, 0x6dad, 0x6dad, 0x6dad,
  0x6dad, 0x6dad, 0x6dad, 0x6dad, 0x6dad, 0x6dad, 0x6dad, 0x6dad, 0x6dad, 0x6dad, 0x6dad, 0x6dad,
  0x6dad, 0x6dad, 0x6dad, 0x6dad, 0x6dad, 0x6dad, 0x6dad, 0x6dad, 0x6dad, 0x6dad, 0x6dad, 0x6dad,
  0x6dad, 0x6dad, 0x6dad, 0x6dad, 0x6dad, 0x6dad, 0x6dad, 0x6dad, 0x6dad, 0x6dad, 0x6dad, 0x6dad,
  0x6dad, 0x6dad, 0x6dad, 0x6dad, 0x6dad, 0x6dad, 0x6dad, 0x6dad, 0x6dad, 0x6dad, 0x6dad, 0x6dad,
  0x6dad, 0x6dad, 0x6dad, 0x6dad, 0x6dad, 0x6dad, 0x6dad, 0x6dad, 0x6dad, 0x6dad, 0x6dad, 0x6dad,
  0x6dad, 0x6dad, 0x6dad, 0x6dad, 0x6dad, 0x6dad, 0x6dad, 0x6dad, 0x6dad, 0x6dad, 0x6dad, 0x6dad,
  0x6dad, 0x6dad, 0x6dad, 0x6dad, 0x6dad, 0x6dad, 0x6dad, 0x6dad, 0x6dad, 0x6dad, 0x6dad, 0x6dad,
  0x6dad, 0x6dad, 0x6dad, 0x6dad, 0x6dad, 0x6dad, 0x6dad, 0x6dad, 0x6dad, 0x6dad, 0x6dad, 0x6dad,
  0x6dad, 0x6dad, 0x6dad, 0x6dad, 0x6dad, 0x6dad, 0x6dad, 0x6dad, 0x6dad, 0x6dad, 0x6dad, 0x6dad,
  0x6dad, 0x6dad, 0x6dad, 0x6dad, 0x6dad, 0x6dad, 0x6dad, 0x6dad, 0x6dad, 0x6dad, 0x6dad, 0x6dad,
  0x6dad, 0x6dad, 0x6dad, 0x6dad, 0x6dad, 0x6dad, 0x6dad, 0x6dad, 0x6dad, 0x6dad, 0x6dad, 0x6dad,
  0x6dad, 0x6dad, 0x6dad, 0x6dad, 0x6dad, 0x6dad, 0x6dad, 0x6dad, 0x6dad, 0x6dad, 0x6dad, 0x6dad,
  0x6dad, 0x6dad, 0x6dad, 0x6dad, 0x6dad, 0x6dad, 0x6dad, 0x6dad, 0x6dad, 0x6dad, 0x6dad, 0x6dad,
  0x6dad, 0x6dad, 0x6dad, 0x6dad, 0x6dad, 0x6dad, 0x6dad, 0x6dad, 0x6dad, 0x6dad, 0x6dad, 0x6dad,
  0x6dad, 0x6dad, 0x6dad, 0x6dad, 0x6dad, 0x6dad, 0x6dad, 0x6dad, 0x6dad, 0x6dad, 0x6dad, 0x6dad,
  0x6dad, 0x6dad, 0x6dad, 0x6dad, 0x6dad, 0x6dad, 0x6dad, 0x6dad, 0x6dad, 0x6dad, 0x75cd, 0x75cd,
  0x75cd, 0x75cd, 0x75cd, 0x75cd, 0x6dad, 0x6dad, 0x6dad, 0x6dad, 0x6dad, 0x6dad, 0x6dad, 0x6dad,
  0x6dad, 0x6dad, 0x6dad, 0x6dad, 0x6dad, 0x6dad, 0x6dad, 0x6dad, 0x6dad, 0x6dad, 0x6dad, 0x6dad,
  0x6dad, 0x6dad, 0x6dad, 0x6dad, 0x6dad, 0x6dad, 0x6dad, 0x6dad, 0x6dad, 0x6dad, 0x6dad, 0x6dad,
  0x6dad, 0x6dad, 0x6dad, 0x6dad, 0x6dad, 0x6dad, 0x6dad, 0x6dad, 0x6dad, 0x6dad, 0x6dad, 0x6dad,
  0x6dad, 0x6dad, 0x6dad, 0x6dad, 0x6dad, 0x6dad, 0x6dad, 0x6dad, 0x6dad, 0x6dad, 0x6dad, 0x6dad,
  0x6dad, 0x6dad, 0x6dad, 0x6dad, 0x6dad, 0x6dad, 0x6dad, 0x6dad, 0x6dad, 0x6dad, 0x6dad, 0x6dad,
  0x6dad, 0x6dad, 0x6dad, 0x6dad, 0x6dad, 0x6dad, 0x6dad, 0x6dad, 0x6dad, 0x6dad, 0x6dad, 0x6dad,
  0x6dad, 0x6dad, 0x6dad, 0x6dad, 0x6dad, 0x6dad, 0x6dad, 0x6dad, 0x6dad, 0x6dad, 0x6dad, 0x6dad,
  0x6dad, 0x6dad, 0x6dad, 0x6dad, 0x6dad, 0x6dad, 0x6dad, 0x6dad, 0x6dad, 0x6dad, 0x6dad, 0x6dad,
  0x6dad, 0x6dad, 0x6dad, 0x6dad, 0x6dad, 0x6dad, 0x6dad, 0x6dad, 0x6dad, 0x6dad, 0x6dad, 0x6dad,
  0x6dad, 0x6dad, 0x6dad, 0x6dad, 0x6dad, 0x6dad, 0x6dad, 0x6dad, 0x6dad, 0x6dad, 0x6dad, 0x6dad,
  0x6dad, 0x6dad, 0x6dad, 0x6dad, 0x6dad, 0x6dad, 0x6dad, 0x6dad, 0x6dad, 0x6dad, 0x6dad, 0x6dad,
  0x6dad, 0x6dad, 0x6dad, 0x6dad, 0x6dad, 0x6dad, 0x6dad, 0x6dad, 0x6dad, 0x6dad, 0x6dad, 0x6dad,
  0x6dad, 0x6dad, 0x6dad, 0x6dad, 0x6dad, 0x6dad, 0x6dad, 0x6dad, 0x6dad, 0x6dad, 0x6dad, 0x6dad,
  0x6dad, 0x6dad, 0x6dad, 0x6dad, 0x6dad, 0x6dad, 0x6dad, 0x6dad, 0x6dad, 0x6dad, 0x6dad, 0x6dad,
  0x6dad, 0x6dad, 0x6dad, 0x6dad, 0x6dad, 0x6dad, 0x6dad, 0x6dad, 0x6dad, 0x6dad, 0x6dad, 0x6dad,
  0x6dad, 0x6dad, 0x6dad, 0x6dad, 0x6dad, 0x6dad, 0x6dad, 0x6dad, 0x6dad, 0x6dad, 0x6dad, 0x6dad,
  0x6dad, 0x6dad, 0x6dad, 0x6dad, 0x6dad, 0x6dad, 0x6dad, 0x6dad, 0x6dad, 0x6dad, 0x6dad, 0x6dad,
  0x6dad, 0x6dad, 0x6dad, 0x6dad, 0x6dad, 0x6dad, 0x6dad, 0x6dad, 0x6dad, 0x6dad, 0x6dad, 0x6dad,
  0x6dad, 0x6dad, 0x6dad, 0x6dad, 0x6dad, 0x6dad, 0x6dad, 0x6dad, 0x6dad, 0x6dad, 0x6dad, 0x6dad,
  0x6dad, 0x6dad, 0x6dad, 0x6dad, 0x6dad, 0x6dad, 0x6dad, 0x6dad, 0x6dad, 0x6dad, 0x6dad, 0x6dad,
  0x6dad, 0x6dad, 0x6dad, 0x6dad, 0x6dad, 0x6dad, 0x6dad, 0x6dad, 0x6dad, 0x6dad, 0x6dad, 0x6dad,
  0x6dad, 0x6dad, 0x6dad, 0x6dad, 0x6dad, 0x6dad, 0x6dad, 0x6dad, 0x6dad, 0x6dcd, 0x75cd, 0x75cd,
  0x75cd, 0x75cd, 0x75cd, 0x75ad, 0x6dad, 0x758d, 0x75ad, 0x6dad, 0x6dad, 0x6dad, 0x6dad, 0x6dad,
  0x6dad, 0x6dad, 0x6dad, 0x6dad, 0x6dad, 0x6dad, 0x6dad, 0x6dad, 0x6dad, 0x6dad, 0x6dad, 0x6dad,
  0x75cd, 0x75cd, 0x6dad, 0x6dad, 0x6dad, 0x6dad, 0x6dad, 0x6dad, 0x6dad, 0x6dad, 0x6dad, 0x6dad,
  0x6dad, 0x6dad, 0x6dad, 0x6dad, 0x6dad, 0x6dad, 0x75cd, 0x75cd, 0x75cd, 0x75cd, 0x75cd, 0x75cd,
  0x6dad, 0x6dad, 0x6dad, 0x6dad, 0x6dad, 0x6dad, 0x6dad, 0x6dad, 0x6dad, 0x6dad, 0x6dad, 0x6dad,
  0x6dad, 0x6dad, 0x6dad, 0x6dad, 0x6dad, 0x6dad, 0x6dad, 0x6dad, 0x6dad, 0x6dad, 0x6dad, 0x6dad,
  0x6dad, 0x6dad, 0x6dad, 0x6dad, 0x6dad, 0x6dad, 0x6dad, 0x6dad, 0x6dad, 0x6dad, 0x6dad, 0x6dad,
  0x6dad, 0x6dad, 0x6dad, 0x6dad, 0x6dad, 0x6dad, 0x6dad, 0x6dad, 0x6dad, 0x6dad, 0x6dad, 0x6dad,
  0x6dad, 0x6dad, 0x6dad, 0x6dad, 0x6dad, 0x6dad, 0x6dad, 0x6dad, 0x6dad, 0x6dad, 0x6dad, 0x6dad,
  0x6dad, 0x6dad, 0x6dad, 0x6dad, 0x6dad, 0x6dad, 0x6dad, 0x6dad, 0x6dad, 0x6dad, 0x6dad, 0x6dad,
  0x6dad, 0x6dad, 0x6dad, 0x6dad, 0x6dad, 0x6dad, 0x6dad, 0x6dad, 0x6dad, 0x6dad, 0x6dad, 0x6dad,
  0x6dad, 0x6dad, 0x6dad, 0x6dad, 0x6dad, 0x6dad, 0x6dad, 0x6dad, 0x6dad, 0x6dad, 0x6dad, 0x6dad,
  0x6dad, 0x6dad, 0x6dad, 0x6dad, 0x6dad, 0x6dad, 0x6dad, 0x6dad, 0x6dad, 0x6dad, 0x6dad, 0x6dad,
  0x6dad, 0x6dad, 0x6dad, 0x6dad, 0x6dad, 0x6dad, 0x6dad, 0x6dad, 0x6dad, 0x6dad, 0x6dad, 0x6dad,
  0x6dad, 0x6dad, 0x6dad, 0x6dad, 0x6dad, 0x6dad, 0x6dad, 0x6dad, 0x6dad, 0x6dad, 0x6dad, 0x6dad,
  0x6dad, 0x6dad, 0x6dad, 0x6dad, 0x6dad, 0x75cd, 0x75cd, 0x75cd, 0x75cd, 0x75cd, 0x75ad, 0x6dad,
  0x6dad, 0x6dad, 0x6dad, 0x6dad, 0x6dad, 0x6dad, 0x6dad, 0x6dad, 0x6dad, 0x6dad, 0x6dad, 0x6dad,
  0x6dad, 0x6dad, 0x6dad, 0x6dad, 0x6dad, 0x6dad, 0x6dad, 0x6dad, 0x6dad, 0x6dad, 0x6dad, 0x6dad,
  0x6dad, 0x6dad, 0x6dad, 0x6dad, 0x6dad, 0x6dad, 0x6dad, 0x6dad, 0x6dad, 0x6dad, 0x6dad, 0x6dad,
  0x6dad, 0x6dad, 0x6dad, 0x6dad, 0x6dad, 0x6dad, 0x6dad, 0x6dad, 0x6dad, 0x6dad, 0x6dad, 0x6dad,
  0x6dad, 0x6dad, 0x6dad, 0x6dad, 0x6dad, 0x6dad, 0x6dad, 0x6dad, 0x6dad, 0x6dad, 0x6dad, 0x6dad,
  0x6dad, 0x6dad, 0x6dad, 0x6dad, 0x6dad, 0x6dad, 0x6dad, 0x6dad, 0x6dad, 0x6dad, 0x6dad, 0x6dad,
  0x6dad, 0x6dad, 0x6dad, 0x6dad, 0x6dad, 0x6dad, 0x6dad, 0x6dad, 0x6dad, 0x6dad, 0x6dad, 0x6dad,
  0x6dad, 0x6dad, 0x6dad, 0x6dad, 0x6dad, 0x6dad, 0x6dad, 0x6dad, 0x6dad, 0x6dad, 0x6dad, 0x6dad,
  0x6dad, 0x6dad, 0x6dad, 0x6dad, 0x6dad, 0x6dad, 0x6dad, 0x6dad, 0x6dad, 0x6dad, 0x6dad, 0x6dad,
  0x6dad, 0x6dad, 0x6dad, 0x6dad, 0x6dad, 0x6dad, 0x6dad, 0x6dad, 0x6dad, 0x6dad, 0x6dad, 0x6dad,
  0x6dad, 0x6dad, 0x6dad, 0x6dad, 0x75cd, 0x75cd, 0x75cd, 0x75cd, 0x75cd, 0x75cd, 0x75cd, 0x75cd,
  0x756d, 0xa60b, 0x95ec, 0x7dcd, 0x75ad, 0x6dad, 0x6dad, 0x6dad, 0x6dad, 0x6dad, 0x6dad, 0x6dad,
  0x6dad, 0x6dad, 0x6dad, 0x6dad, 0x6dad, 0x6dad, 0x75cd, 0x75cd, 0x75cd, 0x75cd, 0x75cd, 0x75cd,
  0x75cd, 0x75cd, 0x6dad, 0x6dad, 0x6dad, 0x6dad, 0x6dad, 0x6dad, 0x6dad, 0x6dad, 0x6dad, 0x6dad,
  0x75cd, 0x75cd, 0x75ed, 0x75cd, 0x75ed, 0x75ed, 0x75ed, 0x75cd, 0x6dad, 0x6dad, 0x6dad, 0x6dad,
  0x6dad, 0x6dad, 0x6dad, 0x6dad, 0x6dad, 0x6dad, 0x6dad, 0x6dad, 0x6dad, 0x6dad, 0x6dad, 0x6dad,
  0x6dad, 0x6dad, 0x6dad, 0x6dad, 0x6dad, 0x6dad, 0x6dad, 0x6dad, 0x6dad, 0x6dad, 0x6dad, 0x6dad,
  0x6dad, 0x6dad, 0x6dad, 0x6dad, 0x6dad, 0x6dad, 0x6dad, 0x6dad, 0x6dad, 0x6dad, 0x6dad, 0x6dad,
  0x6dad, 0x6dad, 0x6dad, 0x6dad, 0x6dad, 0x6dad, 0x6dad, 0x6dad, 0x6dad, 0x6dad, 0x6dad, 0x6dad,
  0x6dad, 0x6dad, 0x6dad, 0x6dad, 0x6dad, 0x6dad, 0x6dad, 0x6dad, 0x6dad, 0x6dad, 0x6dad, 0x6dad,
  0x6dad, 0x6dad, 0x6dad, 0x6dad, 0x6dad, 0x6dad, 0x6dad, 0x6dad, 0x6dad, 0x6dad, 0x6dad, 0x6dad,
  0x6dad, 0x6dad, 0x6dad, 0x6dad, 0x6dad, 0x6dad, 0x6dad, 0x6dad, 0x6dad, 0x6dad, 0x6dad, 0x6dad,
  0x6dad, 0x6dad, 0x6dad, 0x6dad, 0x6dad, 0x6dad, 0x6dad, 0x6dad, 0x6dad, 0x6dad, 0x6dad, 0x6dad,
  0x6dad, 0x6dad, 0x6dad, 0x6dad, 0x6dad, 0x6dad, 0x6dad, 0x6dad, 0x6dad, 0x6dad, 0x6dad, 0x6dad,
  0x6dad, 0x6dad, 0x6dad, 0x6dad, 0x6dad, 0x6dad, 0x6dad, 0x6dad, 0x6dad, 0x6dad, 0x6dad, 0x6dad,
  0x6dad, 0x6dad, 0x6dad, 0x6dad, 0x6dad, 0x6dad, 0x6dad, 0x6dad, 0x6dad, 0x6dad, 0x75cd, 0x75cd,
  0x75cd, 0x75cd, 0x75cd, 0x75cd, 0x75cd, 0x75cd, 0x75cd, 0x75cd, 0x6dad, 0x6dad, 0x6dad, 0x6dad,
  0x6dad, 0x6dad, 0x6dad, 0x6dad, 0x6dad, 0x6dad, 0x6dad, 0x6dad, 0x6dad, 0x6dad, 0x6dad, 0x6dad,
  0x6dad, 0x6dad, 0x6dad, 0x6dad, 0x6dad, 0x6dad, 0x6dad, 0x6dad, 0x6dad, 0x6dad, 0x6dad, 0x6dad,
  0x6dad, 0x6dad, 0x6dad, 0x6dad, 0x6dad, 0x6dad, 0x6dad, 0x6dad, 0x6dad, 0x6dad, 0x6dad, 0x6dad,
  0x6dad, 0x6dad, 0x6dad, 0x6dad, 0x6dad, 0x6dad, 0x6dad, 0x6dad, 0x6dad, 0x6dad, 0x6dad, 0x6dad,
  0x6dad, 0x6dad, 0x6dad, 0x6dad, 0x6dad, 0x6dad, 0x6dad, 0x6dad, 0x6dad, 0x6dad, 0x6dad, 0x6dad,
  0x6dad, 0x6dad, 0x6dad, 0x6dad, 0x6dad, 0x6dad, 0x6dad, 0x6dad, 0x6dad, 0x6dad, 0x6dad, 0x6dad,
  0x6dad, 0x6dad, 0x6dad, 0x6dad, 0x6dad, 0x6dad, 0x6dad, 0x6dad, 0x6dad, 0x6dad, 0x6dad, 0x6dad,
  0x6dad, 0x6dad, 0x6dad, 0x6dad, 0x6dad, 0x6dad, 0x6dad, 0x6dad, 0x6dad, 0x6dad, 0x6dad, 0x6dad,
  0x6dad, 0x6dad, 0x6dad, 0x6dad, 0x6dad, 0x6dad, 0x6dad, 0x6dad, 0x6dad, 0x6dad, 0x6dad, 0x6dad,
  0x6dad, 0x6dad, 0x6dad, 0x6dad, 0x6dad, 0x6dad, 0x6dad, 0x6dad, 0x6dad, 0x6dad, 0x75cd, 0x75cd,
  0x75cd, 0x75cd, 0x75cd, 0x75cd, 0x75cd, 0x75cd, 0x75cd, 0x75cd, 0x6d4d, 0x856b, 0x858c, 0x7d8c,
  0x758d, 0x6d8d, 0x6dad, 0x6dad, 0x6dad, 0x6d8d, 0x6dad, 0x6dad, 0x6dad, 0x6dad, 0x6dad, 0x6dad,
  0x75cd, 0x75cd, 0x75cd, 0x75cd, 0x75cd, 0x75cd, 0x75cd, 0x75cd, 0x75cd, 0x75cd, 0x75cd, 0x75cd,
  0x75cd, 0x6dad, 0x6dad, 0x6dad, 0x6dad, 0x6dad, 0x75cd, 0x75cd, 0x75cd, 0x75cd, 0x75ed, 0x75cd,
  0x75ed, 0x75ed, 0x75ed, 0x75cd, 0x6dad, 0x6dad, 0x6dad, 0x6dad, 0x6dad, 0x6dad, 0x6dad, 0x6dad,
  0x6dad, 0x6dad, 0x6dad, 0x6dad, 0x6dad, 0x6dcd, 0x6dcd, 0x6dad, 0x6dcd, 0x6dcd, 0x6dcd, 0x6dad,
  0x6dad, 0x6dad, 0x6dad, 0x6dad, 0x6dad, 0x6dad, 0x6dad, 0x6dad, 0x6dad, 0x6dad, 0x6dad, 0x6dad,
  0x6dad, 0x6dad, 0x6dad, 0x6dad, 0x6dad, 0x6dad, 0x6dad, 0x6dad, 0x6dad, 0x6dad, 0x6dad, 0x6dad,
  0x6dad, 0x6dad, 0x6dad, 0x6dad, 0x6dad, 0x6dad, 0x6dad, 0x6dad, 0x6dad, 0x6dad, 0x6dad, 0x6dad,
  0x6dad, 0x6dad, 0x6dad, 0x6dad, 0x6dad, 0x6dad, 0x6dad, 0x6dad, 0x6dad, 0x6dad, 0x6dad, 0x6dad,
  0x6dad, 0x6dad, 0x6dad, 0x6dad, 0x6dad, 0x6dad, 0x6dad, 0x6dad, 0x6dad, 0x6dad, 0x6dad, 0x6dad,
  0x6dad, 0x6dad, 0x6dad, 0x6dad, 0x6dad, 0x6dad, 0x6dad, 0x6dad, 0x6dad, 0x6dad, 0x6dad, 0x6dad,
  0x6dad, 0x6dad, 0x6dad, 0x6dad, 0x6dad, 0x6dad, 0x6dad, 0x6dad, 0x6dad, 0x6dad, 0x6dad, 0x6dad,
  0x6dad, 0x6dad, 0x6dad, 0x6dad, 0x6dad, 0x6dad, 0x6dad, 0x6dad, 0x6dad, 0x6dad, 0x6dad, 0x6dad,
  0x6dad, 0x6dad, 0x6dad, 0x6dad, 0x6dad, 0x6dad, 0x6dad, 0x6dad, 0x6dad, 0x6dad, 0x6dad, 0x6dad,
  0x6dad, 0x6dad, 0x6dad, 0x6dad, 0x75ad, 0x75cd, 0x75cd, 0x75cd, 0x75cd, 0x75cd, 0x75cd, 0x75cd,
  0x75cd, 0x75cd, 0x75cd, 0x75cd, 0x75cd, 0x75cd, 0x75cd, 0x6dad, 0x6dad, 0x6dad, 0x6dad, 0x6dad,
  0x6dad, 0x6dad, 0x6dad, 0x6dad, 0x6dad, 0x6dad, 0x6dad, 0x6dad, 0x6dad, 0x6dad, 0x6dad, 0x6dad,
  0x6dad, 0x6dad, 0x6dad, 0x6dad, 0x6dad, 0x6dad, 0x6dad, 0x6dad, 0x6dad, 0x6dad, 0x6dad, 0x6dad,
  0x6dad, 0x6dad, 0x6dad, 0x6dad, 0x6dad, 0x6dad, 0x6dad, 0x6dad, 0x6dad, 0x6dad, 0x6dad, 0x6dad,
  0x6dad, 0x6dad, 0x6dad, 0x6dad, 0x6dad, 0x6dad, 0x6dad, 0x6dad, 0x6dad, 0x6dad, 0x6dad, 0x6dad,
  0x6dad, 0x6dad, 0x6dad, 0x6dad, 0x6dad, 0x6dad, 0x6dad, 0x6dad, 0x6dad, 0x6dad, 0x6dad, 0x6dad,
  0x6dad, 0x6dad, 0x6dad, 0x6dad, 0x6dad, 0x6dad, 0x6dad, 0x6dad, 0x6dad, 0x6dad, 0x6dad, 0x6dad,
  0x6dad, 0x6dad, 0x6dad, 0x6dad, 0x6dad, 0x6dad, 0x6dad, 0x6dad, 0x6dad, 0x6dad, 0x6dad, 0x6dad,
  0x6dad, 0x6dad, 0x6dad, 0x6dad, 0x6dad, 0x6dad, 0x6dad, 0x6dad, 0x6dad, 0x6dad, 0x6dad, 0x6dad,
  0x6dad, 0x6dad, 0x6dad, 0x6dad, 0x6dad, 0x6dad, 0x6dad, 0x6dad, 0x6dad, 0x6dad, 0x6dad, 0x6dad,
  0x6dad, 0x6dad, 0x6dad, 0x6dad, 0x6dad, 0x75cd, 0x75cd, 0x75cd, 0x75cd, 0x75cd, 0x75ed, 0x75ed,
  0x75ed, 0x75ed, 0x75cd, 0x75cd, 0x75cd, 0x6d6c, 0x6d6c, 0x6d6c, 0x6d8d, 0x6dad, 0x6dad, 0x6dad,
  0x6d8d, 0x6dad, 0x6dad, 0x6dad, 0x6dad, 0x6dad, 0x75cd, 0x75cd, 0x75cd, 0x75cd, 0x75cd, 0x75cd,
  0x75cd, 0x75cd, 0x75cd, 0x75ed, 0x75cd, 0x75cd, 0x75cd, 0x75cd, 0x75cd, 0x75cd, 0x75cd, 0x75cd,
  0x75cd, 0x75cd, 0x75cd, 0x75ed, 0x75cd, 0x75cd, 0x75cd, 0x75cd, 0x75ed, 0x75ed, 0x75ed, 0x75ed,
  0x6dcd, 0x6dcd, 0x6dcd, 0x6dad, 0x6dad, 0x6dad, 0x6dad, 0x6dad, 0x6dad, 0x6dad, 0x6dad, 0x6dad,
  0x6dcd, 0x6dcd, 0x6dcd, 0x6dcd, 0x6dcd, 0x6dcd, 0x6dcd, 0x6dcd, 0x6dcd, 0x6dad, 0x6dad, 0x6dad,
  0x6dad, 0x6dad, 0x6dad, 0x6dad, 0x6dad, 0x6dad, 0x6dad, 0x6dad, 0x6dad, 0x6dad, 0x6dad, 0x6dad,
  0x6dad, 0x6dad, 0x6dad, 0x6dad, 0x6dad, 0x6dad, 0x6dad, 0x6dad, 0x6dad, 0x6dad, 0x6dad, 0x6dad,
  0x6dad, 0x6dad, 0x6dad, 0x6dad, 0x6dad, 0x6dad, 0x6dad, 0x6dad, 0x6dad, 0x6dad, 0x6dad, 0x6dad,
  0x6dad, 0x6dad, 0x6dad, 0x6dad, 0x6dad, 0x6dad, 0x6dad, 0x6dad, 0x6dad, 0x6dad, 0x6dad, 0x6dad,
  0x6dad, 0x6dad, 0x6dad, 0x6dad, 0x6dad, 0x6dad, 0x6dad, 0x6dad, 0x6dad, 0x6dad, 0x6dad, 0x6dad,
  0x6dad, 0x6dad, 0x6dad, 0x6dad, 0x6dad, 0x6dad, 0x6dad, 0x6dad, 0x6dad, 0x6dad, 0x6dad, 0x6dad,
  0x6dad, 0x6dad, 0x6dad, 0x6dad, 0x6dad, 0x6dad, 0x6dad, 0x6dad, 0x6dad, 0x6dad, 0x6dad, 0x6dad,
  0x6dad, 0x6dad, 0x6dad, 0x6dad, 0x6dad, 0x6dad, 0x6dad, 0x6dad, 0x6dad, 0x6dad, 0x6dad, 0x6dad,
  0x6dad, 0x6dad, 0x6dad, 0x6dad, 0x6dad, 0x6dad, 0x6dad, 0x6dad, 0x6dad, 0x6dad, 0x6dad, 0x6dad,
  0x75cd, 0x75cd, 0x75cd, 0x75cd, 0x75cd, 0x75cd, 0x75cd, 0x75cd, 0x75cd, 0x75cd, 0x75cd, 0x75cd,
  0x75cd, 0x75cd, 0x75cd, 0x75cd, 0x75cd, 0x75cd, 0x75ad, 0x75ad, 0x6dad, 0x6dad, 0x6dad, 0x6dad,
  0x6dcd, 0x75ad, 0x75cd, 0x6dad, 0x6dad, 0x6dad, 0x6dad, 0x6dad, 0x6dad, 0x6dad, 0x6dad, 0x6dad,
  0x6dad, 0x6dad, 0x6dad, 0x6dad, 0x6dad, 0x6dad, 0x6dad, 0x6dad, 0x6dad, 0x6dad, 0x6dad, 0x6dad,
  0x6dad, 0x6dad, 0x6dad, 0x6dad, 0x6dad, 0x6dad, 0x6dad, 0x6dad, 0x6dad, 0x6dad, 0x6dad, 0x6dad,
  0x6dad, 0x6dad, 0x6dad, 0x6dad, 0x6dad, 0x6dad, 0x6dad, 0x6dad, 0x6dad, 0x6dad, 0x6dad, 0x6dad,
  0x6dad, 0x6dad, 0x6dad, 0x6dad, 0x6dad, 0x6dad, 0x6dad, 0x6dad, 0x6dad, 0x6dad, 0x6dad, 0x6dad,
  0x6dad, 0x6dad, 0x6dad, 0x6dad, 0x6dad, 0x6dad, 0x6dad, 0x6dad, 0x6dad, 0x6dad, 0x6dad, 0x6dad,
  0x6dad, 0x6dad, 0x6dad, 0x6dad, 0x6dad, 0x6dad, 0x6dad, 0x6dad, 0x6dad, 0x6dad, 0x6dad, 0x6dad,
  0x6dad, 0x6dad, 0x6dad, 0x6dad, 0x6dad, 0x6dad, 0x6dad, 0x6dad, 0x6dad, 0x6dad, 0x6dad, 0x6dad,
  0x6dad, 0x6dad, 0x6dad, 0x6dad, 0x75cd, 0x6dad, 0x6dad, 0x6dad, 0x6dad, 0x6dad, 0x6dad, 0x6dad,
  0x75cd, 0x75cd, 0x75cd, 0x75cd, 0x75cd, 0x75cd, 0x75ed, 0x75cd, 0x75ed, 0x75ed, 0x75cd, 0x75cd,
  0x75cd, 0x75cd, 0x75cd, 0x75cd, 0x75cd, 0x75ad, 0x75ad, 0x75ad, 0x6dcd, 0x6dcd, 0x75cd, 0x75cd,
  0x75cd, 0x75cd, 0x75cd, 0x75cd, 0x75cd, 0x75cd, 0x75cd, 0x75cd, 0x75cd, 0x75ed, 0x75ed, 0x75ed,
  0x75cd, 0x75cd, 0x75cd, 0x75cd, 0x75cd, 0x75cd, 0x75cd, 0x75cd, 0x75cd, 0x75cd, 0x75cd, 0x75cd,
  0x75ed, 0x75cd, 0x75ed, 0x75ed, 0x75ed, 0x75ed, 0x75ed, 0x75ed, 0x6dcd, 0x6dcd, 0x6dcd, 0x6dad,
  0x6dad, 0x6dad, 0x6dad, 0x6dad, 0x6dad, 0x6dad, 0x6dad, 0x6dad, 0x6dcd, 0x6dcd, 0x6dcd, 0x6dcd,
  0x6dcd, 0x6dcd, 0x6dcd, 0x6dad, 0x6dad, 0x6dcd, 0x6dcd, 0x6dad, 0x6dad, 0x6dad, 0x6dad, 0x6dad,
  0x6dcd, 0x6dad, 0x6dad, 0x6dad, 0x6dad, 0x6dad, 0x6dad, 0x6dad, 0x6dad, 0x6dad, 0x6dad, 0x6dad,
  0x6dad, 0x6dad, 0x6dad, 0x6dad, 0x6dad, 0x6dad, 0x6dad, 0x6dad, 0x6dad, 0x6dad, 0x6dad, 0x6dad,
  0x6dad, 0x6dad, 0x6dad, 0x6dad, 0x6dad, 0x6dad, 0x6dad, 0x6dad, 0x6dad, 0x6dad, 0x6dad, 0x6dad,
  0x6dad, 0x6dad, 0x6dad, 0x6dad, 0x6dad, 0x6dad, 0x6dad, 0x6dad, 0x6dad, 0x6dad, 0x6dad, 0x6dad,
  0x6dad, 0x6dad, 0x6dad, 0x6dad, 0x6dad, 0x6dad, 0x6dad, 0x6dcd, 0x6dcd, 0x6dcd, 0x6dcd, 0x6dcd,
  0x6dcd, 0x6dcd, 0x6dcd, 0x6dad, 0x6dcd, 0x6dcd, 0x75cd, 0x6dcd, 0x75cd, 0x75cd, 0x6dad, 0x6dad,
  0x6dad, 0x6dcd, 0x75cd, 0x6dcd, 0x6dcd, 0x75cd, 0x75cd, 0x75cd, 0x75cd, 0x75cd, 0x75cd, 0x75cd,
  0x75cd, 0x75cd, 0x75cd, 0x75cd, 0x75cd, 0x75cd, 0x75cd, 0x75cd, 0x75cd, 0x75cd, 0x75cd, 0x75cd,
  0x75cd, 0x75cd, 0x75cd, 0x75cd, 0x75cd, 0x75cd, 0x75cd, 0x75cd, 0x75cd, 0x75cd, 0x75cd, 0x75cd,
  0x75cd, 0x75cd, 0x75cd, 0x75cd, 0x75cd, 0x75cd, 0x75cd, 0x75cd, 0x75cd, 0x75cd, 0x75cd, 0x75cd,
  0x75cd, 0x75cd, 0x75cd, 0x75cd, 0x75cd, 0x75cd, 0x75cd, 0x75cd, 0x75cd, 0x75cd, 0x75cd, 0x75cd,
  0x75cd, 0x75cd, 0x75cd, 0x75cd, 0x75cd, 0x75cd, 0x75cd, 0x75cd, 0x75cd, 0x75cd, 0x75cd, 0x75cd,
  0x75cd, 0x75cd, 0x75cd, 0x75cd, 0x75cd, 0x75cd, 0x75cd, 0x75cd, 0x75cd, 0x75cd, 0x75cd, 0x75cd,
  0x75cd, 0x75cd, 0x75cd, 0x75cd, 0x75cd, 0x75cd, 0x75cd, 0x75cd, 0x75cd, 0x75cd, 0x75cd, 0x75cd,
  0x75cd, 0x75cd, 0x75cd, 0x75cd, 0x75cd, 0x75cd, 0x75cd, 0x75cd, 0x75cd, 0x75cd, 0x75cd, 0x75cd,
  0x75cd, 0x75cd, 0x75cd, 0x75cd, 0x75cd, 0x75cd, 0x75cd, 0x75cd, 0x75cd, 0x75cd, 0x75ed, 0x75cd,
  0x75ed, 0x75ed, 0x75ed, 0x75ed, 0x75ed, 0x75ed, 0x75ed, 0x75cd, 0x75cd, 0x75ed, 0x75cd, 0x75cd,
  0x75ed, 0x75ed, 0x75ed, 0x75ed, 0x75cd, 0x75ed, 0x75ed, 0x75ed, 0x75ed, 0x75ed, 0x75ed, 0x75ed,
  0x75ed, 0x75ed, 0x75ed, 0x75ed, 0x75ed, 0x75ed, 0x75ed, 0x75ed, 0x75cd, 0x75cd, 0x75cd, 0x75cd,
  0x75cd, 0x75cd, 0x75cd, 0x75cd, 0x75cd, 0x75cd, 0x75cd, 0x75cd, 0x75cd, 0x75cd, 0x75cd, 0x75cd,
  0x75cd, 0x75cd, 0x75ed, 0x75ed, 0x75ed, 0x75ed, 0x75ed, 0x75ed, 0x75ed, 0x75ed, 0x75cd, 0x75cd,
  0x75cd, 0x75cd, 0x75cd, 0x75cd, 0x75cd, 0x75cd, 0x75cd, 0x75cd, 0x75cd, 0x75cd, 0x75cd, 0x75cd,
  0x75cd, 0x75cd, 0x75cd, 0x75cd, 0x75ed, 0x75cd, 0x75ed, 0x75ed, 0x75ed, 0x75ed, 0x75cd, 0x75cd,
  0x75cd, 0x75cd, 0x75cd, 0x75cd, 0x75cd, 0x75cd, 0x75cd, 0x75cd, 0x75ed, 0x75ed, 0x75ed, 0x75ed,
  0x75ed, 0x75ed, 0x75ed, 0x75ed, 0x6dcd, 0x6dcd, 0x6dcd, 0x6dad, 0x6dad, 0x6dad, 0x6dad, 0x6dad,
  0x6dad, 0x6dad, 0x6dad, 0x6dad, 0x6dcd, 0x6dcd, 0x6dcd, 0x6dcd, 0x6dcd, 0x6dcd, 0x6dad, 0x6dcd,
  0x6dad, 0x6dad, 0x6dad, 0x6dad, 0x6dad, 0x6dad, 0x6dad, 0x6dcd, 0x6dcd, 0x6dcd, 0x6dcd, 0x6dcd,
  0x75cd, 0x75cd, 0x75ce, 0x75cd, 0x75cd, 0x75cd, 0x75cd, 0x75cd, 0x75cd, 0x6dcd, 0x75cd, 0x75cd,
  0x75cd, 0x75cd, 0x75cd, 0x75cd, 0x75cd, 0x75cd, 0x75cd, 0x75cd, 0x75cd, 0x75cd, 0x75cd, 0x75cd,
  0x75cd, 0x75cd, 0x75ce, 0x75cd, 0x75cd, 0x75cd, 0x75cd, 0x75cd, 0x75cd, 0x75cd, 0x75cd, 0x75cd,
  0x75cd, 0x75cd, 0x75cd, 0x75cd, 0x75cd, 0x75cd, 0x75cd, 0x75cd, 0x75cd, 0x75cd, 0x75cd, 0x75cd,
  0x75cd, 0x75ce, 0x75ce, 0x75ce, 0x75cd, 0x75cd, 0x75cd, 0x75cd, 0x75cd, 0x75cd, 0x75cd, 0x75cd,
  0x75cd, 0x75cd, 0x75cd, 0x75cd, 0x75cd, 0x75cd, 0x75cd, 0x75cd, 0x75cd, 0x75cd, 0x75cd, 0x75cd,
  0x75cd, 0x75cd, 0x75cd, 0x75cd, 0x75cd, 0x75ed, 0x75ed, 0x75ed, 0x75ee, 0x75ee, 0x75ed, 0x75ed,
  0x75cd, 0x75cd, 0x75cd, 0x75ed, 0x75cd, 0x75cd, 0x75cd, 0x75ed, 0x75cd, 0x75cd, 0x75cd, 0x75ed,
  0x75ed, 0x75ed, 0x75ed, 0x75ed, 0x75ed, 0x75cd, 0x75cd, 0x75cd, 0x75cd, 0x75cd, 0x75cd, 0x75cd,
  0x75cd, 0x75cd, 0x75cd, 0x75cd, 0x75cd, 0x75cd, 0x75cd, 0x75cd, 0x75cd, 0x75cd, 0x75cd, 0x75cd,
  0x75cd, 0x75cd, 0x75cd, 0x75cd, 0x75cd, 0x75cd, 0x75cd, 0x75cd, 0x75cd, 0x75cd, 0x75cd, 0x75ed,
  0x75ed, 0x75ed, 0x75ed, 0x75ed, 0x75ed, 0x75ed, 0x75cd, 0x75ed, 0x75ed, 0x75cd, 0x75cd, 0x75cd,
  0x75cd, 0x75cd, 0x75cd, 0x75cd, 0x75cd, 0x75cd, 0x75cd, 0x75cd, 0x75cd, 0x75ed, 0x75ed, 0x75ed,
  0x75ed, 0x75cd, 0x75cd, 0x75cd, 0x75cd, 0x75cd, 0x75cd, 0x75cd, 0x75cd, 0x75cd, 0x75cd, 0x75ed,
  0x75cd, 0x75cd, 0x75cd, 0x75cd, 0x75cd, 0x75cd, 0x75cd, 0x75cd, 0x75cd, 0x75cd, 0x75cd, 0x75cd,
  0x75cd, 0x75ed, 0x75ed, 0x75ed, 0x75ed, 0x75ed, 0x75ed, 0x75ed, 0x75ed, 0x75ed, 0x75ed, 0x75ed,
  0x75ed, 0x75ed, 0x75ed, 0x75ed, 0x75ed, 0x75ed, 0x75cd, 0x75cd, 0x75ed, 0x75ed, 0x75ed, 0x75ed,
  0x75ed, 0x75ed, 0x75ed, 0x75ed, 0x75ed, 0x75ed, 0x75ed, 0x75ed, 0x75ed, 0x75ed, 0x75ed, 0x75cd,
  0x75ed, 0x75ed, 0x75cd, 0x75ed, 0x75cd, 0x75cd, 0x75cd, 0x75cd, 0x75cd, 0x75cd, 0x75cd, 0x75cd,
  0x75cd, 0x75cd, 0x75cd, 0x75ed, 0x75ed, 0x75cd, 0x75cd, 0x75cd, 0x75ce, 0x75ce, 0x75ee, 0x75ee,
  0x7dee, 0x75ee, 0x75ee, 0x75ee, 0x75ee, 0x75ed, 0x75ed, 0x75cd, 0x75cd, 0x75cd, 0x75cd, 0x75cd,
  0x75cd, 0x75cd, 0x75cd, 0x75cd, 0x75cd, 0x75cd, 0x75cd, 0x75cd, 0x75cd, 0x75cd, 0x75cd, 0x75cd,
  0x75ed, 0x75ed, 0x75ee, 0x75ed, 0x75ed, 0x75ed, 0x75ee, 0x75cd, 0x75cd, 0x75cd, 0x75cd, 0x75cd,
  0x75cd, 0x75cd, 0x75cd, 0x75cd, 0x75ed, 0x75ed, 0x75ee, 0x7dee, 0x7dee, 0x75ee, 0x75ed, 0x7dce
};